"Name","URI","Region GSS code","Period","Sales volume","Reporting period","Average price All property types","Average price Detached houses","Average price Semi-detached houses","Average price Terraced houses","Average price Flats and maisonettes","Pivotable date"
Aberdeen,http://landregistry.data.gov.uk/id/region/city-of-aberdeen,S12000033,2004-01,475,monthly,74958,185001,102077,68738,58908,2004-01-01
Aberdeen,http://landregistry.data.gov.uk/id/region/city-of-aberdeen,S12000033,2004-02,353,monthly,72987,176423,98056,66892,57702,2004-02-01
Aberdeen,http://landregistry.data.gov.uk/id/region/city-of-aberdeen,S12000033,2004-03,556,monthly,71779,171729,96250,65796,56842,2004-03-01
Aberdeen,http://landregistry.data.gov.uk/id/region/city-of-aberdeen,S12000033,2004-04,689,monthly,73893,169698,98683,68068,58746,2004-04-01
Aberdeen,http://landregistry.data.gov.uk/id/region/city-of-aberdeen,S12000033,2004-05,642,monthly,78875,178331,105480,72817,62750,2004-05-01
Aberdeen,http://landregistry.data.gov.uk/id/region/city-of-aberdeen,S12000033,2004-06,660,monthly,83738,186955,111429,77303,66800,2004-06-01
Aberdeen,http://landregistry.data.gov.uk/id/region/city-of-aberdeen,S12000033,2004-07,784,monthly,86444,197224,115458,79769,68724,2004-07-01
Aberdeen,http://landregistry.data.gov.uk/id/region/city-of-aberdeen,S12000033,2004-08,725,monthly,87983,204117,117829,81279,69718,2004-08-01
Aberdeen,http://landregistry.data.gov.uk/id/region/city-of-aberdeen,S12000033,2004-09,676,monthly,87076,203891,117161,80560,68794,2004-09-01
Aberdeen,http://landregistry.data.gov.uk/id/region/city-of-aberdeen,S12000033,2004-10,652,monthly,85868,200523,115025,79284,67992,2004-10-01
Aberdeen,http://landregistry.data.gov.uk/id/region/city-of-aberdeen,S12000033,2004-11,628,monthly,84099,195828,112752,77696,66585,2004-11-01
Aberdeen,http://landregistry.data.gov.uk/id/region/city-of-aberdeen,S12000033,2004-12,516,monthly,87315,201222,116540,80617,69316,2004-12-01
Aberdeen,http://landregistry.data.gov.uk/id/region/city-of-aberdeen,S12000033,2005-01,492,monthly,86233,199015,114839,79773,68412,2005-01-01
Aberdeen,http://landregistry.data.gov.uk/id/region/city-of-aberdeen,S12000033,2005-02,353,monthly,86077,197540,113830,79533,68404,2005-02-01
Aberdeen,http://landregistry.data.gov.uk/id/region/city-of-aberdeen,S12000033,2005-03,536,monthly,83327,189921,109103,76900,66163,2005-03-01
Aberdeen,http://landregistry.data.gov.uk/id/region/city-of-aberdeen,S12000033,2005-04,610,monthly,87794,194635,113334,80679,69960,2005-04-01
Aberdeen,http://landregistry.data.gov.uk/id/region/city-of-aberdeen,S12000033,2005-05,537,monthly,92517,202318,118199,84658,73920,2005-05-01
Aberdeen,http://landregistry.data.gov.uk/id/region/city-of-aberdeen,S12000033,2005-06,630,monthly,98351,213743,125194,89982,78629,2005-06-01
Aberdeen,http://landregistry.data.gov.uk/id/region/city-of-aberdeen,S12000033,2005-07,769,monthly,100180,218912,128047,91894,79985,2005-07-01
Aberdeen,http://landregistry.data.gov.uk/id/region/city-of-aberdeen,S12000033,2005-08,667,monthly,102008,223317,130478,93796,81375,2005-08-01
Aberdeen,http://landregistry.data.gov.uk/id/region/city-of-aberdeen,S12000033,2005-09,710,monthly,102756,227421,132036,94645,81862,2005-09-01
Aberdeen,http://landregistry.data.gov.uk/id/region/city-of-aberdeen,S12000033,2005-10,654,monthly,102734,229365,131974,94576,81829,2005-10-01
Aberdeen,http://landregistry.data.gov.uk/id/region/city-of-aberdeen,S12000033,2005-11,659,monthly,101386,224940,129824,93258,80819,2005-11-01
Aberdeen,http://landregistry.data.gov.uk/id/region/city-of-aberdeen,S12000033,2005-12,614,monthly,101656,221840,128563,92882,81338,2005-12-01
Aberdeen,http://landregistry.data.gov.uk/id/region/city-of-aberdeen,S12000033,2006-01,468,monthly,101970,221959,129134,93487,81508,2006-01-01
Aberdeen,http://landregistry.data.gov.uk/id/region/city-of-aberdeen,S12000033,2006-02,351,monthly,104052,224742,131419,95383,83190,2006-02-01
Aberdeen,http://landregistry.data.gov.uk/id/region/city-of-aberdeen,S12000033,2006-03,565,monthly,104618,225895,133067,96627,83378,2006-03-01
Aberdeen,http://landregistry.data.gov.uk/id/region/city-of-aberdeen,S12000033,2006-04,553,monthly,108956,230978,137542,100471,86976,2006-04-01
Aberdeen,http://landregistry.data.gov.uk/id/region/city-of-aberdeen,S12000033,2006-05,625,monthly,113311,238547,142672,104337,90525,2006-05-01
Aberdeen,http://landregistry.data.gov.uk/id/region/city-of-aberdeen,S12000033,2006-06,815,monthly,117822,245220,147234,108071,94318,2006-06-01
Aberdeen,http://landregistry.data.gov.uk/id/region/city-of-aberdeen,S12000033,2006-07,794,monthly,120849,252599,151284,111260,96617,2006-07-01
Aberdeen,http://landregistry.data.gov.uk/id/region/city-of-aberdeen,S12000033,2006-08,774,monthly,122286,259699,154494,113492,97439,2006-08-01
Aberdeen,http://landregistry.data.gov.uk/id/region/city-of-aberdeen,S12000033,2006-09,756,monthly,126447,273298,161265,118032,100463,2006-09-01
Aberdeen,http://landregistry.data.gov.uk/id/region/city-of-aberdeen,S12000033,2006-10,677,monthly,126307,272862,160774,117555,100447,2006-10-01
Aberdeen,http://landregistry.data.gov.uk/id/region/city-of-aberdeen,S12000033,2006-11,716,monthly,130044,278455,164890,120702,103554,2006-11-01
Aberdeen,http://landregistry.data.gov.uk/id/region/city-of-aberdeen,S12000033,2006-12,618,monthly,132354,279863,166334,122267,105636,2006-12-01
Aberdeen,http://landregistry.data.gov.uk/id/region/city-of-aberdeen,S12000033,2007-01,448,monthly,136322,289320,171794,126174,108710,2007-01-01
Aberdeen,http://landregistry.data.gov.uk/id/region/city-of-aberdeen,S12000033,2007-02,359,monthly,139226,294949,174712,128431,111231,2007-02-01
Aberdeen,http://landregistry.data.gov.uk/id/region/city-of-aberdeen,S12000033,2007-03,541,monthly,141749,299655,178168,131172,113202,2007-03-01
Aberdeen,http://landregistry.data.gov.uk/id/region/city-of-aberdeen,S12000033,2007-04,548,monthly,147324,307340,183942,136203,117840,2007-04-01
Aberdeen,http://landregistry.data.gov.uk/id/region/city-of-aberdeen,S12000033,2007-05,593,monthly,152714,317356,190328,141428,122122,2007-05-01
Aberdeen,http://landregistry.data.gov.uk/id/region/city-of-aberdeen,S12000033,2007-06,794,monthly,161400,334540,200501,149049,129241,2007-06-01
Aberdeen,http://landregistry.data.gov.uk/id/region/city-of-aberdeen,S12000033,2007-07,730,monthly,163469,341037,203555,151218,130755,2007-07-01
Aberdeen,http://landregistry.data.gov.uk/id/region/city-of-aberdeen,S12000033,2007-08,785,monthly,168376,356237,210667,156328,134374,2007-08-01
Aberdeen,http://landregistry.data.gov.uk/id/region/city-of-aberdeen,S12000033,2007-09,700,monthly,164875,352179,207364,153385,131374,2007-09-01
Aberdeen,http://landregistry.data.gov.uk/id/region/city-of-aberdeen,S12000033,2007-10,671,monthly,165095,355552,207657,153421,131547,2007-10-01
Aberdeen,http://landregistry.data.gov.uk/id/region/city-of-aberdeen,S12000033,2007-11,668,monthly,164103,349226,205357,151564,131159,2007-11-01
Aberdeen,http://landregistry.data.gov.uk/id/region/city-of-aberdeen,S12000033,2007-12,470,monthly,166428,351896,207326,153489,133174,2007-12-01
Aberdeen,http://landregistry.data.gov.uk/id/region/city-of-aberdeen,S12000033,2008-01,407,monthly,166542,350703,207824,153695,133240,2008-01-01
Aberdeen,http://landregistry.data.gov.uk/id/region/city-of-aberdeen,S12000033,2008-02,374,monthly,160171,336530,199429,148513,128187,2008-02-01
Aberdeen,http://landregistry.data.gov.uk/id/region/city-of-aberdeen,S12000033,2008-03,473,monthly,159439,333858,199320,148873,127452,2008-03-01
Aberdeen,http://landregistry.data.gov.uk/id/region/city-of-aberdeen,S12000033,2008-04,544,monthly,161055,331403,200833,150947,128874,2008-04-01
Aberdeen,http://landregistry.data.gov.uk/id/region/city-of-aberdeen,S12000033,2008-05,534,monthly,167632,341070,209828,157391,134111,2008-05-01
Aberdeen,http://landregistry.data.gov.uk/id/region/city-of-aberdeen,S12000033,2008-06,506,monthly,167970,342046,210934,157658,134297,2008-06-01
Aberdeen,http://landregistry.data.gov.uk/id/region/city-of-aberdeen,S12000033,2008-07,487,monthly,171220,351899,216912,160766,136470,2008-07-01
Aberdeen,http://landregistry.data.gov.uk/id/region/city-of-aberdeen,S12000033,2008-08,460,monthly,168339,353283,213626,157862,133851,2008-08-01
Aberdeen,http://landregistry.data.gov.uk/id/region/city-of-aberdeen,S12000033,2008-09,422,monthly,164083,345730,207595,153592,130591,2008-09-01
Aberdeen,http://landregistry.data.gov.uk/id/region/city-of-aberdeen,S12000033,2008-10,392,monthly,156748,329977,196549,146168,125208,2008-10-01
Aberdeen,http://landregistry.data.gov.uk/id/region/city-of-aberdeen,S12000033,2008-11,283,monthly,151738,314260,190137,141257,121562,2008-11-01
Aberdeen,http://landregistry.data.gov.uk/id/region/city-of-aberdeen,S12000033,2008-12,262,monthly,147631,301813,185061,137584,118399,2008-12-01
Aberdeen,http://landregistry.data.gov.uk/id/region/city-of-aberdeen,S12000033,2009-01,256,monthly,147951,303574,185416,137555,118734,2009-01-01
Aberdeen,http://landregistry.data.gov.uk/id/region/city-of-aberdeen,S12000033,2009-02,219,monthly,147175,301996,184636,136758,118204,2009-02-01
Aberdeen,http://landregistry.data.gov.uk/id/region/city-of-aberdeen,S12000033,2009-03,255,monthly,147321,306038,184333,136401,118497,2009-03-01
Aberdeen,http://landregistry.data.gov.uk/id/region/city-of-aberdeen,S12000033,2009-04,275,monthly,146598,300273,183080,136079,118119,2009-04-01
Aberdeen,http://landregistry.data.gov.uk/id/region/city-of-aberdeen,S12000033,2009-05,349,monthly,150313,307225,187582,139784,121038,2009-05-01
Aberdeen,http://landregistry.data.gov.uk/id/region/city-of-aberdeen,S12000033,2009-06,392,monthly,154921,317280,193478,144561,124372,2009-06-01
Aberdeen,http://landregistry.data.gov.uk/id/region/city-of-aberdeen,S12000033,2009-07,439,monthly,158655,327646,198649,148291,126901,2009-07-01
Aberdeen,http://landregistry.data.gov.uk/id/region/city-of-aberdeen,S12000033,2009-08,401,monthly,157061,328901,197256,147368,124810,2009-08-01
Aberdeen,http://landregistry.data.gov.uk/id/region/city-of-aberdeen,S12000033,2009-09,411,monthly,158284,333146,199895,148537,125413,2009-09-01
Aberdeen,http://landregistry.data.gov.uk/id/region/city-of-aberdeen,S12000033,2009-10,389,monthly,157256,333829,199527,147812,124050,2009-10-01
Aberdeen,http://landregistry.data.gov.uk/id/region/city-of-aberdeen,S12000033,2009-11,395,monthly,160112,340229,203048,150437,126333,2009-11-01
Aberdeen,http://landregistry.data.gov.uk/id/region/city-of-aberdeen,S12000033,2009-12,391,monthly,158772,334658,201573,149792,125083,2009-12-01
Aberdeen,http://landregistry.data.gov.uk/id/region/city-of-aberdeen,S12000033,2010-01,295,monthly,158494,337871,201505,149753,124397,2010-01-01
Aberdeen,http://landregistry.data.gov.uk/id/region/city-of-aberdeen,S12000033,2010-02,239,monthly,157708,338397,201971,149092,123294,2010-02-01
Aberdeen,http://landregistry.data.gov.uk/id/region/city-of-aberdeen,S12000033,2010-03,329,monthly,156601,341713,201105,147748,122083,2010-03-01
Aberdeen,http://landregistry.data.gov.uk/id/region/city-of-aberdeen,S12000033,2010-04,371,monthly,158840,342051,203612,149873,124314,2010-04-01
Aberdeen,http://landregistry.data.gov.uk/id/region/city-of-aberdeen,S12000033,2010-05,364,monthly,160953,344162,205254,151862,126424,2010-05-01
Aberdeen,http://landregistry.data.gov.uk/id/region/city-of-aberdeen,S12000033,2010-06,448,monthly,166674,355685,213048,157417,130781,2010-06-01
Aberdeen,http://landregistry.data.gov.uk/id/region/city-of-aberdeen,S12000033,2010-07,490,monthly,166533,359752,213755,157261,130095,2010-07-01
Aberdeen,http://landregistry.data.gov.uk/id/region/city-of-aberdeen,S12000033,2010-08,408,monthly,166189,365051,215080,156798,128990,2010-08-01
Aberdeen,http://landregistry.data.gov.uk/id/region/city-of-aberdeen,S12000033,2010-09,370,monthly,164216,361928,211907,155325,127251,2010-09-01
Aberdeen,http://landregistry.data.gov.uk/id/region/city-of-aberdeen,S12000033,2010-10,421,monthly,164671,362627,212619,155802,127577,2010-10-01
Aberdeen,http://landregistry.data.gov.uk/id/region/city-of-aberdeen,S12000033,2010-11,329,monthly,162672,358592,210055,153893,126003,2010-11-01
Aberdeen,http://landregistry.data.gov.uk/id/region/city-of-aberdeen,S12000033,2010-12,326,monthly,159259,351146,206105,150218,123521,2010-12-01
Aberdeen,http://landregistry.data.gov.uk/id/region/city-of-aberdeen,S12000033,2011-01,244,monthly,158159,351113,204622,148935,122615,2011-01-01
Aberdeen,http://landregistry.data.gov.uk/id/region/city-of-aberdeen,S12000033,2011-02,227,monthly,159237,354127,205449,149970,123520,2011-02-01
Aberdeen,http://landregistry.data.gov.uk/id/region/city-of-aberdeen,S12000033,2011-03,320,monthly,160545,356997,207052,151460,124384,2011-03-01
Aberdeen,http://landregistry.data.gov.uk/id/region/city-of-aberdeen,S12000033,2011-04,376,monthly,160066,352681,206054,151352,124151,2011-04-01
Aberdeen,http://landregistry.data.gov.uk/id/region/city-of-aberdeen,S12000033,2011-05,352,monthly,159472,344184,204128,150850,124543,2011-05-01
Aberdeen,http://landregistry.data.gov.uk/id/region/city-of-aberdeen,S12000033,2011-06,397,monthly,162308,348145,207808,153445,126997,2011-06-01
Aberdeen,http://landregistry.data.gov.uk/id/region/city-of-aberdeen,S12000033,2011-07,425,monthly,162689,351293,208516,153533,127224,2011-07-01
Aberdeen,http://landregistry.data.gov.uk/id/region/city-of-aberdeen,S12000033,2011-08,451,monthly,164855,361027,213002,156133,127716,2011-08-01
Aberdeen,http://landregistry.data.gov.uk/id/region/city-of-aberdeen,S12000033,2011-09,465,monthly,162926,360862,210867,154239,125830,2011-09-01
Aberdeen,http://landregistry.data.gov.uk/id/region/city-of-aberdeen,S12000033,2011-10,382,monthly,163301,361949,212087,154650,125899,2011-10-01
Aberdeen,http://landregistry.data.gov.uk/id/region/city-of-aberdeen,S12000033,2011-11,358,monthly,162860,359180,211087,153527,126276,2011-11-01
Aberdeen,http://landregistry.data.gov.uk/id/region/city-of-aberdeen,S12000033,2011-12,318,monthly,163184,355321,211356,153838,126961,2011-12-01
Aberdeen,http://landregistry.data.gov.uk/id/region/city-of-aberdeen,S12000033,2012-01,290,monthly,160822,348965,208428,151854,125039,2012-01-01
Aberdeen,http://landregistry.data.gov.uk/id/region/city-of-aberdeen,S12000033,2012-02,238,monthly,159074,347984,207156,150657,122907,2012-02-01
Aberdeen,http://landregistry.data.gov.uk/id/region/city-of-aberdeen,S12000033,2012-03,447,monthly,157732,346338,205866,149770,121414,2012-03-01
Aberdeen,http://landregistry.data.gov.uk/id/region/city-of-aberdeen,S12000033,2012-04,326,monthly,160499,351680,209122,152053,123925,2012-04-01
Aberdeen,http://landregistry.data.gov.uk/id/region/city-of-aberdeen,S12000033,2012-05,363,monthly,161782,351904,209890,153361,125290,2012-05-01
Aberdeen,http://landregistry.data.gov.uk/id/region/city-of-aberdeen,S12000033,2012-06,515,monthly,163244,355501,211167,154739,126524,2012-06-01
Aberdeen,http://landregistry.data.gov.uk/id/region/city-of-aberdeen,S12000033,2012-07,446,monthly,163489,358173,211513,155194,126354,2012-07-01
Aberdeen,http://landregistry.data.gov.uk/id/region/city-of-aberdeen,S12000033,2012-08,496,monthly,164267,360421,213410,156324,126445,2012-08-01
Aberdeen,http://landregistry.data.gov.uk/id/region/city-of-aberdeen,S12000033,2012-09,377,monthly,165236,365091,214983,157354,126809,2012-09-01
Aberdeen,http://landregistry.data.gov.uk/id/region/city-of-aberdeen,S12000033,2012-10,409,monthly,163785,359092,213206,156053,125879,2012-10-01
Aberdeen,http://landregistry.data.gov.uk/id/region/city-of-aberdeen,S12000033,2012-11,443,monthly,163007,358504,212086,155423,125126,2012-11-01
Aberdeen,http://landregistry.data.gov.uk/id/region/city-of-aberdeen,S12000033,2012-12,338,monthly,162794,355725,212128,155457,124951,2012-12-01
Aberdeen,http://landregistry.data.gov.uk/id/region/city-of-aberdeen,S12000033,2013-01,291,monthly,161429,353238,211106,154318,123580,2013-01-01
Aberdeen,http://landregistry.data.gov.uk/id/region/city-of-aberdeen,S12000033,2013-02,242,monthly,157227,344534,205918,150217,120352,2013-02-01
Aberdeen,http://landregistry.data.gov.uk/id/region/city-of-aberdeen,S12000033,2013-03,385,monthly,159487,352409,209877,151958,121894,2013-03-01
Aberdeen,http://landregistry.data.gov.uk/id/region/city-of-aberdeen,S12000033,2013-04,447,monthly,161668,357510,212007,154164,123613,2013-04-01
Aberdeen,http://landregistry.data.gov.uk/id/region/city-of-aberdeen,S12000033,2013-05,576,monthly,167756,368076,219048,159576,128937,2013-05-01
Aberdeen,http://landregistry.data.gov.uk/id/region/city-of-aberdeen,S12000033,2013-06,460,monthly,168532,367711,219456,160440,129747,2013-06-01
Aberdeen,http://landregistry.data.gov.uk/id/region/city-of-aberdeen,S12000033,2013-07,545,monthly,170411,372743,221908,162298,131075,2013-07-01
Aberdeen,http://landregistry.data.gov.uk/id/region/city-of-aberdeen,S12000033,2013-08,607,monthly,173129,378386,225659,165443,132803,2013-08-01
Aberdeen,http://landregistry.data.gov.uk/id/region/city-of-aberdeen,S12000033,2013-09,526,monthly,174906,386501,228039,167138,133816,2013-09-01
Aberdeen,http://landregistry.data.gov.uk/id/region/city-of-aberdeen,S12000033,2013-10,516,monthly,178319,394285,232504,170303,136463,2013-10-01
Aberdeen,http://landregistry.data.gov.uk/id/region/city-of-aberdeen,S12000033,2013-11,533,monthly,177425,397024,232203,169183,135388,2013-11-01
Aberdeen,http://landregistry.data.gov.uk/id/region/city-of-aberdeen,S12000033,2013-12,394,monthly,175931,390458,230660,167608,134513,2013-12-01
Aberdeen,http://landregistry.data.gov.uk/id/region/city-of-aberdeen,S12000033,2014-01,384,monthly,178958,398385,234938,170366,136745,2014-01-01
Aberdeen,http://landregistry.data.gov.uk/id/region/city-of-aberdeen,S12000033,2014-02,292,monthly,179635,397840,234622,171065,137626,2014-02-01
Aberdeen,http://landregistry.data.gov.uk/id/region/city-of-aberdeen,S12000033,2014-03,363,monthly,182357,406116,238477,173939,139304,2014-03-01
Aberdeen,http://landregistry.data.gov.uk/id/region/city-of-aberdeen,S12000033,2014-04,449,monthly,181831,402816,238109,173807,138785,2014-04-01
Aberdeen,http://landregistry.data.gov.uk/id/region/city-of-aberdeen,S12000033,2014-05,533,monthly,189178,420089,248976,180857,144064,2014-05-01
Aberdeen,http://landregistry.data.gov.uk/id/region/city-of-aberdeen,S12000033,2014-06,455,monthly,192923,427424,254194,184495,146906,2014-06-01
Aberdeen,http://landregistry.data.gov.uk/id/region/city-of-aberdeen,S12000033,2014-07,510,monthly,197171,439731,260445,188629,149740,2014-07-01
Aberdeen,http://landregistry.data.gov.uk/id/region/city-of-aberdeen,S12000033,2014-08,545,monthly,196203,436719,259570,187867,148897,2014-08-01
Aberdeen,http://landregistry.data.gov.uk/id/region/city-of-aberdeen,S12000033,2014-09,447,monthly,199285,446259,263735,190894,150959,2014-09-01
Aberdeen,http://landregistry.data.gov.uk/id/region/city-of-aberdeen,S12000033,2014-10,500,monthly,198567,445206,263107,189819,150554,2014-10-01
Aberdeen,http://landregistry.data.gov.uk/id/region/city-of-aberdeen,S12000033,2014-11,509,monthly,198445,446920,262829,189421,150499,2014-11-01
Aberdeen,http://landregistry.data.gov.uk/id/region/city-of-aberdeen,S12000033,2014-12,375,monthly,196037,441466,259929,186866,148783,2014-12-01
Aberdeen,http://landregistry.data.gov.uk/id/region/city-of-aberdeen,S12000033,2015-01,359,monthly,194934,437476,257786,185879,148151,2015-01-01
Aberdeen,http://landregistry.data.gov.uk/id/region/city-of-aberdeen,S12000033,2015-02,253,monthly,194018,435748,256918,184765,147487,2015-02-01
Aberdeen,http://landregistry.data.gov.uk/id/region/city-of-aberdeen,S12000033,2015-03,403,monthly,195391,449075,259727,185400,147887,2015-03-01
Aberdeen,http://landregistry.data.gov.uk/id/region/city-of-aberdeen,S12000033,2015-04,406,monthly,193881,436814,256618,184498,147431,2015-04-01
Aberdeen,http://landregistry.data.gov.uk/id/region/city-of-aberdeen,S12000033,2015-05,442,monthly,194283,430218,256293,185231,148353,2015-05-01
Aberdeen,http://landregistry.data.gov.uk/id/region/city-of-aberdeen,S12000033,2015-06,520,monthly,191032,407182,250260,183465,146684,2015-06-01
Aberdeen,http://landregistry.data.gov.uk/id/region/city-of-aberdeen,S12000033,2015-07,550,monthly,192164,416450,252496,184276,146943,2015-07-01
Aberdeen,http://landregistry.data.gov.uk/id/region/city-of-aberdeen,S12000033,2015-08,429,monthly,192744,424045,254014,185021,146530,2015-08-01
Aberdeen,http://landregistry.data.gov.uk/id/region/city-of-aberdeen,S12000033,2015-09,389,monthly,191769,425514,253236,183641,145656,2015-09-01
Aberdeen,http://landregistry.data.gov.uk/id/region/city-of-aberdeen,S12000033,2015-10,433,monthly,189379,421232,250513,181567,143507,2015-10-01
Aberdeen,http://landregistry.data.gov.uk/id/region/city-of-aberdeen,S12000033,2015-11,406,monthly,186096,413361,245728,178424,141166,2015-11-01
Aberdeen,http://landregistry.data.gov.uk/id/region/city-of-aberdeen,S12000033,2015-12,333,monthly,185848,416175,245780,178217,140589,2015-12-01
Aberdeen,http://landregistry.data.gov.uk/id/region/city-of-aberdeen,S12000033,2016-01,278,monthly,181773,408537,240742,173834,137617,2016-01-01
Aberdeen,http://landregistry.data.gov.uk/id/region/city-of-aberdeen,S12000033,2016-02,202,monthly,178336,400814,237046,170666,134737,2016-02-01
Aberdeen,http://landregistry.data.gov.uk/id/region/city-of-aberdeen,S12000033,2016-03,468,monthly,173942,389156,230594,166222,131867,2016-03-01
Aberdeen,http://landregistry.data.gov.uk/id/region/city-of-aberdeen,S12000033,2016-04,271,monthly,175201,390952,232640,167888,132512,2016-04-01
Aberdeen,http://landregistry.data.gov.uk/id/region/city-of-aberdeen,S12000033,2016-05,288,monthly,178120,392791,235531,170741,135316,2016-05-01
Aberdeen,http://landregistry.data.gov.uk/id/region/city-of-aberdeen,S12000033,2016-06,375,monthly,181954,400702,240869,174809,137949,2016-06-01
Aberdeen,http://landregistry.data.gov.uk/id/region/city-of-aberdeen,S12000033,2016-07,382,monthly,180687,396257,238103,173551,137412,2016-07-01
Aberdeen,http://landregistry.data.gov.uk/id/region/city-of-aberdeen,S12000033,2016-08,310,monthly,176417,392977,233547,169461,133387,2016-08-01
Aberdeen,http://landregistry.data.gov.uk/id/region/city-of-aberdeen,S12000033,2016-09,353,monthly,171284,379913,226595,164314,129825,2016-09-01
Aberdeen,http://landregistry.data.gov.uk/id/region/city-of-aberdeen,S12000033,2016-10,290,monthly,171467,387140,228175,163710,129599,2016-10-01
Aberdeen,http://landregistry.data.gov.uk/id/region/city-of-aberdeen,S12000033,2016-11,314,monthly,170715,384106,226347,162524,129646,2016-11-01
Aberdeen,http://landregistry.data.gov.uk/id/region/city-of-aberdeen,S12000033,2016-12,352,monthly,167654,378183,222817,159464,127216,2016-12-01
Aberdeen,http://landregistry.data.gov.uk/id/region/city-of-aberdeen,S12000033,2017-01,255,monthly,162453,364030,215222,154799,123439,2017-01-01
Aberdeen,http://landregistry.data.gov.uk/id/region/city-of-aberdeen,S12000033,2017-02,204,monthly,162123,366586,215258,154457,122856,2017-02-01
Aberdeen,http://landregistry.data.gov.uk/id/region/city-of-aberdeen,S12000033,2017-03,392,monthly,163840,370427,216829,155811,124437,2017-03-01
Aberdeen,http://landregistry.data.gov.uk/id/region/city-of-aberdeen,S12000033,2017-04,368,monthly,164580,371447,217461,156191,125258,2017-04-01
Aberdeen,http://landregistry.data.gov.uk/id/region/city-of-aberdeen,S12000033,2017-05,344,monthly,163656,365387,215797,154960,125088,2017-05-01
Aberdeen,http://landregistry.data.gov.uk/id/region/city-of-aberdeen,S12000033,2017-06,491,monthly,164027,364422,215855,155205,125635,2017-06-01
Aberdeen,http://landregistry.data.gov.uk/id/region/city-of-aberdeen,S12000033,2017-07,295,monthly,166711,369441,219570,157660,127767,2017-07-01
Aberdeen,http://landregistry.data.gov.uk/id/region/city-of-aberdeen,S12000033,2017-08,313,monthly,167850,372780,220763,159020,128504,2017-08-01
Aberdeen,http://landregistry.data.gov.uk/id/region/city-of-aberdeen,S12000033,2017-09,377,monthly,168928,377296,222658,160242,128990,2017-09-01
Aberdeen,http://landregistry.data.gov.uk/id/region/city-of-aberdeen,S12000033,2017-10,298,monthly,166772,372867,220345,158551,127058,2017-10-01
Aberdeen,http://landregistry.data.gov.uk/id/region/city-of-aberdeen,S12000033,2017-11,316,monthly,165582,371359,219806,157564,125817,2017-11-01
Aberdeen,http://landregistry.data.gov.uk/id/region/city-of-aberdeen,S12000033,2017-12,329,monthly,163507,365721,217184,155768,124208,2017-12-01
Aberdeen,http://landregistry.data.gov.uk/id/region/city-of-aberdeen,S12000033,2018-01,194,monthly,163440,367486,217623,155958,123808,2018-01-01
Aberdeen,http://landregistry.data.gov.uk/id/region/city-of-aberdeen,S12000033,2018-02,209,monthly,160631,363372,213275,153405,121548,2018-02-01
Aberdeen,http://landregistry.data.gov.uk/id/region/city-of-aberdeen,S12000033,2018-03,357,monthly,159378,363353,212753,152833,119921,2018-03-01
Aberdeen,http://landregistry.data.gov.uk/id/region/city-of-aberdeen,S12000033,2018-04,324,monthly,160036,362204,213447,154010,120438,2018-04-01
Aberdeen,http://landregistry.data.gov.uk/id/region/city-of-aberdeen,S12000033,2018-05,341,monthly,159659,356575,212813,153695,120560,2018-05-01
Aberdeen,http://landregistry.data.gov.uk/id/region/city-of-aberdeen,S12000033,2018-06,451,monthly,158562,350421,210806,152222,120314,2018-06-01
Aberdeen,http://landregistry.data.gov.uk/id/region/city-of-aberdeen,S12000033,2018-07,333,monthly,158190,349977,209657,151434,120291,2018-07-01
Aberdeen,http://landregistry.data.gov.uk/id/region/city-of-aberdeen,S12000033,2018-08,375,monthly,159333,354900,211976,153030,120608,2018-08-01
Aberdeen,http://landregistry.data.gov.uk/id/region/city-of-aberdeen,S12000033,2018-09,338,monthly,160131,359534,213594,154103,120745,2018-09-01
Aberdeen,http://landregistry.data.gov.uk/id/region/city-of-aberdeen,S12000033,2018-10,313,monthly,156555,356155,210356,151059,117244,2018-10-01
Aberdeen,http://landregistry.data.gov.uk/id/region/city-of-aberdeen,S12000033,2018-11,372,monthly,154776,352363,208447,149276,115839,2018-11-01
Aberdeen,http://landregistry.data.gov.uk/id/region/city-of-aberdeen,S12000033,2018-12,278,monthly,152090,343826,204065,146280,114336,2018-12-01
Aberdeen,http://landregistry.data.gov.uk/id/region/city-of-aberdeen,S12000033,2019-01,262,monthly,151212,339672,202358,145222,114029,2019-01-01
Aberdeen,http://landregistry.data.gov.uk/id/region/city-of-aberdeen,S12000033,2019-02,234,monthly,149341,336667,199842,143489,112476,2019-02-01
Aberdeen,http://landregistry.data.gov.uk/id/region/city-of-aberdeen,S12000033,2019-03,336,monthly,149848,341201,201414,144556,112161,2019-03-01
Aberdeen,http://landregistry.data.gov.uk/id/region/city-of-aberdeen,S12000033,2019-04,293,monthly,152065,344596,204343,147170,113743,2019-04-01
Aberdeen,http://landregistry.data.gov.uk/id/region/city-of-aberdeen,S12000033,2019-05,365,monthly,153491,345638,206230,148946,114807,2019-05-01
Aberdeen,http://landregistry.data.gov.uk/id/region/city-of-aberdeen,S12000033,2019-06,373,monthly,149566,332948,200397,145071,112326,2019-06-01
Aberdeen,http://landregistry.data.gov.uk/id/region/city-of-aberdeen,S12000033,2019-07,342,monthly,147467,329736,197388,142818,110774,2019-07-01
Aberdeen,http://landregistry.data.gov.uk/id/region/city-of-aberdeen,S12000033,2019-08,373,monthly,145315,324730,194031,140464,109394,2019-08-01
Aberdeen,http://landregistry.data.gov.uk/id/region/city-of-aberdeen,S12000033,2019-09,319,monthly,147195,330168,196382,142445,110665,2019-09-01
Aberdeen,http://landregistry.data.gov.uk/id/region/city-of-aberdeen,S12000033,2019-10,347,monthly,146582,329204,196968,142235,109716,2019-10-01
Aberdeen,http://landregistry.data.gov.uk/id/region/city-of-aberdeen,S12000033,2019-11,358,monthly,145606,329297,196723,141468,108507,2019-11-01
Aberdeen,http://landregistry.data.gov.uk/id/region/city-of-aberdeen,S12000033,2019-12,331,monthly,145717,333858,198393,142103,107706,2019-12-01
Aberdeen,http://landregistry.data.gov.uk/id/region/city-of-aberdeen,S12000033,2020-01,244,monthly,143829,331537,195819,140421,106086,2020-01-01
Aberdeen,http://landregistry.data.gov.uk/id/region/city-of-aberdeen,S12000033,2020-02,241,monthly,141925,329067,193474,138707,104424,2020-02-01
Aberdeen,http://landregistry.data.gov.uk/id/region/city-of-aberdeen,S12000033,2020-03,267,monthly,141192,326679,191811,137563,104273,2020-03-01
Aberdeen,http://landregistry.data.gov.uk/id/region/city-of-aberdeen,S12000033,2020-04,87,monthly,138943,323207,189059,136004,102131,2020-04-01
Aberdeen,http://landregistry.data.gov.uk/id/region/city-of-aberdeen,S12000033,2020-05,129,monthly,139367,323771,189682,136598,102395,2020-05-01
Aberdeen,http://landregistry.data.gov.uk/id/region/city-of-aberdeen,S12000033,2020-06,159,monthly,138884,323948,189975,136677,101499,2020-06-01
Aberdeen,http://landregistry.data.gov.uk/id/region/city-of-aberdeen,S12000033,2020-07,231,monthly,140454,326980,191526,137567,103092,2020-07-01
Aberdeen,http://landregistry.data.gov.uk/id/region/city-of-aberdeen,S12000033,2020-08,300,monthly,139507,322861,190119,136728,102561,2020-08-01
Aberdeen,http://landregistry.data.gov.uk/id/region/city-of-aberdeen,S12000033,2020-09,366,monthly,135837,311630,184682,133110,100211,2020-09-01
Aberdeen,http://landregistry.data.gov.uk/id/region/city-of-aberdeen,S12000033,2020-10,453,monthly,136227,309470,185160,133860,100633,2020-10-01
Aberdeen,http://landregistry.data.gov.uk/id/region/city-of-aberdeen,S12000033,2020-11,415,monthly,138723,317117,188282,136341,102330,2020-11-01
Aberdeen,http://landregistry.data.gov.uk/id/region/city-of-aberdeen,S12000033,2020-12,372,monthly,143218,330707,194456,140964,105235,2020-12-01
Aberdeen,http://landregistry.data.gov.uk/id/region/city-of-aberdeen,S12000033,2021-01,250,monthly,144543,332376,195312,141716,106760,2021-01-01
Aberdeen,http://landregistry.data.gov.uk/id/region/city-of-aberdeen,S12000033,2021-02,232,monthly,140990,322904,189880,138028,104479,2021-02-01
Aberdeen,http://landregistry.data.gov.uk/id/region/city-of-aberdeen,S12000033,2021-03,478,monthly,140301,317597,188227,137223,104525,2021-03-01
Aberdeen,http://landregistry.data.gov.uk/id/region/city-of-aberdeen,S12000033,2021-04,311,monthly,137189,311485,183792,134236,102155,2021-04-01
Aberdeen,http://landregistry.data.gov.uk/id/region/city-of-aberdeen,S12000033,2021-05,384,monthly,141502,320575,189854,138624,105305,2021-05-01
Aberdeen,http://landregistry.data.gov.uk/id/region/city-of-aberdeen,S12000033,2021-06,468,monthly,142756,323244,190494,139859,106464,2021-06-01
Aberdeen,http://landregistry.data.gov.uk/id/region/city-of-aberdeen,S12000033,2021-07,497,monthly,145926,334043,196739,143378,107950,2021-07-01
Aberdeen,http://landregistry.data.gov.uk/id/region/city-of-aberdeen,S12000033,2021-08,438,monthly,147344,338683,199107,144700,108813,2021-08-01
Aberdeen,http://landregistry.data.gov.uk/id/region/city-of-aberdeen,S12000033,2021-09,397,monthly,146797,339878,199636,144226,107910,2021-09-01
Aberdeen,http://landregistry.data.gov.uk/id/region/city-of-aberdeen,S12000033,2021-10,450,monthly,146050,336817,197584,142933,107897,2021-10-01
Aberdeen,http://landregistry.data.gov.uk/id/region/city-of-aberdeen,S12000033,2021-11,403,monthly,144634,335287,195569,141329,106807,2021-11-01
Aberdeen,http://landregistry.data.gov.uk/id/region/city-of-aberdeen,S12000033,2021-12,376,monthly,142694,331372,193277,139370,105282,2021-12-01
Aberdeen,http://landregistry.data.gov.uk/id/region/city-of-aberdeen,S12000033,2022-01,289,monthly,140478,327703,190691,137412,103359,2022-01-01
Aberdeen,http://landregistry.data.gov.uk/id/region/city-of-aberdeen,S12000033,2022-02,282,monthly,138361,323291,188592,135648,101477,2022-02-01
Aberdeen,http://landregistry.data.gov.uk/id/region/city-of-aberdeen,S12000033,2022-03,429,monthly,139539,327834,190746,136861,102044,2022-03-01
Aberdeen,http://landregistry.data.gov.uk/id/region/city-of-aberdeen,S12000033,2022-04,479,monthly,141443,332074,193254,139171,103286,2022-04-01
Aberdeen,http://landregistry.data.gov.uk/id/region/city-of-aberdeen,S12000033,2022-05,401,monthly,142338,332574,194150,140165,104118,2022-05-01
Aberdeen,http://landregistry.data.gov.uk/id/region/city-of-aberdeen,S12000033,2022-06,457,monthly,144058,338158,196555,142116,105105,2022-06-01
Aberdeen,http://landregistry.data.gov.uk/id/region/city-of-aberdeen,S12000033,2022-07,468,monthly,144622,337338,197689,142988,105516,2022-07-01
Aberdeen,http://landregistry.data.gov.uk/id/region/city-of-aberdeen,S12000033,2022-08,432,monthly,145280,339042,198978,144239,105643,2022-08-01
Aberdeen,http://landregistry.data.gov.uk/id/region/city-of-aberdeen,S12000033,2022-09,450,monthly,142071,328189,194682,141241,103535,2022-09-01
Aberdeen,http://landregistry.data.gov.uk/id/region/city-of-aberdeen,S12000033,2022-10,386,monthly,140394,326011,192682,139631,102062,2022-10-01
Aberdeen,http://landregistry.data.gov.uk/id/region/city-of-aberdeen,S12000033,2022-11,371,monthly,136457,318632,187727,135747,98923,2022-11-01
Aberdeen,http://landregistry.data.gov.uk/id/region/city-of-aberdeen,S12000033,2022-12,285,monthly,134663,315705,185494,134030,97423,2022-12-01
Aberdeen,http://landregistry.data.gov.uk/id/region/city-of-aberdeen,S12000033,2023-01,215,monthly,129930,304529,179093,129181,94041,2023-01-01
Aberdeen,http://landregistry.data.gov.uk/id/region/city-of-aberdeen,S12000033,2023-02,229,monthly,127784,298943,175721,126699,92759,2023-02-01
Aberdeen,http://landregistry.data.gov.uk/id/region/city-of-aberdeen,S12000033,2023-03,387,monthly,126711,296589,174172,125170,92160,2023-03-01
Aberdeen,http://landregistry.data.gov.uk/id/region/city-of-aberdeen,S12000033,2023-04,342,monthly,129235,301028,177583,127576,94146,2023-04-01
Aberdeen,http://landregistry.data.gov.uk/id/region/city-of-aberdeen,S12000033,2023-05,368,monthly,132249,307066,181090,130253,96626,2023-05-01
Aberdeen,http://landregistry.data.gov.uk/id/region/city-of-aberdeen,S12000033,2023-06,477,monthly,135127,311310,184208,133211,98995,2023-06-01
Aberdeen,http://landregistry.data.gov.uk/id/region/city-of-aberdeen,S12000033,2023-07,350,monthly,136397,313539,185820,134699,99910,2023-07-01
Aberdeen,http://landregistry.data.gov.uk/id/region/city-of-aberdeen,S12000033,2023-08,375,monthly,135829,312977,185616,134601,99177,2023-08-01
Aberdeen,http://landregistry.data.gov.uk/id/region/city-of-aberdeen,S12000033,2023-09,359,monthly,134910,313398,184922,133978,98123,2023-09-01
Aberdeen,http://landregistry.data.gov.uk/id/region/city-of-aberdeen,S12000033,2023-10,321,monthly,131187,306414,180397,130445,95141,2023-10-01
Aberdeen,http://landregistry.data.gov.uk/id/region/city-of-aberdeen,S12000033,2023-11,333,monthly,133480,313859,184460,132807,96482,2023-11-01
Aberdeen,http://landregistry.data.gov.uk/id/region/city-of-aberdeen,S12000033,2023-12,321,monthly,131241,307906,181827,130463,94883,2023-12-01
Aberdeen,http://landregistry.data.gov.uk/id/region/city-of-aberdeen,S12000033,2024-01,215,monthly,133658,314849,185256,133170,96416,2024-01-01
Aberdeen,http://landregistry.data.gov.uk/id/region/city-of-aberdeen,S12000033,2024-02,216,monthly,129159,305513,179209,128730,93049,2024-02-01
Aberdeen,http://landregistry.data.gov.uk/id/region/city-of-aberdeen,S12000033,2024-03,,monthly,128843,306459,178473,128072,92802,2024-03-01
Aberdeen,http://landregistry.data.gov.uk/id/region/city-of-aberdeen,S12000033,2024-04,,monthly,125671,297342,173984,124447,90770,2024-04-01
