"Name","URI","Region GSS code","Period","Sales volume","Reporting period","Average price All property types","Average price Detached houses","Average price Semi-detached houses","Average price Terraced houses","Average price Flats and maisonettes","Pivotable date"
Bexley,http://landregistry.data.gov.uk/id/region/bexley,E09000004,2004-01,454,monthly,169115,282053,208498,162426,130223,2004-01-01
Bexley,http://landregistry.data.gov.uk/id/region/bexley,E09000004,2004-02,413,monthly,173114,287704,212977,166566,133465,2004-02-01
Bexley,http://landregistry.data.gov.uk/id/region/bexley,E09000004,2004-03,411,monthly,173004,288463,212612,166652,133325,2004-03-01
Bexley,http://landregistry.data.gov.uk/id/region/bexley,E09000004,2004-04,456,monthly,176036,290230,215932,170143,135706,2004-04-01
Bexley,http://landregistry.data.gov.uk/id/region/bexley,E09000004,2004-05,455,monthly,176749,288707,216204,171170,136710,2004-05-01
Bexley,http://landregistry.data.gov.uk/id/region/bexley,E09000004,2004-06,459,monthly,179977,291407,219775,174468,139635,2004-06-01
Bexley,http://landregistry.data.gov.uk/id/region/bexley,E09000004,2004-07,575,monthly,181015,292865,221191,175390,140420,2004-07-01
Bexley,http://landregistry.data.gov.uk/id/region/bexley,E09000004,2004-08,459,monthly,183350,297196,224082,177640,142152,2004-08-01
Bexley,http://landregistry.data.gov.uk/id/region/bexley,E09000004,2004-09,397,monthly,183688,299009,224739,177844,142193,2004-09-01
Bexley,http://landregistry.data.gov.uk/id/region/bexley,E09000004,2004-10,336,monthly,183939,299158,224519,178115,142884,2004-10-01
Bexley,http://landregistry.data.gov.uk/id/region/bexley,E09000004,2004-11,314,monthly,185354,300830,226020,179552,144189,2004-11-01
Bexley,http://landregistry.data.gov.uk/id/region/bexley,E09000004,2004-12,337,monthly,184354,297141,224120,178941,143863,2004-12-01
Bexley,http://landregistry.data.gov.uk/id/region/bexley,E09000004,2005-01,229,monthly,186454,300715,226367,181196,145523,2005-01-01
Bexley,http://landregistry.data.gov.uk/id/region/bexley,E09000004,2005-02,226,monthly,183915,296396,223562,178806,143243,2005-02-01
Bexley,http://landregistry.data.gov.uk/id/region/bexley,E09000004,2005-03,247,monthly,184119,297258,224236,179221,142732,2005-03-01
Bexley,http://landregistry.data.gov.uk/id/region/bexley,E09000004,2005-04,286,monthly,183311,294418,223610,178738,141640,2005-04-01
Bexley,http://landregistry.data.gov.uk/id/region/bexley,E09000004,2005-05,332,monthly,184686,296575,224811,180225,142961,2005-05-01
Bexley,http://landregistry.data.gov.uk/id/region/bexley,E09000004,2005-06,358,monthly,187768,300118,228216,183380,145605,2005-06-01
Bexley,http://landregistry.data.gov.uk/id/region/bexley,E09000004,2005-07,464,monthly,186667,298815,226886,182287,144726,2005-07-01
Bexley,http://landregistry.data.gov.uk/id/region/bexley,E09000004,2005-08,394,monthly,188106,301440,228505,183924,145701,2005-08-01
Bexley,http://landregistry.data.gov.uk/id/region/bexley,E09000004,2005-09,397,monthly,187908,302255,228216,183816,145418,2005-09-01
Bexley,http://landregistry.data.gov.uk/id/region/bexley,E09000004,2005-10,378,monthly,189435,304520,229521,185353,147027,2005-10-01
Bexley,http://landregistry.data.gov.uk/id/region/bexley,E09000004,2005-11,409,monthly,188695,302710,228708,184660,146405,2005-11-01
Bexley,http://landregistry.data.gov.uk/id/region/bexley,E09000004,2005-12,335,monthly,187080,298450,226192,183003,145830,2005-12-01
Bexley,http://landregistry.data.gov.uk/id/region/bexley,E09000004,2006-01,285,monthly,188013,300221,227322,184147,146311,2006-01-01
Bexley,http://landregistry.data.gov.uk/id/region/bexley,E09000004,2006-02,303,monthly,187236,298201,225959,183443,146162,2006-02-01
Bexley,http://landregistry.data.gov.uk/id/region/bexley,E09000004,2006-03,439,monthly,187450,299969,226716,183868,145605,2006-03-01
Bexley,http://landregistry.data.gov.uk/id/region/bexley,E09000004,2006-04,326,monthly,189194,301791,228872,185652,146940,2006-04-01
Bexley,http://landregistry.data.gov.uk/id/region/bexley,E09000004,2006-05,379,monthly,189827,302857,229850,186292,147194,2006-05-01
Bexley,http://landregistry.data.gov.uk/id/region/bexley,E09000004,2006-06,473,monthly,191156,303547,231336,187661,148437,2006-06-01
Bexley,http://landregistry.data.gov.uk/id/region/bexley,E09000004,2006-07,457,monthly,189338,300860,229130,186071,146791,2006-07-01
Bexley,http://landregistry.data.gov.uk/id/region/bexley,E09000004,2006-08,469,monthly,193378,307783,234014,190384,149494,2006-08-01
Bexley,http://landregistry.data.gov.uk/id/region/bexley,E09000004,2006-09,449,monthly,194017,310496,235028,190911,149674,2006-09-01
Bexley,http://landregistry.data.gov.uk/id/region/bexley,E09000004,2006-10,481,monthly,196532,314608,237962,193224,151893,2006-10-01
Bexley,http://landregistry.data.gov.uk/id/region/bexley,E09000004,2006-11,446,monthly,196838,315091,238517,193362,152128,2006-11-01
Bexley,http://landregistry.data.gov.uk/id/region/bexley,E09000004,2006-12,491,monthly,198996,316801,240668,195716,154189,2006-12-01
Bexley,http://landregistry.data.gov.uk/id/region/bexley,E09000004,2007-01,391,monthly,199813,318423,241652,196597,154706,2007-01-01
Bexley,http://landregistry.data.gov.uk/id/region/bexley,E09000004,2007-02,388,monthly,199940,318174,241473,196499,155399,2007-02-01
Bexley,http://landregistry.data.gov.uk/id/region/bexley,E09000004,2007-03,413,monthly,201599,321543,243741,198227,156220,2007-03-01
Bexley,http://landregistry.data.gov.uk/id/region/bexley,E09000004,2007-04,361,monthly,203224,322816,245408,200225,157446,2007-04-01
Bexley,http://landregistry.data.gov.uk/id/region/bexley,E09000004,2007-05,394,monthly,205848,325793,248330,203232,159363,2007-05-01
Bexley,http://landregistry.data.gov.uk/id/region/bexley,E09000004,2007-06,466,monthly,208174,328983,250835,205526,161486,2007-06-01
Bexley,http://landregistry.data.gov.uk/id/region/bexley,E09000004,2007-07,496,monthly,211318,335211,254995,208439,163675,2007-07-01
Bexley,http://landregistry.data.gov.uk/id/region/bexley,E09000004,2007-08,549,monthly,211462,337372,255671,208794,162917,2007-08-01
Bexley,http://landregistry.data.gov.uk/id/region/bexley,E09000004,2007-09,389,monthly,210593,337388,254837,207747,162120,2007-09-01
Bexley,http://landregistry.data.gov.uk/id/region/bexley,E09000004,2007-10,454,monthly,211457,339437,255372,208533,163252,2007-10-01
Bexley,http://landregistry.data.gov.uk/id/region/bexley,E09000004,2007-11,400,monthly,215171,345914,259656,211770,166707,2007-11-01
Bexley,http://landregistry.data.gov.uk/id/region/bexley,E09000004,2007-12,303,monthly,218432,350808,263429,214891,169507,2007-12-01
Bexley,http://landregistry.data.gov.uk/id/region/bexley,E09000004,2008-01,252,monthly,220086,354268,265592,216326,170770,2008-01-01
Bexley,http://landregistry.data.gov.uk/id/region/bexley,E09000004,2008-02,285,monthly,219349,353398,264885,215559,170089,2008-02-01
Bexley,http://landregistry.data.gov.uk/id/region/bexley,E09000004,2008-03,233,monthly,218909,353985,265037,215439,168843,2008-03-01
Bexley,http://landregistry.data.gov.uk/id/region/bexley,E09000004,2008-04,229,monthly,215954,349746,261776,212967,165929,2008-04-01
Bexley,http://landregistry.data.gov.uk/id/region/bexley,E09000004,2008-05,232,monthly,215616,348493,261512,213020,165295,2008-05-01
Bexley,http://landregistry.data.gov.uk/id/region/bexley,E09000004,2008-06,217,monthly,212632,342593,257766,210292,162995,2008-06-01
Bexley,http://landregistry.data.gov.uk/id/region/bexley,E09000004,2008-07,211,monthly,210800,338380,256123,208395,161361,2008-07-01
Bexley,http://landregistry.data.gov.uk/id/region/bexley,E09000004,2008-08,195,monthly,208152,334460,252932,205627,159419,2008-08-01
Bexley,http://landregistry.data.gov.uk/id/region/bexley,E09000004,2008-09,187,monthly,207084,335518,251568,204316,158645,2008-09-01
Bexley,http://landregistry.data.gov.uk/id/region/bexley,E09000004,2008-10,158,monthly,203008,329899,246178,199980,156013,2008-10-01
Bexley,http://landregistry.data.gov.uk/id/region/bexley,E09000004,2008-11,136,monthly,197920,321654,240168,195050,151921,2008-11-01
Bexley,http://landregistry.data.gov.uk/id/region/bexley,E09000004,2008-12,152,monthly,192879,311760,234077,190255,148020,2008-12-01
Bexley,http://landregistry.data.gov.uk/id/region/bexley,E09000004,2009-01,82,monthly,193105,313040,234120,190315,148422,2009-01-01
Bexley,http://landregistry.data.gov.uk/id/region/bexley,E09000004,2009-02,101,monthly,188785,306601,228814,185624,145460,2009-02-01
Bexley,http://landregistry.data.gov.uk/id/region/bexley,E09000004,2009-03,125,monthly,187076,303584,226578,183660,144498,2009-03-01
Bexley,http://landregistry.data.gov.uk/id/region/bexley,E09000004,2009-04,134,monthly,181653,292545,220422,178610,139774,2009-04-01
Bexley,http://landregistry.data.gov.uk/id/region/bexley,E09000004,2009-05,174,monthly,182455,292676,221410,179942,139778,2009-05-01
Bexley,http://landregistry.data.gov.uk/id/region/bexley,E09000004,2009-06,173,monthly,183344,293790,222765,181248,139581,2009-06-01
Bexley,http://landregistry.data.gov.uk/id/region/bexley,E09000004,2009-07,230,monthly,186841,300097,227306,185044,141336,2009-07-01
Bexley,http://landregistry.data.gov.uk/id/region/bexley,E09000004,2009-08,225,monthly,189657,305484,231086,188096,142574,2009-08-01
Bexley,http://landregistry.data.gov.uk/id/region/bexley,E09000004,2009-09,213,monthly,191210,308485,233253,189696,143274,2009-09-01
Bexley,http://landregistry.data.gov.uk/id/region/bexley,E09000004,2009-10,233,monthly,193417,312415,236155,192026,144447,2009-10-01
Bexley,http://landregistry.data.gov.uk/id/region/bexley,E09000004,2009-11,194,monthly,194444,314671,237155,193369,144972,2009-11-01
Bexley,http://landregistry.data.gov.uk/id/region/bexley,E09000004,2009-12,289,monthly,196623,316841,239759,195874,146394,2009-12-01
Bexley,http://landregistry.data.gov.uk/id/region/bexley,E09000004,2010-01,126,monthly,197737,319817,241603,197081,146393,2010-01-01
Bexley,http://landregistry.data.gov.uk/id/region/bexley,E09000004,2010-02,179,monthly,201284,325638,246968,200447,148070,2010-02-01
Bexley,http://landregistry.data.gov.uk/id/region/bexley,E09000004,2010-03,192,monthly,202291,329535,248581,201389,148284,2010-03-01
Bexley,http://landregistry.data.gov.uk/id/region/bexley,E09000004,2010-04,201,monthly,202739,329178,248997,201894,148869,2010-04-01
Bexley,http://landregistry.data.gov.uk/id/region/bexley,E09000004,2010-05,234,monthly,199919,324543,245052,199222,147288,2010-05-01
Bexley,http://landregistry.data.gov.uk/id/region/bexley,E09000004,2010-06,208,monthly,199807,323724,244984,199336,146909,2010-06-01
Bexley,http://landregistry.data.gov.uk/id/region/bexley,E09000004,2010-07,249,monthly,200251,326278,245630,199923,146659,2010-07-01
Bexley,http://landregistry.data.gov.uk/id/region/bexley,E09000004,2010-08,249,monthly,201935,329944,248471,201406,146973,2010-08-01
Bexley,http://landregistry.data.gov.uk/id/region/bexley,E09000004,2010-09,230,monthly,202870,333356,249997,202241,147005,2010-09-01
Bexley,http://landregistry.data.gov.uk/id/region/bexley,E09000004,2010-10,231,monthly,200657,329625,247496,199927,145250,2010-10-01
Bexley,http://landregistry.data.gov.uk/id/region/bexley,E09000004,2010-11,209,monthly,200647,330785,247302,199708,145593,2010-11-01
Bexley,http://landregistry.data.gov.uk/id/region/bexley,E09000004,2010-12,162,monthly,200352,329791,247124,199180,145496,2010-12-01
Bexley,http://landregistry.data.gov.uk/id/region/bexley,E09000004,2011-01,166,monthly,200374,330409,247126,199206,145464,2011-01-01
Bexley,http://landregistry.data.gov.uk/id/region/bexley,E09000004,2011-02,148,monthly,200399,330684,246967,199309,145570,2011-02-01
Bexley,http://landregistry.data.gov.uk/id/region/bexley,E09000004,2011-03,181,monthly,198333,329173,244341,197272,143878,2011-03-01
Bexley,http://landregistry.data.gov.uk/id/region/bexley,E09000004,2011-04,197,monthly,201059,333516,247622,199923,146051,2011-04-01
Bexley,http://landregistry.data.gov.uk/id/region/bexley,E09000004,2011-05,195,monthly,201338,332635,247859,200277,146504,2011-05-01
Bexley,http://landregistry.data.gov.uk/id/region/bexley,E09000004,2011-06,248,monthly,201073,329567,247578,200083,146557,2011-06-01
Bexley,http://landregistry.data.gov.uk/id/region/bexley,E09000004,2011-07,224,monthly,199899,326427,246094,199053,145770,2011-07-01
Bexley,http://landregistry.data.gov.uk/id/region/bexley,E09000004,2011-08,220,monthly,199485,326741,246277,198751,144295,2011-08-01
Bexley,http://landregistry.data.gov.uk/id/region/bexley,E09000004,2011-09,248,monthly,202298,332968,249955,201626,145740,2011-09-01
Bexley,http://landregistry.data.gov.uk/id/region/bexley,E09000004,2011-10,233,monthly,202907,335499,251332,201986,145444,2011-10-01
Bexley,http://landregistry.data.gov.uk/id/region/bexley,E09000004,2011-11,237,monthly,201377,332572,249111,200323,144992,2011-11-01
Bexley,http://landregistry.data.gov.uk/id/region/bexley,E09000004,2011-12,248,monthly,199523,328678,246881,198275,143939,2011-12-01
Bexley,http://landregistry.data.gov.uk/id/region/bexley,E09000004,2012-01,186,monthly,197427,324443,244259,196352,142387,2012-01-01
Bexley,http://landregistry.data.gov.uk/id/region/bexley,E09000004,2012-02,181,monthly,199186,327694,246595,198406,142984,2012-02-01
Bexley,http://landregistry.data.gov.uk/id/region/bexley,E09000004,2012-03,281,monthly,198638,325789,245488,198053,142779,2012-03-01
Bexley,http://landregistry.data.gov.uk/id/region/bexley,E09000004,2012-04,187,monthly,199593,327068,246294,199081,143771,2012-04-01
Bexley,http://landregistry.data.gov.uk/id/region/bexley,E09000004,2012-05,212,monthly,200116,327111,246801,199496,144459,2012-05-01
Bexley,http://landregistry.data.gov.uk/id/region/bexley,E09000004,2012-06,252,monthly,202550,331220,249884,202635,145509,2012-06-01
Bexley,http://landregistry.data.gov.uk/id/region/bexley,E09000004,2012-07,281,monthly,203974,333948,251710,204407,146122,2012-07-01
Bexley,http://landregistry.data.gov.uk/id/region/bexley,E09000004,2012-08,288,monthly,205197,336503,253454,206284,146157,2012-08-01
Bexley,http://landregistry.data.gov.uk/id/region/bexley,E09000004,2012-09,210,monthly,205409,338113,253851,206259,146246,2012-09-01
Bexley,http://landregistry.data.gov.uk/id/region/bexley,E09000004,2012-10,266,monthly,205919,338320,254484,206731,146714,2012-10-01
Bexley,http://landregistry.data.gov.uk/id/region/bexley,E09000004,2012-11,283,monthly,205592,337438,253865,206275,146823,2012-11-01
Bexley,http://landregistry.data.gov.uk/id/region/bexley,E09000004,2012-12,247,monthly,206956,339693,255653,207781,147583,2012-12-01
Bexley,http://landregistry.data.gov.uk/id/region/bexley,E09000004,2013-01,183,monthly,209192,343945,259067,209920,148618,2013-01-01
Bexley,http://landregistry.data.gov.uk/id/region/bexley,E09000004,2013-02,195,monthly,210776,347090,261266,211380,149569,2013-02-01
Bexley,http://landregistry.data.gov.uk/id/region/bexley,E09000004,2013-03,225,monthly,210530,347080,260994,210711,149662,2013-03-01
Bexley,http://landregistry.data.gov.uk/id/region/bexley,E09000004,2013-04,237,monthly,210864,347338,260820,211414,150124,2013-04-01
Bexley,http://landregistry.data.gov.uk/id/region/bexley,E09000004,2013-05,282,monthly,210206,345050,259938,210807,149805,2013-05-01
Bexley,http://landregistry.data.gov.uk/id/region/bexley,E09000004,2013-06,252,monthly,210388,343999,260223,211420,149663,2013-06-01
Bexley,http://landregistry.data.gov.uk/id/region/bexley,E09000004,2013-07,299,monthly,209984,343027,259795,211141,149241,2013-07-01
Bexley,http://landregistry.data.gov.uk/id/region/bexley,E09000004,2013-08,379,monthly,213354,349170,264315,214630,151174,2013-08-01
Bexley,http://landregistry.data.gov.uk/id/region/bexley,E09000004,2013-09,319,monthly,216048,355205,267712,217265,152915,2013-09-01
Bexley,http://landregistry.data.gov.uk/id/region/bexley,E09000004,2013-10,331,monthly,218834,361222,271525,219762,154679,2013-10-01
Bexley,http://landregistry.data.gov.uk/id/region/bexley,E09000004,2013-11,357,monthly,219391,362501,272157,220279,155117,2013-11-01
Bexley,http://landregistry.data.gov.uk/id/region/bexley,E09000004,2013-12,319,monthly,222076,364884,275430,222936,157330,2013-12-01
Bexley,http://landregistry.data.gov.uk/id/region/bexley,E09000004,2014-01,316,monthly,224321,368352,278001,224867,159404,2014-01-01
Bexley,http://landregistry.data.gov.uk/id/region/bexley,E09000004,2014-02,306,monthly,226519,372836,280556,226917,161151,2014-02-01
Bexley,http://landregistry.data.gov.uk/id/region/bexley,E09000004,2014-03,296,monthly,227503,375803,281921,227821,161643,2014-03-01
Bexley,http://landregistry.data.gov.uk/id/region/bexley,E09000004,2014-04,277,monthly,232024,382517,287254,232869,164708,2014-04-01
Bexley,http://landregistry.data.gov.uk/id/region/bexley,E09000004,2014-05,279,monthly,236204,387719,292221,237445,167702,2014-05-01
Bexley,http://landregistry.data.gov.uk/id/region/bexley,E09000004,2014-06,334,monthly,242495,397894,300026,243843,172111,2014-06-01
Bexley,http://landregistry.data.gov.uk/id/region/bexley,E09000004,2014-07,382,monthly,249853,410393,309536,251251,177007,2014-07-01
Bexley,http://landregistry.data.gov.uk/id/region/bexley,E09000004,2014-08,377,monthly,255183,420567,316734,256618,180221,2014-08-01
Bexley,http://landregistry.data.gov.uk/id/region/bexley,E09000004,2014-09,342,monthly,258619,426671,321005,260135,182545,2014-09-01
Bexley,http://landregistry.data.gov.uk/id/region/bexley,E09000004,2014-10,353,monthly,258267,426532,320495,259446,182561,2014-10-01
Bexley,http://landregistry.data.gov.uk/id/region/bexley,E09000004,2014-11,324,monthly,260539,430494,323235,261432,184429,2014-11-01
Bexley,http://landregistry.data.gov.uk/id/region/bexley,E09000004,2014-12,358,monthly,261988,433260,324885,262642,185705,2014-12-01
Bexley,http://landregistry.data.gov.uk/id/region/bexley,E09000004,2015-01,278,monthly,261751,432867,324809,262248,185518,2015-01-01
Bexley,http://landregistry.data.gov.uk/id/region/bexley,E09000004,2015-02,244,monthly,261296,431790,323530,261629,185803,2015-02-01
Bexley,http://landregistry.data.gov.uk/id/region/bexley,E09000004,2015-03,261,monthly,261084,432114,323604,261060,185630,2015-03-01
Bexley,http://landregistry.data.gov.uk/id/region/bexley,E09000004,2015-04,281,monthly,261865,434003,324261,262226,186027,2015-04-01
Bexley,http://landregistry.data.gov.uk/id/region/bexley,E09000004,2015-05,343,monthly,264488,438265,328098,264895,187501,2015-05-01
Bexley,http://landregistry.data.gov.uk/id/region/bexley,E09000004,2015-06,390,monthly,267393,443058,332222,268705,188562,2015-06-01
Bexley,http://landregistry.data.gov.uk/id/region/bexley,E09000004,2015-07,425,monthly,275330,455223,342565,276815,193855,2015-07-01
Bexley,http://landregistry.data.gov.uk/id/region/bexley,E09000004,2015-08,355,monthly,280371,464643,349189,282320,196756,2015-08-01
Bexley,http://landregistry.data.gov.uk/id/region/bexley,E09000004,2015-09,342,monthly,286281,476129,356282,287879,201206,2015-09-01
Bexley,http://landregistry.data.gov.uk/id/region/bexley,E09000004,2015-10,374,monthly,286190,477698,356305,287804,200889,2015-10-01
Bexley,http://landregistry.data.gov.uk/id/region/bexley,E09000004,2015-11,331,monthly,288718,482364,359738,290224,202541,2015-11-01
Bexley,http://landregistry.data.gov.uk/id/region/bexley,E09000004,2015-12,318,monthly,295744,494261,368597,297107,207528,2015-12-01
Bexley,http://landregistry.data.gov.uk/id/region/bexley,E09000004,2016-01,232,monthly,307550,513417,383883,308491,215877,2016-01-01
Bexley,http://landregistry.data.gov.uk/id/region/bexley,E09000004,2016-02,307,monthly,315289,526955,393731,315948,221369,2016-02-01
Bexley,http://landregistry.data.gov.uk/id/region/bexley,E09000004,2016-03,445,monthly,314140,524882,392543,314709,220492,2016-03-01
Bexley,http://landregistry.data.gov.uk/id/region/bexley,E09000004,2016-04,214,monthly,311889,521228,388870,312754,219197,2016-04-01
Bexley,http://landregistry.data.gov.uk/id/region/bexley,E09000004,2016-05,233,monthly,314431,522406,390347,315226,222367,2016-05-01
Bexley,http://landregistry.data.gov.uk/id/region/bexley,E09000004,2016-06,266,monthly,320636,532513,397145,321352,227400,2016-06-01
Bexley,http://landregistry.data.gov.uk/id/region/bexley,E09000004,2016-07,303,monthly,325381,540335,403223,326030,230706,2016-07-01
Bexley,http://landregistry.data.gov.uk/id/region/bexley,E09000004,2016-08,297,monthly,326878,544478,405673,327775,231057,2016-08-01
Bexley,http://landregistry.data.gov.uk/id/region/bexley,E09000004,2016-09,305,monthly,329408,548480,409616,330078,232551,2016-09-01
Bexley,http://landregistry.data.gov.uk/id/region/bexley,E09000004,2016-10,287,monthly,330194,550552,410432,329711,234015,2016-10-01
Bexley,http://landregistry.data.gov.uk/id/region/bexley,E09000004,2016-11,278,monthly,331943,555784,412926,330517,235562,2016-11-01
Bexley,http://landregistry.data.gov.uk/id/region/bexley,E09000004,2016-12,261,monthly,331025,555111,411094,329228,235543,2016-12-01
Bexley,http://landregistry.data.gov.uk/id/region/bexley,E09000004,2017-01,228,monthly,330066,553815,409739,328661,234636,2017-01-01
Bexley,http://landregistry.data.gov.uk/id/region/bexley,E09000004,2017-02,254,monthly,328824,549807,406932,327056,235069,2017-02-01
Bexley,http://landregistry.data.gov.uk/id/region/bexley,E09000004,2017-03,256,monthly,328858,549393,406714,326620,235692,2017-03-01
Bexley,http://landregistry.data.gov.uk/id/region/bexley,E09000004,2017-04,238,monthly,329046,548999,406273,326311,236733,2017-04-01
Bexley,http://landregistry.data.gov.uk/id/region/bexley,E09000004,2017-05,234,monthly,333651,555075,412519,330399,240216,2017-05-01
Bexley,http://landregistry.data.gov.uk/id/region/bexley,E09000004,2017-06,303,monthly,336980,558119,416190,334114,242823,2017-06-01
Bexley,http://landregistry.data.gov.uk/id/region/bexley,E09000004,2017-07,289,monthly,344041,568523,425162,340964,247995,2017-07-01
Bexley,http://landregistry.data.gov.uk/id/region/bexley,E09000004,2017-08,351,monthly,344517,569480,425707,342520,247482,2017-08-01
Bexley,http://landregistry.data.gov.uk/id/region/bexley,E09000004,2017-09,264,monthly,339808,563279,420489,337790,243581,2017-09-01
Bexley,http://landregistry.data.gov.uk/id/region/bexley,E09000004,2017-10,294,monthly,335705,558066,416110,333863,239903,2017-10-01
Bexley,http://landregistry.data.gov.uk/id/region/bexley,E09000004,2017-11,298,monthly,336239,559895,417503,333949,240057,2017-11-01
Bexley,http://landregistry.data.gov.uk/id/region/bexley,E09000004,2017-12,270,monthly,340598,566831,423174,338562,242809,2017-12-01
Bexley,http://landregistry.data.gov.uk/id/region/bexley,E09000004,2018-01,234,monthly,342096,569020,425125,340216,243717,2018-01-01
Bexley,http://landregistry.data.gov.uk/id/region/bexley,E09000004,2018-02,228,monthly,341254,568865,423836,339703,242932,2018-02-01
Bexley,http://landregistry.data.gov.uk/id/region/bexley,E09000004,2018-03,241,monthly,339632,566940,422151,338284,241314,2018-03-01
Bexley,http://landregistry.data.gov.uk/id/region/bexley,E09000004,2018-04,232,monthly,338476,565142,420995,337992,239568,2018-04-01
Bexley,http://landregistry.data.gov.uk/id/region/bexley,E09000004,2018-05,235,monthly,336410,561971,419485,336285,237021,2018-05-01
Bexley,http://landregistry.data.gov.uk/id/region/bexley,E09000004,2018-06,250,monthly,341480,570133,426511,340972,240429,2018-06-01
Bexley,http://landregistry.data.gov.uk/id/region/bexley,E09000004,2018-07,264,monthly,345693,578567,431949,345048,243259,2018-07-01
Bexley,http://landregistry.data.gov.uk/id/region/bexley,E09000004,2018-08,294,monthly,347531,581077,434120,347305,244344,2018-08-01
Bexley,http://landregistry.data.gov.uk/id/region/bexley,E09000004,2018-09,245,monthly,346151,580122,432543,346401,242764,2018-09-01
Bexley,http://landregistry.data.gov.uk/id/region/bexley,E09000004,2018-10,282,monthly,345101,578081,431373,345198,242076,2018-10-01
Bexley,http://landregistry.data.gov.uk/id/region/bexley,E09000004,2018-11,317,monthly,344427,579175,431099,344247,241240,2018-11-01
Bexley,http://landregistry.data.gov.uk/id/region/bexley,E09000004,2018-12,237,monthly,343822,577372,430098,343032,241560,2018-12-01
Bexley,http://landregistry.data.gov.uk/id/region/bexley,E09000004,2019-01,215,monthly,338708,570433,424432,337725,237480,2019-01-01
Bexley,http://landregistry.data.gov.uk/id/region/bexley,E09000004,2019-02,219,monthly,339186,571078,424788,337988,238249,2019-02-01
Bexley,http://landregistry.data.gov.uk/id/region/bexley,E09000004,2019-03,225,monthly,336680,568124,422535,336093,235251,2019-03-01
Bexley,http://landregistry.data.gov.uk/id/region/bexley,E09000004,2019-04,226,monthly,339289,571120,425603,339565,236637,2019-04-01
Bexley,http://landregistry.data.gov.uk/id/region/bexley,E09000004,2019-05,237,monthly,336790,565625,422953,337889,233917,2019-05-01
Bexley,http://landregistry.data.gov.uk/id/region/bexley,E09000004,2019-06,242,monthly,339047,568323,425590,340348,235585,2019-06-01
Bexley,http://landregistry.data.gov.uk/id/region/bexley,E09000004,2019-07,279,monthly,338581,566568,424889,339715,235590,2019-07-01
Bexley,http://landregistry.data.gov.uk/id/region/bexley,E09000004,2019-08,308,monthly,337746,565864,423930,339064,234712,2019-08-01
Bexley,http://landregistry.data.gov.uk/id/region/bexley,E09000004,2019-09,274,monthly,332820,557475,417025,334680,231417,2019-09-01
Bexley,http://landregistry.data.gov.uk/id/region/bexley,E09000004,2019-10,273,monthly,332028,556314,416906,333561,230414,2019-10-01
Bexley,http://landregistry.data.gov.uk/id/region/bexley,E09000004,2019-11,271,monthly,333170,558778,419008,334310,230948,2019-11-01
Bexley,http://landregistry.data.gov.uk/id/region/bexley,E09000004,2019-12,244,monthly,338425,568732,426425,339425,233953,2019-12-01
Bexley,http://landregistry.data.gov.uk/id/region/bexley,E09000004,2020-01,206,monthly,336664,566272,424371,338330,231986,2020-01-01
Bexley,http://landregistry.data.gov.uk/id/region/bexley,E09000004,2020-02,255,monthly,338872,570880,426943,340961,233263,2020-02-01
Bexley,http://landregistry.data.gov.uk/id/region/bexley,E09000004,2020-03,275,monthly,339110,571414,427535,341279,233169,2020-03-01
Bexley,http://landregistry.data.gov.uk/id/region/bexley,E09000004,2020-04,105,monthly,342040,578511,431394,345033,234067,2020-04-01
Bexley,http://landregistry.data.gov.uk/id/region/bexley,E09000004,2020-05,101,monthly,339464,573304,428693,341976,232320,2020-05-01
Bexley,http://landregistry.data.gov.uk/id/region/bexley,E09000004,2020-06,200,monthly,341318,576341,431493,344276,232766,2020-06-01
Bexley,http://landregistry.data.gov.uk/id/region/bexley,E09000004,2020-07,226,monthly,344309,579432,435100,346925,235498,2020-07-01
Bexley,http://landregistry.data.gov.uk/id/region/bexley,E09000004,2020-08,241,monthly,347943,586450,440373,351399,236518,2020-08-01
Bexley,http://landregistry.data.gov.uk/id/region/bexley,E09000004,2020-09,232,monthly,345487,583707,437878,349102,233985,2020-09-01
Bexley,http://landregistry.data.gov.uk/id/region/bexley,E09000004,2020-10,328,monthly,345415,586767,438311,349442,232773,2020-10-01
Bexley,http://landregistry.data.gov.uk/id/region/bexley,E09000004,2020-11,263,monthly,346745,590246,439436,351045,233817,2020-11-01
Bexley,http://landregistry.data.gov.uk/id/region/bexley,E09000004,2020-12,315,monthly,352551,600747,446370,357337,237671,2020-12-01
Bexley,http://landregistry.data.gov.uk/id/region/bexley,E09000004,2021-01,285,monthly,356661,602803,450595,361103,242189,2021-01-01
Bexley,http://landregistry.data.gov.uk/id/region/bexley,E09000004,2021-02,424,monthly,360822,604450,454317,365138,247115,2021-02-01
Bexley,http://landregistry.data.gov.uk/id/region/bexley,E09000004,2021-03,567,monthly,362419,600733,454654,366392,250745,2021-03-01
Bexley,http://landregistry.data.gov.uk/id/region/bexley,E09000004,2021-04,330,monthly,363095,601911,454630,367200,251878,2021-04-01
Bexley,http://landregistry.data.gov.uk/id/region/bexley,E09000004,2021-05,271,monthly,363092,603139,454754,367189,251616,2021-05-01
Bexley,http://landregistry.data.gov.uk/id/region/bexley,E09000004,2021-06,761,monthly,366458,608332,458064,371607,253825,2021-06-01
Bexley,http://landregistry.data.gov.uk/id/region/bexley,E09000004,2021-07,136,monthly,370359,616593,463995,374621,256284,2021-07-01
Bexley,http://landregistry.data.gov.uk/id/region/bexley,E09000004,2021-08,231,monthly,375156,627712,471587,378958,258308,2021-08-01
Bexley,http://landregistry.data.gov.uk/id/region/bexley,E09000004,2021-09,463,monthly,374948,629868,472659,377960,257408,2021-09-01
Bexley,http://landregistry.data.gov.uk/id/region/bexley,E09000004,2021-10,171,monthly,377500,639674,477050,380587,257396,2021-10-01
Bexley,http://landregistry.data.gov.uk/id/region/bexley,E09000004,2021-11,261,monthly,380322,645491,481036,383391,258864,2021-11-01
Bexley,http://landregistry.data.gov.uk/id/region/bexley,E09000004,2021-12,281,monthly,382834,654193,485486,385645,259168,2021-12-01
Bexley,http://landregistry.data.gov.uk/id/region/bexley,E09000004,2022-01,189,monthly,384326,653933,487793,387836,259464,2022-01-01
Bexley,http://landregistry.data.gov.uk/id/region/bexley,E09000004,2022-02,233,monthly,386725,657198,490626,390295,261506,2022-02-01
Bexley,http://landregistry.data.gov.uk/id/region/bexley,E09000004,2022-03,273,monthly,388581,659986,493905,392101,262067,2022-03-01
Bexley,http://landregistry.data.gov.uk/id/region/bexley,E09000004,2022-04,241,monthly,390183,661749,495074,394745,263050,2022-04-01
Bexley,http://landregistry.data.gov.uk/id/region/bexley,E09000004,2022-05,247,monthly,390538,661926,495931,395994,261891,2022-05-01
Bexley,http://landregistry.data.gov.uk/id/region/bexley,E09000004,2022-06,257,monthly,399175,674081,506349,405664,267573,2022-06-01
Bexley,http://landregistry.data.gov.uk/id/region/bexley,E09000004,2022-07,285,monthly,403624,680175,512825,410411,269588,2022-07-01
Bexley,http://landregistry.data.gov.uk/id/region/bexley,E09000004,2022-08,286,monthly,409226,688904,520289,416992,272062,2022-08-01
Bexley,http://landregistry.data.gov.uk/id/region/bexley,E09000004,2022-09,281,monthly,411476,694457,523848,419619,272205,2022-09-01
Bexley,http://landregistry.data.gov.uk/id/region/bexley,E09000004,2022-10,288,monthly,415341,702859,529086,423650,274084,2022-10-01
Bexley,http://landregistry.data.gov.uk/id/region/bexley,E09000004,2022-11,285,monthly,416130,705330,530206,424312,274491,2022-11-01
Bexley,http://landregistry.data.gov.uk/id/region/bexley,E09000004,2022-12,245,monthly,417014,706026,531450,425274,274988,2022-12-01
Bexley,http://landregistry.data.gov.uk/id/region/bexley,E09000004,2023-01,169,monthly,414237,701499,528006,421937,273593,2023-01-01
Bexley,http://landregistry.data.gov.uk/id/region/bexley,E09000004,2023-02,164,monthly,413494,701726,527276,420431,273518,2023-02-01
Bexley,http://landregistry.data.gov.uk/id/region/bexley,E09000004,2023-03,215,monthly,408820,696885,522089,414270,270733,2023-03-01
Bexley,http://landregistry.data.gov.uk/id/region/bexley,E09000004,2023-04,140,monthly,404864,690848,517118,409646,268491,2023-04-01
Bexley,http://landregistry.data.gov.uk/id/region/bexley,E09000004,2023-05,154,monthly,398942,678666,509305,403389,265163,2023-05-01
Bexley,http://landregistry.data.gov.uk/id/region/bexley,E09000004,2023-06,217,monthly,395904,671065,504652,401264,263180,2023-06-01
Bexley,http://landregistry.data.gov.uk/id/region/bexley,E09000004,2023-07,176,monthly,397933,673098,507849,404216,263471,2023-07-01
Bexley,http://landregistry.data.gov.uk/id/region/bexley,E09000004,2023-08,221,monthly,396647,671801,507004,403830,261191,2023-08-01
Bexley,http://landregistry.data.gov.uk/id/region/bexley,E09000004,2023-09,202,monthly,397348,674279,508642,405054,260563,2023-09-01
Bexley,http://landregistry.data.gov.uk/id/region/bexley,E09000004,2023-10,179,monthly,393723,667704,504060,400884,258566,2023-10-01
Bexley,http://landregistry.data.gov.uk/id/region/bexley,E09000004,2023-11,187,monthly,398080,676425,509835,404036,262198,2023-11-01
Bexley,http://landregistry.data.gov.uk/id/region/bexley,E09000004,2023-12,140,monthly,394474,669540,505525,399344,260493,2023-12-01
Bexley,http://landregistry.data.gov.uk/id/region/bexley,E09000004,2024-01,90,monthly,395468,671704,506672,401123,260579,2024-01-01
Bexley,http://landregistry.data.gov.uk/id/region/bexley,E09000004,2024-02,73,monthly,395439,669802,506696,400890,260908,2024-02-01
Bexley,http://landregistry.data.gov.uk/id/region/bexley,E09000004,2024-03,,monthly,400146,676826,512485,404943,264931,2024-03-01
Bexley,http://landregistry.data.gov.uk/id/region/bexley,E09000004,2024-04,,monthly,404557,680440,518591,408272,268844,2024-04-01
