"Name","URI","Region GSS code","Period","Sales volume","Reporting period","Average price All property types","Average price Detached houses","Average price Semi-detached houses","Average price Terraced houses","Average price Flats and maisonettes","Pivotable date"
Birmingham,http://landregistry.data.gov.uk/id/region/birmingham,E08000025,2004-01,1513,monthly,118525,227582,130933,102097,96984,2004-01-01
Birmingham,http://landregistry.data.gov.uk/id/region/birmingham,E08000025,2004-02,1516,monthly,119095,227878,131353,102714,97586,2004-02-01
Birmingham,http://landregistry.data.gov.uk/id/region/birmingham,E08000025,2004-03,1703,monthly,118787,227695,130807,102571,97092,2004-03-01
Birmingham,http://landregistry.data.gov.uk/id/region/birmingham,E08000025,2004-04,1836,monthly,121293,229672,133419,105191,98973,2004-04-01
Birmingham,http://landregistry.data.gov.uk/id/region/birmingham,E08000025,2004-05,1637,monthly,123689,231539,135766,107709,100949,2004-05-01
Birmingham,http://landregistry.data.gov.uk/id/region/birmingham,E08000025,2004-06,1823,monthly,126177,234100,138467,110029,103127,2004-06-01
Birmingham,http://landregistry.data.gov.uk/id/region/birmingham,E08000025,2004-07,2109,monthly,127571,236255,140158,111368,103910,2004-07-01
Birmingham,http://landregistry.data.gov.uk/id/region/birmingham,E08000025,2004-08,1705,monthly,129552,240650,142473,113116,105164,2004-08-01
Birmingham,http://landregistry.data.gov.uk/id/region/birmingham,E08000025,2004-09,1649,monthly,130945,244074,144121,114465,105715,2004-09-01
Birmingham,http://landregistry.data.gov.uk/id/region/birmingham,E08000025,2004-10,1684,monthly,132163,246321,145128,115421,107336,2004-10-01
Birmingham,http://landregistry.data.gov.uk/id/region/birmingham,E08000025,2004-11,1315,monthly,133109,247679,146051,116158,108511,2004-11-01
Birmingham,http://landregistry.data.gov.uk/id/region/birmingham,E08000025,2004-12,1448,monthly,133427,246651,146047,116542,109339,2004-12-01
Birmingham,http://landregistry.data.gov.uk/id/region/birmingham,E08000025,2005-01,989,monthly,131870,243696,143956,115277,108390,2005-01-01
Birmingham,http://landregistry.data.gov.uk/id/region/birmingham,E08000025,2005-02,1023,monthly,131457,242528,143456,114923,108177,2005-02-01
Birmingham,http://landregistry.data.gov.uk/id/region/birmingham,E08000025,2005-03,1143,monthly,131510,242739,143566,114939,108167,2005-03-01
Birmingham,http://landregistry.data.gov.uk/id/region/birmingham,E08000025,2005-04,1392,monthly,133285,244248,145661,116674,109382,2005-04-01
Birmingham,http://landregistry.data.gov.uk/id/region/birmingham,E08000025,2005-05,1308,monthly,133470,243745,145570,117114,109501,2005-05-01
Birmingham,http://landregistry.data.gov.uk/id/region/birmingham,E08000025,2005-06,1493,monthly,134086,242970,145932,118058,109946,2005-06-01
Birmingham,http://landregistry.data.gov.uk/id/region/birmingham,E08000025,2005-07,1659,monthly,135146,245050,147134,119103,110514,2005-07-01
Birmingham,http://landregistry.data.gov.uk/id/region/birmingham,E08000025,2005-08,1562,monthly,135782,246243,147786,119871,110678,2005-08-01
Birmingham,http://landregistry.data.gov.uk/id/region/birmingham,E08000025,2005-09,1604,monthly,136560,248848,148695,120586,110972,2005-09-01
Birmingham,http://landregistry.data.gov.uk/id/region/birmingham,E08000025,2005-10,1500,monthly,135485,246695,147189,119710,110406,2005-10-01
Birmingham,http://landregistry.data.gov.uk/id/region/birmingham,E08000025,2005-11,1491,monthly,135793,246647,147558,120001,110684,2005-11-01
Birmingham,http://landregistry.data.gov.uk/id/region/birmingham,E08000025,2005-12,1661,monthly,136578,246316,148102,120755,111902,2005-12-01
Birmingham,http://landregistry.data.gov.uk/id/region/birmingham,E08000025,2006-01,1248,monthly,137296,247875,148846,121565,112157,2006-01-01
Birmingham,http://landregistry.data.gov.uk/id/region/birmingham,E08000025,2006-02,1289,monthly,137465,247531,148718,121819,112607,2006-02-01
Birmingham,http://landregistry.data.gov.uk/id/region/birmingham,E08000025,2006-03,1617,monthly,136110,246341,147542,120691,110782,2006-03-01
Birmingham,http://landregistry.data.gov.uk/id/region/birmingham,E08000025,2006-04,1444,monthly,136862,246339,148376,121474,111406,2006-04-01
Birmingham,http://landregistry.data.gov.uk/id/region/birmingham,E08000025,2006-05,1605,monthly,137937,248258,149680,122469,112034,2006-05-01
Birmingham,http://landregistry.data.gov.uk/id/region/birmingham,E08000025,2006-06,1904,monthly,139521,250005,151337,124037,113302,2006-06-01
Birmingham,http://landregistry.data.gov.uk/id/region/birmingham,E08000025,2006-07,1684,monthly,139616,250639,151397,124319,112988,2006-07-01
Birmingham,http://landregistry.data.gov.uk/id/region/birmingham,E08000025,2006-08,1856,monthly,140253,252238,152092,125195,112847,2006-08-01
Birmingham,http://landregistry.data.gov.uk/id/region/birmingham,E08000025,2006-09,1783,monthly,141191,255057,153171,125999,113376,2006-09-01
Birmingham,http://landregistry.data.gov.uk/id/region/birmingham,E08000025,2006-10,1750,monthly,142298,257266,154377,126908,114363,2006-10-01
Birmingham,http://landregistry.data.gov.uk/id/region/birmingham,E08000025,2006-11,1860,monthly,143113,258737,155433,127570,114926,2006-11-01
Birmingham,http://landregistry.data.gov.uk/id/region/birmingham,E08000025,2006-12,1925,monthly,143063,257381,155207,127719,114979,2006-12-01
Birmingham,http://landregistry.data.gov.uk/id/region/birmingham,E08000025,2007-01,1488,monthly,143609,258415,155806,128292,115246,2007-01-01
Birmingham,http://landregistry.data.gov.uk/id/region/birmingham,E08000025,2007-02,1488,monthly,144011,259017,156091,128511,116034,2007-02-01
Birmingham,http://landregistry.data.gov.uk/id/region/birmingham,E08000025,2007-03,1789,monthly,144640,260934,156862,129186,116079,2007-03-01
Birmingham,http://landregistry.data.gov.uk/id/region/birmingham,E08000025,2007-04,1517,monthly,146609,263662,158769,131202,117624,2007-04-01
Birmingham,http://landregistry.data.gov.uk/id/region/birmingham,E08000025,2007-05,1580,monthly,146614,262556,158498,131501,117637,2007-05-01
Birmingham,http://landregistry.data.gov.uk/id/region/birmingham,E08000025,2007-06,1897,monthly,147156,263148,158889,132041,118277,2007-06-01
Birmingham,http://landregistry.data.gov.uk/id/region/birmingham,E08000025,2007-07,1826,monthly,146706,263288,158445,131593,117766,2007-07-01
Birmingham,http://landregistry.data.gov.uk/id/region/birmingham,E08000025,2007-08,1741,monthly,148167,267351,160222,133118,118033,2007-08-01
Birmingham,http://landregistry.data.gov.uk/id/region/birmingham,E08000025,2007-09,1515,monthly,148578,269205,160735,133415,118198,2007-09-01
Birmingham,http://landregistry.data.gov.uk/id/region/birmingham,E08000025,2007-10,1581,monthly,148235,269261,160178,133017,118179,2007-10-01
Birmingham,http://landregistry.data.gov.uk/id/region/birmingham,E08000025,2007-11,1738,monthly,147278,268007,159159,131870,117823,2007-11-01
Birmingham,http://landregistry.data.gov.uk/id/region/birmingham,E08000025,2007-12,1345,monthly,147574,267885,159413,132067,118390,2007-12-01
Birmingham,http://landregistry.data.gov.uk/id/region/birmingham,E08000025,2008-01,1025,monthly,147798,268776,159775,132142,118562,2008-01-01
Birmingham,http://landregistry.data.gov.uk/id/region/birmingham,E08000025,2008-02,1114,monthly,147773,268887,159776,132074,118558,2008-02-01
Birmingham,http://landregistry.data.gov.uk/id/region/birmingham,E08000025,2008-03,980,monthly,146452,267550,158607,130943,116902,2008-03-01
Birmingham,http://landregistry.data.gov.uk/id/region/birmingham,E08000025,2008-04,1150,monthly,145235,265726,157337,130075,115407,2008-04-01
Birmingham,http://landregistry.data.gov.uk/id/region/birmingham,E08000025,2008-05,1064,monthly,144722,264507,156799,129752,114792,2008-05-01
Birmingham,http://landregistry.data.gov.uk/id/region/birmingham,E08000025,2008-06,1068,monthly,143722,262237,155602,128952,114043,2008-06-01
Birmingham,http://landregistry.data.gov.uk/id/region/birmingham,E08000025,2008-07,866,monthly,141919,258877,153897,127138,112679,2008-07-01
Birmingham,http://landregistry.data.gov.uk/id/region/birmingham,E08000025,2008-08,765,monthly,138895,254004,150569,124473,110139,2008-08-01
Birmingham,http://landregistry.data.gov.uk/id/region/birmingham,E08000025,2008-09,627,monthly,137333,253436,148852,122870,108865,2008-09-01
Birmingham,http://landregistry.data.gov.uk/id/region/birmingham,E08000025,2008-10,782,monthly,136301,252058,147564,121928,108180,2008-10-01
Birmingham,http://landregistry.data.gov.uk/id/region/birmingham,E08000025,2008-11,531,monthly,135077,250536,146446,120575,107285,2008-11-01
Birmingham,http://landregistry.data.gov.uk/id/region/birmingham,E08000025,2008-12,553,monthly,131661,242769,142798,117730,104412,2008-12-01
Birmingham,http://landregistry.data.gov.uk/id/region/birmingham,E08000025,2009-01,430,monthly,128293,236996,139035,114565,102064,2009-01-01
Birmingham,http://landregistry.data.gov.uk/id/region/birmingham,E08000025,2009-02,394,monthly,126012,232371,136354,112385,100936,2009-02-01
Birmingham,http://landregistry.data.gov.uk/id/region/birmingham,E08000025,2009-03,555,monthly,125168,231052,135292,111304,101076,2009-03-01
Birmingham,http://landregistry.data.gov.uk/id/region/birmingham,E08000025,2009-04,551,monthly,124124,227825,134363,110411,100222,2009-04-01
Birmingham,http://landregistry.data.gov.uk/id/region/birmingham,E08000025,2009-05,632,monthly,123184,225306,133379,109827,99084,2009-05-01
Birmingham,http://landregistry.data.gov.uk/id/region/birmingham,E08000025,2009-06,760,monthly,122773,224351,133080,109697,98067,2009-06-01
Birmingham,http://landregistry.data.gov.uk/id/region/birmingham,E08000025,2009-07,920,monthly,125031,228708,135636,112001,99023,2009-07-01
Birmingham,http://landregistry.data.gov.uk/id/region/birmingham,E08000025,2009-08,788,monthly,126986,233266,137906,113929,99679,2009-08-01
Birmingham,http://landregistry.data.gov.uk/id/region/birmingham,E08000025,2009-09,762,monthly,129765,238878,141019,116456,101499,2009-09-01
Birmingham,http://landregistry.data.gov.uk/id/region/birmingham,E08000025,2009-10,921,monthly,130878,241534,142425,117351,102126,2009-10-01
Birmingham,http://landregistry.data.gov.uk/id/region/birmingham,E08000025,2009-11,837,monthly,131898,243491,143462,118435,102650,2009-11-01
Birmingham,http://landregistry.data.gov.uk/id/region/birmingham,E08000025,2009-12,1027,monthly,133662,245319,145512,120357,103520,2009-12-01
Birmingham,http://landregistry.data.gov.uk/id/region/birmingham,E08000025,2010-01,504,monthly,131783,242832,143557,118869,101243,2010-01-01
Birmingham,http://landregistry.data.gov.uk/id/region/birmingham,E08000025,2010-02,579,monthly,131867,243606,144133,118712,100895,2010-02-01
Birmingham,http://landregistry.data.gov.uk/id/region/birmingham,E08000025,2010-03,755,monthly,130237,242985,142448,116786,99722,2010-03-01
Birmingham,http://landregistry.data.gov.uk/id/region/birmingham,E08000025,2010-04,727,monthly,132421,246116,144899,118639,101767,2010-04-01
Birmingham,http://landregistry.data.gov.uk/id/region/birmingham,E08000025,2010-05,689,monthly,133288,247404,145665,119504,102590,2010-05-01
Birmingham,http://landregistry.data.gov.uk/id/region/birmingham,E08000025,2010-06,828,monthly,134782,249543,147319,121142,103335,2010-06-01
Birmingham,http://landregistry.data.gov.uk/id/region/birmingham,E08000025,2010-07,941,monthly,136432,253966,149124,122753,103991,2010-07-01
Birmingham,http://landregistry.data.gov.uk/id/region/birmingham,E08000025,2010-08,861,monthly,137120,256126,150233,123310,103938,2010-08-01
Birmingham,http://landregistry.data.gov.uk/id/region/birmingham,E08000025,2010-09,826,monthly,138036,259558,151344,123937,104391,2010-09-01
Birmingham,http://landregistry.data.gov.uk/id/region/birmingham,E08000025,2010-10,869,monthly,137172,257988,150511,122933,103993,2010-10-01
Birmingham,http://landregistry.data.gov.uk/id/region/birmingham,E08000025,2010-11,777,monthly,136377,257171,149613,122004,103640,2010-11-01
Birmingham,http://landregistry.data.gov.uk/id/region/birmingham,E08000025,2010-12,833,monthly,134849,253602,148062,120579,102614,2010-12-01
Birmingham,http://landregistry.data.gov.uk/id/region/birmingham,E08000025,2011-01,525,monthly,133496,252133,146380,119242,101776,2011-01-01
Birmingham,http://landregistry.data.gov.uk/id/region/birmingham,E08000025,2011-02,537,monthly,132034,250285,144479,117903,100862,2011-02-01
Birmingham,http://landregistry.data.gov.uk/id/region/birmingham,E08000025,2011-03,672,monthly,129659,247736,141724,115599,99063,2011-03-01
Birmingham,http://landregistry.data.gov.uk/id/region/birmingham,E08000025,2011-04,680,monthly,129391,246719,141388,115428,98921,2011-04-01
Birmingham,http://landregistry.data.gov.uk/id/region/birmingham,E08000025,2011-05,617,monthly,129025,244065,140947,115137,99155,2011-05-01
Birmingham,http://landregistry.data.gov.uk/id/region/birmingham,E08000025,2011-06,790,monthly,129728,242908,141866,115925,99833,2011-06-01
Birmingham,http://landregistry.data.gov.uk/id/region/birmingham,E08000025,2011-07,767,monthly,130443,243512,142703,116552,100524,2011-07-01
Birmingham,http://landregistry.data.gov.uk/id/region/birmingham,E08000025,2011-08,821,monthly,131866,247226,144615,117967,100563,2011-08-01
Birmingham,http://landregistry.data.gov.uk/id/region/birmingham,E08000025,2011-09,820,monthly,132405,249838,145175,118495,100502,2011-09-01
Birmingham,http://landregistry.data.gov.uk/id/region/birmingham,E08000025,2011-10,810,monthly,130976,248086,143986,117104,98859,2011-10-01
Birmingham,http://landregistry.data.gov.uk/id/region/birmingham,E08000025,2011-11,850,monthly,130114,246668,142961,116074,98758,2011-11-01
Birmingham,http://landregistry.data.gov.uk/id/region/birmingham,E08000025,2011-12,884,monthly,129739,244611,142759,115597,98819,2011-12-01
Birmingham,http://landregistry.data.gov.uk/id/region/birmingham,E08000025,2012-01,642,monthly,130561,245177,143750,116502,99253,2012-01-01
Birmingham,http://landregistry.data.gov.uk/id/region/birmingham,E08000025,2012-02,599,monthly,131169,245959,144414,117350,99239,2012-02-01
Birmingham,http://landregistry.data.gov.uk/id/region/birmingham,E08000025,2012-03,883,monthly,131553,245913,144760,118007,99292,2012-03-01
Birmingham,http://landregistry.data.gov.uk/id/region/birmingham,E08000025,2012-04,622,monthly,131300,245345,144270,117772,99452,2012-04-01
Birmingham,http://landregistry.data.gov.uk/id/region/birmingham,E08000025,2012-05,693,monthly,130091,242520,142955,116682,98694,2012-05-01
Birmingham,http://landregistry.data.gov.uk/id/region/birmingham,E08000025,2012-06,760,monthly,131349,244708,144144,118065,99489,2012-06-01
Birmingham,http://landregistry.data.gov.uk/id/region/birmingham,E08000025,2012-07,712,monthly,131528,244637,144203,118514,99387,2012-07-01
Birmingham,http://landregistry.data.gov.uk/id/region/birmingham,E08000025,2012-08,812,monthly,132372,245792,145103,119556,99646,2012-08-01
Birmingham,http://landregistry.data.gov.uk/id/region/birmingham,E08000025,2012-09,695,monthly,131763,245832,144487,118884,98998,2012-09-01
Birmingham,http://landregistry.data.gov.uk/id/region/birmingham,E08000025,2012-10,776,monthly,131957,246218,144850,118937,99155,2012-10-01
Birmingham,http://landregistry.data.gov.uk/id/region/birmingham,E08000025,2012-11,833,monthly,131811,246496,144773,118683,98998,2012-11-01
Birmingham,http://landregistry.data.gov.uk/id/region/birmingham,E08000025,2012-12,682,monthly,132108,246987,145280,118829,99206,2012-12-01
Birmingham,http://landregistry.data.gov.uk/id/region/birmingham,E08000025,2013-01,559,monthly,132248,247885,145745,118875,98839,2013-01-01
Birmingham,http://landregistry.data.gov.uk/id/region/birmingham,E08000025,2013-02,662,monthly,132221,248113,145739,118837,98722,2013-02-01
Birmingham,http://landregistry.data.gov.uk/id/region/birmingham,E08000025,2013-03,702,monthly,131692,247856,145143,118200,98418,2013-03-01
Birmingham,http://landregistry.data.gov.uk/id/region/birmingham,E08000025,2013-04,652,monthly,130727,245818,143798,117432,97962,2013-04-01
Birmingham,http://landregistry.data.gov.uk/id/region/birmingham,E08000025,2013-05,820,monthly,131529,246848,144679,118105,98791,2013-05-01
Birmingham,http://landregistry.data.gov.uk/id/region/birmingham,E08000025,2013-06,827,monthly,132355,247065,145584,119194,99170,2013-06-01
Birmingham,http://landregistry.data.gov.uk/id/region/birmingham,E08000025,2013-07,946,monthly,134444,250666,147784,121231,100670,2013-07-01
Birmingham,http://landregistry.data.gov.uk/id/region/birmingham,E08000025,2013-08,1002,monthly,135892,253227,149390,122684,101507,2013-08-01
Birmingham,http://landregistry.data.gov.uk/id/region/birmingham,E08000025,2013-09,898,monthly,136234,255293,149799,122763,101723,2013-09-01
Birmingham,http://landregistry.data.gov.uk/id/region/birmingham,E08000025,2013-10,1124,monthly,137168,257850,151071,123345,102328,2013-10-01
Birmingham,http://landregistry.data.gov.uk/id/region/birmingham,E08000025,2013-11,1121,monthly,136874,257710,150917,122902,102084,2013-11-01
Birmingham,http://landregistry.data.gov.uk/id/region/birmingham,E08000025,2013-12,1065,monthly,137626,257619,151936,123603,102771,2013-12-01
Birmingham,http://landregistry.data.gov.uk/id/region/birmingham,E08000025,2014-01,883,monthly,138300,258442,152678,124275,103281,2014-01-01
Birmingham,http://landregistry.data.gov.uk/id/region/birmingham,E08000025,2014-02,981,monthly,137652,257197,152053,123739,102627,2014-02-01
Birmingham,http://landregistry.data.gov.uk/id/region/birmingham,E08000025,2014-03,954,monthly,137983,257947,152536,123978,102769,2014-03-01
Birmingham,http://landregistry.data.gov.uk/id/region/birmingham,E08000025,2014-04,936,monthly,137725,256782,152206,123902,102533,2014-04-01
Birmingham,http://landregistry.data.gov.uk/id/region/birmingham,E08000025,2014-05,1056,monthly,139701,259544,154305,125823,104079,2014-05-01
Birmingham,http://landregistry.data.gov.uk/id/region/birmingham,E08000025,2014-06,1141,monthly,141186,262116,155930,127301,105025,2014-06-01
Birmingham,http://landregistry.data.gov.uk/id/region/birmingham,E08000025,2014-07,1145,monthly,142722,264903,157755,128783,105888,2014-07-01
Birmingham,http://landregistry.data.gov.uk/id/region/birmingham,E08000025,2014-08,1291,monthly,144737,269079,160126,130686,106994,2014-08-01
Birmingham,http://landregistry.data.gov.uk/id/region/birmingham,E08000025,2014-09,1111,monthly,144962,269892,160342,130963,106992,2014-09-01
Birmingham,http://landregistry.data.gov.uk/id/region/birmingham,E08000025,2014-10,1225,monthly,145617,271447,161230,131378,107497,2014-10-01
Birmingham,http://landregistry.data.gov.uk/id/region/birmingham,E08000025,2014-11,1037,monthly,145428,271617,161091,130995,107494,2014-11-01
Birmingham,http://landregistry.data.gov.uk/id/region/birmingham,E08000025,2014-12,1096,monthly,145374,271751,161024,130764,107697,2014-12-01
Birmingham,http://landregistry.data.gov.uk/id/region/birmingham,E08000025,2015-01,860,monthly,144496,270154,160012,129829,107308,2015-01-01
Birmingham,http://landregistry.data.gov.uk/id/region/birmingham,E08000025,2015-02,932,monthly,144503,269863,159747,129721,107853,2015-02-01
Birmingham,http://landregistry.data.gov.uk/id/region/birmingham,E08000025,2015-03,967,monthly,144826,270817,160239,129756,108283,2015-03-01
Birmingham,http://landregistry.data.gov.uk/id/region/birmingham,E08000025,2015-04,857,monthly,145708,272715,161196,130691,108666,2015-04-01
Birmingham,http://landregistry.data.gov.uk/id/region/birmingham,E08000025,2015-05,1066,monthly,145577,272101,161368,130588,108287,2015-05-01
Birmingham,http://landregistry.data.gov.uk/id/region/birmingham,E08000025,2015-06,1134,monthly,146874,273997,162917,132126,108623,2015-06-01
Birmingham,http://landregistry.data.gov.uk/id/region/birmingham,E08000025,2015-07,1301,monthly,148827,277026,165255,133850,110077,2015-07-01
Birmingham,http://landregistry.data.gov.uk/id/region/birmingham,E08000025,2015-08,1182,monthly,151966,283194,168687,136839,112107,2015-08-01
Birmingham,http://landregistry.data.gov.uk/id/region/birmingham,E08000025,2015-09,1212,monthly,153832,288037,170629,138331,113627,2015-09-01
Birmingham,http://landregistry.data.gov.uk/id/region/birmingham,E08000025,2015-10,1322,monthly,153765,288850,170683,138311,113168,2015-10-01
Birmingham,http://landregistry.data.gov.uk/id/region/birmingham,E08000025,2015-11,1254,monthly,154153,290063,171284,138550,113351,2015-11-01
Birmingham,http://landregistry.data.gov.uk/id/region/birmingham,E08000025,2015-12,1128,monthly,153448,288318,170778,137920,112625,2015-12-01
Birmingham,http://landregistry.data.gov.uk/id/region/birmingham,E08000025,2016-01,951,monthly,155274,291239,173017,139432,114079,2016-01-01
Birmingham,http://landregistry.data.gov.uk/id/region/birmingham,E08000025,2016-02,1031,monthly,155069,290976,172922,139149,113924,2016-02-01
Birmingham,http://landregistry.data.gov.uk/id/region/birmingham,E08000025,2016-03,1978,monthly,156629,294400,174461,140379,115458,2016-03-01
Birmingham,http://landregistry.data.gov.uk/id/region/birmingham,E08000025,2016-04,782,monthly,157079,294657,174900,140949,115707,2016-04-01
Birmingham,http://landregistry.data.gov.uk/id/region/birmingham,E08000025,2016-05,952,monthly,158919,296381,176649,142814,117409,2016-05-01
Birmingham,http://landregistry.data.gov.uk/id/region/birmingham,E08000025,2016-06,1068,monthly,161121,299192,179106,145053,118878,2016-06-01
Birmingham,http://landregistry.data.gov.uk/id/region/birmingham,E08000025,2016-07,1127,monthly,162995,302733,180882,146751,120550,2016-07-01
Birmingham,http://landregistry.data.gov.uk/id/region/birmingham,E08000025,2016-08,1215,monthly,164442,306463,182542,147935,121529,2016-08-01
Birmingham,http://landregistry.data.gov.uk/id/region/birmingham,E08000025,2016-09,1168,monthly,165359,308574,183773,148571,122206,2016-09-01
Birmingham,http://landregistry.data.gov.uk/id/region/birmingham,E08000025,2016-10,1041,monthly,164466,308067,182968,147331,121824,2016-10-01
Birmingham,http://landregistry.data.gov.uk/id/region/birmingham,E08000025,2016-11,1168,monthly,164888,310394,183610,147279,122339,2016-11-01
Birmingham,http://landregistry.data.gov.uk/id/region/birmingham,E08000025,2016-12,1171,monthly,165993,313089,184728,148058,123492,2016-12-01
Birmingham,http://landregistry.data.gov.uk/id/region/birmingham,E08000025,2017-01,906,monthly,167885,317033,186842,149746,124803,2017-01-01
Birmingham,http://landregistry.data.gov.uk/id/region/birmingham,E08000025,2017-02,955,monthly,168101,316466,186729,150013,125344,2017-02-01
Birmingham,http://landregistry.data.gov.uk/id/region/birmingham,E08000025,2017-03,1133,monthly,166980,314254,185500,148865,124693,2017-03-01
Birmingham,http://landregistry.data.gov.uk/id/region/birmingham,E08000025,2017-04,852,monthly,167552,314627,185855,149392,125494,2017-04-01
Birmingham,http://landregistry.data.gov.uk/id/region/birmingham,E08000025,2017-05,948,monthly,168617,315482,187338,150207,126399,2017-05-01
Birmingham,http://landregistry.data.gov.uk/id/region/birmingham,E08000025,2017-06,1170,monthly,171622,319402,190467,153116,128842,2017-06-01
Birmingham,http://landregistry.data.gov.uk/id/region/birmingham,E08000025,2017-07,1307,monthly,174619,324118,193931,155786,131124,2017-07-01
Birmingham,http://landregistry.data.gov.uk/id/region/birmingham,E08000025,2017-08,1224,monthly,177228,329177,196594,158499,132728,2017-08-01
Birmingham,http://landregistry.data.gov.uk/id/region/birmingham,E08000025,2017-09,1270,monthly,177735,331552,197298,158910,132769,2017-09-01
Birmingham,http://landregistry.data.gov.uk/id/region/birmingham,E08000025,2017-10,1184,monthly,177700,332572,197480,158838,132392,2017-10-01
Birmingham,http://landregistry.data.gov.uk/id/region/birmingham,E08000025,2017-11,1214,monthly,176721,331403,196796,157791,131392,2017-11-01
Birmingham,http://landregistry.data.gov.uk/id/region/birmingham,E08000025,2017-12,1162,monthly,178248,333553,198789,159338,132125,2017-12-01
Birmingham,http://landregistry.data.gov.uk/id/region/birmingham,E08000025,2018-01,1023,monthly,177991,332930,198620,159089,131877,2018-01-01
Birmingham,http://landregistry.data.gov.uk/id/region/birmingham,E08000025,2018-02,1095,monthly,178960,335584,199706,160056,132270,2018-02-01
Birmingham,http://landregistry.data.gov.uk/id/region/birmingham,E08000025,2018-03,1071,monthly,177581,333601,198280,158811,131011,2018-03-01
Birmingham,http://landregistry.data.gov.uk/id/region/birmingham,E08000025,2018-04,839,monthly,179317,336691,200381,160774,131535,2018-04-01
Birmingham,http://landregistry.data.gov.uk/id/region/birmingham,E08000025,2018-05,1008,monthly,180396,337944,201782,161916,132022,2018-05-01
Birmingham,http://landregistry.data.gov.uk/id/region/birmingham,E08000025,2018-06,1174,monthly,181350,339652,203099,162695,132596,2018-06-01
Birmingham,http://landregistry.data.gov.uk/id/region/birmingham,E08000025,2018-07,1213,monthly,182974,343406,204782,164080,133880,2018-07-01
Birmingham,http://landregistry.data.gov.uk/id/region/birmingham,E08000025,2018-08,1169,monthly,183696,345147,205594,164766,134268,2018-08-01
Birmingham,http://landregistry.data.gov.uk/id/region/birmingham,E08000025,2018-09,1160,monthly,186862,351828,209044,167617,136508,2018-09-01
Birmingham,http://landregistry.data.gov.uk/id/region/birmingham,E08000025,2018-10,1289,monthly,187160,352800,209648,167710,136621,2018-10-01
Birmingham,http://landregistry.data.gov.uk/id/region/birmingham,E08000025,2018-11,1409,monthly,188254,355845,211048,168621,137139,2018-11-01
Birmingham,http://landregistry.data.gov.uk/id/region/birmingham,E08000025,2018-12,1184,monthly,188896,356469,211906,169203,137576,2018-12-01
Birmingham,http://landregistry.data.gov.uk/id/region/birmingham,E08000025,2019-01,960,monthly,188356,356068,211446,168626,137046,2019-01-01
Birmingham,http://landregistry.data.gov.uk/id/region/birmingham,E08000025,2019-02,1001,monthly,189213,357887,212317,169097,138094,2019-02-01
Birmingham,http://landregistry.data.gov.uk/id/region/birmingham,E08000025,2019-03,1143,monthly,186419,353263,209413,166633,135641,2019-03-01
Birmingham,http://landregistry.data.gov.uk/id/region/birmingham,E08000025,2019-04,927,monthly,186990,353128,209955,167416,135992,2019-04-01
Birmingham,http://landregistry.data.gov.uk/id/region/birmingham,E08000025,2019-05,1030,monthly,186662,351453,209845,167643,135046,2019-05-01
Birmingham,http://landregistry.data.gov.uk/id/region/birmingham,E08000025,2019-06,1075,monthly,187973,353329,211310,168946,135940,2019-06-01
Birmingham,http://landregistry.data.gov.uk/id/region/birmingham,E08000025,2019-07,1067,monthly,187647,352393,210818,168691,135815,2019-07-01
Birmingham,http://landregistry.data.gov.uk/id/region/birmingham,E08000025,2019-08,1180,monthly,188660,354586,211769,169799,136422,2019-08-01
Birmingham,http://landregistry.data.gov.uk/id/region/birmingham,E08000025,2019-09,984,monthly,189980,357154,212718,171225,137530,2019-09-01
Birmingham,http://landregistry.data.gov.uk/id/region/birmingham,E08000025,2019-10,1201,monthly,189922,357536,213216,171182,136917,2019-10-01
Birmingham,http://landregistry.data.gov.uk/id/region/birmingham,E08000025,2019-11,1172,monthly,188417,355411,212244,169648,135330,2019-11-01
Birmingham,http://landregistry.data.gov.uk/id/region/birmingham,E08000025,2019-12,1062,monthly,188001,355151,212481,169375,134223,2019-12-01
Birmingham,http://landregistry.data.gov.uk/id/region/birmingham,E08000025,2020-01,878,monthly,189029,357523,213718,170330,134792,2020-01-01
Birmingham,http://landregistry.data.gov.uk/id/region/birmingham,E08000025,2020-02,907,monthly,188687,357207,213312,170226,134294,2020-02-01
Birmingham,http://landregistry.data.gov.uk/id/region/birmingham,E08000025,2020-03,832,monthly,186673,353682,211076,168302,132925,2020-03-01
Birmingham,http://landregistry.data.gov.uk/id/region/birmingham,E08000025,2020-04,376,monthly,184924,351777,209162,167070,131025,2020-04-01
Birmingham,http://landregistry.data.gov.uk/id/region/birmingham,E08000025,2020-05,606,monthly,188773,359030,213523,170132,134226,2020-05-01
Birmingham,http://landregistry.data.gov.uk/id/region/birmingham,E08000025,2020-06,690,monthly,189679,360424,214964,171246,134237,2020-06-01
Birmingham,http://landregistry.data.gov.uk/id/region/birmingham,E08000025,2020-07,833,monthly,193374,365908,219130,174597,137081,2020-07-01
Birmingham,http://landregistry.data.gov.uk/id/region/birmingham,E08000025,2020-08,735,monthly,192432,364936,218393,174324,135368,2020-08-01
Birmingham,http://landregistry.data.gov.uk/id/region/birmingham,E08000025,2020-09,792,monthly,194438,370243,220582,176209,136554,2020-09-01
Birmingham,http://landregistry.data.gov.uk/id/region/birmingham,E08000025,2020-10,1082,monthly,194012,370935,220390,176172,135401,2020-10-01
Birmingham,http://landregistry.data.gov.uk/id/region/birmingham,E08000025,2020-11,986,monthly,195081,373063,221437,177463,135919,2020-11-01
Birmingham,http://landregistry.data.gov.uk/id/region/birmingham,E08000025,2020-12,1077,monthly,197986,378331,224600,180524,137632,2020-12-01
Birmingham,http://landregistry.data.gov.uk/id/region/birmingham,E08000025,2021-01,883,monthly,200986,380764,227666,183247,140506,2021-01-01
Birmingham,http://landregistry.data.gov.uk/id/region/birmingham,E08000025,2021-02,1169,monthly,205153,384404,231779,187044,144605,2021-02-01
Birmingham,http://landregistry.data.gov.uk/id/region/birmingham,E08000025,2021-03,1661,monthly,209134,387301,235503,190604,148910,2021-03-01
Birmingham,http://landregistry.data.gov.uk/id/region/birmingham,E08000025,2021-04,1072,monthly,210159,388769,236161,191594,150121,2021-04-01
Birmingham,http://landregistry.data.gov.uk/id/region/birmingham,E08000025,2021-05,935,monthly,209257,388128,235201,190799,149209,2021-05-01
Birmingham,http://landregistry.data.gov.uk/id/region/birmingham,E08000025,2021-06,1858,monthly,213652,395860,239819,195665,151617,2021-06-01
Birmingham,http://landregistry.data.gov.uk/id/region/birmingham,E08000025,2021-07,822,monthly,213994,398174,240514,195483,151916,2021-07-01
Birmingham,http://landregistry.data.gov.uk/id/region/birmingham,E08000025,2021-08,984,monthly,215059,402264,242506,196491,151517,2021-08-01
Birmingham,http://landregistry.data.gov.uk/id/region/birmingham,E08000025,2021-09,1637,monthly,211540,397660,239347,192881,148421,2021-09-01
Birmingham,http://landregistry.data.gov.uk/id/region/birmingham,E08000025,2021-10,747,monthly,211540,401041,240236,193116,146702,2021-10-01
Birmingham,http://landregistry.data.gov.uk/id/region/birmingham,E08000025,2021-11,899,monthly,213157,405041,242160,194454,147764,2021-11-01
Birmingham,http://landregistry.data.gov.uk/id/region/birmingham,E08000025,2021-12,1062,monthly,213929,409123,243614,195067,147432,2021-12-01
Birmingham,http://landregistry.data.gov.uk/id/region/birmingham,E08000025,2022-01,815,monthly,217284,413512,247593,198607,149320,2022-01-01
Birmingham,http://landregistry.data.gov.uk/id/region/birmingham,E08000025,2022-02,1066,monthly,220110,418116,250891,201276,151415,2022-02-01
Birmingham,http://landregistry.data.gov.uk/id/region/birmingham,E08000025,2022-03,1147,monthly,224168,426100,256083,204681,154018,2022-03-01
Birmingham,http://landregistry.data.gov.uk/id/region/birmingham,E08000025,2022-04,885,monthly,226566,430401,258598,207175,155514,2022-04-01
Birmingham,http://landregistry.data.gov.uk/id/region/birmingham,E08000025,2022-05,981,monthly,227132,431021,259491,208095,154977,2022-05-01
Birmingham,http://landregistry.data.gov.uk/id/region/birmingham,E08000025,2022-06,881,monthly,225918,427410,257870,207537,153870,2022-06-01
Birmingham,http://landregistry.data.gov.uk/id/region/birmingham,E08000025,2022-07,996,monthly,229204,432360,261845,210858,155629,2022-07-01
Birmingham,http://landregistry.data.gov.uk/id/region/birmingham,E08000025,2022-08,1009,monthly,231998,436875,265007,213919,156926,2022-08-01
Birmingham,http://landregistry.data.gov.uk/id/region/birmingham,E08000025,2022-09,1029,monthly,235519,443981,269102,217311,158829,2022-09-01
Birmingham,http://landregistry.data.gov.uk/id/region/birmingham,E08000025,2022-10,957,monthly,236176,446427,270082,217808,158813,2022-10-01
Birmingham,http://landregistry.data.gov.uk/id/region/birmingham,E08000025,2022-11,981,monthly,237345,449689,271587,218679,159436,2022-11-01
Birmingham,http://landregistry.data.gov.uk/id/region/birmingham,E08000025,2022-12,916,monthly,238342,451108,273028,219583,159855,2022-12-01
Birmingham,http://landregistry.data.gov.uk/id/region/birmingham,E08000025,2023-01,665,monthly,238295,451146,273036,219272,160162,2023-01-01
Birmingham,http://landregistry.data.gov.uk/id/region/birmingham,E08000025,2023-02,692,monthly,237872,451064,272559,218422,160425,2023-02-01
Birmingham,http://landregistry.data.gov.uk/id/region/birmingham,E08000025,2023-03,752,monthly,233534,445120,267964,213554,157941,2023-03-01
Birmingham,http://landregistry.data.gov.uk/id/region/birmingham,E08000025,2023-04,608,monthly,231467,441674,265527,211288,157057,2023-04-01
Birmingham,http://landregistry.data.gov.uk/id/region/birmingham,E08000025,2023-05,602,monthly,229596,437120,263276,209515,156157,2023-05-01
Birmingham,http://landregistry.data.gov.uk/id/region/birmingham,E08000025,2023-06,746,monthly,230744,437872,264000,211077,157055,2023-06-01
Birmingham,http://landregistry.data.gov.uk/id/region/birmingham,E08000025,2023-07,663,monthly,232136,439205,265806,212838,157326,2023-07-01
Birmingham,http://landregistry.data.gov.uk/id/region/birmingham,E08000025,2023-08,726,monthly,233844,442627,267933,214937,157529,2023-08-01
Birmingham,http://landregistry.data.gov.uk/id/region/birmingham,E08000025,2023-09,622,monthly,235274,445659,269838,216606,157674,2023-09-01
Birmingham,http://landregistry.data.gov.uk/id/region/birmingham,E08000025,2023-10,624,monthly,233872,442639,268277,215261,156826,2023-10-01
Birmingham,http://landregistry.data.gov.uk/id/region/birmingham,E08000025,2023-11,680,monthly,232257,440183,266558,213256,156233,2023-11-01
Birmingham,http://landregistry.data.gov.uk/id/region/birmingham,E08000025,2023-12,600,monthly,231171,437224,265565,211847,155980,2023-12-01
Birmingham,http://landregistry.data.gov.uk/id/region/birmingham,E08000025,2024-01,389,monthly,232276,439600,266740,213025,156536,2024-01-01
Birmingham,http://landregistry.data.gov.uk/id/region/birmingham,E08000025,2024-02,312,monthly,230790,436275,265344,211490,155526,2024-02-01
Birmingham,http://landregistry.data.gov.uk/id/region/birmingham,E08000025,2024-03,,monthly,229383,433639,263796,209563,155366,2024-03-01
Birmingham,http://landregistry.data.gov.uk/id/region/birmingham,E08000025,2024-04,,monthly,228083,429631,262670,207952,154968,2024-04-01
