"Name","URI","Region GSS code","Period","Sales volume","Reporting period","Average price All property types","Average price Detached houses","Average price Semi-detached houses","Average price Terraced houses","Average price Flats and maisonettes","Pivotable date"
Brent,http://landregistry.data.gov.uk/id/region/brent,E09000005,2004-01,360,monthly,223971,454482,302613,249426,191998,2004-01-01
Brent,http://landregistry.data.gov.uk/id/region/brent,E09000005,2004-02,313,monthly,227110,460147,306892,253491,194523,2004-02-01
Brent,http://landregistry.data.gov.uk/id/region/brent,E09000005,2004-03,368,monthly,227753,461878,306976,254376,195120,2004-03-01
Brent,http://landregistry.data.gov.uk/id/region/brent,E09000005,2004-04,344,monthly,230879,463829,310390,258671,197857,2004-04-01
Brent,http://landregistry.data.gov.uk/id/region/brent,E09000005,2004-05,316,monthly,235298,466968,314666,263623,202197,2004-05-01
Brent,http://landregistry.data.gov.uk/id/region/brent,E09000005,2004-06,411,monthly,239200,470374,319234,267681,205919,2004-06-01
Brent,http://landregistry.data.gov.uk/id/region/brent,E09000005,2004-07,434,monthly,242024,476156,324077,271300,207940,2004-07-01
Brent,http://landregistry.data.gov.uk/id/region/brent,E09000005,2004-08,377,monthly,244169,483065,327323,273873,209572,2004-08-01
Brent,http://landregistry.data.gov.uk/id/region/brent,E09000005,2004-09,278,monthly,241685,481471,325539,271898,206721,2004-09-01
Brent,http://landregistry.data.gov.uk/id/region/brent,E09000005,2004-10,314,monthly,239922,476390,321510,269181,205882,2004-10-01
Brent,http://landregistry.data.gov.uk/id/region/brent,E09000005,2004-11,265,monthly,239703,474034,320663,268733,205942,2004-11-01
Brent,http://landregistry.data.gov.uk/id/region/brent,E09000005,2004-12,296,monthly,240567,471803,320494,269493,207179,2004-12-01
Brent,http://landregistry.data.gov.uk/id/region/brent,E09000005,2005-01,243,monthly,239247,468957,318065,268211,206157,2005-01-01
Brent,http://landregistry.data.gov.uk/id/region/brent,E09000005,2005-02,217,monthly,236620,463531,314857,265428,203773,2005-02-01
Brent,http://landregistry.data.gov.uk/id/region/brent,E09000005,2005-03,235,monthly,237428,466950,316171,266879,204187,2005-03-01
Brent,http://landregistry.data.gov.uk/id/region/brent,E09000005,2005-04,226,monthly,236872,464778,316268,267030,203266,2005-04-01
Brent,http://landregistry.data.gov.uk/id/region/brent,E09000005,2005-05,268,monthly,237562,466198,316754,268120,203869,2005-05-01
Brent,http://landregistry.data.gov.uk/id/region/brent,E09000005,2005-06,277,monthly,239887,468577,318992,271389,205945,2005-06-01
Brent,http://landregistry.data.gov.uk/id/region/brent,E09000005,2005-07,317,monthly,244437,478883,325251,276575,209743,2005-07-01
Brent,http://landregistry.data.gov.uk/id/region/brent,E09000005,2005-08,282,monthly,246147,483643,327638,278999,210981,2005-08-01
Brent,http://landregistry.data.gov.uk/id/region/brent,E09000005,2005-09,294,monthly,244752,483767,327157,277666,209259,2005-09-01
Brent,http://landregistry.data.gov.uk/id/region/brent,E09000005,2005-10,310,monthly,243405,480101,324897,276222,208229,2005-10-01
Brent,http://landregistry.data.gov.uk/id/region/brent,E09000005,2005-11,302,monthly,246766,485316,329860,280379,210909,2005-11-01
Brent,http://landregistry.data.gov.uk/id/region/brent,E09000005,2005-12,303,monthly,247157,482213,328781,280331,211939,2005-12-01
Brent,http://landregistry.data.gov.uk/id/region/brent,E09000005,2006-01,251,monthly,247766,484419,329297,281373,212396,2006-01-01
Brent,http://landregistry.data.gov.uk/id/region/brent,E09000005,2006-02,211,monthly,246055,480150,326184,279303,211224,2006-02-01
Brent,http://landregistry.data.gov.uk/id/region/brent,E09000005,2006-03,320,monthly,246766,485124,328591,280996,211050,2006-03-01
Brent,http://landregistry.data.gov.uk/id/region/brent,E09000005,2006-04,276,monthly,246980,484644,328840,281561,211167,2006-04-01
Brent,http://landregistry.data.gov.uk/id/region/brent,E09000005,2006-05,326,monthly,249086,489907,331948,284052,212816,2006-05-01
Brent,http://landregistry.data.gov.uk/id/region/brent,E09000005,2006-06,335,monthly,252877,495775,336677,288342,216206,2006-06-01
Brent,http://landregistry.data.gov.uk/id/region/brent,E09000005,2006-07,364,monthly,254617,499952,339580,290883,217325,2006-07-01
Brent,http://landregistry.data.gov.uk/id/region/brent,E09000005,2006-08,409,monthly,254297,500166,339181,291448,216723,2006-08-01
Brent,http://landregistry.data.gov.uk/id/region/brent,E09000005,2006-09,398,monthly,254399,503067,339636,291428,216684,2006-09-01
Brent,http://landregistry.data.gov.uk/id/region/brent,E09000005,2006-10,362,monthly,260294,515034,347287,297744,221897,2006-10-01
Brent,http://landregistry.data.gov.uk/id/region/brent,E09000005,2006-11,350,monthly,261574,517636,349413,298979,222939,2006-11-01
Brent,http://landregistry.data.gov.uk/id/region/brent,E09000005,2006-12,335,monthly,264329,520900,353025,302579,225226,2006-12-01
Brent,http://landregistry.data.gov.uk/id/region/brent,E09000005,2007-01,368,monthly,263524,520039,352080,301896,224406,2007-01-01
Brent,http://landregistry.data.gov.uk/id/region/brent,E09000005,2007-02,291,monthly,271086,534228,361562,309631,231262,2007-02-01
Brent,http://landregistry.data.gov.uk/id/region/brent,E09000005,2007-03,339,monthly,273226,539850,364409,312559,232901,2007-03-01
Brent,http://landregistry.data.gov.uk/id/region/brent,E09000005,2007-04,315,monthly,278703,549312,371490,319760,237414,2007-04-01
Brent,http://landregistry.data.gov.uk/id/region/brent,E09000005,2007-05,380,monthly,279638,549902,371886,321854,238170,2007-05-01
Brent,http://landregistry.data.gov.uk/id/region/brent,E09000005,2007-06,397,monthly,286921,563805,381288,330172,244470,2007-06-01
Brent,http://landregistry.data.gov.uk/id/region/brent,E09000005,2007-07,420,monthly,294878,582124,392263,339360,251064,2007-07-01
Brent,http://landregistry.data.gov.uk/id/region/brent,E09000005,2007-08,469,monthly,298465,592985,398352,344741,253352,2007-08-01
Brent,http://landregistry.data.gov.uk/id/region/brent,E09000005,2007-09,332,monthly,302371,603656,404444,349339,256348,2007-09-01
Brent,http://landregistry.data.gov.uk/id/region/brent,E09000005,2007-10,351,monthly,298208,595647,397547,343650,253356,2007-10-01
Brent,http://landregistry.data.gov.uk/id/region/brent,E09000005,2007-11,367,monthly,299353,599303,399383,343824,254521,2007-11-01
Brent,http://landregistry.data.gov.uk/id/region/brent,E09000005,2007-12,256,monthly,297571,593835,395946,341190,253471,2007-12-01
Brent,http://landregistry.data.gov.uk/id/region/brent,E09000005,2008-01,207,monthly,300895,602508,400838,344796,256185,2008-01-01
Brent,http://landregistry.data.gov.uk/id/region/brent,E09000005,2008-02,233,monthly,300462,601748,400553,344734,255605,2008-02-01
Brent,http://landregistry.data.gov.uk/id/region/brent,E09000005,2008-03,240,monthly,299020,601785,400125,344285,253565,2008-03-01
Brent,http://landregistry.data.gov.uk/id/region/brent,E09000005,2008-04,242,monthly,296954,598506,397950,343250,251219,2008-04-01
Brent,http://landregistry.data.gov.uk/id/region/brent,E09000005,2008-05,188,monthly,297339,598935,398330,344117,251456,2008-05-01
Brent,http://landregistry.data.gov.uk/id/region/brent,E09000005,2008-06,166,monthly,297161,597926,397391,344017,251455,2008-06-01
Brent,http://landregistry.data.gov.uk/id/region/brent,E09000005,2008-07,159,monthly,300839,604954,403437,348093,254382,2008-07-01
Brent,http://landregistry.data.gov.uk/id/region/brent,E09000005,2008-08,139,monthly,295776,595806,396743,342253,250037,2008-08-01
Brent,http://landregistry.data.gov.uk/id/region/brent,E09000005,2008-09,140,monthly,294673,597847,394686,339979,249396,2008-09-01
Brent,http://landregistry.data.gov.uk/id/region/brent,E09000005,2008-10,141,monthly,283265,574749,377484,326135,240394,2008-10-01
Brent,http://landregistry.data.gov.uk/id/region/brent,E09000005,2008-11,116,monthly,277453,564331,370178,319297,235359,2008-11-01
Brent,http://landregistry.data.gov.uk/id/region/brent,E09000005,2008-12,89,monthly,269258,545590,360518,310868,227876,2008-12-01
Brent,http://landregistry.data.gov.uk/id/region/brent,E09000005,2009-01,73,monthly,260421,530941,350001,300651,219983,2009-01-01
Brent,http://landregistry.data.gov.uk/id/region/brent,E09000005,2009-02,58,monthly,263886,537393,354181,304062,223241,2009-02-01
Brent,http://landregistry.data.gov.uk/id/region/brent,E09000005,2009-03,70,monthly,265889,541254,356499,305844,225194,2009-03-01
Brent,http://landregistry.data.gov.uk/id/region/brent,E09000005,2009-04,96,monthly,269542,543369,361514,310604,228280,2009-04-01
Brent,http://landregistry.data.gov.uk/id/region/brent,E09000005,2009-05,92,monthly,261460,526119,350721,302462,221059,2009-05-01
Brent,http://landregistry.data.gov.uk/id/region/brent,E09000005,2009-06,104,monthly,263297,529677,353448,305833,222116,2009-06-01
Brent,http://landregistry.data.gov.uk/id/region/brent,E09000005,2009-07,145,monthly,258776,524517,349142,302317,217059,2009-07-01
Brent,http://landregistry.data.gov.uk/id/region/brent,E09000005,2009-08,149,monthly,262863,534508,356520,308278,219496,2009-08-01
Brent,http://landregistry.data.gov.uk/id/region/brent,E09000005,2009-09,149,monthly,258999,528845,352759,304585,215486,2009-09-01
Brent,http://landregistry.data.gov.uk/id/region/brent,E09000005,2009-10,187,monthly,266586,545541,363874,313619,221499,2009-10-01
Brent,http://landregistry.data.gov.uk/id/region/brent,E09000005,2009-11,185,monthly,268663,552603,366599,317047,222817,2009-11-01
Brent,http://landregistry.data.gov.uk/id/region/brent,E09000005,2009-12,263,monthly,272443,558884,372375,322129,225636,2009-12-01
Brent,http://landregistry.data.gov.uk/id/region/brent,E09000005,2010-01,149,monthly,273218,562673,374430,324650,225399,2010-01-01
Brent,http://landregistry.data.gov.uk/id/region/brent,E09000005,2010-02,144,monthly,277315,572242,382490,329759,227996,2010-02-01
Brent,http://landregistry.data.gov.uk/id/region/brent,E09000005,2010-03,218,monthly,282686,587015,389987,335472,232303,2010-03-01
Brent,http://landregistry.data.gov.uk/id/region/brent,E09000005,2010-04,184,monthly,287902,595792,396956,340848,236927,2010-04-01
Brent,http://landregistry.data.gov.uk/id/region/brent,E09000005,2010-05,191,monthly,289076,598004,397642,341758,238239,2010-05-01
Brent,http://landregistry.data.gov.uk/id/region/brent,E09000005,2010-06,219,monthly,287809,594825,396747,341707,236609,2010-06-01
Brent,http://landregistry.data.gov.uk/id/region/brent,E09000005,2010-07,245,monthly,290683,605677,401685,346403,238259,2010-07-01
Brent,http://landregistry.data.gov.uk/id/region/brent,E09000005,2010-08,227,monthly,296378,619209,411183,354487,242160,2010-08-01
Brent,http://landregistry.data.gov.uk/id/region/brent,E09000005,2010-09,204,monthly,299864,631058,416778,358989,244622,2010-09-01
Brent,http://landregistry.data.gov.uk/id/region/brent,E09000005,2010-10,208,monthly,298963,629020,415738,357328,244008,2010-10-01
Brent,http://landregistry.data.gov.uk/id/region/brent,E09000005,2010-11,197,monthly,296776,626017,412170,353519,242631,2010-11-01
Brent,http://landregistry.data.gov.uk/id/region/brent,E09000005,2010-12,203,monthly,294081,619495,409203,349835,240420,2010-12-01
Brent,http://landregistry.data.gov.uk/id/region/brent,E09000005,2011-01,149,monthly,292494,618865,407037,347951,239038,2011-01-01
Brent,http://landregistry.data.gov.uk/id/region/brent,E09000005,2011-02,133,monthly,289551,615559,402968,344119,236715,2011-02-01
Brent,http://landregistry.data.gov.uk/id/region/brent,E09000005,2011-03,164,monthly,291692,625065,405482,346695,238436,2011-03-01
Brent,http://landregistry.data.gov.uk/id/region/brent,E09000005,2011-04,179,monthly,295596,632101,410570,351072,241851,2011-04-01
Brent,http://landregistry.data.gov.uk/id/region/brent,E09000005,2011-05,170,monthly,299164,635252,413488,355141,245510,2011-05-01
Brent,http://landregistry.data.gov.uk/id/region/brent,E09000005,2011-06,182,monthly,298660,628104,411972,354112,245685,2011-06-01
Brent,http://landregistry.data.gov.uk/id/region/brent,E09000005,2011-07,197,monthly,299866,628114,413529,355583,246788,2011-07-01
Brent,http://landregistry.data.gov.uk/id/region/brent,E09000005,2011-08,199,monthly,301268,635758,418764,358890,246379,2011-08-01
Brent,http://landregistry.data.gov.uk/id/region/brent,E09000005,2011-09,206,monthly,306604,651646,427705,366567,249738,2011-09-01
Brent,http://landregistry.data.gov.uk/id/region/brent,E09000005,2011-10,202,monthly,304678,652533,426818,364472,247468,2011-10-01
Brent,http://landregistry.data.gov.uk/id/region/brent,E09000005,2011-11,203,monthly,306240,654525,428214,365181,249377,2011-11-01
Brent,http://landregistry.data.gov.uk/id/region/brent,E09000005,2011-12,207,monthly,301760,642878,421403,358872,246270,2011-12-01
Brent,http://landregistry.data.gov.uk/id/region/brent,E09000005,2012-01,171,monthly,309545,658508,432656,368605,252408,2012-01-01
Brent,http://landregistry.data.gov.uk/id/region/brent,E09000005,2012-02,152,monthly,305248,652188,427398,365338,248017,2012-02-01
Brent,http://landregistry.data.gov.uk/id/region/brent,E09000005,2012-03,198,monthly,305560,651668,427330,366130,248253,2012-03-01
Brent,http://landregistry.data.gov.uk/id/region/brent,E09000005,2012-04,132,monthly,297525,633096,414605,356357,242167,2012-04-01
Brent,http://landregistry.data.gov.uk/id/region/brent,E09000005,2012-05,126,monthly,301924,637927,419941,360724,246358,2012-05-01
Brent,http://landregistry.data.gov.uk/id/region/brent,E09000005,2012-06,148,monthly,312586,660423,434900,375200,254517,2012-06-01
Brent,http://landregistry.data.gov.uk/id/region/brent,E09000005,2012-07,192,monthly,323765,685682,450465,389925,263176,2012-07-01
Brent,http://landregistry.data.gov.uk/id/region/brent,E09000005,2012-08,181,monthly,333734,708826,464479,403917,270593,2012-08-01
Brent,http://landregistry.data.gov.uk/id/region/brent,E09000005,2012-09,195,monthly,323625,689474,450863,391492,262270,2012-09-01
Brent,http://landregistry.data.gov.uk/id/region/brent,E09000005,2012-10,170,monthly,319367,678687,444747,385967,259031,2012-10-01
Brent,http://landregistry.data.gov.uk/id/region/brent,E09000005,2012-11,204,monthly,314304,667493,437939,379296,255043,2012-11-01
Brent,http://landregistry.data.gov.uk/id/region/brent,E09000005,2012-12,188,monthly,322171,685580,449563,388997,261162,2012-12-01
Brent,http://landregistry.data.gov.uk/id/region/brent,E09000005,2013-01,132,monthly,325756,696596,457205,393386,263318,2013-01-01
Brent,http://landregistry.data.gov.uk/id/region/brent,E09000005,2013-02,166,monthly,323825,694393,454780,390727,261671,2013-02-01
Brent,http://landregistry.data.gov.uk/id/region/brent,E09000005,2013-03,185,monthly,323031,693583,453780,388991,261134,2013-03-01
Brent,http://landregistry.data.gov.uk/id/region/brent,E09000005,2013-04,154,monthly,326444,698866,456085,393579,264353,2013-04-01
Brent,http://landregistry.data.gov.uk/id/region/brent,E09000005,2013-05,195,monthly,328625,702049,459167,396191,266165,2013-05-01
Brent,http://landregistry.data.gov.uk/id/region/brent,E09000005,2013-06,205,monthly,334341,712766,467273,404253,270517,2013-06-01
Brent,http://landregistry.data.gov.uk/id/region/brent,E09000005,2013-07,207,monthly,336232,716136,469991,407118,271906,2013-07-01
Brent,http://landregistry.data.gov.uk/id/region/brent,E09000005,2013-08,232,monthly,347721,741383,486278,422080,280858,2013-08-01
Brent,http://landregistry.data.gov.uk/id/region/brent,E09000005,2013-09,204,monthly,353282,756604,494636,428333,285246,2013-09-01
Brent,http://landregistry.data.gov.uk/id/region/brent,E09000005,2013-10,254,monthly,355725,764025,498444,430383,287300,2013-10-01
Brent,http://landregistry.data.gov.uk/id/region/brent,E09000005,2013-11,283,monthly,361041,775098,506097,435788,291824,2013-11-01
Brent,http://landregistry.data.gov.uk/id/region/brent,E09000005,2013-12,248,monthly,359846,767685,503748,433895,291269,2013-12-01
Brent,http://landregistry.data.gov.uk/id/region/brent,E09000005,2014-01,232,monthly,365190,779732,512683,439991,295360,2014-01-01
Brent,http://landregistry.data.gov.uk/id/region/brent,E09000005,2014-02,243,monthly,364592,780954,512492,438864,294754,2014-02-01
Brent,http://landregistry.data.gov.uk/id/region/brent,E09000005,2014-03,240,monthly,367414,787938,516043,441753,297126,2014-03-01
Brent,http://landregistry.data.gov.uk/id/region/brent,E09000005,2014-04,255,monthly,379175,811140,531592,456580,306706,2014-04-01
Brent,http://landregistry.data.gov.uk/id/region/brent,E09000005,2014-05,233,monthly,391225,832638,547466,471611,316631,2014-05-01
Brent,http://landregistry.data.gov.uk/id/region/brent,E09000005,2014-06,254,monthly,400902,852648,561136,484271,324235,2014-06-01
Brent,http://landregistry.data.gov.uk/id/region/brent,E09000005,2014-07,281,monthly,404164,859847,566101,488876,326649,2014-07-01
Brent,http://landregistry.data.gov.uk/id/region/brent,E09000005,2014-08,248,monthly,406619,869129,571189,493319,327912,2014-08-01
Brent,http://landregistry.data.gov.uk/id/region/brent,E09000005,2014-09,255,monthly,414028,887283,583106,502346,333554,2014-09-01
Brent,http://landregistry.data.gov.uk/id/region/brent,E09000005,2014-10,263,monthly,410328,880093,578721,496695,330672,2014-10-01
Brent,http://landregistry.data.gov.uk/id/region/brent,E09000005,2014-11,234,monthly,412969,885554,582270,498699,333099,2014-11-01
Brent,http://landregistry.data.gov.uk/id/region/brent,E09000005,2014-12,246,monthly,419643,898221,590328,505559,339029,2014-12-01
Brent,http://landregistry.data.gov.uk/id/region/brent,E09000005,2015-01,199,monthly,422944,904363,593825,509479,341929,2015-01-01
Brent,http://landregistry.data.gov.uk/id/region/brent,E09000005,2015-02,196,monthly,420874,899453,589709,505897,340731,2015-02-01
Brent,http://landregistry.data.gov.uk/id/region/brent,E09000005,2015-03,248,monthly,423954,906399,594007,509015,343360,2015-03-01
Brent,http://landregistry.data.gov.uk/id/region/brent,E09000005,2015-04,207,monthly,429921,920902,603345,516742,347856,2015-04-01
Brent,http://landregistry.data.gov.uk/id/region/brent,E09000005,2015-05,176,monthly,440209,941817,619321,529678,355826,2015-05-01
Brent,http://landregistry.data.gov.uk/id/region/brent,E09000005,2015-06,341,monthly,435951,935298,616007,527692,351127,2015-06-01
Brent,http://landregistry.data.gov.uk/id/region/brent,E09000005,2015-07,404,monthly,438513,939940,619981,531377,353015,2015-07-01
Brent,http://landregistry.data.gov.uk/id/region/brent,E09000005,2015-08,325,monthly,443363,952082,627277,538784,356433,2015-08-01
Brent,http://landregistry.data.gov.uk/id/region/brent,E09000005,2015-09,342,monthly,449823,969780,636922,545498,361727,2015-09-01
Brent,http://landregistry.data.gov.uk/id/region/brent,E09000005,2015-10,249,monthly,461860,999139,656429,560385,370868,2015-10-01
Brent,http://landregistry.data.gov.uk/id/region/brent,E09000005,2015-11,237,monthly,455425,986982,648150,552131,365631,2015-11-01
Brent,http://landregistry.data.gov.uk/id/region/brent,E09000005,2015-12,202,monthly,468584,1014666,666517,567694,376367,2015-12-01
Brent,http://landregistry.data.gov.uk/id/region/brent,E09000005,2016-01,239,monthly,469516,1015512,667843,568389,377251,2016-01-01
Brent,http://landregistry.data.gov.uk/id/region/brent,E09000005,2016-02,209,monthly,482555,1045639,687538,583914,387566,2016-02-01
Brent,http://landregistry.data.gov.uk/id/region/brent,E09000005,2016-03,542,monthly,473554,1026921,674073,573011,380420,2016-03-01
Brent,http://landregistry.data.gov.uk/id/region/brent,E09000005,2016-04,155,monthly,485099,1049655,688011,586579,390236,2016-04-01
Brent,http://landregistry.data.gov.uk/id/region/brent,E09000005,2016-05,155,monthly,488299,1044220,686457,588407,394587,2016-05-01
Brent,http://landregistry.data.gov.uk/id/region/brent,E09000005,2016-06,252,monthly,493629,1051944,692731,593610,399478,2016-06-01
Brent,http://landregistry.data.gov.uk/id/region/brent,E09000005,2016-07,267,monthly,494641,1052535,693379,594870,400446,2016-07-01
Brent,http://landregistry.data.gov.uk/id/region/brent,E09000005,2016-08,197,monthly,489421,1047896,688683,589627,395381,2016-08-01
Brent,http://landregistry.data.gov.uk/id/region/brent,E09000005,2016-09,295,monthly,499182,1068783,703723,601779,402965,2016-09-01
Brent,http://landregistry.data.gov.uk/id/region/brent,E09000005,2016-10,239,monthly,504665,1081848,711776,605337,408060,2016-10-01
Brent,http://landregistry.data.gov.uk/id/region/brent,E09000005,2016-11,267,monthly,502654,1080172,708602,600904,406923,2016-11-01
Brent,http://landregistry.data.gov.uk/id/region/brent,E09000005,2016-12,175,monthly,490418,1053858,689346,584298,397825,2016-12-01
Brent,http://landregistry.data.gov.uk/id/region/brent,E09000005,2017-01,170,monthly,472373,1013532,662548,562650,383490,2017-01-01
Brent,http://landregistry.data.gov.uk/id/region/brent,E09000005,2017-02,164,monthly,475608,1015902,665027,564758,386991,2017-02-01
Brent,http://landregistry.data.gov.uk/id/region/brent,E09000005,2017-03,185,monthly,484944,1034384,677148,574190,395165,2017-03-01
Brent,http://landregistry.data.gov.uk/id/region/brent,E09000005,2017-04,176,monthly,488416,1042041,680348,576866,398598,2017-04-01
Brent,http://landregistry.data.gov.uk/id/region/brent,E09000005,2017-05,239,monthly,490062,1041479,682571,577394,400411,2017-05-01
Brent,http://landregistry.data.gov.uk/id/region/brent,E09000005,2017-06,246,monthly,492335,1040812,683248,580058,402872,2017-06-01
Brent,http://landregistry.data.gov.uk/id/region/brent,E09000005,2017-07,210,monthly,491003,1034471,682219,578919,401653,2017-07-01
Brent,http://landregistry.data.gov.uk/id/region/brent,E09000005,2017-08,181,monthly,498192,1053266,693444,590667,406449,2017-08-01
Brent,http://landregistry.data.gov.uk/id/region/brent,E09000005,2017-09,161,monthly,490673,1042352,686040,582696,399414,2017-09-01
Brent,http://landregistry.data.gov.uk/id/region/brent,E09000005,2017-10,125,monthly,489039,1044014,686292,581849,397245,2017-10-01
Brent,http://landregistry.data.gov.uk/id/region/brent,E09000005,2017-11,205,monthly,485285,1037316,682373,576975,394020,2017-11-01
Brent,http://landregistry.data.gov.uk/id/region/brent,E09000005,2017-12,161,monthly,494515,1057265,696309,588639,401187,2017-12-01
Brent,http://landregistry.data.gov.uk/id/region/brent,E09000005,2018-01,123,monthly,493882,1053764,694565,587385,400997,2018-01-01
Brent,http://landregistry.data.gov.uk/id/region/brent,E09000005,2018-02,121,monthly,493621,1052294,693084,585702,401188,2018-02-01
Brent,http://landregistry.data.gov.uk/id/region/brent,E09000005,2018-03,148,monthly,482967,1030992,680051,575203,391901,2018-03-01
Brent,http://landregistry.data.gov.uk/id/region/brent,E09000005,2018-04,138,monthly,485434,1039347,687343,581678,392745,2018-04-01
Brent,http://landregistry.data.gov.uk/id/region/brent,E09000005,2018-05,138,monthly,480836,1035756,685793,581678,387319,2018-05-01
Brent,http://landregistry.data.gov.uk/id/region/brent,E09000005,2018-06,162,monthly,492743,1064708,706592,596019,396366,2018-06-01
Brent,http://landregistry.data.gov.uk/id/region/brent,E09000005,2018-07,237,monthly,505028,1096649,724239,610984,406127,2018-07-01
Brent,http://landregistry.data.gov.uk/id/region/brent,E09000005,2018-08,233,monthly,519754,1127729,743778,627102,418475,2018-08-01
Brent,http://landregistry.data.gov.uk/id/region/brent,E09000005,2018-09,171,monthly,510930,1109975,730308,617419,411291,2018-09-01
Brent,http://landregistry.data.gov.uk/id/region/brent,E09000005,2018-10,177,monthly,493644,1070331,704186,594699,397907,2018-10-01
Brent,http://landregistry.data.gov.uk/id/region/brent,E09000005,2018-11,176,monthly,479263,1048085,688029,579911,385169,2018-11-01
Brent,http://landregistry.data.gov.uk/id/region/brent,E09000005,2018-12,171,monthly,477140,1042372,685439,575455,383743,2018-12-01
Brent,http://landregistry.data.gov.uk/id/region/brent,E09000005,2019-01,126,monthly,479106,1048625,689079,578207,385117,2019-01-01
Brent,http://landregistry.data.gov.uk/id/region/brent,E09000005,2019-02,120,monthly,478494,1040752,684653,573749,385910,2019-02-01
Brent,http://landregistry.data.gov.uk/id/region/brent,E09000005,2019-03,127,monthly,475430,1033803,679021,571270,383368,2019-03-01
Brent,http://landregistry.data.gov.uk/id/region/brent,E09000005,2019-04,108,monthly,486255,1053719,694393,585626,391878,2019-04-01
Brent,http://landregistry.data.gov.uk/id/region/brent,E09000005,2019-05,152,monthly,481951,1043557,689659,583901,387354,2019-05-01
Brent,http://landregistry.data.gov.uk/id/region/brent,E09000005,2019-06,107,monthly,475566,1029068,681250,577021,381919,2019-06-01
Brent,http://landregistry.data.gov.uk/id/region/brent,E09000005,2019-07,147,monthly,472809,1020419,676385,573132,380059,2019-07-01
Brent,http://landregistry.data.gov.uk/id/region/brent,E09000005,2019-08,147,monthly,486570,1052100,696362,591023,390721,2019-08-01
Brent,http://landregistry.data.gov.uk/id/region/brent,E09000005,2019-09,153,monthly,502159,1085794,716702,610054,403511,2019-09-01
Brent,http://landregistry.data.gov.uk/id/region/brent,E09000005,2019-10,151,monthly,494886,1076597,711866,602353,396369,2019-10-01
Brent,http://landregistry.data.gov.uk/id/region/brent,E09000005,2019-11,259,monthly,435981,951380,628557,530279,348991,2019-11-01
Brent,http://landregistry.data.gov.uk/id/region/brent,E09000005,2019-12,141,monthly,425966,935213,618609,519439,339811,2019-12-01
Brent,http://landregistry.data.gov.uk/id/region/brent,E09000005,2020-01,139,monthly,428560,940814,622470,523561,341631,2020-01-01
Brent,http://landregistry.data.gov.uk/id/region/brent,E09000005,2020-02,172,monthly,467924,1029800,681416,572285,372563,2020-02-01
Brent,http://landregistry.data.gov.uk/id/region/brent,E09000005,2020-03,147,monthly,467597,1029385,681268,572034,372255,2020-03-01
Brent,http://landregistry.data.gov.uk/id/region/brent,E09000005,2020-04,61,monthly,471354,1043453,686710,578725,374641,2020-04-01
Brent,http://landregistry.data.gov.uk/id/region/brent,E09000005,2020-05,72,monthly,483726,1066347,703598,591871,385250,2020-05-01
Brent,http://landregistry.data.gov.uk/id/region/brent,E09000005,2020-06,75,monthly,486162,1069064,708283,596221,386713,2020-06-01
Brent,http://landregistry.data.gov.uk/id/region/brent,E09000005,2020-07,130,monthly,485652,1063396,706170,595356,386695,2020-07-01
Brent,http://landregistry.data.gov.uk/id/region/brent,E09000005,2020-08,152,monthly,497947,1098731,727123,614421,394839,2020-08-01
Brent,http://landregistry.data.gov.uk/id/region/brent,E09000005,2020-09,161,monthly,522852,1161334,764665,647527,413675,2020-09-01
Brent,http://landregistry.data.gov.uk/id/region/brent,E09000005,2020-10,179,monthly,523913,1170249,768625,651661,413304,2020-10-01
Brent,http://landregistry.data.gov.uk/id/region/brent,E09000005,2020-11,162,monthly,518292,1157163,759388,645471,408864,2020-11-01
Brent,http://landregistry.data.gov.uk/id/region/brent,E09000005,2020-12,197,monthly,498195,1113338,730542,621346,392677,2020-12-01
Brent,http://landregistry.data.gov.uk/id/region/brent,E09000005,2021-01,200,monthly,503828,1116029,735738,624853,398676,2021-01-01
Brent,http://landregistry.data.gov.uk/id/region/brent,E09000005,2021-02,224,monthly,494101,1082634,717491,608880,392860,2021-02-01
Brent,http://landregistry.data.gov.uk/id/region/brent,E09000005,2021-03,360,monthly,492811,1063548,708846,602033,394630,2021-03-01
Brent,http://landregistry.data.gov.uk/id/region/brent,E09000005,2021-04,284,monthly,480711,1034768,688967,585498,385883,2021-04-01
Brent,http://landregistry.data.gov.uk/id/region/brent,E09000005,2021-05,208,monthly,486419,1049730,697236,592443,390394,2021-05-01
Brent,http://landregistry.data.gov.uk/id/region/brent,E09000005,2021-06,590,monthly,494369,1069584,709546,605272,395768,2021-06-01
Brent,http://landregistry.data.gov.uk/id/region/brent,E09000005,2021-07,79,monthly,496183,1080915,712833,607355,396974,2021-07-01
Brent,http://landregistry.data.gov.uk/id/region/brent,E09000005,2021-08,107,monthly,488064,1078881,707449,600056,388399,2021-08-01
Brent,http://landregistry.data.gov.uk/id/region/brent,E09000005,2021-09,263,monthly,486748,1087274,709818,598159,386418,2021-09-01
Brent,http://landregistry.data.gov.uk/id/region/brent,E09000005,2021-10,79,monthly,481572,1091363,711296,593738,379915,2021-10-01
Brent,http://landregistry.data.gov.uk/id/region/brent,E09000005,2021-11,125,monthly,491096,1112550,725325,604618,387653,2021-11-01
Brent,http://landregistry.data.gov.uk/id/region/brent,E09000005,2021-12,136,monthly,489429,1120176,727321,604285,384912,2021-12-01
Brent,http://landregistry.data.gov.uk/id/region/brent,E09000005,2022-01,138,monthly,495843,1131736,737112,614255,389475,2022-01-01
Brent,http://landregistry.data.gov.uk/id/region/brent,E09000005,2022-02,158,monthly,495188,1128300,735644,613267,389418,2022-02-01
Brent,http://landregistry.data.gov.uk/id/region/brent,E09000005,2022-03,209,monthly,494884,1128238,737507,611913,388980,2022-03-01
Brent,http://landregistry.data.gov.uk/id/region/brent,E09000005,2022-04,169,monthly,506123,1152486,754802,626626,397473,2022-04-01
Brent,http://landregistry.data.gov.uk/id/region/brent,E09000005,2022-05,177,monthly,512358,1169663,768227,637181,400452,2022-05-01
Brent,http://landregistry.data.gov.uk/id/region/brent,E09000005,2022-06,247,monthly,519572,1183352,777496,647646,406042,2022-06-01
Brent,http://landregistry.data.gov.uk/id/region/brent,E09000005,2022-07,246,monthly,532634,1212328,796434,665842,415803,2022-07-01
Brent,http://landregistry.data.gov.uk/id/region/brent,E09000005,2022-08,247,monthly,541080,1231435,809078,679044,421569,2022-08-01
Brent,http://landregistry.data.gov.uk/id/region/brent,E09000005,2022-09,186,monthly,554170,1264099,830302,697862,430568,2022-09-01
Brent,http://landregistry.data.gov.uk/id/region/brent,E09000005,2022-10,189,monthly,550110,1258244,826229,693594,426608,2022-10-01
Brent,http://landregistry.data.gov.uk/id/region/brent,E09000005,2022-11,188,monthly,543204,1245504,816707,684136,421211,2022-11-01
Brent,http://landregistry.data.gov.uk/id/region/brent,E09000005,2022-12,153,monthly,535296,1227331,806225,674147,414782,2022-12-01
Brent,http://landregistry.data.gov.uk/id/region/brent,E09000005,2023-01,127,monthly,528734,1213974,798841,664356,409580,2023-01-01
Brent,http://landregistry.data.gov.uk/id/region/brent,E09000005,2023-02,103,monthly,515951,1184700,778833,646802,400239,2023-02-01
Brent,http://landregistry.data.gov.uk/id/region/brent,E09000005,2023-03,168,monthly,509043,1172577,769189,634670,395696,2023-03-01
Brent,http://landregistry.data.gov.uk/id/region/brent,E09000005,2023-04,101,monthly,511026,1175820,769792,635988,398122,2023-04-01
Brent,http://landregistry.data.gov.uk/id/region/brent,E09000005,2023-05,86,monthly,511694,1168857,768225,635906,399709,2023-05-01
Brent,http://landregistry.data.gov.uk/id/region/brent,E09000005,2023-06,144,monthly,516606,1176455,772491,644037,403572,2023-06-01
Brent,http://landregistry.data.gov.uk/id/region/brent,E09000005,2023-07,110,monthly,512835,1167705,767434,641916,399659,2023-07-01
Brent,http://landregistry.data.gov.uk/id/region/brent,E09000005,2023-08,136,monthly,530319,1216105,795931,666856,411551,2023-08-01
Brent,http://landregistry.data.gov.uk/id/region/brent,E09000005,2023-09,126,monthly,529274,1216790,795903,667572,409677,2023-09-01
Brent,http://landregistry.data.gov.uk/id/region/brent,E09000005,2023-10,111,monthly,528081,1211011,792972,665010,409413,2023-10-01
Brent,http://landregistry.data.gov.uk/id/region/brent,E09000005,2023-11,114,monthly,515182,1181483,774534,646618,399946,2023-11-01
Brent,http://landregistry.data.gov.uk/id/region/brent,E09000005,2023-12,73,monthly,507592,1158531,762971,635344,394827,2023-12-01
Brent,http://landregistry.data.gov.uk/id/region/brent,E09000005,2024-01,90,monthly,520722,1186783,781047,652894,405042,2024-01-01
Brent,http://landregistry.data.gov.uk/id/region/brent,E09000005,2024-02,41,monthly,527606,1190762,786710,660024,411917,2024-02-01
Brent,http://landregistry.data.gov.uk/id/region/brent,E09000005,2024-03,,monthly,510427,1144179,755287,635331,400658,2024-03-01
Brent,http://landregistry.data.gov.uk/id/region/brent,E09000005,2024-04,,monthly,488462,1082442,720164,604973,385108,2024-04-01
