"Name","URI","Region GSS code","Period","Sales volume","Reporting period","Average price All property types","Average price Detached houses","Average price Semi-detached houses","Average price Terraced houses","Average price Flats and maisonettes","Pivotable date"
Bristol,http://landregistry.data.gov.uk/id/region/city-of-bristol,E06000023,2004-01,670,monthly,138990,254505,160016,134170,124124,2004-01-01
Bristol,http://landregistry.data.gov.uk/id/region/city-of-bristol,E06000023,2004-02,672,monthly,138959,253786,159906,134334,123836,2004-02-01
Bristol,http://landregistry.data.gov.uk/id/region/city-of-bristol,E06000023,2004-03,780,monthly,137941,252621,158606,133514,122651,2004-03-01
Bristol,http://landregistry.data.gov.uk/id/region/city-of-bristol,E06000023,2004-04,857,monthly,138515,250705,159051,134528,122933,2004-04-01
Bristol,http://landregistry.data.gov.uk/id/region/city-of-bristol,E06000023,2004-05,909,monthly,141340,253171,161848,137636,125486,2004-05-01
Bristol,http://landregistry.data.gov.uk/id/region/city-of-bristol,E06000023,2004-06,979,monthly,146014,259505,167174,142286,129701,2004-06-01
Bristol,http://landregistry.data.gov.uk/id/region/city-of-bristol,E06000023,2004-07,1050,monthly,149972,266465,172089,146274,132771,2004-07-01
Bristol,http://landregistry.data.gov.uk/id/region/city-of-bristol,E06000023,2004-08,900,monthly,153643,273898,176591,149924,135629,2004-08-01
Bristol,http://landregistry.data.gov.uk/id/region/city-of-bristol,E06000023,2004-09,772,monthly,154168,276145,177600,150609,135436,2004-09-01
Bristol,http://landregistry.data.gov.uk/id/region/city-of-bristol,E06000023,2004-10,729,monthly,153358,274415,176103,149648,135389,2004-10-01
Bristol,http://landregistry.data.gov.uk/id/region/city-of-bristol,E06000023,2004-11,646,monthly,153518,274147,176090,149666,135914,2004-11-01
Bristol,http://landregistry.data.gov.uk/id/region/city-of-bristol,E06000023,2004-12,639,monthly,153302,271885,175342,149405,136330,2004-12-01
Bristol,http://landregistry.data.gov.uk/id/region/city-of-bristol,E06000023,2005-01,531,monthly,154063,273064,175753,150186,137299,2005-01-01
Bristol,http://landregistry.data.gov.uk/id/region/city-of-bristol,E06000023,2005-02,517,monthly,152693,270059,174337,148821,136099,2005-02-01
Bristol,http://landregistry.data.gov.uk/id/region/city-of-bristol,E06000023,2005-03,546,monthly,152905,270440,174829,149050,136091,2005-03-01
Bristol,http://landregistry.data.gov.uk/id/region/city-of-bristol,E06000023,2005-04,679,monthly,153180,269289,175652,149505,135898,2005-04-01
Bristol,http://landregistry.data.gov.uk/id/region/city-of-bristol,E06000023,2005-05,708,monthly,153046,268591,175314,149536,135709,2005-05-01
Bristol,http://landregistry.data.gov.uk/id/region/city-of-bristol,E06000023,2005-06,786,monthly,152770,266501,174763,149573,135321,2005-06-01
Bristol,http://landregistry.data.gov.uk/id/region/city-of-bristol,E06000023,2005-07,932,monthly,154238,269410,176752,151039,136368,2005-07-01
Bristol,http://landregistry.data.gov.uk/id/region/city-of-bristol,E06000023,2005-08,805,monthly,155530,271980,178315,152570,137074,2005-08-01
Bristol,http://landregistry.data.gov.uk/id/region/city-of-bristol,E06000023,2005-09,835,monthly,156021,274069,179195,153134,137102,2005-09-01
Bristol,http://landregistry.data.gov.uk/id/region/city-of-bristol,E06000023,2005-10,748,monthly,155252,272507,177852,152451,136627,2005-10-01
Bristol,http://landregistry.data.gov.uk/id/region/city-of-bristol,E06000023,2005-11,791,monthly,154588,270712,177294,151745,136040,2005-11-01
Bristol,http://landregistry.data.gov.uk/id/region/city-of-bristol,E06000023,2005-12,924,monthly,156837,272860,179374,153867,138588,2005-12-01
Bristol,http://landregistry.data.gov.uk/id/region/city-of-bristol,E06000023,2006-01,707,monthly,156338,272245,178663,153584,137933,2006-01-01
Bristol,http://landregistry.data.gov.uk/id/region/city-of-bristol,E06000023,2006-02,612,monthly,157086,272809,179077,154331,138894,2006-02-01
Bristol,http://landregistry.data.gov.uk/id/region/city-of-bristol,E06000023,2006-03,807,monthly,156738,273899,179219,154189,137861,2006-03-01
Bristol,http://landregistry.data.gov.uk/id/region/city-of-bristol,E06000023,2006-04,795,monthly,159214,277229,182210,156622,140035,2006-04-01
Bristol,http://landregistry.data.gov.uk/id/region/city-of-bristol,E06000023,2006-05,892,monthly,162300,282783,185946,159665,142609,2006-05-01
Bristol,http://landregistry.data.gov.uk/id/region/city-of-bristol,E06000023,2006-06,1036,monthly,165000,286154,188930,162442,144995,2006-06-01
Bristol,http://landregistry.data.gov.uk/id/region/city-of-bristol,E06000023,2006-07,1022,monthly,168500,292414,192896,166223,147648,2006-07-01
Bristol,http://landregistry.data.gov.uk/id/region/city-of-bristol,E06000023,2006-08,1089,monthly,171083,297047,195818,169248,149304,2006-08-01
Bristol,http://landregistry.data.gov.uk/id/region/city-of-bristol,E06000023,2006-09,991,monthly,172610,300982,197625,170709,150563,2006-09-01
Bristol,http://landregistry.data.gov.uk/id/region/city-of-bristol,E06000023,2006-10,1044,monthly,173008,301918,198030,171030,151011,2006-10-01
Bristol,http://landregistry.data.gov.uk/id/region/city-of-bristol,E06000023,2006-11,941,monthly,174587,305001,200129,172507,152306,2006-11-01
Bristol,http://landregistry.data.gov.uk/id/region/city-of-bristol,E06000023,2006-12,1020,monthly,176239,306527,201773,174435,153619,2006-12-01
Bristol,http://landregistry.data.gov.uk/id/region/city-of-bristol,E06000023,2007-01,782,monthly,177875,309618,203922,176060,154866,2007-01-01
Bristol,http://landregistry.data.gov.uk/id/region/city-of-bristol,E06000023,2007-02,700,monthly,177615,308789,203382,175500,155116,2007-02-01
Bristol,http://landregistry.data.gov.uk/id/region/city-of-bristol,E06000023,2007-03,799,monthly,177583,309557,203607,175544,154799,2007-03-01
Bristol,http://landregistry.data.gov.uk/id/region/city-of-bristol,E06000023,2007-04,782,monthly,179796,312184,205649,178087,156669,2007-04-01
Bristol,http://landregistry.data.gov.uk/id/region/city-of-bristol,E06000023,2007-05,876,monthly,183817,317662,209870,182385,160118,2007-05-01
Bristol,http://landregistry.data.gov.uk/id/region/city-of-bristol,E06000023,2007-06,896,monthly,188833,325690,215280,187484,164553,2007-06-01
Bristol,http://landregistry.data.gov.uk/id/region/city-of-bristol,E06000023,2007-07,1021,monthly,192067,332382,219196,190626,167256,2007-07-01
Bristol,http://landregistry.data.gov.uk/id/region/city-of-bristol,E06000023,2007-08,1029,monthly,193517,336808,221213,192505,167713,2007-08-01
Bristol,http://landregistry.data.gov.uk/id/region/city-of-bristol,E06000023,2007-09,787,monthly,194058,339136,222074,192971,168041,2007-09-01
Bristol,http://landregistry.data.gov.uk/id/region/city-of-bristol,E06000023,2007-10,885,monthly,195196,341699,222872,193937,169414,2007-10-01
Bristol,http://landregistry.data.gov.uk/id/region/city-of-bristol,E06000023,2007-11,795,monthly,193188,338922,220674,191610,167936,2007-11-01
Bristol,http://landregistry.data.gov.uk/id/region/city-of-bristol,E06000023,2007-12,644,monthly,192339,336682,219443,190671,167489,2007-12-01
Bristol,http://landregistry.data.gov.uk/id/region/city-of-bristol,E06000023,2008-01,463,monthly,191106,335633,218454,189239,166362,2008-01-01
Bristol,http://landregistry.data.gov.uk/id/region/city-of-bristol,E06000023,2008-02,491,monthly,189948,333895,217197,187824,165588,2008-02-01
Bristol,http://landregistry.data.gov.uk/id/region/city-of-bristol,E06000023,2008-03,474,monthly,184184,325399,211110,182087,160309,2008-03-01
Bristol,http://landregistry.data.gov.uk/id/region/city-of-bristol,E06000023,2008-04,552,monthly,182168,322417,208918,180390,158218,2008-04-01
Bristol,http://landregistry.data.gov.uk/id/region/city-of-bristol,E06000023,2008-05,667,monthly,183477,324001,210518,181932,159140,2008-05-01
Bristol,http://landregistry.data.gov.uk/id/region/city-of-bristol,E06000023,2008-06,538,monthly,185328,326121,212607,183936,160678,2008-06-01
Bristol,http://landregistry.data.gov.uk/id/region/city-of-bristol,E06000023,2008-07,481,monthly,182742,320507,209993,181299,158414,2008-07-01
Bristol,http://landregistry.data.gov.uk/id/region/city-of-bristol,E06000023,2008-08,420,monthly,180602,317261,207641,179476,156227,2008-08-01
Bristol,http://landregistry.data.gov.uk/id/region/city-of-bristol,E06000023,2008-09,365,monthly,177822,315012,204305,176491,153927,2008-09-01
Bristol,http://landregistry.data.gov.uk/id/region/city-of-bristol,E06000023,2008-10,404,monthly,173304,307509,198703,171742,150382,2008-10-01
Bristol,http://landregistry.data.gov.uk/id/region/city-of-bristol,E06000023,2008-11,298,monthly,164815,292658,188963,162956,143332,2008-11-01
Bristol,http://landregistry.data.gov.uk/id/region/city-of-bristol,E06000023,2008-12,377,monthly,157697,278698,181146,156309,136742,2008-12-01
Bristol,http://landregistry.data.gov.uk/id/region/city-of-bristol,E06000023,2009-01,257,monthly,154685,274483,177843,153281,134042,2009-01-01
Bristol,http://landregistry.data.gov.uk/id/region/city-of-bristol,E06000023,2009-02,261,monthly,154540,274242,177506,152810,134324,2009-02-01
Bristol,http://landregistry.data.gov.uk/id/region/city-of-bristol,E06000023,2009-03,336,monthly,155920,276127,178513,153594,136326,2009-03-01
Bristol,http://landregistry.data.gov.uk/id/region/city-of-bristol,E06000023,2009-04,384,monthly,153648,269620,175730,151373,134590,2009-04-01
Bristol,http://landregistry.data.gov.uk/id/region/city-of-bristol,E06000023,2009-05,472,monthly,154032,269252,175953,152215,134607,2009-05-01
Bristol,http://landregistry.data.gov.uk/id/region/city-of-bristol,E06000023,2009-06,482,monthly,156086,272649,178583,154800,135687,2009-06-01
Bristol,http://landregistry.data.gov.uk/id/region/city-of-bristol,E06000023,2009-07,585,monthly,158314,277768,181731,157705,136509,2009-07-01
Bristol,http://landregistry.data.gov.uk/id/region/city-of-bristol,E06000023,2009-08,529,monthly,159420,281225,183677,159344,136469,2009-08-01
Bristol,http://landregistry.data.gov.uk/id/region/city-of-bristol,E06000023,2009-09,570,monthly,162250,287090,187265,162407,138428,2009-09-01
Bristol,http://landregistry.data.gov.uk/id/region/city-of-bristol,E06000023,2009-10,594,monthly,164543,292060,190350,164811,140003,2009-10-01
Bristol,http://landregistry.data.gov.uk/id/region/city-of-bristol,E06000023,2009-11,553,monthly,166488,296244,192599,167146,141211,2009-11-01
Bristol,http://landregistry.data.gov.uk/id/region/city-of-bristol,E06000023,2009-12,826,monthly,165629,293811,192042,166702,139911,2009-12-01
Bristol,http://landregistry.data.gov.uk/id/region/city-of-bristol,E06000023,2010-01,271,monthly,168050,299628,195289,169837,140943,2010-01-01
Bristol,http://landregistry.data.gov.uk/id/region/city-of-bristol,E06000023,2010-02,354,monthly,170056,303832,198482,172088,141974,2010-02-01
Bristol,http://landregistry.data.gov.uk/id/region/city-of-bristol,E06000023,2010-03,427,monthly,170566,307218,199146,172378,142580,2010-03-01
Bristol,http://landregistry.data.gov.uk/id/region/city-of-bristol,E06000023,2010-04,489,monthly,169335,303829,197618,170811,142080,2010-04-01
Bristol,http://landregistry.data.gov.uk/id/region/city-of-bristol,E06000023,2010-05,494,monthly,170141,305168,198308,171475,143084,2010-05-01
Bristol,http://landregistry.data.gov.uk/id/region/city-of-bristol,E06000023,2010-06,568,monthly,173127,309895,201897,174994,144966,2010-06-01
Bristol,http://landregistry.data.gov.uk/id/region/city-of-bristol,E06000023,2010-07,581,monthly,176336,317539,205732,178609,147009,2010-07-01
Bristol,http://landregistry.data.gov.uk/id/region/city-of-bristol,E06000023,2010-08,552,monthly,177085,319572,207104,179444,147208,2010-08-01
Bristol,http://landregistry.data.gov.uk/id/region/city-of-bristol,E06000023,2010-09,515,monthly,177293,321998,207566,179530,147249,2010-09-01
Bristol,http://landregistry.data.gov.uk/id/region/city-of-bristol,E06000023,2010-10,519,monthly,175923,319394,206029,177879,146396,2010-10-01
Bristol,http://landregistry.data.gov.uk/id/region/city-of-bristol,E06000023,2010-11,458,monthly,175814,320307,205749,177426,146716,2010-11-01
Bristol,http://landregistry.data.gov.uk/id/region/city-of-bristol,E06000023,2010-12,469,monthly,173624,315727,203501,175027,144982,2010-12-01
Bristol,http://landregistry.data.gov.uk/id/region/city-of-bristol,E06000023,2011-01,335,monthly,172312,314429,201901,173581,143986,2011-01-01
Bristol,http://landregistry.data.gov.uk/id/region/city-of-bristol,E06000023,2011-02,305,monthly,169133,309555,197916,170443,141328,2011-02-01
Bristol,http://landregistry.data.gov.uk/id/region/city-of-bristol,E06000023,2011-03,415,monthly,169873,313387,198559,170973,142137,2011-03-01
Bristol,http://landregistry.data.gov.uk/id/region/city-of-bristol,E06000023,2011-04,427,monthly,171616,316179,200509,172678,143735,2011-04-01
Bristol,http://landregistry.data.gov.uk/id/region/city-of-bristol,E06000023,2011-05,463,monthly,173247,316321,202091,174104,145760,2011-05-01
Bristol,http://landregistry.data.gov.uk/id/region/city-of-bristol,E06000023,2011-06,467,monthly,174959,315643,204006,176057,147256,2011-06-01
Bristol,http://landregistry.data.gov.uk/id/region/city-of-bristol,E06000023,2011-07,567,monthly,175367,314885,204292,176428,147867,2011-07-01
Bristol,http://landregistry.data.gov.uk/id/region/city-of-bristol,E06000023,2011-08,543,monthly,176359,318641,206396,177924,147426,2011-08-01
Bristol,http://landregistry.data.gov.uk/id/region/city-of-bristol,E06000023,2011-09,517,monthly,174159,317129,204037,175983,144955,2011-09-01
Bristol,http://landregistry.data.gov.uk/id/region/city-of-bristol,E06000023,2011-10,527,monthly,174368,319367,205135,176279,144404,2011-10-01
Bristol,http://landregistry.data.gov.uk/id/region/city-of-bristol,E06000023,2011-11,584,monthly,173403,317421,203616,174974,144220,2011-11-01
Bristol,http://landregistry.data.gov.uk/id/region/city-of-bristol,E06000023,2011-12,593,monthly,172900,314826,203093,174160,144245,2011-12-01
Bristol,http://landregistry.data.gov.uk/id/region/city-of-bristol,E06000023,2012-01,411,monthly,172201,312320,202373,173645,143477,2012-01-01
Bristol,http://landregistry.data.gov.uk/id/region/city-of-bristol,E06000023,2012-02,388,monthly,172566,313276,203170,174342,143152,2012-02-01
Bristol,http://landregistry.data.gov.uk/id/region/city-of-bristol,E06000023,2012-03,583,monthly,173261,313981,204072,175222,143503,2012-03-01
Bristol,http://landregistry.data.gov.uk/id/region/city-of-bristol,E06000023,2012-04,373,monthly,174233,315509,204690,176155,144663,2012-04-01
Bristol,http://landregistry.data.gov.uk/id/region/city-of-bristol,E06000023,2012-05,419,monthly,174759,315143,204791,176622,145561,2012-05-01
Bristol,http://landregistry.data.gov.uk/id/region/city-of-bristol,E06000023,2012-06,524,monthly,177126,318732,207018,179474,147262,2012-06-01
Bristol,http://landregistry.data.gov.uk/id/region/city-of-bristol,E06000023,2012-07,528,monthly,178807,321302,209020,181566,148163,2012-07-01
Bristol,http://landregistry.data.gov.uk/id/region/city-of-bristol,E06000023,2012-08,596,monthly,180568,324264,211349,183785,148931,2012-08-01
Bristol,http://landregistry.data.gov.uk/id/region/city-of-bristol,E06000023,2012-09,503,monthly,180889,326227,211987,184076,148991,2012-09-01
Bristol,http://landregistry.data.gov.uk/id/region/city-of-bristol,E06000023,2012-10,540,monthly,178136,321244,208709,181130,146944,2012-10-01
Bristol,http://landregistry.data.gov.uk/id/region/city-of-bristol,E06000023,2012-11,551,monthly,177357,320389,207767,180187,146466,2012-11-01
Bristol,http://landregistry.data.gov.uk/id/region/city-of-bristol,E06000023,2012-12,490,monthly,176814,319853,207360,179486,146061,2012-12-01
Bristol,http://landregistry.data.gov.uk/id/region/city-of-bristol,E06000023,2013-01,319,monthly,177228,321706,208663,180031,145735,2013-01-01
Bristol,http://landregistry.data.gov.uk/id/region/city-of-bristol,E06000023,2013-02,390,monthly,176297,320546,207805,179173,144681,2013-02-01
Bristol,http://landregistry.data.gov.uk/id/region/city-of-bristol,E06000023,2013-03,458,monthly,176360,321519,207996,179081,144782,2013-03-01
Bristol,http://landregistry.data.gov.uk/id/region/city-of-bristol,E06000023,2013-04,444,monthly,177919,323923,209003,180632,146537,2013-04-01
Bristol,http://landregistry.data.gov.uk/id/region/city-of-bristol,E06000023,2013-05,544,monthly,180493,327877,211810,183233,148831,2013-05-01
Bristol,http://landregistry.data.gov.uk/id/region/city-of-bristol,E06000023,2013-06,574,monthly,182224,329172,213882,185419,149844,2013-06-01
Bristol,http://landregistry.data.gov.uk/id/region/city-of-bristol,E06000023,2013-07,693,monthly,183109,329839,214888,186544,150375,2013-07-01
Bristol,http://landregistry.data.gov.uk/id/region/city-of-bristol,E06000023,2013-08,742,monthly,185461,333788,217772,189040,152146,2013-08-01
Bristol,http://landregistry.data.gov.uk/id/region/city-of-bristol,E06000023,2013-09,646,monthly,185960,336762,218387,189405,152565,2013-09-01
Bristol,http://landregistry.data.gov.uk/id/region/city-of-bristol,E06000023,2013-10,675,monthly,188738,343293,222131,191896,154922,2013-10-01
Bristol,http://landregistry.data.gov.uk/id/region/city-of-bristol,E06000023,2013-11,688,monthly,188325,343372,221765,191391,154570,2013-11-01
Bristol,http://landregistry.data.gov.uk/id/region/city-of-bristol,E06000023,2013-12,700,monthly,189156,343038,222894,192197,155359,2013-12-01
Bristol,http://landregistry.data.gov.uk/id/region/city-of-bristol,E06000023,2014-01,605,monthly,190351,345491,224507,193434,156192,2014-01-01
Bristol,http://landregistry.data.gov.uk/id/region/city-of-bristol,E06000023,2014-02,618,monthly,192314,350156,227442,195405,157543,2014-02-01
Bristol,http://landregistry.data.gov.uk/id/region/city-of-bristol,E06000023,2014-03,590,monthly,194269,354316,229926,197171,159245,2014-03-01
Bristol,http://landregistry.data.gov.uk/id/region/city-of-bristol,E06000023,2014-04,605,monthly,196418,357457,232428,199523,160902,2014-04-01
Bristol,http://landregistry.data.gov.uk/id/region/city-of-bristol,E06000023,2014-05,708,monthly,198962,360333,234921,202275,163097,2014-05-01
Bristol,http://landregistry.data.gov.uk/id/region/city-of-bristol,E06000023,2014-06,756,monthly,201867,365428,238401,205533,165190,2014-06-01
Bristol,http://landregistry.data.gov.uk/id/region/city-of-bristol,E06000023,2014-07,783,monthly,204606,370370,241823,208525,167185,2014-07-01
Bristol,http://landregistry.data.gov.uk/id/region/city-of-bristol,E06000023,2014-08,819,monthly,207607,376904,245993,211854,169126,2014-08-01
Bristol,http://landregistry.data.gov.uk/id/region/city-of-bristol,E06000023,2014-09,713,monthly,210875,383665,250117,215360,171508,2014-09-01
Bristol,http://landregistry.data.gov.uk/id/region/city-of-bristol,E06000023,2014-10,841,monthly,212742,387960,252742,217152,172946,2014-10-01
Bristol,http://landregistry.data.gov.uk/id/region/city-of-bristol,E06000023,2014-11,662,monthly,211599,386418,251439,215710,172221,2014-11-01
Bristol,http://landregistry.data.gov.uk/id/region/city-of-bristol,E06000023,2014-12,665,monthly,211410,386282,251139,215110,172453,2014-12-01
Bristol,http://landregistry.data.gov.uk/id/region/city-of-bristol,E06000023,2015-01,582,monthly,210524,384434,249850,213948,172057,2015-01-01
Bristol,http://landregistry.data.gov.uk/id/region/city-of-bristol,E06000023,2015-02,542,monthly,212798,388244,252073,215899,174462,2015-02-01
Bristol,http://landregistry.data.gov.uk/id/region/city-of-bristol,E06000023,2015-03,601,monthly,213870,390495,253315,216623,175750,2015-03-01
Bristol,http://landregistry.data.gov.uk/id/region/city-of-bristol,E06000023,2015-04,527,monthly,215293,393935,255096,218327,176537,2015-04-01
Bristol,http://landregistry.data.gov.uk/id/region/city-of-bristol,E06000023,2015-05,652,monthly,216670,396230,257148,219749,177481,2015-05-01
Bristol,http://landregistry.data.gov.uk/id/region/city-of-bristol,E06000023,2015-06,692,monthly,218579,399743,259911,222428,178008,2015-06-01
Bristol,http://landregistry.data.gov.uk/id/region/city-of-bristol,E06000023,2015-07,834,monthly,221066,403209,263027,224873,180133,2015-07-01
Bristol,http://landregistry.data.gov.uk/id/region/city-of-bristol,E06000023,2015-08,787,monthly,225585,411974,268376,229881,183332,2015-08-01
Bristol,http://landregistry.data.gov.uk/id/region/city-of-bristol,E06000023,2015-09,747,monthly,228767,419952,272061,232872,186109,2015-09-01
Bristol,http://landregistry.data.gov.uk/id/region/city-of-bristol,E06000023,2015-10,737,monthly,231468,426987,275727,235764,187847,2015-10-01
Bristol,http://landregistry.data.gov.uk/id/region/city-of-bristol,E06000023,2015-11,664,monthly,232327,429615,277176,236508,188460,2015-11-01
Bristol,http://landregistry.data.gov.uk/id/region/city-of-bristol,E06000023,2015-12,739,monthly,235957,436179,282081,240238,191150,2015-12-01
Bristol,http://landregistry.data.gov.uk/id/region/city-of-bristol,E06000023,2016-01,543,monthly,238203,439508,285299,242346,193009,2016-01-01
Bristol,http://landregistry.data.gov.uk/id/region/city-of-bristol,E06000023,2016-02,635,monthly,240740,444742,288726,244785,195040,2016-02-01
Bristol,http://landregistry.data.gov.uk/id/region/city-of-bristol,E06000023,2016-03,1002,monthly,243850,450437,291856,247599,198188,2016-03-01
Bristol,http://landregistry.data.gov.uk/id/region/city-of-bristol,E06000023,2016-04,359,monthly,246181,454469,294202,250260,199945,2016-04-01
Bristol,http://landregistry.data.gov.uk/id/region/city-of-bristol,E06000023,2016-05,495,monthly,250028,458367,297768,254228,203602,2016-05-01
Bristol,http://landregistry.data.gov.uk/id/region/city-of-bristol,E06000023,2016-06,644,monthly,251883,460880,300149,256315,204871,2016-06-01
Bristol,http://landregistry.data.gov.uk/id/region/city-of-bristol,E06000023,2016-07,653,monthly,258282,471716,307271,262606,210570,2016-07-01
Bristol,http://landregistry.data.gov.uk/id/region/city-of-bristol,E06000023,2016-08,750,monthly,261726,479545,311538,265949,213397,2016-08-01
Bristol,http://landregistry.data.gov.uk/id/region/city-of-bristol,E06000023,2016-09,776,monthly,263214,482129,313442,267342,214701,2016-09-01
Bristol,http://landregistry.data.gov.uk/id/region/city-of-bristol,E06000023,2016-10,662,monthly,262682,483207,313256,266135,214719,2016-10-01
Bristol,http://landregistry.data.gov.uk/id/region/city-of-bristol,E06000023,2016-11,603,monthly,259406,479425,309678,262222,212451,2016-11-01
Bristol,http://landregistry.data.gov.uk/id/region/city-of-bristol,E06000023,2016-12,651,monthly,259383,480133,309343,261754,213014,2016-12-01
Bristol,http://landregistry.data.gov.uk/id/region/city-of-bristol,E06000023,2017-01,533,monthly,258931,479062,308234,261337,212838,2017-01-01
Bristol,http://landregistry.data.gov.uk/id/region/city-of-bristol,E06000023,2017-02,560,monthly,260702,480921,309397,263079,214750,2017-02-01
Bristol,http://landregistry.data.gov.uk/id/region/city-of-bristol,E06000023,2017-03,650,monthly,260624,480706,309094,262702,215048,2017-03-01
Bristol,http://landregistry.data.gov.uk/id/region/city-of-bristol,E06000023,2017-04,559,monthly,259810,478788,307779,261618,214794,2017-04-01
Bristol,http://landregistry.data.gov.uk/id/region/city-of-bristol,E06000023,2017-05,646,monthly,262509,482196,311461,263981,217276,2017-05-01
Bristol,http://landregistry.data.gov.uk/id/region/city-of-bristol,E06000023,2017-06,665,monthly,264092,482451,312811,265695,218818,2017-06-01
Bristol,http://landregistry.data.gov.uk/id/region/city-of-bristol,E06000023,2017-07,711,monthly,270151,491939,320245,271786,223833,2017-07-01
Bristol,http://landregistry.data.gov.uk/id/region/city-of-bristol,E06000023,2017-08,771,monthly,272960,496870,323583,275316,225474,2017-08-01
Bristol,http://landregistry.data.gov.uk/id/region/city-of-bristol,E06000023,2017-09,660,monthly,276303,504920,328288,278809,227718,2017-09-01
Bristol,http://landregistry.data.gov.uk/id/region/city-of-bristol,E06000023,2017-10,688,monthly,276201,506829,329130,278717,227138,2017-10-01
Bristol,http://landregistry.data.gov.uk/id/region/city-of-bristol,E06000023,2017-11,758,monthly,274509,505180,327941,276828,225527,2017-11-01
Bristol,http://landregistry.data.gov.uk/id/region/city-of-bristol,E06000023,2017-12,633,monthly,274797,505660,329093,277408,225175,2017-12-01
Bristol,http://landregistry.data.gov.uk/id/region/city-of-bristol,E06000023,2018-01,523,monthly,275365,505821,329808,277990,225669,2018-01-01
Bristol,http://landregistry.data.gov.uk/id/region/city-of-bristol,E06000023,2018-02,518,monthly,276788,509151,331627,279635,226561,2018-02-01
Bristol,http://landregistry.data.gov.uk/id/region/city-of-bristol,E06000023,2018-03,634,monthly,276528,508644,331392,279553,226161,2018-03-01
Bristol,http://landregistry.data.gov.uk/id/region/city-of-bristol,E06000023,2018-04,473,monthly,275140,506854,330334,279113,223848,2018-04-01
Bristol,http://landregistry.data.gov.uk/id/region/city-of-bristol,E06000023,2018-05,560,monthly,273390,503938,328955,277745,221748,2018-05-01
Bristol,http://landregistry.data.gov.uk/id/region/city-of-bristol,E06000023,2018-06,592,monthly,274109,506284,330564,278520,221951,2018-06-01
Bristol,http://landregistry.data.gov.uk/id/region/city-of-bristol,E06000023,2018-07,692,monthly,277763,514431,335003,282119,224935,2018-07-01
Bristol,http://landregistry.data.gov.uk/id/region/city-of-bristol,E06000023,2018-08,755,monthly,282807,523948,340908,287384,228946,2018-08-01
Bristol,http://landregistry.data.gov.uk/id/region/city-of-bristol,E06000023,2018-09,522,monthly,284807,528003,342867,289502,230643,2018-09-01
Bristol,http://landregistry.data.gov.uk/id/region/city-of-bristol,E06000023,2018-10,692,monthly,282017,522895,339627,286402,228580,2018-10-01
Bristol,http://landregistry.data.gov.uk/id/region/city-of-bristol,E06000023,2018-11,682,monthly,280824,523210,338969,285353,227042,2018-11-01
Bristol,http://landregistry.data.gov.uk/id/region/city-of-bristol,E06000023,2018-12,636,monthly,280540,523067,339626,284904,226560,2018-12-01
Bristol,http://landregistry.data.gov.uk/id/region/city-of-bristol,E06000023,2019-01,516,monthly,280143,523389,339603,284473,226038,2019-01-01
Bristol,http://landregistry.data.gov.uk/id/region/city-of-bristol,E06000023,2019-02,456,monthly,278034,519038,336880,281692,225007,2019-02-01
Bristol,http://landregistry.data.gov.uk/id/region/city-of-bristol,E06000023,2019-03,538,monthly,276709,516979,335505,280807,223420,2019-03-01
Bristol,http://landregistry.data.gov.uk/id/region/city-of-bristol,E06000023,2019-04,441,monthly,278452,518834,337229,283026,224633,2019-04-01
Bristol,http://landregistry.data.gov.uk/id/region/city-of-bristol,E06000023,2019-05,564,monthly,276878,514263,335612,282404,222458,2019-05-01
Bristol,http://landregistry.data.gov.uk/id/region/city-of-bristol,E06000023,2019-06,502,monthly,275180,510059,333533,280725,221109,2019-06-01
Bristol,http://landregistry.data.gov.uk/id/region/city-of-bristol,E06000023,2019-07,622,monthly,275142,508778,333318,280652,221236,2019-07-01
Bristol,http://landregistry.data.gov.uk/id/region/city-of-bristol,E06000023,2019-08,649,monthly,281223,520335,340743,287192,225786,2019-08-01
Bristol,http://landregistry.data.gov.uk/id/region/city-of-bristol,E06000023,2019-09,597,monthly,286390,529920,346127,292755,229992,2019-09-01
Bristol,http://landregistry.data.gov.uk/id/region/city-of-bristol,E06000023,2019-10,635,monthly,288015,534698,349846,294665,230342,2019-10-01
Bristol,http://landregistry.data.gov.uk/id/region/city-of-bristol,E06000023,2019-11,638,monthly,285827,532090,348373,292314,228194,2019-11-01
Bristol,http://landregistry.data.gov.uk/id/region/city-of-bristol,E06000023,2019-12,543,monthly,284685,531936,348510,291419,226383,2019-12-01
Bristol,http://landregistry.data.gov.uk/id/region/city-of-bristol,E06000023,2020-01,533,monthly,282596,528193,345711,289629,224488,2020-01-01
Bristol,http://landregistry.data.gov.uk/id/region/city-of-bristol,E06000023,2020-02,458,monthly,283290,531063,346500,290713,224593,2020-02-01
Bristol,http://landregistry.data.gov.uk/id/region/city-of-bristol,E06000023,2020-03,482,monthly,283293,531509,346623,290769,224462,2020-03-01
Bristol,http://landregistry.data.gov.uk/id/region/city-of-bristol,E06000023,2020-04,169,monthly,285297,538806,349482,293448,225091,2020-04-01
Bristol,http://landregistry.data.gov.uk/id/region/city-of-bristol,E06000023,2020-05,289,monthly,286720,541400,351265,294318,226750,2020-05-01
Bristol,http://landregistry.data.gov.uk/id/region/city-of-bristol,E06000023,2020-06,355,monthly,290122,546514,355416,298319,229059,2020-06-01
Bristol,http://landregistry.data.gov.uk/id/region/city-of-bristol,E06000023,2020-07,453,monthly,291111,544662,356131,299229,230375,2020-07-01
Bristol,http://landregistry.data.gov.uk/id/region/city-of-bristol,E06000023,2020-08,422,monthly,295380,552452,361805,304671,232615,2020-08-01
Bristol,http://landregistry.data.gov.uk/id/region/city-of-bristol,E06000023,2020-09,453,monthly,297007,557552,364171,306581,233403,2020-09-01
Bristol,http://landregistry.data.gov.uk/id/region/city-of-bristol,E06000023,2020-10,600,monthly,301703,568819,370397,311966,236262,2020-10-01
Bristol,http://landregistry.data.gov.uk/id/region/city-of-bristol,E06000023,2020-11,589,monthly,302855,571377,371186,313369,237207,2020-11-01
Bristol,http://landregistry.data.gov.uk/id/region/city-of-bristol,E06000023,2020-12,659,monthly,306119,577504,375056,317327,239296,2020-12-01
Bristol,http://landregistry.data.gov.uk/id/region/city-of-bristol,E06000023,2021-01,587,monthly,306931,574446,374949,317544,241243,2021-01-01
Bristol,http://landregistry.data.gov.uk/id/region/city-of-bristol,E06000023,2021-02,772,monthly,306973,569460,374097,317263,242219,2021-02-01
Bristol,http://landregistry.data.gov.uk/id/region/city-of-bristol,E06000023,2021-03,1104,monthly,308509,566076,374352,318084,245222,2021-03-01
Bristol,http://landregistry.data.gov.uk/id/region/city-of-bristol,E06000023,2021-04,738,monthly,309842,569126,375982,319577,246106,2021-04-01
Bristol,http://landregistry.data.gov.uk/id/region/city-of-bristol,E06000023,2021-05,551,monthly,310215,571154,376506,319904,246333,2021-05-01
Bristol,http://landregistry.data.gov.uk/id/region/city-of-bristol,E06000023,2021-06,1356,monthly,313467,576185,379961,324225,248226,2021-06-01
Bristol,http://landregistry.data.gov.uk/id/region/city-of-bristol,E06000023,2021-07,382,monthly,307122,567887,372307,316780,243888,2021-07-01
Bristol,http://landregistry.data.gov.uk/id/region/city-of-bristol,E06000023,2021-08,499,monthly,307798,573926,374756,317514,243239,2021-08-01
Bristol,http://landregistry.data.gov.uk/id/region/city-of-bristol,E06000023,2021-09,1115,monthly,304079,571337,371878,313264,239585,2021-09-01
Bristol,http://landregistry.data.gov.uk/id/region/city-of-bristol,E06000023,2021-10,449,monthly,309330,585645,380078,319536,241615,2021-10-01
Bristol,http://landregistry.data.gov.uk/id/region/city-of-bristol,E06000023,2021-11,505,monthly,313153,594162,385035,323492,244380,2021-11-01
Bristol,http://landregistry.data.gov.uk/id/region/city-of-bristol,E06000023,2021-12,622,monthly,315785,602609,389117,326386,245597,2021-12-01
Bristol,http://landregistry.data.gov.uk/id/region/city-of-bristol,E06000023,2022-01,449,monthly,324713,616818,400735,336322,251695,2022-01-01
Bristol,http://landregistry.data.gov.uk/id/region/city-of-bristol,E06000023,2022-02,503,monthly,327760,620834,404408,339505,254249,2022-02-01
Bristol,http://landregistry.data.gov.uk/id/region/city-of-bristol,E06000023,2022-03,608,monthly,333692,633881,413295,345630,257962,2022-03-01
Bristol,http://landregistry.data.gov.uk/id/region/city-of-bristol,E06000023,2022-04,532,monthly,336282,638182,415971,348969,259487,2022-04-01
Bristol,http://landregistry.data.gov.uk/id/region/city-of-bristol,E06000023,2022-05,499,monthly,340776,646833,422268,354606,261451,2022-05-01
Bristol,http://landregistry.data.gov.uk/id/region/city-of-bristol,E06000023,2022-06,532,monthly,338344,639796,418372,352728,259406,2022-06-01
Bristol,http://landregistry.data.gov.uk/id/region/city-of-bristol,E06000023,2022-07,569,monthly,342263,645044,423593,357108,262050,2022-07-01
Bristol,http://landregistry.data.gov.uk/id/region/city-of-bristol,E06000023,2022-08,606,monthly,345658,649671,427701,361521,263813,2022-08-01
Bristol,http://landregistry.data.gov.uk/id/region/city-of-bristol,E06000023,2022-09,649,monthly,354921,668037,439677,371660,270055,2022-09-01
Bristol,http://landregistry.data.gov.uk/id/region/city-of-bristol,E06000023,2022-10,604,monthly,356677,673706,442598,373655,270700,2022-10-01
Bristol,http://landregistry.data.gov.uk/id/region/city-of-bristol,E06000023,2022-11,592,monthly,358350,679434,445621,375382,271386,2022-11-01
Bristol,http://landregistry.data.gov.uk/id/region/city-of-bristol,E06000023,2022-12,552,monthly,355809,674518,443018,372936,268966,2022-12-01
Bristol,http://landregistry.data.gov.uk/id/region/city-of-bristol,E06000023,2023-01,401,monthly,351605,667302,438118,368622,265477,2023-01-01
Bristol,http://landregistry.data.gov.uk/id/region/city-of-bristol,E06000023,2023-02,419,monthly,350548,665610,436468,366821,265502,2023-02-01
Bristol,http://landregistry.data.gov.uk/id/region/city-of-bristol,E06000023,2023-03,421,monthly,348077,664511,433988,363058,264327,2023-03-01
Bristol,http://landregistry.data.gov.uk/id/region/city-of-bristol,E06000023,2023-04,348,monthly,342140,653558,425998,356198,260682,2023-04-01
Bristol,http://landregistry.data.gov.uk/id/region/city-of-bristol,E06000023,2023-05,359,monthly,337861,643978,419551,351255,258450,2023-05-01
Bristol,http://landregistry.data.gov.uk/id/region/city-of-bristol,E06000023,2023-06,402,monthly,335159,635963,414574,348939,256757,2023-06-01
Bristol,http://landregistry.data.gov.uk/id/region/city-of-bristol,E06000023,2023-07,473,monthly,341298,645367,422702,355990,260743,2023-07-01
Bristol,http://landregistry.data.gov.uk/id/region/city-of-bristol,E06000023,2023-08,518,monthly,344479,651637,427955,360391,261562,2023-08-01
Bristol,http://landregistry.data.gov.uk/id/region/city-of-bristol,E06000023,2023-09,433,monthly,348180,659265,433430,364962,263298,2023-09-01
Bristol,http://landregistry.data.gov.uk/id/region/city-of-bristol,E06000023,2023-10,436,monthly,351035,664201,436998,367523,265897,2023-10-01
Bristol,http://landregistry.data.gov.uk/id/region/city-of-bristol,E06000023,2023-11,433,monthly,350874,665511,437154,366483,266367,2023-11-01
Bristol,http://landregistry.data.gov.uk/id/region/city-of-bristol,E06000023,2023-12,328,monthly,350175,662991,436696,365093,266374,2023-12-01
Bristol,http://landregistry.data.gov.uk/id/region/city-of-bristol,E06000023,2024-01,258,monthly,343819,651053,428363,358943,261241,2024-01-01
Bristol,http://landregistry.data.gov.uk/id/region/city-of-bristol,E06000023,2024-02,168,monthly,340371,642774,423269,355113,259370,2024-02-01
Bristol,http://landregistry.data.gov.uk/id/region/city-of-bristol,E06000023,2024-03,,monthly,342249,644839,424388,356126,262465,2024-03-01
Bristol,http://landregistry.data.gov.uk/id/region/city-of-bristol,E06000023,2024-04,,monthly,347174,650966,430472,360779,266974,2024-04-01
