"Name","URI","Region GSS code","Period","Sales volume","Reporting period","Average price All property types","Average price Detached houses","Average price Semi-detached houses","Average price Terraced houses","Average price Flats and maisonettes","Pivotable date"
Bromley,http://landregistry.data.gov.uk/id/region/bromley,E09000006,2004-01,531,monthly,224284,435140,260620,188629,165531,2004-01-01
Bromley,http://landregistry.data.gov.uk/id/region/bromley,E09000006,2004-02,539,monthly,227847,441545,264295,191885,168260,2004-02-01
Bromley,http://landregistry.data.gov.uk/id/region/bromley,E09000006,2004-03,645,monthly,229637,445585,265837,193518,169566,2004-03-01
Bromley,http://landregistry.data.gov.uk/id/region/bromley,E09000006,2004-04,672,monthly,232599,447321,269007,196934,171827,2004-04-01
Bromley,http://landregistry.data.gov.uk/id/region/bromley,E09000006,2004-05,682,monthly,231873,440639,267860,197050,171744,2004-05-01
Bromley,http://landregistry.data.gov.uk/id/region/bromley,E09000006,2004-06,786,monthly,232688,438899,268736,198126,172625,2004-06-01
Bromley,http://landregistry.data.gov.uk/id/region/bromley,E09000006,2004-07,755,monthly,233160,439593,269751,198598,172734,2004-07-01
Bromley,http://landregistry.data.gov.uk/id/region/bromley,E09000006,2004-08,719,monthly,237290,450362,274543,201945,175433,2004-08-01
Bromley,http://landregistry.data.gov.uk/id/region/bromley,E09000006,2004-09,611,monthly,239175,456407,277281,203407,176267,2004-09-01
Bromley,http://landregistry.data.gov.uk/id/region/bromley,E09000006,2004-10,538,monthly,240650,458483,277950,204460,178111,2004-10-01
Bromley,http://landregistry.data.gov.uk/id/region/bromley,E09000006,2004-11,518,monthly,240439,456748,277494,204291,178261,2004-11-01
Bromley,http://landregistry.data.gov.uk/id/region/bromley,E09000006,2004-12,537,monthly,243910,460398,280573,207663,181442,2004-12-01
Bromley,http://landregistry.data.gov.uk/id/region/bromley,E09000006,2005-01,346,monthly,243767,460736,280010,207816,181227,2005-01-01
Bromley,http://landregistry.data.gov.uk/id/region/bromley,E09000006,2005-02,335,monthly,242397,459054,278727,206692,179865,2005-02-01
Bromley,http://landregistry.data.gov.uk/id/region/bromley,E09000006,2005-03,411,monthly,238904,453597,275136,203912,176737,2005-03-01
Bromley,http://landregistry.data.gov.uk/id/region/bromley,E09000006,2005-04,518,monthly,238928,451737,275817,204452,176369,2005-04-01
Bromley,http://landregistry.data.gov.uk/id/region/bromley,E09000006,2005-05,483,monthly,241306,454337,278151,206997,178288,2005-05-01
Bromley,http://landregistry.data.gov.uk/id/region/bromley,E09000006,2005-06,623,monthly,242091,453599,278887,208147,178989,2005-06-01
Bromley,http://landregistry.data.gov.uk/id/region/bromley,E09000006,2005-07,605,monthly,240890,452234,277935,207148,177717,2005-07-01
Bromley,http://landregistry.data.gov.uk/id/region/bromley,E09000006,2005-08,615,monthly,239541,450762,276361,206330,176321,2005-08-01
Bromley,http://landregistry.data.gov.uk/id/region/bromley,E09000006,2005-09,591,monthly,237971,450519,274805,204933,174622,2005-09-01
Bromley,http://landregistry.data.gov.uk/id/region/bromley,E09000006,2005-10,563,monthly,237522,448958,273532,204548,174788,2005-10-01
Bromley,http://landregistry.data.gov.uk/id/region/bromley,E09000006,2005-11,565,monthly,236593,446014,272709,203745,174174,2005-11-01
Bromley,http://landregistry.data.gov.uk/id/region/bromley,E09000006,2005-12,680,monthly,237525,444305,273040,204654,175740,2005-12-01
Bromley,http://landregistry.data.gov.uk/id/region/bromley,E09000006,2006-01,517,monthly,240255,450683,276196,207312,177334,2006-01-01
Bromley,http://landregistry.data.gov.uk/id/region/bromley,E09000006,2006-02,529,monthly,241718,452969,277360,208629,178730,2006-02-01
Bromley,http://landregistry.data.gov.uk/id/region/bromley,E09000006,2006-03,672,monthly,243141,458194,279611,210135,178861,2006-03-01
Bromley,http://landregistry.data.gov.uk/id/region/bromley,E09000006,2006-04,570,monthly,243914,457667,280502,211162,179524,2006-04-01
Bromley,http://landregistry.data.gov.uk/id/region/bromley,E09000006,2006-05,682,monthly,244571,459704,281509,211768,179716,2006-05-01
Bromley,http://landregistry.data.gov.uk/id/region/bromley,E09000006,2006-06,824,monthly,247109,463950,284322,214001,181702,2006-06-01
Bromley,http://landregistry.data.gov.uk/id/region/bromley,E09000006,2006-07,806,monthly,249778,470304,287801,216481,183118,2006-07-01
Bromley,http://landregistry.data.gov.uk/id/region/bromley,E09000006,2006-08,856,monthly,253406,477749,292191,220049,185281,2006-08-01
Bromley,http://landregistry.data.gov.uk/id/region/bromley,E09000006,2006-09,705,monthly,254676,482300,294039,221042,185726,2006-09-01
Bromley,http://landregistry.data.gov.uk/id/region/bromley,E09000006,2006-10,684,monthly,257319,487456,296743,223082,187972,2006-10-01
Bromley,http://landregistry.data.gov.uk/id/region/bromley,E09000006,2006-11,730,monthly,258908,490468,298771,224382,189086,2006-11-01
Bromley,http://landregistry.data.gov.uk/id/region/bromley,E09000006,2006-12,792,monthly,261506,493328,301185,227050,191348,2006-12-01
Bromley,http://landregistry.data.gov.uk/id/region/bromley,E09000006,2007-01,611,monthly,261809,494709,301786,227351,191281,2007-01-01
Bromley,http://landregistry.data.gov.uk/id/region/bromley,E09000006,2007-02,585,monthly,263864,498798,303691,228679,193240,2007-02-01
Bromley,http://landregistry.data.gov.uk/id/region/bromley,E09000006,2007-03,735,monthly,264642,501966,305005,229332,193326,2007-03-01
Bromley,http://landregistry.data.gov.uk/id/region/bromley,E09000006,2007-04,628,monthly,269445,509623,310085,234079,196938,2007-04-01
Bromley,http://landregistry.data.gov.uk/id/region/bromley,E09000006,2007-05,666,monthly,271768,512303,312612,236740,198612,2007-05-01
Bromley,http://landregistry.data.gov.uk/id/region/bromley,E09000006,2007-06,817,monthly,275274,518403,316393,239891,201319,2007-06-01
Bromley,http://landregistry.data.gov.uk/id/region/bromley,E09000006,2007-07,738,monthly,278325,527210,320411,242192,203006,2007-07-01
Bromley,http://landregistry.data.gov.uk/id/region/bromley,E09000006,2007-08,812,monthly,282066,537442,325281,245736,204756,2007-08-01
Bromley,http://landregistry.data.gov.uk/id/region/bromley,E09000006,2007-09,618,monthly,285816,547614,329854,248569,207105,2007-09-01
Bromley,http://landregistry.data.gov.uk/id/region/bromley,E09000006,2007-10,658,monthly,288143,552247,331775,250368,209239,2007-10-01
Bromley,http://landregistry.data.gov.uk/id/region/bromley,E09000006,2007-11,661,monthly,291784,560357,335632,252868,212239,2007-11-01
Bromley,http://landregistry.data.gov.uk/id/region/bromley,E09000006,2007-12,439,monthly,293824,561388,337660,254843,214240,2007-12-01
Bromley,http://landregistry.data.gov.uk/id/region/bromley,E09000006,2008-01,337,monthly,293098,561797,336996,253915,213509,2008-01-01
Bromley,http://landregistry.data.gov.uk/id/region/bromley,E09000006,2008-02,399,monthly,290151,556564,333994,251376,211060,2008-02-01
Bromley,http://landregistry.data.gov.uk/id/region/bromley,E09000006,2008-03,341,monthly,286080,551833,330098,248013,207073,2008-03-01
Bromley,http://landregistry.data.gov.uk/id/region/bromley,E09000006,2008-04,371,monthly,284105,549350,328228,246862,204958,2008-04-01
Bromley,http://landregistry.data.gov.uk/id/region/bromley,E09000006,2008-05,360,monthly,283807,548938,327997,246968,204456,2008-05-01
Bromley,http://landregistry.data.gov.uk/id/region/bromley,E09000006,2008-06,364,monthly,282386,546247,326327,245760,203419,2008-06-01
Bromley,http://landregistry.data.gov.uk/id/region/bromley,E09000006,2008-07,314,monthly,280338,542902,324537,243615,201825,2008-07-01
Bromley,http://landregistry.data.gov.uk/id/region/bromley,E09000006,2008-08,305,monthly,275720,535396,319139,239186,198583,2008-08-01
Bromley,http://landregistry.data.gov.uk/id/region/bromley,E09000006,2008-09,234,monthly,271187,530617,313582,234618,195318,2008-09-01
Bromley,http://landregistry.data.gov.uk/id/region/bromley,E09000006,2008-10,270,monthly,266247,520824,307007,229888,192430,2008-10-01
Bromley,http://landregistry.data.gov.uk/id/region/bromley,E09000006,2008-11,202,monthly,262054,514133,302210,226138,189266,2008-11-01
Bromley,http://landregistry.data.gov.uk/id/region/bromley,E09000006,2008-12,232,monthly,257557,502376,297188,222824,185985,2008-12-01
Bromley,http://landregistry.data.gov.uk/id/region/bromley,E09000006,2009-01,168,monthly,255177,498890,294510,220598,184188,2009-01-01
Bromley,http://landregistry.data.gov.uk/id/region/bromley,E09000006,2009-02,158,monthly,249378,485795,287828,215196,180612,2009-02-01
Bromley,http://landregistry.data.gov.uk/id/region/bromley,E09000006,2009-03,195,monthly,245444,477875,283072,211311,178333,2009-03-01
Bromley,http://landregistry.data.gov.uk/id/region/bromley,E09000006,2009-04,230,monthly,241376,465532,278827,208449,175503,2009-04-01
Bromley,http://landregistry.data.gov.uk/id/region/bromley,E09000006,2009-05,260,monthly,242635,466686,280220,210431,175987,2009-05-01
Bromley,http://landregistry.data.gov.uk/id/region/bromley,E09000006,2009-06,299,monthly,246416,473364,284999,214441,177960,2009-06-01
Bromley,http://landregistry.data.gov.uk/id/region/bromley,E09000006,2009-07,414,monthly,248500,479566,288204,216772,177999,2009-07-01
Bromley,http://landregistry.data.gov.uk/id/region/bromley,E09000006,2009-08,393,monthly,248667,482324,289114,217067,176961,2009-08-01
Bromley,http://landregistry.data.gov.uk/id/region/bromley,E09000006,2009-09,435,monthly,251137,489063,292468,219207,177972,2009-09-01
Bromley,http://landregistry.data.gov.uk/id/region/bromley,E09000006,2009-10,466,monthly,254478,496638,296473,222115,180036,2009-10-01
Bromley,http://landregistry.data.gov.uk/id/region/bromley,E09000006,2009-11,386,monthly,257048,501657,299206,225025,181488,2009-11-01
Bromley,http://landregistry.data.gov.uk/id/region/bromley,E09000006,2009-12,502,monthly,258655,502375,301134,227305,182401,2009-12-01
Bromley,http://landregistry.data.gov.uk/id/region/bromley,E09000006,2010-01,299,monthly,260714,507542,304653,229262,182737,2010-01-01
Bromley,http://landregistry.data.gov.uk/id/region/bromley,E09000006,2010-02,301,monthly,263217,513131,309132,231417,183372,2010-02-01
Bromley,http://landregistry.data.gov.uk/id/region/bromley,E09000006,2010-03,318,monthly,264769,520152,311368,231983,183952,2010-03-01
Bromley,http://landregistry.data.gov.uk/id/region/bromley,E09000006,2010-04,353,monthly,266897,523015,313452,234018,185874,2010-04-01
Bromley,http://landregistry.data.gov.uk/id/region/bromley,E09000006,2010-05,355,monthly,270820,529763,317336,237484,189275,2010-05-01
Bromley,http://landregistry.data.gov.uk/id/region/bromley,E09000006,2010-06,441,monthly,272609,532552,319680,239650,190085,2010-06-01
Bromley,http://landregistry.data.gov.uk/id/region/bromley,E09000006,2010-07,456,monthly,273808,538507,320988,240883,190074,2010-07-01
Bromley,http://landregistry.data.gov.uk/id/region/bromley,E09000006,2010-08,416,monthly,276104,545069,324823,242666,190634,2010-08-01
Bromley,http://landregistry.data.gov.uk/id/region/bromley,E09000006,2010-09,381,monthly,276890,550080,326157,243012,190401,2010-09-01
Bromley,http://landregistry.data.gov.uk/id/region/bromley,E09000006,2010-10,371,monthly,276380,548258,326056,242388,190024,2010-10-01
Bromley,http://landregistry.data.gov.uk/id/region/bromley,E09000006,2010-11,336,monthly,275528,547838,324473,241242,189825,2010-11-01
Bromley,http://landregistry.data.gov.uk/id/region/bromley,E09000006,2010-12,352,monthly,274853,545414,323992,240470,189517,2010-12-01
Bromley,http://landregistry.data.gov.uk/id/region/bromley,E09000006,2011-01,230,monthly,275141,549160,324132,240291,189480,2011-01-01
Bromley,http://landregistry.data.gov.uk/id/region/bromley,E09000006,2011-02,310,monthly,271384,545354,319399,236704,186517,2011-02-01
Bromley,http://landregistry.data.gov.uk/id/region/bromley,E09000006,2011-03,308,monthly,270666,548836,317959,235697,185622,2011-03-01
Bromley,http://landregistry.data.gov.uk/id/region/bromley,E09000006,2011-04,354,monthly,271214,548793,318459,236233,186299,2011-04-01
Bromley,http://landregistry.data.gov.uk/id/region/bromley,E09000006,2011-05,297,monthly,276408,552387,324770,241266,190907,2011-05-01
Bromley,http://landregistry.data.gov.uk/id/region/bromley,E09000006,2011-06,378,monthly,275254,542986,324106,240889,190789,2011-06-01
Bromley,http://landregistry.data.gov.uk/id/region/bromley,E09000006,2011-07,439,monthly,275526,541024,324567,241399,191248,2011-07-01
Bromley,http://landregistry.data.gov.uk/id/region/bromley,E09000006,2011-08,395,monthly,272637,539253,322327,239030,187520,2011-08-01
Bromley,http://landregistry.data.gov.uk/id/region/bromley,E09000006,2011-09,389,monthly,276108,550733,326375,241963,188995,2011-09-01
Bromley,http://landregistry.data.gov.uk/id/region/bromley,E09000006,2011-10,360,monthly,277282,555521,328738,242718,188847,2011-10-01
Bromley,http://landregistry.data.gov.uk/id/region/bromley,E09000006,2011-11,387,monthly,278025,557312,328759,242985,190097,2011-11-01
Bromley,http://landregistry.data.gov.uk/id/region/bromley,E09000006,2011-12,488,monthly,278849,554670,329995,243896,191311,2011-12-01
Bromley,http://landregistry.data.gov.uk/id/region/bromley,E09000006,2012-01,337,monthly,276025,546664,326966,242068,189247,2012-01-01
Bromley,http://landregistry.data.gov.uk/id/region/bromley,E09000006,2012-02,339,monthly,278474,552411,330456,244790,190004,2012-02-01
Bromley,http://landregistry.data.gov.uk/id/region/bromley,E09000006,2012-03,429,monthly,276014,547279,327153,242988,188169,2012-03-01
Bromley,http://landregistry.data.gov.uk/id/region/bromley,E09000006,2012-04,276,monthly,277342,549133,327882,244030,189743,2012-04-01
Bromley,http://landregistry.data.gov.uk/id/region/bromley,E09000006,2012-05,384,monthly,277756,546366,327990,244495,190791,2012-05-01
Bromley,http://landregistry.data.gov.uk/id/region/bromley,E09000006,2012-06,454,monthly,281963,554407,332886,248968,193225,2012-06-01
Bromley,http://landregistry.data.gov.uk/id/region/bromley,E09000006,2012-07,459,monthly,284387,560767,335732,251430,194384,2012-07-01
Bromley,http://landregistry.data.gov.uk/id/region/bromley,E09000006,2012-08,520,monthly,286912,566660,338948,254392,195315,2012-08-01
Bromley,http://landregistry.data.gov.uk/id/region/bromley,E09000006,2012-09,347,monthly,284967,565208,336834,252219,193776,2012-09-01
Bromley,http://landregistry.data.gov.uk/id/region/bromley,E09000006,2012-10,464,monthly,286087,565845,338239,253483,194589,2012-10-01
Bromley,http://landregistry.data.gov.uk/id/region/bromley,E09000006,2012-11,454,monthly,285692,564948,337596,253032,194500,2012-11-01
Bromley,http://landregistry.data.gov.uk/id/region/bromley,E09000006,2012-12,382,monthly,288682,570376,341337,256058,196254,2012-12-01
Bromley,http://landregistry.data.gov.uk/id/region/bromley,E09000006,2013-01,302,monthly,286846,569157,340118,254083,194331,2013-01-01
Bromley,http://landregistry.data.gov.uk/id/region/bromley,E09000006,2013-02,303,monthly,285701,568644,339204,252815,193193,2013-02-01
Bromley,http://landregistry.data.gov.uk/id/region/bromley,E09000006,2013-03,310,monthly,284151,566981,337328,250754,192387,2013-03-01
Bromley,http://landregistry.data.gov.uk/id/region/bromley,E09000006,2013-04,342,monthly,287190,571967,339680,254074,194853,2013-04-01
Bromley,http://landregistry.data.gov.uk/id/region/bromley,E09000006,2013-05,475,monthly,289506,575281,342089,256264,196736,2013-05-01
Bromley,http://landregistry.data.gov.uk/id/region/bromley,E09000006,2013-06,434,monthly,294243,583029,347792,261165,199734,2013-06-01
Bromley,http://landregistry.data.gov.uk/id/region/bromley,E09000006,2013-07,536,monthly,297145,588451,351705,263712,201535,2013-07-01
Bromley,http://landregistry.data.gov.uk/id/region/bromley,E09000006,2013-08,567,monthly,301769,597741,357703,268052,204222,2013-08-01
Bromley,http://landregistry.data.gov.uk/id/region/bromley,E09000006,2013-09,508,monthly,303569,604007,359843,269318,205167,2013-09-01
Bromley,http://landregistry.data.gov.uk/id/region/bromley,E09000006,2013-10,563,monthly,306433,610443,363635,271613,206929,2013-10-01
Bromley,http://landregistry.data.gov.uk/id/region/bromley,E09000006,2013-11,624,monthly,309176,615076,366804,274076,208955,2013-11-01
Bromley,http://landregistry.data.gov.uk/id/region/bromley,E09000006,2013-12,522,monthly,314302,620215,373038,279198,212887,2013-12-01
Bromley,http://landregistry.data.gov.uk/id/region/bromley,E09000006,2014-01,520,monthly,315709,622671,374545,280415,214003,2014-01-01
Bromley,http://landregistry.data.gov.uk/id/region/bromley,E09000006,2014-02,521,monthly,318486,628968,377838,282886,215773,2014-02-01
Bromley,http://landregistry.data.gov.uk/id/region/bromley,E09000006,2014-03,443,monthly,319079,631251,378509,283140,216116,2014-03-01
Bromley,http://landregistry.data.gov.uk/id/region/bromley,E09000006,2014-04,487,monthly,327863,647626,388549,291543,222045,2014-04-01
Bromley,http://landregistry.data.gov.uk/id/region/bromley,E09000006,2014-05,484,monthly,336866,662552,398849,300229,228360,2014-05-01
Bromley,http://landregistry.data.gov.uk/id/region/bromley,E09000006,2014-06,511,monthly,347891,683262,412098,310436,235711,2014-06-01
Bromley,http://landregistry.data.gov.uk/id/region/bromley,E09000006,2014-07,587,monthly,357092,700944,423918,318894,241532,2014-07-01
Bromley,http://landregistry.data.gov.uk/id/region/bromley,E09000006,2014-08,618,monthly,362181,712989,431027,323462,244257,2014-08-01
Bromley,http://landregistry.data.gov.uk/id/region/bromley,E09000006,2014-09,490,monthly,369784,730027,440500,330139,248974,2014-09-01
Bromley,http://landregistry.data.gov.uk/id/region/bromley,E09000006,2014-10,578,monthly,372018,734454,443060,331777,250695,2014-10-01
Bromley,http://landregistry.data.gov.uk/id/region/bromley,E09000006,2014-11,429,monthly,374420,739386,445573,333376,252689,2014-11-01
Bromley,http://landregistry.data.gov.uk/id/region/bromley,E09000006,2014-12,501,monthly,372899,735589,443288,331692,252127,2014-12-01
Bromley,http://landregistry.data.gov.uk/id/region/bromley,E09000006,2015-01,418,monthly,372856,735482,443335,331314,252236,2015-01-01
Bromley,http://landregistry.data.gov.uk/id/region/bromley,E09000006,2015-02,402,monthly,370458,731010,439834,328894,250996,2015-02-01
Bromley,http://landregistry.data.gov.uk/id/region/bromley,E09000006,2015-03,410,monthly,369932,730613,439431,327891,250788,2015-03-01
Bromley,http://landregistry.data.gov.uk/id/region/bromley,E09000006,2015-04,463,monthly,370450,732082,439616,328890,250933,2015-04-01
Bromley,http://landregistry.data.gov.uk/id/region/bromley,E09000006,2015-05,516,monthly,377118,742999,448057,335109,255440,2015-05-01
Bromley,http://landregistry.data.gov.uk/id/region/bromley,E09000006,2015-06,475,monthly,382266,752504,454895,341018,257945,2015-06-01
Bromley,http://landregistry.data.gov.uk/id/region/bromley,E09000006,2015-07,649,monthly,384313,755136,457931,342933,259259,2015-07-01
Bromley,http://landregistry.data.gov.uk/id/region/bromley,E09000006,2015-08,548,monthly,389249,765715,464275,347927,261888,2015-08-01
Bromley,http://landregistry.data.gov.uk/id/region/bromley,E09000006,2015-09,539,monthly,393831,778303,469425,351185,264971,2015-09-01
Bromley,http://landregistry.data.gov.uk/id/region/bromley,E09000006,2015-10,601,monthly,401827,795595,479407,358339,269881,2015-10-01
Bromley,http://landregistry.data.gov.uk/id/region/bromley,E09000006,2015-11,503,monthly,404754,802595,483267,360620,271669,2015-11-01
Bromley,http://landregistry.data.gov.uk/id/region/bromley,E09000006,2015-12,530,monthly,411124,813987,491297,366563,275819,2015-12-01
Bromley,http://landregistry.data.gov.uk/id/region/bromley,E09000006,2016-01,412,monthly,413460,817974,494952,368230,277369,2016-01-01
Bromley,http://landregistry.data.gov.uk/id/region/bromley,E09000006,2016-02,393,monthly,416897,826049,499111,371022,279589,2016-02-01
Bromley,http://landregistry.data.gov.uk/id/region/bromley,E09000006,2016-03,743,monthly,418642,830813,500819,371807,281147,2016-03-01
Bromley,http://landregistry.data.gov.uk/id/region/bromley,E09000006,2016-04,341,monthly,422301,835962,503558,376166,284036,2016-04-01
Bromley,http://landregistry.data.gov.uk/id/region/bromley,E09000006,2016-05,402,monthly,425210,834740,505493,379388,287528,2016-05-01
Bromley,http://landregistry.data.gov.uk/id/region/bromley,E09000006,2016-06,428,monthly,432272,844631,512958,386648,292845,2016-06-01
Bromley,http://landregistry.data.gov.uk/id/region/bromley,E09000006,2016-07,441,monthly,439331,859048,521785,392350,297676,2016-07-01
Bromley,http://landregistry.data.gov.uk/id/region/bromley,E09000006,2016-08,434,monthly,443018,869055,526632,395336,299646,2016-08-01
Bromley,http://landregistry.data.gov.uk/id/region/bromley,E09000006,2016-09,385,monthly,438327,859983,522331,390646,296189,2016-09-01
Bromley,http://landregistry.data.gov.uk/id/region/bromley,E09000006,2016-10,447,monthly,430090,845135,512511,381787,291284,2016-10-01
Bromley,http://landregistry.data.gov.uk/id/region/bromley,E09000006,2016-11,363,monthly,427363,843195,509346,378009,289595,2016-11-01
Bromley,http://landregistry.data.gov.uk/id/region/bromley,E09000006,2016-12,458,monthly,429187,847620,510378,379005,291549,2016-12-01
Bromley,http://landregistry.data.gov.uk/id/region/bromley,E09000006,2017-01,344,monthly,436538,862121,518699,385964,296452,2017-01-01
Bromley,http://landregistry.data.gov.uk/id/region/bromley,E09000006,2017-02,313,monthly,436075,857898,516708,385490,297338,2017-02-01
Bromley,http://landregistry.data.gov.uk/id/region/bromley,E09000006,2017-03,414,monthly,435582,856737,515785,384693,297372,2017-03-01
Bromley,http://landregistry.data.gov.uk/id/region/bromley,E09000006,2017-04,330,monthly,435137,856433,514029,383868,297742,2017-04-01
Bromley,http://landregistry.data.gov.uk/id/region/bromley,E09000006,2017-05,368,monthly,440152,863833,520562,388073,301445,2017-05-01
Bromley,http://landregistry.data.gov.uk/id/region/bromley,E09000006,2017-06,478,monthly,443763,866817,524384,391908,304428,2017-06-01
Bromley,http://landregistry.data.gov.uk/id/region/bromley,E09000006,2017-07,427,monthly,445258,865799,527064,393150,305753,2017-07-01
Bromley,http://landregistry.data.gov.uk/id/region/bromley,E09000006,2017-08,504,monthly,444117,865993,526057,393137,303860,2017-08-01
Bromley,http://landregistry.data.gov.uk/id/region/bromley,E09000006,2017-09,425,monthly,443953,869823,526970,392631,302788,2017-09-01
Bromley,http://landregistry.data.gov.uk/id/region/bromley,E09000006,2017-10,418,monthly,443294,871927,526971,392200,301359,2017-10-01
Bromley,http://landregistry.data.gov.uk/id/region/bromley,E09000006,2017-11,381,monthly,445251,875488,530103,393534,302614,2017-11-01
Bromley,http://landregistry.data.gov.uk/id/region/bromley,E09000006,2017-12,404,monthly,445504,874746,530679,394506,302455,2017-12-01
Bromley,http://landregistry.data.gov.uk/id/region/bromley,E09000006,2018-01,299,monthly,446737,875830,532337,395665,303393,2018-01-01
Bromley,http://landregistry.data.gov.uk/id/region/bromley,E09000006,2018-02,314,monthly,445944,875848,531457,395394,302358,2018-02-01
Bromley,http://landregistry.data.gov.uk/id/region/bromley,E09000006,2018-03,391,monthly,441430,866970,527399,391874,298573,2018-03-01
Bromley,http://landregistry.data.gov.uk/id/region/bromley,E09000006,2018-04,374,monthly,440859,866050,527692,393033,296956,2018-04-01
Bromley,http://landregistry.data.gov.uk/id/region/bromley,E09000006,2018-05,354,monthly,437880,861064,525773,391280,293742,2018-05-01
Bromley,http://landregistry.data.gov.uk/id/region/bromley,E09000006,2018-06,407,monthly,436971,860977,525361,390035,292837,2018-06-01
Bromley,http://landregistry.data.gov.uk/id/region/bromley,E09000006,2018-07,411,monthly,440996,873279,530051,393104,295222,2018-07-01
Bromley,http://landregistry.data.gov.uk/id/region/bromley,E09000006,2018-08,532,monthly,444573,881592,533811,396147,297718,2018-08-01
Bromley,http://landregistry.data.gov.uk/id/region/bromley,E09000006,2018-09,363,monthly,449293,893472,539511,400675,300350,2018-09-01
Bromley,http://landregistry.data.gov.uk/id/region/bromley,E09000006,2018-10,432,monthly,447561,890004,537609,398810,299283,2018-10-01
Bromley,http://landregistry.data.gov.uk/id/region/bromley,E09000006,2018-11,424,monthly,445383,889787,535748,396877,296952,2018-11-01
Bromley,http://landregistry.data.gov.uk/id/region/bromley,E09000006,2018-12,347,monthly,443372,883541,533430,394754,296052,2018-12-01
Bromley,http://landregistry.data.gov.uk/id/region/bromley,E09000006,2019-01,280,monthly,440624,879114,530742,391992,293985,2019-01-01
Bromley,http://landregistry.data.gov.uk/id/region/bromley,E09000006,2019-02,340,monthly,439716,875113,529153,390598,294199,2019-02-01
Bromley,http://landregistry.data.gov.uk/id/region/bromley,E09000006,2019-03,341,monthly,435996,868105,524895,387774,291327,2019-03-01
Bromley,http://landregistry.data.gov.uk/id/region/bromley,E09000006,2019-04,349,monthly,431653,856906,519223,385222,288295,2019-04-01
Bromley,http://landregistry.data.gov.uk/id/region/bromley,E09000006,2019-05,372,monthly,427671,846967,515308,382931,284884,2019-05-01
Bromley,http://landregistry.data.gov.uk/id/region/bromley,E09000006,2019-06,350,monthly,429176,849183,517506,384606,285663,2019-06-01
Bromley,http://landregistry.data.gov.uk/id/region/bromley,E09000006,2019-07,498,monthly,433306,856168,522771,388108,288588,2019-07-01
Bromley,http://landregistry.data.gov.uk/id/region/bromley,E09000006,2019-08,489,monthly,440964,873393,532412,395414,292941,2019-08-01
Bromley,http://landregistry.data.gov.uk/id/region/bromley,E09000006,2019-09,387,monthly,441605,875982,532008,396388,293445,2019-09-01
Bromley,http://landregistry.data.gov.uk/id/region/bromley,E09000006,2019-10,459,monthly,439238,873570,530651,394000,291012,2019-10-01
Bromley,http://landregistry.data.gov.uk/id/region/bromley,E09000006,2019-11,424,monthly,436680,869890,528523,391075,289032,2019-11-01
Bromley,http://landregistry.data.gov.uk/id/region/bromley,E09000006,2019-12,376,monthly,438114,874008,531476,392509,289175,2019-12-01
Bromley,http://landregistry.data.gov.uk/id/region/bromley,E09000006,2020-01,378,monthly,434024,865183,526523,389575,286179,2020-01-01
Bromley,http://landregistry.data.gov.uk/id/region/bromley,E09000006,2020-02,368,monthly,432856,863048,524821,389189,285166,2020-02-01
Bromley,http://landregistry.data.gov.uk/id/region/bromley,E09000006,2020-03,395,monthly,431300,859758,523287,387595,284129,2020-03-01
Bromley,http://landregistry.data.gov.uk/id/region/bromley,E09000006,2020-04,134,monthly,432811,868788,524987,389597,283953,2020-04-01
Bromley,http://landregistry.data.gov.uk/id/region/bromley,E09000006,2020-05,170,monthly,426062,855729,516693,382787,279885,2020-05-01
Bromley,http://landregistry.data.gov.uk/id/region/bromley,E09000006,2020-06,269,monthly,425411,853381,516895,383126,278710,2020-06-01
Bromley,http://landregistry.data.gov.uk/id/region/bromley,E09000006,2020-07,344,monthly,429083,855189,521454,386405,281910,2020-07-01
Bromley,http://landregistry.data.gov.uk/id/region/bromley,E09000006,2020-08,347,monthly,434237,867166,529500,392336,283630,2020-08-01
Bromley,http://landregistry.data.gov.uk/id/region/bromley,E09000006,2020-09,408,monthly,437115,877216,533833,394821,284590,2020-09-01
Bromley,http://landregistry.data.gov.uk/id/region/bromley,E09000006,2020-10,489,monthly,438000,882387,536131,396235,283837,2020-10-01
Bromley,http://landregistry.data.gov.uk/id/region/bromley,E09000006,2020-11,452,monthly,446898,900704,546660,404516,289579,2020-11-01
Bromley,http://landregistry.data.gov.uk/id/region/bromley,E09000006,2020-12,534,monthly,452778,912656,553816,410731,292930,2020-12-01
Bromley,http://landregistry.data.gov.uk/id/region/bromley,E09000006,2021-01,443,monthly,456801,915347,557293,414325,296968,2021-01-01
Bromley,http://landregistry.data.gov.uk/id/region/bromley,E09000006,2021-02,553,monthly,454443,902506,552602,412647,297184,2021-02-01
Bromley,http://landregistry.data.gov.uk/id/region/bromley,E09000006,2021-03,871,monthly,455847,895970,551926,413825,300676,2021-03-01
Bromley,http://landregistry.data.gov.uk/id/region/bromley,E09000006,2021-04,467,monthly,460526,905160,556727,418286,304056,2021-04-01
Bromley,http://landregistry.data.gov.uk/id/region/bromley,E09000006,2021-05,376,monthly,464005,914465,561047,421219,305988,2021-05-01
Bromley,http://landregistry.data.gov.uk/id/region/bromley,E09000006,2021-06,1364,monthly,469054,924563,566706,427353,308597,2021-06-01
Bromley,http://landregistry.data.gov.uk/id/region/bromley,E09000006,2021-07,141,monthly,469184,932046,567017,425710,308366,2021-07-01
Bromley,http://landregistry.data.gov.uk/id/region/bromley,E09000006,2021-08,328,monthly,471613,946086,572013,427287,307748,2021-08-01
Bromley,http://landregistry.data.gov.uk/id/region/bromley,E09000006,2021-09,666,monthly,472067,954199,574304,426648,306533,2021-09-01
Bromley,http://landregistry.data.gov.uk/id/region/bromley,E09000006,2021-10,262,monthly,474278,964811,579671,429135,305357,2021-10-01
Bromley,http://landregistry.data.gov.uk/id/region/bromley,E09000006,2021-11,354,monthly,476669,970486,582966,431155,306667,2021-11-01
Bromley,http://landregistry.data.gov.uk/id/region/bromley,E09000006,2021-12,393,monthly,477399,977174,585320,431564,305698,2021-12-01
Bromley,http://landregistry.data.gov.uk/id/region/bromley,E09000006,2022-01,317,monthly,479857,979227,589316,435081,306575,2022-01-01
Bromley,http://landregistry.data.gov.uk/id/region/bromley,E09000006,2022-02,377,monthly,484172,985949,594508,439343,309667,2022-02-01
Bromley,http://landregistry.data.gov.uk/id/region/bromley,E09000006,2022-03,395,monthly,486023,991351,597746,440825,310231,2022-03-01
Bromley,http://landregistry.data.gov.uk/id/region/bromley,E09000006,2022-04,386,monthly,489496,996980,601031,445117,312505,2022-04-01
Bromley,http://landregistry.data.gov.uk/id/region/bromley,E09000006,2022-05,367,monthly,493658,1005797,606937,450282,313752,2022-05-01
Bromley,http://landregistry.data.gov.uk/id/region/bromley,E09000006,2022-06,393,monthly,502629,1021260,617388,459476,319638,2022-06-01
Bromley,http://landregistry.data.gov.uk/id/region/bromley,E09000006,2022-07,455,monthly,506150,1027785,623131,463465,320735,2022-07-01
Bromley,http://landregistry.data.gov.uk/id/region/bromley,E09000006,2022-08,451,monthly,513488,1041334,633205,471546,324204,2022-08-01
Bromley,http://landregistry.data.gov.uk/id/region/bromley,E09000006,2022-09,468,monthly,515681,1048122,637132,474330,323990,2022-09-01
Bromley,http://landregistry.data.gov.uk/id/region/bromley,E09000006,2022-10,429,monthly,519959,1057846,642830,478195,326312,2022-10-01
Bromley,http://landregistry.data.gov.uk/id/region/bromley,E09000006,2022-11,429,monthly,518443,1057534,641186,476581,324860,2022-11-01
Bromley,http://landregistry.data.gov.uk/id/region/bromley,E09000006,2022-12,379,monthly,518479,1055705,641451,477024,324860,2022-12-01
Bromley,http://landregistry.data.gov.uk/id/region/bromley,E09000006,2023-01,232,monthly,514813,1049353,637004,473356,322498,2023-01-01
Bromley,http://landregistry.data.gov.uk/id/region/bromley,E09000006,2023-02,274,monthly,509916,1039646,630754,467930,320056,2023-02-01
Bromley,http://landregistry.data.gov.uk/id/region/bromley,E09000006,2023-03,288,monthly,500386,1024969,619398,457258,314176,2023-03-01
Bromley,http://landregistry.data.gov.uk/id/region/bromley,E09000006,2023-04,209,monthly,501253,1026968,619802,457257,315383,2023-04-01
Bromley,http://landregistry.data.gov.uk/id/region/bromley,E09000006,2023-05,229,monthly,499022,1019187,616163,454729,315108,2023-05-01
Bromley,http://landregistry.data.gov.uk/id/region/bromley,E09000006,2023-06,258,monthly,500191,1019607,616312,456818,316142,2023-06-01
Bromley,http://landregistry.data.gov.uk/id/region/bromley,E09000006,2023-07,280,monthly,500124,1017671,617095,458076,315321,2023-07-01
Bromley,http://landregistry.data.gov.uk/id/region/bromley,E09000006,2023-08,351,monthly,499729,1020380,618259,459111,313105,2023-08-01
Bromley,http://landregistry.data.gov.uk/id/region/bromley,E09000006,2023-09,317,monthly,499642,1020863,619706,459870,311866,2023-09-01
Bromley,http://landregistry.data.gov.uk/id/region/bromley,E09000006,2023-10,329,monthly,497486,1015573,617588,457486,310641,2023-10-01
Bromley,http://landregistry.data.gov.uk/id/region/bromley,E09000006,2023-11,264,monthly,493017,1006856,612447,452124,308282,2023-11-01
Bromley,http://landregistry.data.gov.uk/id/region/bromley,E09000006,2023-12,240,monthly,493507,1004194,613452,451987,309299,2023-12-01
Bromley,http://landregistry.data.gov.uk/id/region/bromley,E09000006,2024-01,184,monthly,494361,1005114,614569,453695,309451,2024-01-01
Bromley,http://landregistry.data.gov.uk/id/region/bromley,E09000006,2024-02,100,monthly,493823,999200,613511,453526,309821,2024-02-01
Bromley,http://landregistry.data.gov.uk/id/region/bromley,E09000006,2024-03,,monthly,491226,991768,608883,450254,309594,2024-03-01
Bromley,http://landregistry.data.gov.uk/id/region/bromley,E09000006,2024-04,,monthly,485561,974749,602152,444008,307306,2024-04-01
