"Name","URI","Region GSS code","Period","Sales volume","Reporting period","Average price All property types","Average price Detached houses","Average price Semi-detached houses","Average price Terraced houses","Average price Flats and maisonettes","Pivotable date"
Cambridge,http://landregistry.data.gov.uk/id/region/cambridge,E07000008,2004-01,130,monthly,205082,390563,233678,195641,151064,2004-01-01
Cambridge,http://landregistry.data.gov.uk/id/region/cambridge,E07000008,2004-02,144,monthly,201603,382725,229334,192423,148802,2004-02-01
Cambridge,http://landregistry.data.gov.uk/id/region/cambridge,E07000008,2004-03,151,monthly,200151,380601,227195,191211,147387,2004-03-01
Cambridge,http://landregistry.data.gov.uk/id/region/cambridge,E07000008,2004-04,154,monthly,202499,380756,229537,194205,148989,2004-04-01
Cambridge,http://landregistry.data.gov.uk/id/region/cambridge,E07000008,2004-05,122,monthly,205274,382660,232427,197327,151128,2004-05-01
Cambridge,http://landregistry.data.gov.uk/id/region/cambridge,E07000008,2004-06,200,monthly,210962,390419,239031,202878,155593,2004-06-01
Cambridge,http://landregistry.data.gov.uk/id/region/cambridge,E07000008,2004-07,196,monthly,210051,388483,238470,201848,154860,2004-07-01
Cambridge,http://landregistry.data.gov.uk/id/region/cambridge,E07000008,2004-08,194,monthly,215634,400100,244984,207094,158789,2004-08-01
Cambridge,http://landregistry.data.gov.uk/id/region/cambridge,E07000008,2004-09,159,monthly,221340,412538,251962,212325,162670,2004-09-01
Cambridge,http://landregistry.data.gov.uk/id/region/cambridge,E07000008,2004-10,172,monthly,223318,416264,253493,214120,164788,2004-10-01
Cambridge,http://landregistry.data.gov.uk/id/region/cambridge,E07000008,2004-11,134,monthly,222646,414578,252593,213340,164673,2004-11-01
Cambridge,http://landregistry.data.gov.uk/id/region/cambridge,E07000008,2004-12,127,monthly,218030,403394,246613,209107,161990,2004-12-01
Cambridge,http://landregistry.data.gov.uk/id/region/cambridge,E07000008,2005-01,131,monthly,219263,405068,247375,210913,162540,2005-01-01
Cambridge,http://landregistry.data.gov.uk/id/region/cambridge,E07000008,2005-02,125,monthly,211196,389488,238446,203420,156176,2005-02-01
Cambridge,http://landregistry.data.gov.uk/id/region/cambridge,E07000008,2005-03,138,monthly,213647,394116,241291,206075,157479,2005-03-01
Cambridge,http://landregistry.data.gov.uk/id/region/cambridge,E07000008,2005-04,147,monthly,213925,392656,242072,206423,157690,2005-04-01
Cambridge,http://landregistry.data.gov.uk/id/region/cambridge,E07000008,2005-05,155,monthly,218717,400816,247001,211149,161540,2005-05-01
Cambridge,http://landregistry.data.gov.uk/id/region/cambridge,E07000008,2005-06,184,monthly,215581,393054,243232,208614,159159,2005-06-01
Cambridge,http://landregistry.data.gov.uk/id/region/cambridge,E07000008,2005-07,174,monthly,217541,397146,245959,210379,160338,2005-07-01
Cambridge,http://landregistry.data.gov.uk/id/region/cambridge,E07000008,2005-08,206,monthly,221082,404252,250021,214031,162485,2005-08-01
Cambridge,http://landregistry.data.gov.uk/id/region/cambridge,E07000008,2005-09,243,monthly,225654,414372,255586,218196,165557,2005-09-01
Cambridge,http://landregistry.data.gov.uk/id/region/cambridge,E07000008,2005-10,165,monthly,224499,412182,253738,217030,165132,2005-10-01
Cambridge,http://landregistry.data.gov.uk/id/region/cambridge,E07000008,2005-11,182,monthly,223009,408545,252303,215383,164327,2005-11-01
Cambridge,http://landregistry.data.gov.uk/id/region/cambridge,E07000008,2005-12,156,monthly,219281,399554,247513,211801,162382,2005-12-01
Cambridge,http://landregistry.data.gov.uk/id/region/cambridge,E07000008,2006-01,146,monthly,219690,400603,247801,212754,162024,2006-01-01
Cambridge,http://landregistry.data.gov.uk/id/region/cambridge,E07000008,2006-02,107,monthly,223584,406408,251546,216634,165063,2006-02-01
Cambridge,http://landregistry.data.gov.uk/id/region/cambridge,E07000008,2006-03,161,monthly,231327,422116,260694,224049,170009,2006-03-01
Cambridge,http://landregistry.data.gov.uk/id/region/cambridge,E07000008,2006-04,150,monthly,236339,429713,266247,228798,174023,2006-04-01
Cambridge,http://landregistry.data.gov.uk/id/region/cambridge,E07000008,2006-05,205,monthly,243953,444007,275101,236070,179516,2006-05-01
Cambridge,http://landregistry.data.gov.uk/id/region/cambridge,E07000008,2006-06,228,monthly,243536,442227,274667,235929,179102,2006-06-01
Cambridge,http://landregistry.data.gov.uk/id/region/cambridge,E07000008,2006-07,215,monthly,248388,451748,280504,241293,181853,2006-07-01
Cambridge,http://landregistry.data.gov.uk/id/region/cambridge,E07000008,2006-08,243,monthly,245814,447541,277679,239822,179013,2006-08-01
Cambridge,http://landregistry.data.gov.uk/id/region/cambridge,E07000008,2006-09,209,monthly,251239,459194,284032,245414,182379,2006-09-01
Cambridge,http://landregistry.data.gov.uk/id/region/cambridge,E07000008,2006-10,175,monthly,251950,460885,284689,245809,183165,2006-10-01
Cambridge,http://landregistry.data.gov.uk/id/region/cambridge,E07000008,2006-11,237,monthly,256540,469817,290341,250115,186344,2006-11-01
Cambridge,http://landregistry.data.gov.uk/id/region/cambridge,E07000008,2006-12,257,monthly,260738,475897,294828,254352,189608,2006-12-01
Cambridge,http://landregistry.data.gov.uk/id/region/cambridge,E07000008,2007-01,190,monthly,261935,478415,296463,255533,190289,2007-01-01
Cambridge,http://landregistry.data.gov.uk/id/region/cambridge,E07000008,2007-02,138,monthly,262304,478559,296628,255388,191119,2007-02-01
Cambridge,http://landregistry.data.gov.uk/id/region/cambridge,E07000008,2007-03,149,monthly,260488,476455,295081,253979,189143,2007-03-01
Cambridge,http://landregistry.data.gov.uk/id/region/cambridge,E07000008,2007-04,152,monthly,264463,481952,299201,258706,191823,2007-04-01
Cambridge,http://landregistry.data.gov.uk/id/region/cambridge,E07000008,2007-05,157,monthly,269630,488953,304407,264312,195788,2007-05-01
Cambridge,http://landregistry.data.gov.uk/id/region/cambridge,E07000008,2007-06,257,monthly,272286,492822,307275,267075,197789,2007-06-01
Cambridge,http://landregistry.data.gov.uk/id/region/cambridge,E07000008,2007-07,212,monthly,273461,496758,308601,267957,198589,2007-07-01
Cambridge,http://landregistry.data.gov.uk/id/region/cambridge,E07000008,2007-08,232,monthly,275348,503738,311456,270668,198516,2007-08-01
Cambridge,http://landregistry.data.gov.uk/id/region/cambridge,E07000008,2007-09,206,monthly,273835,502873,309934,269007,197207,2007-09-01
Cambridge,http://landregistry.data.gov.uk/id/region/cambridge,E07000008,2007-10,200,monthly,275913,507478,311794,270819,198980,2007-10-01
Cambridge,http://landregistry.data.gov.uk/id/region/cambridge,E07000008,2007-11,165,monthly,276910,509797,312999,270854,200281,2007-11-01
Cambridge,http://landregistry.data.gov.uk/id/region/cambridge,E07000008,2007-12,131,monthly,283241,520197,319775,276938,205278,2007-12-01
Cambridge,http://landregistry.data.gov.uk/id/region/cambridge,E07000008,2008-01,94,monthly,277322,510843,313440,270712,200949,2008-01-01
Cambridge,http://landregistry.data.gov.uk/id/region/cambridge,E07000008,2008-02,111,monthly,273256,503141,308559,266411,198304,2008-02-01
Cambridge,http://landregistry.data.gov.uk/id/region/cambridge,E07000008,2008-03,96,monthly,266227,491387,300540,259574,193061,2008-03-01
Cambridge,http://landregistry.data.gov.uk/id/region/cambridge,E07000008,2008-04,101,monthly,262265,484522,296262,256332,189735,2008-04-01
Cambridge,http://landregistry.data.gov.uk/id/region/cambridge,E07000008,2008-05,118,monthly,259493,479486,293313,254444,187198,2008-05-01
Cambridge,http://landregistry.data.gov.uk/id/region/cambridge,E07000008,2008-06,122,monthly,260300,481090,294306,255549,187566,2008-06-01
Cambridge,http://landregistry.data.gov.uk/id/region/cambridge,E07000008,2008-07,117,monthly,260986,482220,295442,256006,188062,2008-07-01
Cambridge,http://landregistry.data.gov.uk/id/region/cambridge,E07000008,2008-08,107,monthly,253364,469952,287287,248785,182101,2008-08-01
Cambridge,http://landregistry.data.gov.uk/id/region/cambridge,E07000008,2008-09,157,monthly,241964,452170,274395,237514,173648,2008-09-01
Cambridge,http://landregistry.data.gov.uk/id/region/cambridge,E07000008,2008-10,164,monthly,233401,436214,264293,229457,167449,2008-10-01
Cambridge,http://landregistry.data.gov.uk/id/region/cambridge,E07000008,2008-11,110,monthly,229644,429656,259784,225508,164945,2008-11-01
Cambridge,http://landregistry.data.gov.uk/id/region/cambridge,E07000008,2008-12,99,monthly,230543,429897,261288,226783,165325,2008-12-01
Cambridge,http://landregistry.data.gov.uk/id/region/cambridge,E07000008,2009-01,66,monthly,232708,435145,263284,227946,167478,2009-01-01
Cambridge,http://landregistry.data.gov.uk/id/region/cambridge,E07000008,2009-02,61,monthly,229984,427580,259654,224559,166423,2009-02-01
Cambridge,http://landregistry.data.gov.uk/id/region/cambridge,E07000008,2009-03,93,monthly,224469,415288,252298,218224,163648,2009-03-01
Cambridge,http://landregistry.data.gov.uk/id/region/cambridge,E07000008,2009-04,95,monthly,226924,416104,255100,221452,165278,2009-04-01
Cambridge,http://landregistry.data.gov.uk/id/region/cambridge,E07000008,2009-05,114,monthly,236799,433176,266163,232259,171767,2009-05-01
Cambridge,http://landregistry.data.gov.uk/id/region/cambridge,E07000008,2009-06,131,monthly,242081,443206,272688,238652,174384,2009-06-01
Cambridge,http://landregistry.data.gov.uk/id/region/cambridge,E07000008,2009-07,148,monthly,242208,445324,273768,239597,173200,2009-07-01
Cambridge,http://landregistry.data.gov.uk/id/region/cambridge,E07000008,2009-08,138,monthly,249031,461552,282511,246707,176862,2009-08-01
Cambridge,http://landregistry.data.gov.uk/id/region/cambridge,E07000008,2009-09,150,monthly,259444,482298,294623,257231,183784,2009-09-01
Cambridge,http://landregistry.data.gov.uk/id/region/cambridge,E07000008,2009-10,119,monthly,260008,484315,295717,257717,183904,2009-10-01
Cambridge,http://landregistry.data.gov.uk/id/region/cambridge,E07000008,2009-11,110,monthly,256509,477969,291674,254859,181009,2009-11-01
Cambridge,http://landregistry.data.gov.uk/id/region/cambridge,E07000008,2009-12,145,monthly,252724,469470,288316,251642,177700,2009-12-01
Cambridge,http://landregistry.data.gov.uk/id/region/cambridge,E07000008,2010-01,83,monthly,259719,485458,297018,259640,181207,2010-01-01
Cambridge,http://landregistry.data.gov.uk/id/region/cambridge,E07000008,2010-02,128,monthly,261556,490756,300158,261867,181529,2010-02-01
Cambridge,http://landregistry.data.gov.uk/id/region/cambridge,E07000008,2010-03,117,monthly,264174,499002,302442,264118,183581,2010-03-01
Cambridge,http://landregistry.data.gov.uk/id/region/cambridge,E07000008,2010-04,101,monthly,265923,500228,304028,265551,185491,2010-04-01
Cambridge,http://landregistry.data.gov.uk/id/region/cambridge,E07000008,2010-05,110,monthly,267946,503884,305698,267292,187429,2010-05-01
Cambridge,http://landregistry.data.gov.uk/id/region/cambridge,E07000008,2010-06,142,monthly,265516,499261,303418,265712,184908,2010-06-01
Cambridge,http://landregistry.data.gov.uk/id/region/cambridge,E07000008,2010-07,166,monthly,266869,505385,305236,267877,184694,2010-07-01
Cambridge,http://landregistry.data.gov.uk/id/region/cambridge,E07000008,2010-08,169,monthly,267784,508070,307270,269268,184397,2010-08-01
Cambridge,http://landregistry.data.gov.uk/id/region/cambridge,E07000008,2010-09,135,monthly,276254,526785,317177,277603,189911,2010-09-01
Cambridge,http://landregistry.data.gov.uk/id/region/cambridge,E07000008,2010-10,143,monthly,280236,533242,321733,280974,193231,2010-10-01
Cambridge,http://landregistry.data.gov.uk/id/region/cambridge,E07000008,2010-11,140,monthly,278565,531439,319457,278629,192531,2010-11-01
Cambridge,http://landregistry.data.gov.uk/id/region/cambridge,E07000008,2010-12,115,monthly,274684,523136,315337,274331,190090,2010-12-01
Cambridge,http://landregistry.data.gov.uk/id/region/cambridge,E07000008,2011-01,104,monthly,266381,509375,305586,265623,184469,2011-01-01
Cambridge,http://landregistry.data.gov.uk/id/region/cambridge,E07000008,2011-02,94,monthly,263022,504616,301508,262100,182179,2011-02-01
Cambridge,http://landregistry.data.gov.uk/id/region/cambridge,E07000008,2011-03,93,monthly,263634,509590,301670,262340,182647,2011-03-01
Cambridge,http://landregistry.data.gov.uk/id/region/cambridge,E07000008,2011-04,115,monthly,269614,520390,308477,268270,186926,2011-04-01
Cambridge,http://landregistry.data.gov.uk/id/region/cambridge,E07000008,2011-05,86,monthly,273540,523360,312276,272224,190572,2011-05-01
Cambridge,http://landregistry.data.gov.uk/id/region/cambridge,E07000008,2011-06,143,monthly,276489,523486,315935,275757,192751,2011-06-01
Cambridge,http://landregistry.data.gov.uk/id/region/cambridge,E07000008,2011-07,163,monthly,278894,525548,318338,278373,194758,2011-07-01
Cambridge,http://landregistry.data.gov.uk/id/region/cambridge,E07000008,2011-08,180,monthly,280828,532479,322150,280850,194453,2011-08-01
Cambridge,http://landregistry.data.gov.uk/id/region/cambridge,E07000008,2011-09,175,monthly,278048,531158,319297,278262,191683,2011-09-01
Cambridge,http://landregistry.data.gov.uk/id/region/cambridge,E07000008,2011-10,148,monthly,281311,540665,324386,281359,192986,2011-10-01
Cambridge,http://landregistry.data.gov.uk/id/region/cambridge,E07000008,2011-11,129,monthly,289636,556002,333067,289152,199645,2011-11-01
Cambridge,http://landregistry.data.gov.uk/id/region/cambridge,E07000008,2011-12,127,monthly,293263,559955,337080,292509,202834,2011-12-01
Cambridge,http://landregistry.data.gov.uk/id/region/cambridge,E07000008,2012-01,92,monthly,291781,555150,335487,291614,201560,2012-01-01
Cambridge,http://landregistry.data.gov.uk/id/region/cambridge,E07000008,2012-02,84,monthly,283983,541425,327246,284358,195262,2012-02-01
Cambridge,http://landregistry.data.gov.uk/id/region/cambridge,E07000008,2012-03,129,monthly,281111,535452,323959,281626,193086,2012-03-01
Cambridge,http://landregistry.data.gov.uk/id/region/cambridge,E07000008,2012-04,95,monthly,285799,544009,328503,286244,196718,2012-04-01
Cambridge,http://landregistry.data.gov.uk/id/region/cambridge,E07000008,2012-05,101,monthly,294969,558899,338250,295787,203348,2012-05-01
Cambridge,http://landregistry.data.gov.uk/id/region/cambridge,E07000008,2012-06,120,monthly,298007,564376,341360,300132,204713,2012-06-01
Cambridge,http://landregistry.data.gov.uk/id/region/cambridge,E07000008,2012-07,112,monthly,298866,566396,342637,301813,204590,2012-07-01
Cambridge,http://landregistry.data.gov.uk/id/region/cambridge,E07000008,2012-08,163,monthly,297753,564989,341967,301927,202681,2012-08-01
Cambridge,http://landregistry.data.gov.uk/id/region/cambridge,E07000008,2012-09,150,monthly,306265,583469,352235,310305,208219,2012-09-01
Cambridge,http://landregistry.data.gov.uk/id/region/cambridge,E07000008,2012-10,122,monthly,300593,572127,345544,304381,204603,2012-10-01
Cambridge,http://landregistry.data.gov.uk/id/region/cambridge,E07000008,2012-11,146,monthly,302677,576289,347642,305907,206508,2012-11-01
Cambridge,http://landregistry.data.gov.uk/id/region/cambridge,E07000008,2012-12,148,monthly,302079,575273,346876,305048,206289,2012-12-01
Cambridge,http://landregistry.data.gov.uk/id/region/cambridge,E07000008,2013-01,90,monthly,312977,597965,360786,316012,213043,2013-01-01
Cambridge,http://landregistry.data.gov.uk/id/region/cambridge,E07000008,2013-02,101,monthly,312155,596990,360149,314809,212413,2013-02-01
Cambridge,http://landregistry.data.gov.uk/id/region/cambridge,E07000008,2013-03,140,monthly,316791,606091,364719,318452,216050,2013-03-01
Cambridge,http://landregistry.data.gov.uk/id/region/cambridge,E07000008,2013-04,116,monthly,317049,604740,362697,318671,216965,2013-04-01
Cambridge,http://landregistry.data.gov.uk/id/region/cambridge,E07000008,2013-05,151,monthly,323217,615294,369331,324891,221385,2013-05-01
Cambridge,http://landregistry.data.gov.uk/id/region/cambridge,E07000008,2013-06,181,monthly,320978,609516,367682,324005,219167,2013-06-01
Cambridge,http://landregistry.data.gov.uk/id/region/cambridge,E07000008,2013-07,236,monthly,322698,611959,370341,326469,219929,2013-07-01
Cambridge,http://landregistry.data.gov.uk/id/region/cambridge,E07000008,2013-08,233,monthly,324151,614671,372485,328605,220518,2013-08-01
Cambridge,http://landregistry.data.gov.uk/id/region/cambridge,E07000008,2013-09,235,monthly,322689,614740,370548,326552,219585,2013-09-01
Cambridge,http://landregistry.data.gov.uk/id/region/cambridge,E07000008,2013-10,173,monthly,326857,625059,375505,329717,222629,2013-10-01
Cambridge,http://landregistry.data.gov.uk/id/region/cambridge,E07000008,2013-11,161,monthly,326304,624763,374516,328567,222528,2013-11-01
Cambridge,http://landregistry.data.gov.uk/id/region/cambridge,E07000008,2013-12,203,monthly,340156,647820,390288,341970,232551,2013-12-01
Cambridge,http://landregistry.data.gov.uk/id/region/cambridge,E07000008,2014-01,149,monthly,332630,633948,382104,334155,227365,2014-01-01
Cambridge,http://landregistry.data.gov.uk/id/region/cambridge,E07000008,2014-02,149,monthly,336920,644402,387670,337867,230197,2014-02-01
Cambridge,http://landregistry.data.gov.uk/id/region/cambridge,E07000008,2014-03,166,monthly,328271,629192,378149,329260,224042,2014-03-01
Cambridge,http://landregistry.data.gov.uk/id/region/cambridge,E07000008,2014-04,128,monthly,342230,655185,393952,343859,233409,2014-04-01
Cambridge,http://landregistry.data.gov.uk/id/region/cambridge,E07000008,2014-05,135,monthly,351716,670485,404147,353931,240060,2014-05-01
Cambridge,http://landregistry.data.gov.uk/id/region/cambridge,E07000008,2014-06,213,monthly,366614,698809,421492,369592,249841,2014-06-01
Cambridge,http://landregistry.data.gov.uk/id/region/cambridge,E07000008,2014-07,158,monthly,369575,704603,425561,373084,251420,2014-07-01
Cambridge,http://landregistry.data.gov.uk/id/region/cambridge,E07000008,2014-08,162,monthly,371578,710901,429366,375823,251809,2014-08-01
Cambridge,http://landregistry.data.gov.uk/id/region/cambridge,E07000008,2014-09,242,monthly,373745,715949,432492,377884,253099,2014-09-01
Cambridge,http://landregistry.data.gov.uk/id/region/cambridge,E07000008,2014-10,163,monthly,371143,711547,429750,374458,251611,2014-10-01
Cambridge,http://landregistry.data.gov.uk/id/region/cambridge,E07000008,2014-11,170,monthly,368204,705698,426420,370669,250028,2014-11-01
Cambridge,http://landregistry.data.gov.uk/id/region/cambridge,E07000008,2014-12,182,monthly,364462,698805,421578,366216,247938,2014-12-01
Cambridge,http://landregistry.data.gov.uk/id/region/cambridge,E07000008,2015-01,119,monthly,375085,719612,433531,376667,255323,2015-01-01
Cambridge,http://landregistry.data.gov.uk/id/region/cambridge,E07000008,2015-02,142,monthly,381836,733080,440181,383001,260500,2015-02-01
Cambridge,http://landregistry.data.gov.uk/id/region/cambridge,E07000008,2015-03,130,monthly,387493,744735,446671,388583,264523,2015-03-01
Cambridge,http://landregistry.data.gov.uk/id/region/cambridge,E07000008,2015-04,97,monthly,386169,743255,445088,387391,263351,2015-04-01
Cambridge,http://landregistry.data.gov.uk/id/region/cambridge,E07000008,2015-05,110,monthly,392630,753927,452980,393820,267867,2015-05-01
Cambridge,http://landregistry.data.gov.uk/id/region/cambridge,E07000008,2015-06,162,monthly,402532,771681,464994,404705,273551,2015-06-01
Cambridge,http://landregistry.data.gov.uk/id/region/cambridge,E07000008,2015-07,185,monthly,408336,780328,471990,410703,277557,2015-07-01
Cambridge,http://landregistry.data.gov.uk/id/region/cambridge,E07000008,2015-08,151,monthly,411637,786533,475969,414772,278965,2015-08-01
Cambridge,http://landregistry.data.gov.uk/id/region/cambridge,E07000008,2015-09,155,monthly,413637,794065,478307,416017,280566,2015-09-01
Cambridge,http://landregistry.data.gov.uk/id/region/cambridge,E07000008,2015-10,160,monthly,414819,798597,480331,416990,280967,2015-10-01
Cambridge,http://landregistry.data.gov.uk/id/region/cambridge,E07000008,2015-11,106,monthly,416642,803954,482966,418302,282234,2015-11-01
Cambridge,http://landregistry.data.gov.uk/id/region/cambridge,E07000008,2015-12,155,monthly,425457,821104,493771,427159,287916,2015-12-01
Cambridge,http://landregistry.data.gov.uk/id/region/cambridge,E07000008,2016-01,111,monthly,429178,827608,499035,430670,290341,2016-01-01
Cambridge,http://landregistry.data.gov.uk/id/region/cambridge,E07000008,2016-02,109,monthly,432011,834069,502813,433221,292199,2016-02-01
Cambridge,http://landregistry.data.gov.uk/id/region/cambridge,E07000008,2016-03,218,monthly,430219,829752,500026,431096,291768,2016-03-01
Cambridge,http://landregistry.data.gov.uk/id/region/cambridge,E07000008,2016-04,94,monthly,437219,843599,506710,438552,296657,2016-04-01
Cambridge,http://landregistry.data.gov.uk/id/region/cambridge,E07000008,2016-05,94,monthly,430822,827986,497840,432390,293184,2016-05-01
Cambridge,http://landregistry.data.gov.uk/id/region/cambridge,E07000008,2016-06,164,monthly,425993,818091,492109,427658,289936,2016-06-01
Cambridge,http://landregistry.data.gov.uk/id/region/cambridge,E07000008,2016-07,169,monthly,424048,812266,489835,425825,288806,2016-07-01
Cambridge,http://landregistry.data.gov.uk/id/region/cambridge,E07000008,2016-08,119,monthly,429007,822256,495704,430663,292195,2016-08-01
Cambridge,http://landregistry.data.gov.uk/id/region/cambridge,E07000008,2016-09,159,monthly,429167,821822,496512,430825,292127,2016-09-01
Cambridge,http://landregistry.data.gov.uk/id/region/cambridge,E07000008,2016-10,131,monthly,399642,768163,462698,399870,272827,2016-10-01
Cambridge,http://landregistry.data.gov.uk/id/region/cambridge,E07000008,2016-11,104,monthly,396817,766924,459759,396062,271163,2016-11-01
Cambridge,http://landregistry.data.gov.uk/id/region/cambridge,E07000008,2016-12,161,monthly,399330,773563,461973,397848,273694,2016-12-01
Cambridge,http://landregistry.data.gov.uk/id/region/cambridge,E07000008,2017-01,115,monthly,421207,816456,486787,420056,288404,2017-01-01
Cambridge,http://landregistry.data.gov.uk/id/region/cambridge,E07000008,2017-02,127,monthly,422069,817013,486436,420334,289568,2017-02-01
Cambridge,http://landregistry.data.gov.uk/id/region/cambridge,E07000008,2017-03,114,monthly,420710,816485,484327,418502,288647,2017-03-01
Cambridge,http://landregistry.data.gov.uk/id/region/cambridge,E07000008,2017-04,143,monthly,425216,827645,488861,422573,291956,2017-04-01
Cambridge,http://landregistry.data.gov.uk/id/region/cambridge,E07000008,2017-05,115,monthly,431736,837682,497035,428742,296599,2017-05-01
Cambridge,http://landregistry.data.gov.uk/id/region/cambridge,E07000008,2017-06,139,monthly,440545,851959,507000,438317,302495,2017-06-01
Cambridge,http://landregistry.data.gov.uk/id/region/cambridge,E07000008,2017-07,103,monthly,452358,870449,521478,450068,310682,2017-07-01
Cambridge,http://landregistry.data.gov.uk/id/region/cambridge,E07000008,2017-08,145,monthly,456022,881981,526402,455577,311689,2017-08-01
Cambridge,http://landregistry.data.gov.uk/id/region/cambridge,E07000008,2017-09,193,monthly,447954,869071,518110,447326,305763,2017-09-01
Cambridge,http://landregistry.data.gov.uk/id/region/cambridge,E07000008,2017-10,144,monthly,438271,854859,507514,437629,298641,2017-10-01
Cambridge,http://landregistry.data.gov.uk/id/region/cambridge,E07000008,2017-11,148,monthly,436369,850006,506361,435330,297330,2017-11-01
Cambridge,http://landregistry.data.gov.uk/id/region/cambridge,E07000008,2017-12,105,monthly,432065,841970,502088,431400,293975,2017-12-01
Cambridge,http://landregistry.data.gov.uk/id/region/cambridge,E07000008,2018-01,86,monthly,429568,834426,498723,428765,292689,2018-01-01
Cambridge,http://landregistry.data.gov.uk/id/region/cambridge,E07000008,2018-02,101,monthly,427626,831619,495106,425955,292136,2018-02-01
Cambridge,http://landregistry.data.gov.uk/id/region/cambridge,E07000008,2018-03,121,monthly,437835,849480,506748,436313,299164,2018-03-01
Cambridge,http://landregistry.data.gov.uk/id/region/cambridge,E07000008,2018-04,85,monthly,440511,855553,510857,440178,299930,2018-04-01
Cambridge,http://landregistry.data.gov.uk/id/region/cambridge,E07000008,2018-05,82,monthly,439056,854062,511183,440338,297296,2018-05-01
Cambridge,http://landregistry.data.gov.uk/id/region/cambridge,E07000008,2018-06,124,monthly,435934,850394,509189,436867,294644,2018-06-01
Cambridge,http://landregistry.data.gov.uk/id/region/cambridge,E07000008,2018-07,128,monthly,441781,866047,516445,442821,298019,2018-07-01
Cambridge,http://landregistry.data.gov.uk/id/region/cambridge,E07000008,2018-08,137,monthly,446849,876859,522147,447575,301603,2018-08-01
Cambridge,http://landregistry.data.gov.uk/id/region/cambridge,E07000008,2018-09,111,monthly,443276,871640,517428,445175,298540,2018-09-01
Cambridge,http://landregistry.data.gov.uk/id/region/cambridge,E07000008,2018-10,116,monthly,441356,867678,514926,442472,297771,2018-10-01
Cambridge,http://landregistry.data.gov.uk/id/region/cambridge,E07000008,2018-11,134,monthly,442765,875168,517960,444462,297554,2018-11-01
Cambridge,http://landregistry.data.gov.uk/id/region/cambridge,E07000008,2018-12,122,monthly,449219,886148,526325,449194,302775,2018-12-01
Cambridge,http://landregistry.data.gov.uk/id/region/cambridge,E07000008,2019-01,81,monthly,441487,872115,518046,441720,297073,2019-01-01
Cambridge,http://landregistry.data.gov.uk/id/region/cambridge,E07000008,2019-02,93,monthly,429639,848626,502850,428908,290083,2019-02-01
Cambridge,http://landregistry.data.gov.uk/id/region/cambridge,E07000008,2019-03,115,monthly,419765,831761,491314,420284,282345,2019-03-01
Cambridge,http://landregistry.data.gov.uk/id/region/cambridge,E07000008,2019-04,92,monthly,424701,840063,496663,426249,285250,2019-04-01
Cambridge,http://landregistry.data.gov.uk/id/region/cambridge,E07000008,2019-05,99,monthly,428894,844500,502227,431906,287105,2019-05-01
Cambridge,http://landregistry.data.gov.uk/id/region/cambridge,E07000008,2019-06,125,monthly,432809,850890,506939,435780,289899,2019-06-01
Cambridge,http://landregistry.data.gov.uk/id/region/cambridge,E07000008,2019-07,132,monthly,430264,843958,503944,433165,288508,2019-07-01
Cambridge,http://landregistry.data.gov.uk/id/region/cambridge,E07000008,2019-08,150,monthly,434499,855392,508936,438035,290432,2019-08-01
Cambridge,http://landregistry.data.gov.uk/id/region/cambridge,E07000008,2019-09,116,monthly,442044,871528,516228,446580,295300,2019-09-01
Cambridge,http://landregistry.data.gov.uk/id/region/cambridge,E07000008,2019-10,115,monthly,445665,881161,522134,449881,296854,2019-10-01
Cambridge,http://landregistry.data.gov.uk/id/region/cambridge,E07000008,2019-11,115,monthly,435823,860708,512213,439124,290313,2019-11-01
Cambridge,http://landregistry.data.gov.uk/id/region/cambridge,E07000008,2019-12,111,monthly,431795,852657,509839,434490,286963,2019-12-01
Cambridge,http://landregistry.data.gov.uk/id/region/cambridge,E07000008,2020-01,95,monthly,429570,847768,507075,432994,285027,2020-01-01
Cambridge,http://landregistry.data.gov.uk/id/region/cambridge,E07000008,2020-02,96,monthly,443943,878856,524095,447648,294077,2020-02-01
Cambridge,http://landregistry.data.gov.uk/id/region/cambridge,E07000008,2020-03,97,monthly,444113,880898,524224,447805,294011,2020-03-01
Cambridge,http://landregistry.data.gov.uk/id/region/cambridge,E07000008,2020-04,28,monthly,440337,879589,519599,444698,290172,2020-04-01
Cambridge,http://landregistry.data.gov.uk/id/region/cambridge,E07000008,2020-05,33,monthly,432051,863794,509447,435665,285303,2020-05-01
Cambridge,http://landregistry.data.gov.uk/id/region/cambridge,E07000008,2020-06,87,monthly,434600,866234,513494,439344,286027,2020-06-01
Cambridge,http://landregistry.data.gov.uk/id/region/cambridge,E07000008,2020-07,90,monthly,443115,877277,523894,448074,292199,2020-07-01
Cambridge,http://landregistry.data.gov.uk/id/region/cambridge,E07000008,2020-08,91,monthly,441821,874690,523679,448884,289119,2020-08-01
Cambridge,http://landregistry.data.gov.uk/id/region/cambridge,E07000008,2020-09,119,monthly,444228,883888,526953,451935,289443,2020-09-01
Cambridge,http://landregistry.data.gov.uk/id/region/cambridge,E07000008,2020-10,115,monthly,439150,876346,522065,447448,284795,2020-10-01
Cambridge,http://landregistry.data.gov.uk/id/region/cambridge,E07000008,2020-11,112,monthly,443067,883276,526605,451381,287544,2020-11-01
Cambridge,http://landregistry.data.gov.uk/id/region/cambridge,E07000008,2020-12,139,monthly,444229,884889,528022,453005,288029,2020-12-01
Cambridge,http://landregistry.data.gov.uk/id/region/cambridge,E07000008,2021-01,121,monthly,443177,877322,526045,451349,288846,2021-01-01
Cambridge,http://landregistry.data.gov.uk/id/region/cambridge,E07000008,2021-02,142,monthly,439602,863882,520818,446630,288601,2021-02-01
Cambridge,http://landregistry.data.gov.uk/id/region/cambridge,E07000008,2021-03,235,monthly,430355,837927,508148,436028,285252,2021-03-01
Cambridge,http://landregistry.data.gov.uk/id/region/cambridge,E07000008,2021-04,135,monthly,428372,835017,505327,433270,284560,2021-04-01
Cambridge,http://landregistry.data.gov.uk/id/region/cambridge,E07000008,2021-05,101,monthly,427718,835701,504629,432523,283880,2021-05-01
Cambridge,http://landregistry.data.gov.uk/id/region/cambridge,E07000008,2021-06,290,monthly,435212,849741,513245,441107,288307,2021-06-01
Cambridge,http://landregistry.data.gov.uk/id/region/cambridge,E07000008,2021-07,49,monthly,440035,862944,519161,445743,291054,2021-07-01
Cambridge,http://landregistry.data.gov.uk/id/region/cambridge,E07000008,2021-08,92,monthly,441453,872917,523233,447041,290064,2021-08-01
Cambridge,http://landregistry.data.gov.uk/id/region/cambridge,E07000008,2021-09,209,monthly,442614,881224,526624,447347,289723,2021-09-01
Cambridge,http://landregistry.data.gov.uk/id/region/cambridge,E07000008,2021-10,63,monthly,441986,887942,528777,445900,287560,2021-10-01
Cambridge,http://landregistry.data.gov.uk/id/region/cambridge,E07000008,2021-11,98,monthly,440956,887336,527684,444636,286796,2021-11-01
Cambridge,http://landregistry.data.gov.uk/id/region/cambridge,E07000008,2021-12,149,monthly,442460,895731,530921,446293,286324,2021-12-01
Cambridge,http://landregistry.data.gov.uk/id/region/cambridge,E07000008,2022-01,103,monthly,453874,915901,545520,459161,292752,2022-01-01
Cambridge,http://landregistry.data.gov.uk/id/region/cambridge,E07000008,2022-02,140,monthly,472891,952683,568539,478376,305415,2022-02-01
Cambridge,http://landregistry.data.gov.uk/id/region/cambridge,E07000008,2022-03,152,monthly,475506,960355,573304,480131,306843,2022-03-01
Cambridge,http://landregistry.data.gov.uk/id/region/cambridge,E07000008,2022-04,119,monthly,478859,965862,576678,483962,309097,2022-04-01
Cambridge,http://landregistry.data.gov.uk/id/region/cambridge,E07000008,2022-05,124,monthly,471007,950360,568208,477007,302485,2022-05-01
Cambridge,http://landregistry.data.gov.uk/id/region/cambridge,E07000008,2022-06,98,monthly,476240,957874,573856,483297,305665,2022-06-01
Cambridge,http://landregistry.data.gov.uk/id/region/cambridge,E07000008,2022-07,142,monthly,480569,964722,579788,489218,306863,2022-07-01
Cambridge,http://landregistry.data.gov.uk/id/region/cambridge,E07000008,2022-08,161,monthly,488722,978139,589733,499140,310874,2022-08-01
Cambridge,http://landregistry.data.gov.uk/id/region/cambridge,E07000008,2022-09,155,monthly,494504,990924,597222,506430,312731,2022-09-01
Cambridge,http://landregistry.data.gov.uk/id/region/cambridge,E07000008,2022-10,128,monthly,500252,1003923,604682,511875,316310,2022-10-01
Cambridge,http://landregistry.data.gov.uk/id/region/cambridge,E07000008,2022-11,130,monthly,501819,1010603,607351,512588,317239,2022-11-01
Cambridge,http://landregistry.data.gov.uk/id/region/cambridge,E07000008,2022-12,101,monthly,495883,997250,600747,506278,313658,2022-12-01
Cambridge,http://landregistry.data.gov.uk/id/region/cambridge,E07000008,2023-01,87,monthly,483357,973552,586287,492622,306005,2023-01-01
Cambridge,http://landregistry.data.gov.uk/id/region/cambridge,E07000008,2023-02,93,monthly,479299,964945,581174,487924,304108,2023-02-01
Cambridge,http://landregistry.data.gov.uk/id/region/cambridge,E07000008,2023-03,104,monthly,477046,964424,578877,483908,303380,2023-03-01
Cambridge,http://landregistry.data.gov.uk/id/region/cambridge,E07000008,2023-04,68,monthly,470074,950129,569507,476452,299548,2023-04-01
Cambridge,http://landregistry.data.gov.uk/id/region/cambridge,E07000008,2023-05,86,monthly,474261,955409,573247,480697,303038,2023-05-01
Cambridge,http://landregistry.data.gov.uk/id/region/cambridge,E07000008,2023-06,104,monthly,484970,974541,584684,493291,309449,2023-06-01
Cambridge,http://landregistry.data.gov.uk/id/region/cambridge,E07000008,2023-07,72,monthly,492643,988205,594808,502776,313079,2023-07-01
Cambridge,http://landregistry.data.gov.uk/id/region/cambridge,E07000008,2023-08,99,monthly,489486,984226,592774,501069,309145,2023-08-01
Cambridge,http://landregistry.data.gov.uk/id/region/cambridge,E07000008,2023-09,101,monthly,477657,960336,579605,490010,300572,2023-09-01
Cambridge,http://landregistry.data.gov.uk/id/region/cambridge,E07000008,2023-10,95,monthly,481592,965775,584448,493860,303438,2023-10-01
Cambridge,http://landregistry.data.gov.uk/id/region/cambridge,E07000008,2023-11,83,monthly,484017,971025,587361,494475,306233,2023-11-01
Cambridge,http://landregistry.data.gov.uk/id/region/cambridge,E07000008,2023-12,88,monthly,483142,965641,586682,492535,306690,2023-12-01
Cambridge,http://landregistry.data.gov.uk/id/region/cambridge,E07000008,2024-01,60,monthly,475063,947413,576232,485020,301521,2024-01-01
Cambridge,http://landregistry.data.gov.uk/id/region/cambridge,E07000008,2024-02,29,monthly,481348,954822,582671,493334,305218,2024-02-01
Cambridge,http://landregistry.data.gov.uk/id/region/cambridge,E07000008,2024-03,,monthly,484981,959292,584933,497054,308740,2024-03-01
Cambridge,http://landregistry.data.gov.uk/id/region/cambridge,E07000008,2024-04,,monthly,494294,972998,596373,506182,315499,2024-04-01
