"Name","URI","Region GSS code","Period","Sales volume","Reporting period","Average price All property types","Average price Detached houses","Average price Semi-detached houses","Average price Terraced houses","Average price Flats and maisonettes","Pivotable date"
Camden,http://landregistry.data.gov.uk/id/region/camden,E09000007,2004-01,282,monthly,329660,1020764,666539,444352,305598,2004-01-01
Camden,http://landregistry.data.gov.uk/id/region/camden,E09000007,2004-02,274,monthly,332300,1031405,674818,449283,307818,2004-02-01
Camden,http://landregistry.data.gov.uk/id/region/camden,E09000007,2004-03,321,monthly,339717,1058758,689302,460566,314518,2004-03-01
Camden,http://landregistry.data.gov.uk/id/region/camden,E09000007,2004-04,346,monthly,336670,1041887,683702,458556,311556,2004-04-01
Camden,http://landregistry.data.gov.uk/id/region/camden,E09000007,2004-05,304,monthly,343102,1046065,691137,467412,317735,2004-05-01
Camden,http://landregistry.data.gov.uk/id/region/camden,E09000007,2004-06,396,monthly,354540,1072826,713741,482669,328411,2004-06-01
Camden,http://landregistry.data.gov.uk/id/region/camden,E09000007,2004-07,409,monthly,368811,1118918,744778,502827,341497,2004-07-01
Camden,http://landregistry.data.gov.uk/id/region/camden,E09000007,2004-08,384,monthly,370139,1134371,752316,505320,342482,2004-08-01
Camden,http://landregistry.data.gov.uk/id/region/camden,E09000007,2004-09,310,monthly,364530,1125757,744474,498770,337064,2004-09-01
Camden,http://landregistry.data.gov.uk/id/region/camden,E09000007,2004-10,267,monthly,361902,1110054,731905,491656,335139,2004-10-01
Camden,http://landregistry.data.gov.uk/id/region/camden,E09000007,2004-11,254,monthly,364408,1110549,731840,493224,337779,2004-11-01
Camden,http://landregistry.data.gov.uk/id/region/camden,E09000007,2004-12,213,monthly,356394,1073023,708574,479683,330827,2004-12-01
Camden,http://landregistry.data.gov.uk/id/region/camden,E09000007,2005-01,228,monthly,345132,1041597,688872,467001,320093,2005-01-01
Camden,http://landregistry.data.gov.uk/id/region/camden,E09000007,2005-02,198,monthly,341746,1040001,689929,464520,316526,2005-02-01
Camden,http://landregistry.data.gov.uk/id/region/camden,E09000007,2005-03,216,monthly,348785,1065909,707883,476077,322798,2005-03-01
Camden,http://landregistry.data.gov.uk/id/region/camden,E09000007,2005-04,257,monthly,359728,1093930,730156,491079,332935,2005-04-01
Camden,http://landregistry.data.gov.uk/id/region/camden,E09000007,2005-05,260,monthly,369411,1109634,741889,503105,342322,2005-05-01
Camden,http://landregistry.data.gov.uk/id/region/camden,E09000007,2005-06,317,monthly,379377,1139248,764706,519046,351224,2005-06-01
Camden,http://landregistry.data.gov.uk/id/region/camden,E09000007,2005-07,316,monthly,380976,1147095,770559,522170,352513,2005-07-01
Camden,http://landregistry.data.gov.uk/id/region/camden,E09000007,2005-08,295,monthly,391166,1185999,794535,537794,361634,2005-08-01
Camden,http://landregistry.data.gov.uk/id/region/camden,E09000007,2005-09,336,monthly,386496,1180379,786740,531425,357228,2005-09-01
Camden,http://landregistry.data.gov.uk/id/region/camden,E09000007,2005-10,299,monthly,383714,1170183,777427,526350,354907,2005-10-01
Camden,http://landregistry.data.gov.uk/id/region/camden,E09000007,2005-11,301,monthly,366351,1111701,740177,502204,338969,2005-11-01
Camden,http://landregistry.data.gov.uk/id/region/camden,E09000007,2005-12,296,monthly,367259,1100380,735979,501522,340251,2005-12-01
Camden,http://landregistry.data.gov.uk/id/region/camden,E09000007,2006-01,313,monthly,368710,1108776,742521,506171,341192,2006-01-01
Camden,http://landregistry.data.gov.uk/id/region/camden,E09000007,2006-02,267,monthly,373670,1125872,755598,514402,345523,2006-02-01
Camden,http://landregistry.data.gov.uk/id/region/camden,E09000007,2006-03,361,monthly,377340,1147893,768252,522120,348421,2006-03-01
Camden,http://landregistry.data.gov.uk/id/region/camden,E09000007,2006-04,310,monthly,382933,1162100,778986,530131,353589,2006-04-01
Camden,http://landregistry.data.gov.uk/id/region/camden,E09000007,2006-05,328,monthly,389596,1188060,794780,539453,359648,2006-05-01
Camden,http://landregistry.data.gov.uk/id/region/camden,E09000007,2006-06,360,monthly,392849,1201142,804259,544302,362536,2006-06-01
Camden,http://landregistry.data.gov.uk/id/region/camden,E09000007,2006-07,384,monthly,400432,1228659,824058,557873,369106,2006-07-01
Camden,http://landregistry.data.gov.uk/id/region/camden,E09000007,2006-08,429,monthly,406666,1245581,837157,569393,374570,2006-08-01
Camden,http://landregistry.data.gov.uk/id/region/camden,E09000007,2006-09,391,monthly,406025,1249379,838886,570769,373649,2006-09-01
Camden,http://landregistry.data.gov.uk/id/region/camden,E09000007,2006-10,342,monthly,403221,1240251,829717,564062,371423,2006-10-01
Camden,http://landregistry.data.gov.uk/id/region/camden,E09000007,2006-11,331,monthly,407617,1253495,838087,569226,375588,2006-11-01
Camden,http://landregistry.data.gov.uk/id/region/camden,E09000007,2006-12,340,monthly,428775,1319982,882300,598808,395056,2006-12-01
Camden,http://landregistry.data.gov.uk/id/region/camden,E09000007,2007-01,297,monthly,433901,1338356,895662,607069,399592,2007-01-01
Camden,http://landregistry.data.gov.uk/id/region/camden,E09000007,2007-02,283,monthly,441611,1364236,911742,615535,406823,2007-02-01
Camden,http://landregistry.data.gov.uk/id/region/camden,E09000007,2007-03,327,monthly,439974,1360069,908168,613919,405292,2007-03-01
Camden,http://landregistry.data.gov.uk/id/region/camden,E09000007,2007-04,265,monthly,451966,1397770,936266,633844,416029,2007-04-01
Camden,http://landregistry.data.gov.uk/id/region/camden,E09000007,2007-05,310,monthly,441267,1359939,914550,621591,405968,2007-05-01
Camden,http://landregistry.data.gov.uk/id/region/camden,E09000007,2007-06,330,monthly,454121,1396256,942349,639785,417780,2007-06-01
Camden,http://landregistry.data.gov.uk/id/region/camden,E09000007,2007-07,340,monthly,466114,1440859,973122,658210,428572,2007-07-01
Camden,http://landregistry.data.gov.uk/id/region/camden,E09000007,2007-08,368,monthly,490494,1528753,1028660,696253,450584,2007-08-01
Camden,http://landregistry.data.gov.uk/id/region/camden,E09000007,2007-09,300,monthly,499913,1567756,1056231,710792,458986,2007-09-01
Camden,http://landregistry.data.gov.uk/id/region/camden,E09000007,2007-10,303,monthly,500648,1565084,1047352,707364,460199,2007-10-01
Camden,http://landregistry.data.gov.uk/id/region/camden,E09000007,2007-11,267,monthly,495249,1552039,1038836,696592,455426,2007-11-01
Camden,http://landregistry.data.gov.uk/id/region/camden,E09000007,2007-12,240,monthly,482569,1499382,1001279,675443,444249,2007-12-01
Camden,http://landregistry.data.gov.uk/id/region/camden,E09000007,2008-01,217,monthly,486659,1524930,1013931,681885,447847,2008-01-01
Camden,http://landregistry.data.gov.uk/id/region/camden,E09000007,2008-02,189,monthly,505472,1582871,1051085,708105,465232,2008-02-01
Camden,http://landregistry.data.gov.uk/id/region/camden,E09000007,2008-03,162,monthly,510059,1611569,1061686,716843,469219,2008-03-01
Camden,http://landregistry.data.gov.uk/id/region/camden,E09000007,2008-04,162,monthly,510072,1621432,1060866,719558,468983,2008-04-01
Camden,http://landregistry.data.gov.uk/id/region/camden,E09000007,2008-05,206,monthly,505894,1614188,1060870,718717,464573,2008-05-01
Camden,http://landregistry.data.gov.uk/id/region/camden,E09000007,2008-06,237,monthly,506171,1612997,1071167,722590,464409,2008-06-01
Camden,http://landregistry.data.gov.uk/id/region/camden,E09000007,2008-07,200,monthly,521992,1665611,1114964,747005,478592,2008-07-01
Camden,http://landregistry.data.gov.uk/id/region/camden,E09000007,2008-08,164,monthly,525296,1674924,1125621,752052,481544,2008-08-01
Camden,http://landregistry.data.gov.uk/id/region/camden,E09000007,2008-09,159,monthly,515019,1650113,1099416,735126,472309,2008-09-01
Camden,http://landregistry.data.gov.uk/id/region/camden,E09000007,2008-10,117,monthly,498394,1582840,1055154,707352,457607,2008-10-01
Camden,http://landregistry.data.gov.uk/id/region/camden,E09000007,2008-11,117,monthly,472362,1506602,995391,668214,433906,2008-11-01
Camden,http://landregistry.data.gov.uk/id/region/camden,E09000007,2008-12,122,monthly,457290,1454467,965821,648070,419961,2008-12-01
Camden,http://landregistry.data.gov.uk/id/region/camden,E09000007,2009-01,96,monthly,446897,1425528,948769,633361,410301,2009-01-01
Camden,http://landregistry.data.gov.uk/id/region/camden,E09000007,2009-02,89,monthly,453141,1434916,961553,642403,416062,2009-02-01
Camden,http://landregistry.data.gov.uk/id/region/camden,E09000007,2009-03,118,monthly,465563,1465298,986495,659308,427595,2009-03-01
Camden,http://landregistry.data.gov.uk/id/region/camden,E09000007,2009-04,125,monthly,451643,1395314,953524,642354,414840,2009-04-01
Camden,http://landregistry.data.gov.uk/id/region/camden,E09000007,2009-05,157,monthly,442606,1364800,935243,633114,406209,2009-05-01
Camden,http://landregistry.data.gov.uk/id/region/camden,E09000007,2009-06,181,monthly,434898,1341278,921998,627008,398612,2009-06-01
Camden,http://landregistry.data.gov.uk/id/region/camden,E09000007,2009-07,224,monthly,451204,1411632,967250,656518,412610,2009-07-01
Camden,http://landregistry.data.gov.uk/id/region/camden,E09000007,2009-08,214,monthly,467171,1476540,1008198,682589,426691,2009-08-01
Camden,http://landregistry.data.gov.uk/id/region/camden,E09000007,2009-09,251,monthly,475211,1511385,1030936,696524,433644,2009-09-01
Camden,http://landregistry.data.gov.uk/id/region/camden,E09000007,2009-10,241,monthly,471298,1511947,1025639,690865,429896,2009-10-01
Camden,http://landregistry.data.gov.uk/id/region/camden,E09000007,2009-11,212,monthly,449490,1443647,976330,661061,409839,2009-11-01
Camden,http://landregistry.data.gov.uk/id/region/camden,E09000007,2009-12,278,monthly,446413,1431681,969442,656735,407036,2009-12-01
Camden,http://landregistry.data.gov.uk/id/region/camden,E09000007,2010-01,210,monthly,454547,1454304,989161,673978,413968,2010-01-01
Camden,http://landregistry.data.gov.uk/id/region/camden,E09000007,2010-02,185,monthly,480598,1553863,1060628,716537,436957,2010-02-01
Camden,http://landregistry.data.gov.uk/id/region/camden,E09000007,2010-03,218,monthly,498893,1626835,1104072,746064,453230,2010-03-01
Camden,http://landregistry.data.gov.uk/id/region/camden,E09000007,2010-04,163,monthly,499767,1631997,1108830,745798,454094,2010-04-01
Camden,http://landregistry.data.gov.uk/id/region/camden,E09000007,2010-05,181,monthly,490244,1598554,1083636,729803,445692,2010-05-01
Camden,http://landregistry.data.gov.uk/id/region/camden,E09000007,2010-06,231,monthly,492592,1610530,1094738,735529,447487,2010-06-01
Camden,http://landregistry.data.gov.uk/id/region/camden,E09000007,2010-07,304,monthly,524202,1749888,1182309,791377,474914,2010-07-01
Camden,http://landregistry.data.gov.uk/id/region/camden,E09000007,2010-08,273,monthly,549963,1828511,1246941,833946,497845,2010-08-01
Camden,http://landregistry.data.gov.uk/id/region/camden,E09000007,2010-09,270,monthly,550372,1845553,1254376,838761,497636,2010-09-01
Camden,http://landregistry.data.gov.uk/id/region/camden,E09000007,2010-10,228,monthly,540612,1790589,1222037,820057,489457,2010-10-01
Camden,http://landregistry.data.gov.uk/id/region/camden,E09000007,2010-11,249,monthly,532976,1772967,1202857,806606,482700,2010-11-01
Camden,http://landregistry.data.gov.uk/id/region/camden,E09000007,2010-12,221,monthly,543887,1809293,1228287,821549,492702,2010-12-01
Camden,http://landregistry.data.gov.uk/id/region/camden,E09000007,2011-01,221,monthly,540301,1836353,1228677,818445,488877,2011-01-01
Camden,http://landregistry.data.gov.uk/id/region/camden,E09000007,2011-02,177,monthly,542726,1883285,1238735,823862,490632,2011-02-01
Camden,http://landregistry.data.gov.uk/id/region/camden,E09000007,2011-03,190,monthly,547549,1939097,1258063,834305,494353,2011-03-01
Camden,http://landregistry.data.gov.uk/id/region/camden,E09000007,2011-04,212,monthly,556409,1958517,1272286,846973,502602,2011-04-01
Camden,http://landregistry.data.gov.uk/id/region/camden,E09000007,2011-05,162,monthly,544622,1859388,1227746,824779,493002,2011-05-01
Camden,http://landregistry.data.gov.uk/id/region/camden,E09000007,2011-06,227,monthly,545294,1801903,1213551,821240,494643,2011-06-01
Camden,http://landregistry.data.gov.uk/id/region/camden,E09000007,2011-07,256,monthly,547387,1785105,1213853,822765,496904,2011-07-01
Camden,http://landregistry.data.gov.uk/id/region/camden,E09000007,2011-08,263,monthly,563690,1877910,1271695,856647,510210,2011-08-01
Camden,http://landregistry.data.gov.uk/id/region/camden,E09000007,2011-09,267,monthly,576482,1963862,1316021,882709,520657,2011-09-01
Camden,http://landregistry.data.gov.uk/id/region/camden,E09000007,2011-10,249,monthly,573535,1973093,1318583,880614,517498,2011-10-01
Camden,http://landregistry.data.gov.uk/id/region/camden,E09000007,2011-11,204,monthly,567064,1955363,1300404,865613,512160,2011-11-01
Camden,http://landregistry.data.gov.uk/id/region/camden,E09000007,2011-12,192,monthly,547657,1846778,1244512,830052,495616,2011-12-01
Camden,http://landregistry.data.gov.uk/id/region/camden,E09000007,2012-01,174,monthly,548416,1835383,1248948,834291,496051,2012-01-01
Camden,http://landregistry.data.gov.uk/id/region/camden,E09000007,2012-02,165,monthly,550841,1847778,1262110,843957,497573,2012-02-01
Camden,http://landregistry.data.gov.uk/id/region/camden,E09000007,2012-03,210,monthly,568979,1924554,1308768,873651,513546,2012-03-01
Camden,http://landregistry.data.gov.uk/id/region/camden,E09000007,2012-04,153,monthly,574962,1941567,1314632,880252,519304,2012-04-01
Camden,http://landregistry.data.gov.uk/id/region/camden,E09000007,2012-05,198,monthly,575996,1920541,1305292,877818,520861,2012-05-01
Camden,http://landregistry.data.gov.uk/id/region/camden,E09000007,2012-06,204,monthly,575350,1915007,1305909,882666,519779,2012-06-01
Camden,http://landregistry.data.gov.uk/id/region/camden,E09000007,2012-07,259,monthly,600406,2010236,1374804,925270,541826,2012-07-01
Camden,http://landregistry.data.gov.uk/id/region/camden,E09000007,2012-08,245,monthly,614424,2063036,1416896,953558,553741,2012-08-01
Camden,http://landregistry.data.gov.uk/id/region/camden,E09000007,2012-09,224,monthly,613483,2070542,1414784,951793,552873,2012-09-01
Camden,http://landregistry.data.gov.uk/id/region/camden,E09000007,2012-10,172,monthly,594506,1998414,1363870,920895,536042,2012-10-01
Camden,http://landregistry.data.gov.uk/id/region/camden,E09000007,2012-11,211,monthly,596278,2009783,1365775,923109,537697,2012-11-01
Camden,http://landregistry.data.gov.uk/id/region/camden,E09000007,2012-12,198,monthly,620351,2084447,1423186,960706,559365,2012-12-01
Camden,http://landregistry.data.gov.uk/id/region/camden,E09000007,2013-01,235,monthly,627541,2133943,1454217,975444,565215,2013-01-01
Camden,http://landregistry.data.gov.uk/id/region/camden,E09000007,2013-02,156,monthly,651998,2228524,1513292,1011865,587278,2013-02-01
Camden,http://landregistry.data.gov.uk/id/region/camden,E09000007,2013-03,169,monthly,635099,2178883,1473594,982585,572282,2013-03-01
Camden,http://landregistry.data.gov.uk/id/region/camden,E09000007,2013-04,214,monthly,649540,2218238,1500286,1004434,585469,2013-04-01
Camden,http://landregistry.data.gov.uk/id/region/camden,E09000007,2013-05,253,monthly,651476,2223369,1505219,1007810,587180,2013-05-01
Camden,http://landregistry.data.gov.uk/id/region/camden,E09000007,2013-06,213,monthly,671439,2299166,1561961,1044916,604444,2013-06-01
Camden,http://landregistry.data.gov.uk/id/region/camden,E09000007,2013-07,318,monthly,685330,2342602,1596660,1070407,616593,2013-07-01
Camden,http://landregistry.data.gov.uk/id/region/camden,E09000007,2013-08,289,monthly,707359,2419357,1653910,1109715,635894,2013-08-01
Camden,http://landregistry.data.gov.uk/id/region/camden,E09000007,2013-09,282,monthly,705755,2421892,1646833,1105441,634617,2013-09-01
Camden,http://landregistry.data.gov.uk/id/region/camden,E09000007,2013-10,243,monthly,689918,2360895,1600127,1074264,621100,2013-10-01
Camden,http://landregistry.data.gov.uk/id/region/camden,E09000007,2013-11,263,monthly,662701,2255653,1525315,1026256,597301,2013-11-01
Camden,http://landregistry.data.gov.uk/id/region/camden,E09000007,2013-12,295,monthly,671215,2255877,1531067,1033206,605844,2013-12-01
Camden,http://landregistry.data.gov.uk/id/region/camden,E09000007,2014-01,245,monthly,695470,2351014,1591717,1071233,627546,2014-01-01
Camden,http://landregistry.data.gov.uk/id/region/camden,E09000007,2014-02,187,monthly,719848,2443743,1645735,1105249,649780,2014-02-01
Camden,http://landregistry.data.gov.uk/id/region/camden,E09000007,2014-03,242,monthly,720064,2454939,1652400,1107486,649629,2014-03-01
Camden,http://landregistry.data.gov.uk/id/region/camden,E09000007,2014-04,293,monthly,728942,2490485,1672129,1122365,657538,2014-04-01
Camden,http://landregistry.data.gov.uk/id/region/camden,E09000007,2014-05,228,monthly,746938,2543178,1716157,1153728,673500,2014-05-01
Camden,http://landregistry.data.gov.uk/id/region/camden,E09000007,2014-06,225,monthly,769628,2605993,1765490,1189253,694014,2014-06-01
Camden,http://landregistry.data.gov.uk/id/region/camden,E09000007,2014-07,281,monthly,787361,2646344,1807911,1218827,709897,2014-07-01
Camden,http://landregistry.data.gov.uk/id/region/camden,E09000007,2014-08,261,monthly,794040,2667364,1826281,1231074,715746,2014-08-01
Camden,http://landregistry.data.gov.uk/id/region/camden,E09000007,2014-09,232,monthly,803461,2715761,1851449,1247715,723982,2014-09-01
Camden,http://landregistry.data.gov.uk/id/region/camden,E09000007,2014-10,232,monthly,780638,2643383,1793622,1207283,703829,2014-10-01
Camden,http://landregistry.data.gov.uk/id/region/camden,E09000007,2014-11,164,monthly,769852,2608715,1763226,1186849,694444,2014-11-01
Camden,http://landregistry.data.gov.uk/id/region/camden,E09000007,2014-12,190,monthly,761594,2567108,1733961,1168274,687610,2014-12-01
Camden,http://landregistry.data.gov.uk/id/region/camden,E09000007,2015-01,181,monthly,769724,2591752,1755874,1181462,694864,2015-01-01
Camden,http://landregistry.data.gov.uk/id/region/camden,E09000007,2015-02,153,monthly,769171,2596651,1762420,1181218,694186,2015-02-01
Camden,http://landregistry.data.gov.uk/id/region/camden,E09000007,2015-03,224,monthly,756915,2548102,1736682,1161185,683231,2015-03-01
Camden,http://landregistry.data.gov.uk/id/region/camden,E09000007,2015-04,160,monthly,749621,2532644,1714858,1150091,676669,2015-04-01
Camden,http://landregistry.data.gov.uk/id/region/camden,E09000007,2015-05,187,monthly,745684,2494070,1694408,1139482,673720,2015-05-01
Camden,http://landregistry.data.gov.uk/id/region/camden,E09000007,2015-06,199,monthly,770154,2591935,1756754,1184995,695067,2015-06-01
Camden,http://landregistry.data.gov.uk/id/region/camden,E09000007,2015-07,273,monthly,793213,2654715,1813158,1220927,715860,2015-07-01
Camden,http://landregistry.data.gov.uk/id/region/camden,E09000007,2015-08,214,monthly,819744,2746128,1873742,1265784,739496,2015-08-01
Camden,http://landregistry.data.gov.uk/id/region/camden,E09000007,2015-09,243,monthly,833334,2809337,1900730,1283383,751978,2015-09-01
Camden,http://landregistry.data.gov.uk/id/region/camden,E09000007,2015-10,216,monthly,828316,2800613,1881453,1275576,747525,2015-10-01
Camden,http://landregistry.data.gov.uk/id/region/camden,E09000007,2015-11,249,monthly,816648,2773147,1856379,1257494,736929,2015-11-01
Camden,http://landregistry.data.gov.uk/id/region/camden,E09000007,2015-12,188,monthly,796767,2687906,1811911,1227055,719047,2015-12-01
Camden,http://landregistry.data.gov.uk/id/region/camden,E09000007,2016-01,171,monthly,808531,2717594,1845536,1244392,729671,2016-01-01
Camden,http://landregistry.data.gov.uk/id/region/camden,E09000007,2016-02,169,monthly,827590,2797917,1898119,1274492,746621,2016-02-01
Camden,http://landregistry.data.gov.uk/id/region/camden,E09000007,2016-03,438,monthly,854686,2907848,1962243,1314773,771062,2016-03-01
Camden,http://landregistry.data.gov.uk/id/region/camden,E09000007,2016-04,133,monthly,838254,2836238,1913737,1286501,756678,2016-04-01
Camden,http://landregistry.data.gov.uk/id/region/camden,E09000007,2016-05,114,monthly,807401,2677242,1819740,1233373,729826,2016-05-01
Camden,http://landregistry.data.gov.uk/id/region/camden,E09000007,2016-06,193,monthly,770905,2520575,1726308,1173979,697421,2016-06-01
Camden,http://landregistry.data.gov.uk/id/region/camden,E09000007,2016-07,163,monthly,753956,2462553,1690542,1149536,681969,2016-07-01
Camden,http://landregistry.data.gov.uk/id/region/camden,E09000007,2016-08,136,monthly,769512,2528595,1732962,1175595,695689,2016-08-01
Camden,http://landregistry.data.gov.uk/id/region/camden,E09000007,2016-09,157,monthly,786866,2574106,1771362,1201371,711496,2016-09-01
Camden,http://landregistry.data.gov.uk/id/region/camden,E09000007,2016-10,162,monthly,805146,2635198,1806387,1222728,728590,2016-10-01
Camden,http://landregistry.data.gov.uk/id/region/camden,E09000007,2016-11,152,monthly,830455,2724675,1860284,1256064,751880,2016-11-01
Camden,http://landregistry.data.gov.uk/id/region/camden,E09000007,2016-12,209,monthly,832126,2735410,1860306,1255710,753635,2016-12-01
Camden,http://landregistry.data.gov.uk/id/region/camden,E09000007,2017-01,154,monthly,856070,2810278,1908979,1292753,775339,2017-01-01
Camden,http://landregistry.data.gov.uk/id/region/camden,E09000007,2017-02,149,monthly,824403,2705635,1830738,1238816,747285,2017-02-01
Camden,http://landregistry.data.gov.uk/id/region/camden,E09000007,2017-03,221,monthly,813907,2690758,1812343,1220103,737895,2017-03-01
Camden,http://landregistry.data.gov.uk/id/region/camden,E09000007,2017-04,177,monthly,799226,2674501,1789457,1194540,724633,2017-04-01
Camden,http://landregistry.data.gov.uk/id/region/camden,E09000007,2017-05,161,monthly,815494,2720381,1821195,1214070,739881,2017-05-01
Camden,http://landregistry.data.gov.uk/id/region/camden,E09000007,2017-06,244,monthly,843239,2806666,1887417,1254491,765091,2017-06-01
Camden,http://landregistry.data.gov.uk/id/region/camden,E09000007,2017-07,153,monthly,865076,2850349,1932647,1285467,785180,2017-07-01
Camden,http://landregistry.data.gov.uk/id/region/camden,E09000007,2017-08,198,monthly,864580,2882325,1959100,1296272,783276,2017-08-01
Camden,http://landregistry.data.gov.uk/id/region/camden,E09000007,2017-09,187,monthly,864603,2892452,1958791,1301351,782849,2017-09-01
Camden,http://landregistry.data.gov.uk/id/region/camden,E09000007,2017-10,184,monthly,834802,2826341,1905333,1262027,755104,2017-10-01
Camden,http://landregistry.data.gov.uk/id/region/camden,E09000007,2017-11,194,monthly,846354,2836262,1913456,1274969,766273,2017-11-01
Camden,http://landregistry.data.gov.uk/id/region/camden,E09000007,2017-12,173,monthly,844416,2832589,1913470,1271032,764533,2017-12-01
Camden,http://landregistry.data.gov.uk/id/region/camden,E09000007,2018-01,127,monthly,859593,2855203,1943081,1291830,778604,2018-01-01
Camden,http://landregistry.data.gov.uk/id/region/camden,E09000007,2018-02,152,monthly,875078,2920448,1994726,1316592,792192,2018-02-01
Camden,http://landregistry.data.gov.uk/id/region/camden,E09000007,2018-03,153,monthly,853396,2814451,1940709,1286541,772590,2018-03-01
Camden,http://landregistry.data.gov.uk/id/region/camden,E09000007,2018-04,132,monthly,866438,2864208,1977131,1312016,783845,2018-04-01
Camden,http://landregistry.data.gov.uk/id/region/camden,E09000007,2018-05,142,monthly,837928,2777557,1927461,1278479,757098,2018-05-01
Camden,http://landregistry.data.gov.uk/id/region/camden,E09000007,2018-06,160,monthly,850613,2853611,1971879,1299205,768042,2018-06-01
Camden,http://landregistry.data.gov.uk/id/region/camden,E09000007,2018-07,161,monthly,837712,2851723,1959354,1284756,755543,2018-07-01
Camden,http://landregistry.data.gov.uk/id/region/camden,E09000007,2018-08,189,monthly,827363,2825795,1925831,1268184,746345,2018-08-01
Camden,http://landregistry.data.gov.uk/id/region/camden,E09000007,2018-09,137,monthly,817464,2795811,1909440,1257835,736957,2018-09-01
Camden,http://landregistry.data.gov.uk/id/region/camden,E09000007,2018-10,127,monthly,808474,2741055,1871352,1237743,729673,2018-10-01
Camden,http://landregistry.data.gov.uk/id/region/camden,E09000007,2018-11,163,monthly,807570,2759609,1880939,1239438,728353,2018-11-01
Camden,http://landregistry.data.gov.uk/id/region/camden,E09000007,2018-12,198,monthly,864615,2943614,2000721,1316232,780818,2018-12-01
Camden,http://landregistry.data.gov.uk/id/region/camden,E09000007,2019-01,102,monthly,867808,2959006,2013286,1321805,783549,2019-01-01
Camden,http://landregistry.data.gov.uk/id/region/camden,E09000007,2019-02,119,monthly,864014,2935941,1995898,1310131,780719,2019-02-01
Camden,http://landregistry.data.gov.uk/id/region/camden,E09000007,2019-03,133,monthly,808860,2750804,1875699,1233895,730236,2019-03-01
Camden,http://landregistry.data.gov.uk/id/region/camden,E09000007,2019-04,128,monthly,821134,2796155,1908102,1257306,740922,2019-04-01
Camden,http://landregistry.data.gov.uk/id/region/camden,E09000007,2019-05,107,monthly,840979,2844493,1958787,1296436,758267,2019-05-01
Camden,http://landregistry.data.gov.uk/id/region/camden,E09000007,2019-06,154,monthly,873827,2951655,2037966,1349803,787679,2019-06-01
Camden,http://landregistry.data.gov.uk/id/region/camden,E09000007,2019-07,167,monthly,894898,2993447,2079567,1380896,807035,2019-07-01
Camden,http://landregistry.data.gov.uk/id/region/camden,E09000007,2019-08,135,monthly,877372,2955238,2052319,1358804,790597,2019-08-01
Camden,http://landregistry.data.gov.uk/id/region/camden,E09000007,2019-09,144,monthly,861909,2928800,2020367,1339381,776172,2019-09-01
Camden,http://landregistry.data.gov.uk/id/region/camden,E09000007,2019-10,154,monthly,818709,2831330,1937810,1275055,736548,2019-10-01
Camden,http://landregistry.data.gov.uk/id/region/camden,E09000007,2019-11,156,monthly,833740,2876274,1968813,1296093,750329,2019-11-01
Camden,http://landregistry.data.gov.uk/id/region/camden,E09000007,2019-12,143,monthly,814640,2800422,1918569,1261183,733615,2019-12-01
Camden,http://landregistry.data.gov.uk/id/region/camden,E09000007,2020-01,173,monthly,827281,2824454,1941896,1281503,745143,2020-01-01
Camden,http://landregistry.data.gov.uk/id/region/camden,E09000007,2020-02,150,monthly,815710,2834091,1930101,1267175,733849,2020-02-01
Camden,http://landregistry.data.gov.uk/id/region/camden,E09000007,2020-03,157,monthly,847815,2983839,2024827,1322992,761771,2020-03-01
Camden,http://landregistry.data.gov.uk/id/region/camden,E09000007,2020-04,88,monthly,863516,3087932,2082944,1360629,774258,2020-04-01
Camden,http://landregistry.data.gov.uk/id/region/camden,E09000007,2020-05,63,monthly,863408,3061874,2064451,1353145,775154,2020-05-01
Camden,http://landregistry.data.gov.uk/id/region/camden,E09000007,2020-06,77,monthly,846678,2964655,2013668,1331162,760226,2020-06-01
Camden,http://landregistry.data.gov.uk/id/region/camden,E09000007,2020-07,151,monthly,818599,2837479,1938745,1282239,735678,2020-07-01
Camden,http://landregistry.data.gov.uk/id/region/camden,E09000007,2020-08,121,monthly,835652,2926850,2007262,1322581,749367,2020-08-01
Camden,http://landregistry.data.gov.uk/id/region/camden,E09000007,2020-09,154,monthly,847819,3019314,2062169,1350798,758900,2020-09-01
Camden,http://landregistry.data.gov.uk/id/region/camden,E09000007,2020-10,180,monthly,833418,2986767,2037830,1337294,745031,2020-10-01
Camden,http://landregistry.data.gov.uk/id/region/camden,E09000007,2020-11,162,monthly,815493,2908428,1984035,1310339,729109,2020-11-01
Camden,http://landregistry.data.gov.uk/id/region/camden,E09000007,2020-12,163,monthly,787449,2804327,1911218,1265713,704097,2020-12-01
Camden,http://landregistry.data.gov.uk/id/region/camden,E09000007,2021-01,174,monthly,803152,2840220,1938483,1281513,719129,2021-01-01
Camden,http://landregistry.data.gov.uk/id/region/camden,E09000007,2021-02,187,monthly,798804,2811477,1916649,1264636,716273,2021-02-01
Camden,http://landregistry.data.gov.uk/id/region/camden,E09000007,2021-03,348,monthly,809733,2815647,1923589,1269607,727600,2021-03-01
Camden,http://landregistry.data.gov.uk/id/region/camden,E09000007,2021-04,191,monthly,812140,2837625,1924523,1270432,730024,2021-04-01
Camden,http://landregistry.data.gov.uk/id/region/camden,E09000007,2021-05,146,monthly,828793,2899231,1964156,1296585,744957,2021-05-01
Camden,http://landregistry.data.gov.uk/id/region/camden,E09000007,2021-06,630,monthly,821361,2879041,1943779,1289254,737885,2021-06-01
Camden,http://landregistry.data.gov.uk/id/region/camden,E09000007,2021-07,46,monthly,868230,3083560,2078627,1369011,778785,2021-07-01
Camden,http://landregistry.data.gov.uk/id/region/camden,E09000007,2021-08,111,monthly,866813,3142996,2117024,1380608,775205,2021-08-01
Camden,http://landregistry.data.gov.uk/id/region/camden,E09000007,2021-09,263,monthly,873285,3211965,2158119,1395987,779830,2021-09-01
Camden,http://landregistry.data.gov.uk/id/region/camden,E09000007,2021-10,97,monthly,835921,3107701,2082155,1339594,745706,2021-10-01
Camden,http://landregistry.data.gov.uk/id/region/camden,E09000007,2021-11,136,monthly,866980,3225146,2156355,1387270,773635,2021-11-01
Camden,http://landregistry.data.gov.uk/id/region/camden,E09000007,2021-12,168,monthly,879890,3288785,2197078,1412325,784528,2021-12-01
Camden,http://landregistry.data.gov.uk/id/region/camden,E09000007,2022-01,121,monthly,889489,3316990,2225095,1432717,792623,2022-01-01
Camden,http://landregistry.data.gov.uk/id/region/camden,E09000007,2022-02,169,monthly,874419,3227242,2174114,1403485,780023,2022-02-01
Camden,http://landregistry.data.gov.uk/id/region/camden,E09000007,2022-03,163,monthly,883510,3285161,2207333,1418038,787844,2022-03-01
Camden,http://landregistry.data.gov.uk/id/region/camden,E09000007,2022-04,139,monthly,868789,3208531,2160883,1394350,774964,2022-04-01
Camden,http://landregistry.data.gov.uk/id/region/camden,E09000007,2022-05,170,monthly,846348,3168742,2123123,1368651,753526,2022-05-01
Camden,http://landregistry.data.gov.uk/id/region/camden,E09000007,2022-06,176,monthly,837770,3101252,2094584,1356301,746007,2022-06-01
Camden,http://landregistry.data.gov.uk/id/region/camden,E09000007,2022-07,177,monthly,861257,3202727,2169834,1403452,765771,2022-07-01
Camden,http://landregistry.data.gov.uk/id/region/camden,E09000007,2022-08,187,monthly,882412,3276976,2227452,1445327,783861,2022-08-01
Camden,http://landregistry.data.gov.uk/id/region/camden,E09000007,2022-09,249,monthly,873425,3303557,2228653,1443065,774124,2022-09-01
Camden,http://landregistry.data.gov.uk/id/region/camden,E09000007,2022-10,160,monthly,854606,3219017,2171940,1409256,757881,2022-10-01
Camden,http://landregistry.data.gov.uk/id/region/camden,E09000007,2022-11,163,monthly,845595,3194420,2147294,1391092,750176,2022-11-01
Camden,http://landregistry.data.gov.uk/id/region/camden,E09000007,2022-12,149,monthly,864215,3237648,2184514,1416337,767446,2022-12-01
Camden,http://landregistry.data.gov.uk/id/region/camden,E09000007,2023-01,133,monthly,863961,3288041,2196379,1416190,766790,2023-01-01
Camden,http://landregistry.data.gov.uk/id/region/camden,E09000007,2023-02,98,monthly,872979,3317105,2219285,1432117,774720,2023-02-01
Camden,http://landregistry.data.gov.uk/id/region/camden,E09000007,2023-03,130,monthly,857729,3280045,2185673,1403293,761388,2023-03-01
Camden,http://landregistry.data.gov.uk/id/region/camden,E09000007,2023-04,92,monthly,875438,3345836,2228590,1432283,777154,2023-04-01
Camden,http://landregistry.data.gov.uk/id/region/camden,E09000007,2023-05,120,monthly,850324,3215990,2150104,1385238,755876,2023-05-01
Camden,http://landregistry.data.gov.uk/id/region/camden,E09000007,2023-06,149,monthly,861776,3266594,2186083,1414034,764931,2023-06-01
Camden,http://landregistry.data.gov.uk/id/region/camden,E09000007,2023-07,119,monthly,838133,3172466,2137168,1384381,742914,2023-07-01
Camden,http://landregistry.data.gov.uk/id/region/camden,E09000007,2023-08,162,monthly,852687,3273699,2200814,1422882,753728,2023-08-01
Camden,http://landregistry.data.gov.uk/id/region/camden,E09000007,2023-09,160,monthly,830426,3171471,2143261,1389881,733756,2023-09-01
Camden,http://landregistry.data.gov.uk/id/region/camden,E09000007,2023-10,121,monthly,838450,3169192,2153013,1399592,741566,2023-10-01
Camden,http://landregistry.data.gov.uk/id/region/camden,E09000007,2023-11,132,monthly,836887,3148113,2138952,1388537,741231,2023-11-01
Camden,http://landregistry.data.gov.uk/id/region/camden,E09000007,2023-12,100,monthly,852047,3177020,2164358,1406253,755745,2023-12-01
Camden,http://landregistry.data.gov.uk/id/region/camden,E09000007,2024-01,75,monthly,824737,3052825,2089143,1363965,731489,2024-01-01
Camden,http://landregistry.data.gov.uk/id/region/camden,E09000007,2024-02,40,monthly,796724,2885356,2007131,1317716,707146,2024-02-01
Camden,http://landregistry.data.gov.uk/id/region/camden,E09000007,2024-03,,monthly,738545,2639231,1853154,1217165,656171,2024-03-01
Camden,http://landregistry.data.gov.uk/id/region/camden,E09000007,2024-04,,monthly,762130,2676081,1901172,1247169,678367,2024-04-01
