"Name","URI","Region GSS code","Period","Sales volume","Reporting period","Average price All property types","Average price Detached houses","Average price Semi-detached houses","Average price Terraced houses","Average price Flats and maisonettes","Pivotable date"
Cardiff,http://landregistry.data.gov.uk/id/region/cardiff,W06000015,2004-01,605,monthly,124107,231367,136741,111099,98849,2004-01-01
Cardiff,http://landregistry.data.gov.uk/id/region/cardiff,W06000015,2004-02,590,monthly,126349,234822,139005,113152,100962,2004-02-01
Cardiff,http://landregistry.data.gov.uk/id/region/cardiff,W06000015,2004-03,681,monthly,128060,238606,140679,114749,102209,2004-03-01
Cardiff,http://landregistry.data.gov.uk/id/region/cardiff,W06000015,2004-04,753,monthly,131130,241570,143970,118211,104421,2004-04-01
Cardiff,http://landregistry.data.gov.uk/id/region/cardiff,W06000015,2004-05,736,monthly,134604,245464,147546,121953,107164,2004-05-01
Cardiff,http://landregistry.data.gov.uk/id/region/cardiff,W06000015,2004-06,783,monthly,138589,250684,151845,125865,110514,2004-06-01
Cardiff,http://landregistry.data.gov.uk/id/region/cardiff,W06000015,2004-07,874,monthly,141286,255296,155073,128454,112320,2004-07-01
Cardiff,http://landregistry.data.gov.uk/id/region/cardiff,W06000015,2004-08,667,monthly,144031,261045,158186,131031,114083,2004-08-01
Cardiff,http://landregistry.data.gov.uk/id/region/cardiff,W06000015,2004-09,599,monthly,146677,266934,161386,133421,115664,2004-09-01
Cardiff,http://landregistry.data.gov.uk/id/region/cardiff,W06000015,2004-10,491,monthly,150374,273561,164986,136484,119413,2004-10-01
Cardiff,http://landregistry.data.gov.uk/id/region/cardiff,W06000015,2004-11,518,monthly,152007,276069,166610,137792,121228,2004-11-01
Cardiff,http://landregistry.data.gov.uk/id/region/cardiff,W06000015,2004-12,521,monthly,150233,271371,164199,136289,120447,2004-12-01
Cardiff,http://landregistry.data.gov.uk/id/region/cardiff,W06000015,2005-01,357,monthly,148949,268974,162425,135311,119461,2005-01-01
Cardiff,http://landregistry.data.gov.uk/id/region/cardiff,W06000015,2005-02,316,monthly,148390,267673,161896,134796,119033,2005-02-01
Cardiff,http://landregistry.data.gov.uk/id/region/cardiff,W06000015,2005-03,439,monthly,150166,271332,164109,136305,120248,2005-03-01
Cardiff,http://landregistry.data.gov.uk/id/region/cardiff,W06000015,2005-04,543,monthly,150306,270450,164674,136451,120304,2005-04-01
Cardiff,http://landregistry.data.gov.uk/id/region/cardiff,W06000015,2005-05,546,monthly,150778,271076,165025,137080,120572,2005-05-01
Cardiff,http://landregistry.data.gov.uk/id/region/cardiff,W06000015,2005-06,574,monthly,150249,268264,164292,137118,119965,2005-06-01
Cardiff,http://landregistry.data.gov.uk/id/region/cardiff,W06000015,2005-07,606,monthly,150904,269707,165186,137951,120005,2005-07-01
Cardiff,http://landregistry.data.gov.uk/id/region/cardiff,W06000015,2005-08,572,monthly,151358,270653,165658,138687,119934,2005-08-01
Cardiff,http://landregistry.data.gov.uk/id/region/cardiff,W06000015,2005-09,613,monthly,153702,276135,168359,140805,121465,2005-09-01
Cardiff,http://landregistry.data.gov.uk/id/region/cardiff,W06000015,2005-10,484,monthly,154019,276408,168307,140967,122206,2005-10-01
Cardiff,http://landregistry.data.gov.uk/id/region/cardiff,W06000015,2005-11,475,monthly,155482,278571,170042,142097,123650,2005-11-01
Cardiff,http://landregistry.data.gov.uk/id/region/cardiff,W06000015,2005-12,556,monthly,153531,273465,167437,140308,122760,2005-12-01
Cardiff,http://landregistry.data.gov.uk/id/region/cardiff,W06000015,2006-01,380,monthly,151683,270359,165302,138971,120863,2006-01-01
Cardiff,http://landregistry.data.gov.uk/id/region/cardiff,W06000015,2006-02,469,monthly,151303,268638,164469,138763,120898,2006-02-01
Cardiff,http://landregistry.data.gov.uk/id/region/cardiff,W06000015,2006-03,623,monthly,153059,272932,166743,140387,121794,2006-03-01
Cardiff,http://landregistry.data.gov.uk/id/region/cardiff,W06000015,2006-04,545,monthly,154183,273762,168112,141542,122677,2006-04-01
Cardiff,http://landregistry.data.gov.uk/id/region/cardiff,W06000015,2006-05,583,monthly,152447,270713,166505,140050,120953,2006-05-01
Cardiff,http://landregistry.data.gov.uk/id/region/cardiff,W06000015,2006-06,801,monthly,152932,270466,167075,140814,121120,2006-06-01
Cardiff,http://landregistry.data.gov.uk/id/region/cardiff,W06000015,2006-07,674,monthly,154066,272854,168346,142177,121487,2006-07-01
Cardiff,http://landregistry.data.gov.uk/id/region/cardiff,W06000015,2006-08,815,monthly,157866,280221,172638,146138,123645,2006-08-01
Cardiff,http://landregistry.data.gov.uk/id/region/cardiff,W06000015,2006-09,744,monthly,158747,282893,173766,147076,123820,2006-09-01
Cardiff,http://landregistry.data.gov.uk/id/region/cardiff,W06000015,2006-10,704,monthly,161187,287428,176407,149161,125936,2006-10-01
Cardiff,http://landregistry.data.gov.uk/id/region/cardiff,W06000015,2006-11,754,monthly,160165,285749,175456,148100,125147,2006-11-01
Cardiff,http://landregistry.data.gov.uk/id/region/cardiff,W06000015,2006-12,820,monthly,161472,286587,176591,149452,126500,2006-12-01
Cardiff,http://landregistry.data.gov.uk/id/region/cardiff,W06000015,2007-01,576,monthly,159755,283812,174797,147872,125027,2007-01-01
Cardiff,http://landregistry.data.gov.uk/id/region/cardiff,W06000015,2007-02,507,monthly,161751,286874,176681,149531,127096,2007-02-01
Cardiff,http://landregistry.data.gov.uk/id/region/cardiff,W06000015,2007-03,650,monthly,161435,287339,176468,149270,126512,2007-03-01
Cardiff,http://landregistry.data.gov.uk/id/region/cardiff,W06000015,2007-04,559,monthly,163694,289954,178684,151805,128198,2007-04-01
Cardiff,http://landregistry.data.gov.uk/id/region/cardiff,W06000015,2007-05,674,monthly,163546,288466,178390,152026,127988,2007-05-01
Cardiff,http://landregistry.data.gov.uk/id/region/cardiff,W06000015,2007-06,828,monthly,166203,292483,181198,154678,130045,2007-06-01
Cardiff,http://landregistry.data.gov.uk/id/region/cardiff,W06000015,2007-07,720,monthly,168298,297533,183648,156608,131335,2007-07-01
Cardiff,http://landregistry.data.gov.uk/id/region/cardiff,W06000015,2007-08,780,monthly,170308,302917,186041,158810,132037,2007-08-01
Cardiff,http://landregistry.data.gov.uk/id/region/cardiff,W06000015,2007-09,567,monthly,170496,304543,186413,158802,132035,2007-09-01
Cardiff,http://landregistry.data.gov.uk/id/region/cardiff,W06000015,2007-10,596,monthly,169546,303349,185074,157682,131654,2007-10-01
Cardiff,http://landregistry.data.gov.uk/id/region/cardiff,W06000015,2007-11,552,monthly,167927,300732,183403,155678,130858,2007-11-01
Cardiff,http://landregistry.data.gov.uk/id/region/cardiff,W06000015,2007-12,518,monthly,165451,295495,180540,153380,129190,2007-12-01
Cardiff,http://landregistry.data.gov.uk/id/region/cardiff,W06000015,2008-01,370,monthly,165613,296420,180816,153344,129346,2008-01-01
Cardiff,http://landregistry.data.gov.uk/id/region/cardiff,W06000015,2008-02,330,monthly,166988,299421,182366,154539,130340,2008-02-01
Cardiff,http://landregistry.data.gov.uk/id/region/cardiff,W06000015,2008-03,350,monthly,165854,298950,181585,153397,128933,2008-03-01
Cardiff,http://landregistry.data.gov.uk/id/region/cardiff,W06000015,2008-04,397,monthly,163811,295919,179503,151705,126905,2008-04-01
Cardiff,http://landregistry.data.gov.uk/id/region/cardiff,W06000015,2008-05,485,monthly,162454,292886,178018,150772,125589,2008-05-01
Cardiff,http://landregistry.data.gov.uk/id/region/cardiff,W06000015,2008-06,431,monthly,164074,295258,179574,152501,126836,2008-06-01
Cardiff,http://landregistry.data.gov.uk/id/region/cardiff,W06000015,2008-07,333,monthly,163217,293296,178880,151668,126121,2008-07-01
Cardiff,http://landregistry.data.gov.uk/id/region/cardiff,W06000015,2008-08,267,monthly,160407,289054,175742,149071,123834,2008-08-01
Cardiff,http://landregistry.data.gov.uk/id/region/cardiff,W06000015,2008-09,287,monthly,155735,283041,170412,144513,120200,2008-09-01
Cardiff,http://landregistry.data.gov.uk/id/region/cardiff,W06000015,2008-10,345,monthly,153648,280051,167985,142356,118795,2008-10-01
Cardiff,http://landregistry.data.gov.uk/id/region/cardiff,W06000015,2008-11,225,monthly,149684,273430,163893,138405,115773,2008-11-01
Cardiff,http://landregistry.data.gov.uk/id/region/cardiff,W06000015,2008-12,254,monthly,147326,267606,161574,136467,113761,2008-12-01
Cardiff,http://landregistry.data.gov.uk/id/region/cardiff,W06000015,2009-01,144,monthly,145491,265156,159544,134600,112391,2009-01-01
Cardiff,http://landregistry.data.gov.uk/id/region/cardiff,W06000015,2009-02,164,monthly,143349,261222,157094,132388,111218,2009-02-01
Cardiff,http://landregistry.data.gov.uk/id/region/cardiff,W06000015,2009-03,341,monthly,141652,258512,155061,130409,110625,2009-03-01
Cardiff,http://landregistry.data.gov.uk/id/region/cardiff,W06000015,2009-04,278,monthly,139651,253157,153017,128860,109063,2009-04-01
Cardiff,http://landregistry.data.gov.uk/id/region/cardiff,W06000015,2009-05,351,monthly,140638,253935,154088,130400,109301,2009-05-01
Cardiff,http://landregistry.data.gov.uk/id/region/cardiff,W06000015,2009-06,367,monthly,143777,259262,157727,133904,110815,2009-06-01
Cardiff,http://landregistry.data.gov.uk/id/region/cardiff,W06000015,2009-07,459,monthly,145861,263551,160337,136263,111335,2009-07-01
Cardiff,http://landregistry.data.gov.uk/id/region/cardiff,W06000015,2009-08,372,monthly,148568,269504,163550,138943,112600,2009-08-01
Cardiff,http://landregistry.data.gov.uk/id/region/cardiff,W06000015,2009-09,392,monthly,148859,270799,164174,139143,112359,2009-09-01
Cardiff,http://landregistry.data.gov.uk/id/region/cardiff,W06000015,2009-10,407,monthly,148594,270796,164081,138760,111985,2009-10-01
Cardiff,http://landregistry.data.gov.uk/id/region/cardiff,W06000015,2009-11,367,monthly,149457,272830,165012,139751,112260,2009-11-01
Cardiff,http://landregistry.data.gov.uk/id/region/cardiff,W06000015,2009-12,481,monthly,150423,273368,166167,141174,112599,2009-12-01
Cardiff,http://landregistry.data.gov.uk/id/region/cardiff,W06000015,2010-01,199,monthly,151407,276500,167628,142272,112311,2010-01-01
Cardiff,http://landregistry.data.gov.uk/id/region/cardiff,W06000015,2010-02,280,monthly,150807,275808,167805,141625,111005,2010-02-01
Cardiff,http://landregistry.data.gov.uk/id/region/cardiff,W06000015,2010-03,277,monthly,151044,278477,168359,141292,110957,2010-03-01
Cardiff,http://landregistry.data.gov.uk/id/region/cardiff,W06000015,2010-04,324,monthly,152568,280144,170135,142736,112335,2010-04-01
Cardiff,http://landregistry.data.gov.uk/id/region/cardiff,W06000015,2010-05,332,monthly,151818,278545,169067,142022,112123,2010-05-01
Cardiff,http://landregistry.data.gov.uk/id/region/cardiff,W06000015,2010-06,404,monthly,152769,279630,170292,143263,112353,2010-06-01
Cardiff,http://landregistry.data.gov.uk/id/region/cardiff,W06000015,2010-07,417,monthly,153377,281787,170944,144091,112128,2010-07-01
Cardiff,http://landregistry.data.gov.uk/id/region/cardiff,W06000015,2010-08,390,monthly,155754,287166,173976,146302,113161,2010-08-01
Cardiff,http://landregistry.data.gov.uk/id/region/cardiff,W06000015,2010-09,374,monthly,156678,290625,175036,146985,113502,2010-09-01
Cardiff,http://landregistry.data.gov.uk/id/region/cardiff,W06000015,2010-10,337,monthly,156284,290380,174699,146267,113444,2010-10-01
Cardiff,http://landregistry.data.gov.uk/id/region/cardiff,W06000015,2010-11,355,monthly,154080,287011,172078,143913,112198,2010-11-01
Cardiff,http://landregistry.data.gov.uk/id/region/cardiff,W06000015,2010-12,314,monthly,151937,282418,169923,141762,110784,2010-12-01
Cardiff,http://landregistry.data.gov.uk/id/region/cardiff,W06000015,2011-01,248,monthly,150739,281059,168552,140451,109946,2011-01-01
Cardiff,http://landregistry.data.gov.uk/id/region/cardiff,W06000015,2011-02,224,monthly,151185,282638,168886,140823,110272,2011-02-01
Cardiff,http://landregistry.data.gov.uk/id/region/cardiff,W06000015,2011-03,289,monthly,150219,282893,167630,139660,109509,2011-03-01
Cardiff,http://landregistry.data.gov.uk/id/region/cardiff,W06000015,2011-04,266,monthly,147842,278161,164903,137426,107953,2011-04-01
Cardiff,http://landregistry.data.gov.uk/id/region/cardiff,W06000015,2011-05,275,monthly,148081,276709,165141,137669,108645,2011-05-01
Cardiff,http://landregistry.data.gov.uk/id/region/cardiff,W06000015,2011-06,333,monthly,148712,275116,165916,138616,109235,2011-06-01
Cardiff,http://landregistry.data.gov.uk/id/region/cardiff,W06000015,2011-07,421,monthly,152375,280930,169906,142210,112007,2011-07-01
Cardiff,http://landregistry.data.gov.uk/id/region/cardiff,W06000015,2011-08,470,monthly,154903,286713,173190,144802,112750,2011-08-01
Cardiff,http://landregistry.data.gov.uk/id/region/cardiff,W06000015,2011-09,366,monthly,156361,291130,174847,146224,113236,2011-09-01
Cardiff,http://landregistry.data.gov.uk/id/region/cardiff,W06000015,2011-10,360,monthly,156700,292996,175778,146355,112891,2011-10-01
Cardiff,http://landregistry.data.gov.uk/id/region/cardiff,W06000015,2011-11,400,monthly,156257,292315,175121,145692,113062,2011-11-01
Cardiff,http://landregistry.data.gov.uk/id/region/cardiff,W06000015,2011-12,369,monthly,155838,290236,174877,145204,113031,2011-12-01
Cardiff,http://landregistry.data.gov.uk/id/region/cardiff,W06000015,2012-01,262,monthly,154732,287149,173684,144515,111946,2012-01-01
Cardiff,http://landregistry.data.gov.uk/id/region/cardiff,W06000015,2012-02,243,monthly,153694,284897,172837,143775,110641,2012-02-01
Cardiff,http://landregistry.data.gov.uk/id/region/cardiff,W06000015,2012-03,343,monthly,153968,284631,173106,144196,110808,2012-03-01
Cardiff,http://landregistry.data.gov.uk/id/region/cardiff,W06000015,2012-04,287,monthly,154122,284790,173128,144162,111359,2012-04-01
Cardiff,http://landregistry.data.gov.uk/id/region/cardiff,W06000015,2012-05,306,monthly,154760,285381,173608,144812,112098,2012-05-01
Cardiff,http://landregistry.data.gov.uk/id/region/cardiff,W06000015,2012-06,351,monthly,154486,284510,172994,145023,111545,2012-06-01
Cardiff,http://landregistry.data.gov.uk/id/region/cardiff,W06000015,2012-07,375,monthly,155834,286644,174319,146676,112173,2012-07-01
Cardiff,http://landregistry.data.gov.uk/id/region/cardiff,W06000015,2012-08,429,monthly,157109,288673,175761,148314,112485,2012-08-01
Cardiff,http://landregistry.data.gov.uk/id/region/cardiff,W06000015,2012-09,307,monthly,157118,290145,175759,148173,112347,2012-09-01
Cardiff,http://landregistry.data.gov.uk/id/region/cardiff,W06000015,2012-10,353,monthly,157964,291531,176918,148855,112993,2012-10-01
Cardiff,http://landregistry.data.gov.uk/id/region/cardiff,W06000015,2012-11,369,monthly,156512,289332,175337,147282,112099,2012-11-01
Cardiff,http://landregistry.data.gov.uk/id/region/cardiff,W06000015,2012-12,284,monthly,156228,288713,175331,146913,111805,2012-12-01
Cardiff,http://landregistry.data.gov.uk/id/region/cardiff,W06000015,2013-01,233,monthly,156213,289508,175688,146820,111380,2013-01-01
Cardiff,http://landregistry.data.gov.uk/id/region/cardiff,W06000015,2013-02,259,monthly,157161,291545,176799,147682,111988,2013-02-01
Cardiff,http://landregistry.data.gov.uk/id/region/cardiff,W06000015,2013-03,304,monthly,158937,295807,178896,149031,113419,2013-03-01
Cardiff,http://landregistry.data.gov.uk/id/region/cardiff,W06000015,2013-04,281,monthly,156101,290175,175227,146655,111448,2013-04-01
Cardiff,http://landregistry.data.gov.uk/id/region/cardiff,W06000015,2013-05,400,monthly,156927,290976,176134,147502,112147,2013-05-01
Cardiff,http://landregistry.data.gov.uk/id/region/cardiff,W06000015,2013-06,380,monthly,154571,284882,173430,145780,110169,2013-06-01
Cardiff,http://landregistry.data.gov.uk/id/region/cardiff,W06000015,2013-07,472,monthly,157382,289745,176550,148530,112128,2013-07-01
Cardiff,http://landregistry.data.gov.uk/id/region/cardiff,W06000015,2013-08,502,monthly,157990,290636,177240,149386,112138,2013-08-01
Cardiff,http://landregistry.data.gov.uk/id/region/cardiff,W06000015,2013-09,429,monthly,162679,300999,182575,153487,115461,2013-09-01
Cardiff,http://landregistry.data.gov.uk/id/region/cardiff,W06000015,2013-10,494,monthly,163896,304442,184277,154302,116249,2013-10-01
Cardiff,http://landregistry.data.gov.uk/id/region/cardiff,W06000015,2013-11,487,monthly,162625,302820,183056,152762,115531,2013-11-01
Cardiff,http://landregistry.data.gov.uk/id/region/cardiff,W06000015,2013-12,439,monthly,160819,297853,181158,151171,114411,2013-12-01
Cardiff,http://landregistry.data.gov.uk/id/region/cardiff,W06000015,2014-01,423,monthly,161358,298357,181754,151701,114905,2014-01-01
Cardiff,http://landregistry.data.gov.uk/id/region/cardiff,W06000015,2014-02,385,monthly,163088,301823,183811,153325,116026,2014-02-01
Cardiff,http://landregistry.data.gov.uk/id/region/cardiff,W06000015,2014-03,411,monthly,165637,306684,186678,155745,117730,2014-03-01
Cardiff,http://landregistry.data.gov.uk/id/region/cardiff,W06000015,2014-04,425,monthly,165942,306422,186958,156280,117834,2014-04-01
Cardiff,http://landregistry.data.gov.uk/id/region/cardiff,W06000015,2014-05,539,monthly,168384,309581,189449,158850,119651,2014-05-01
Cardiff,http://landregistry.data.gov.uk/id/region/cardiff,W06000015,2014-06,511,monthly,169860,312152,191190,160338,120560,2014-06-01
Cardiff,http://landregistry.data.gov.uk/id/region/cardiff,W06000015,2014-07,626,monthly,172156,316377,193939,162652,121904,2014-07-01
Cardiff,http://landregistry.data.gov.uk/id/region/cardiff,W06000015,2014-08,630,monthly,172868,318406,195108,163399,121953,2014-08-01
Cardiff,http://landregistry.data.gov.uk/id/region/cardiff,W06000015,2014-09,475,monthly,173050,319250,195324,163598,121943,2014-09-01
Cardiff,http://landregistry.data.gov.uk/id/region/cardiff,W06000015,2014-10,518,monthly,173645,320650,196164,163874,122559,2014-10-01
Cardiff,http://landregistry.data.gov.uk/id/region/cardiff,W06000015,2014-11,453,monthly,174473,322894,197113,164309,123428,2014-11-01
Cardiff,http://landregistry.data.gov.uk/id/region/cardiff,W06000015,2014-12,464,monthly,176018,326027,198846,165550,124745,2014-12-01
Cardiff,http://landregistry.data.gov.uk/id/region/cardiff,W06000015,2015-01,377,monthly,175773,325625,198576,165278,124610,2015-01-01
Cardiff,http://landregistry.data.gov.uk/id/region/cardiff,W06000015,2015-02,357,monthly,174859,323176,197296,164442,124245,2015-02-01
Cardiff,http://landregistry.data.gov.uk/id/region/cardiff,W06000015,2015-03,390,monthly,174903,323372,197492,164365,124325,2015-03-01
Cardiff,http://landregistry.data.gov.uk/id/region/cardiff,W06000015,2015-04,391,monthly,176134,325928,198751,165615,125100,2015-04-01
Cardiff,http://landregistry.data.gov.uk/id/region/cardiff,W06000015,2015-05,412,monthly,177538,328253,200621,166921,125989,2015-05-01
Cardiff,http://landregistry.data.gov.uk/id/region/cardiff,W06000015,2015-06,448,monthly,177792,328459,201123,167492,125629,2015-06-01
Cardiff,http://landregistry.data.gov.uk/id/region/cardiff,W06000015,2015-07,670,monthly,178519,329171,202200,168203,126070,2015-07-01
Cardiff,http://landregistry.data.gov.uk/id/region/cardiff,W06000015,2015-08,487,monthly,180695,333401,204655,170512,127215,2015-08-01
Cardiff,http://landregistry.data.gov.uk/id/region/cardiff,W06000015,2015-09,471,monthly,181432,336100,205397,170914,127922,2015-09-01
Cardiff,http://landregistry.data.gov.uk/id/region/cardiff,W06000015,2015-10,559,monthly,182267,338848,206514,171564,128342,2015-10-01
Cardiff,http://landregistry.data.gov.uk/id/region/cardiff,W06000015,2015-11,474,monthly,181144,337513,205488,170280,127546,2015-11-01
Cardiff,http://landregistry.data.gov.uk/id/region/cardiff,W06000015,2015-12,471,monthly,182463,339701,207350,171532,128280,2015-12-01
Cardiff,http://landregistry.data.gov.uk/id/region/cardiff,W06000015,2016-01,342,monthly,184511,342970,210059,173383,129685,2016-01-01
Cardiff,http://landregistry.data.gov.uk/id/region/cardiff,W06000015,2016-02,415,monthly,189105,351546,215454,177687,132820,2016-02-01
Cardiff,http://landregistry.data.gov.uk/id/region/cardiff,W06000015,2016-03,806,monthly,190241,354030,216372,178682,133884,2016-03-01
Cardiff,http://landregistry.data.gov.uk/id/region/cardiff,W06000015,2016-04,308,monthly,188739,350681,214381,177435,132898,2016-04-01
Cardiff,http://landregistry.data.gov.uk/id/region/cardiff,W06000015,2016-05,336,monthly,186515,344630,211273,175480,131915,2016-05-01
Cardiff,http://landregistry.data.gov.uk/id/region/cardiff,W06000015,2016-06,411,monthly,187907,345923,212858,176895,133010,2016-06-01
Cardiff,http://landregistry.data.gov.uk/id/region/cardiff,W06000015,2016-07,549,monthly,190689,350830,215745,179641,135020,2016-07-01
Cardiff,http://landregistry.data.gov.uk/id/region/cardiff,W06000015,2016-08,500,monthly,191836,354152,217075,180634,135681,2016-08-01
Cardiff,http://landregistry.data.gov.uk/id/region/cardiff,W06000015,2016-09,485,monthly,190535,352163,215842,179297,134676,2016-09-01
Cardiff,http://landregistry.data.gov.uk/id/region/cardiff,W06000015,2016-10,517,monthly,189351,351608,214784,177429,134359,2016-10-01
Cardiff,http://landregistry.data.gov.uk/id/region/cardiff,W06000015,2016-11,442,monthly,189768,354123,215548,177301,134827,2016-11-01
Cardiff,http://landregistry.data.gov.uk/id/region/cardiff,W06000015,2016-12,488,monthly,189115,353446,214542,176487,134706,2016-12-01
Cardiff,http://landregistry.data.gov.uk/id/region/cardiff,W06000015,2017-01,343,monthly,190244,355483,215415,177871,135331,2017-01-01
Cardiff,http://landregistry.data.gov.uk/id/region/cardiff,W06000015,2017-02,379,monthly,190186,354154,214699,177870,135835,2017-02-01
Cardiff,http://landregistry.data.gov.uk/id/region/cardiff,W06000015,2017-03,446,monthly,191745,356768,216320,179315,137086,2017-03-01
Cardiff,http://landregistry.data.gov.uk/id/region/cardiff,W06000015,2017-04,391,monthly,192273,357057,216669,179769,137801,2017-04-01
Cardiff,http://landregistry.data.gov.uk/id/region/cardiff,W06000015,2017-05,415,monthly,193612,358175,218573,180983,138816,2017-05-01
Cardiff,http://landregistry.data.gov.uk/id/region/cardiff,W06000015,2017-06,561,monthly,196146,360992,221189,183616,140835,2017-06-01
Cardiff,http://landregistry.data.gov.uk/id/region/cardiff,W06000015,2017-07,469,monthly,196451,360631,221789,183812,141175,2017-07-01
Cardiff,http://landregistry.data.gov.uk/id/region/cardiff,W06000015,2017-08,523,monthly,197441,362864,222817,185096,141433,2017-08-01
Cardiff,http://landregistry.data.gov.uk/id/region/cardiff,W06000015,2017-09,533,monthly,197792,365117,223549,185309,141298,2017-09-01
Cardiff,http://landregistry.data.gov.uk/id/region/cardiff,W06000015,2017-10,490,monthly,199422,369342,225800,186770,142047,2017-10-01
Cardiff,http://landregistry.data.gov.uk/id/region/cardiff,W06000015,2017-11,486,monthly,199929,371212,226861,186878,142356,2017-11-01
Cardiff,http://landregistry.data.gov.uk/id/region/cardiff,W06000015,2017-12,525,monthly,199397,369730,226662,186435,141748,2017-12-01
Cardiff,http://landregistry.data.gov.uk/id/region/cardiff,W06000015,2018-01,337,monthly,200353,371594,227781,187331,142387,2018-01-01
Cardiff,http://landregistry.data.gov.uk/id/region/cardiff,W06000015,2018-02,383,monthly,200690,372818,228114,188108,141991,2018-02-01
Cardiff,http://landregistry.data.gov.uk/id/region/cardiff,W06000015,2018-03,503,monthly,202454,376916,230161,189917,142868,2018-03-01
Cardiff,http://landregistry.data.gov.uk/id/region/cardiff,W06000015,2018-04,363,monthly,200659,373316,228364,188712,140924,2018-04-01
Cardiff,http://landregistry.data.gov.uk/id/region/cardiff,W06000015,2018-05,425,monthly,202207,375891,230487,190221,141778,2018-05-01
Cardiff,http://landregistry.data.gov.uk/id/region/cardiff,W06000015,2018-06,542,monthly,202848,376689,231630,190674,142222,2018-06-01
Cardiff,http://landregistry.data.gov.uk/id/region/cardiff,W06000015,2018-07,517,monthly,205825,382993,234953,193412,144274,2018-07-01
Cardiff,http://landregistry.data.gov.uk/id/region/cardiff,W06000015,2018-08,584,monthly,207191,385772,236415,194750,145178,2018-08-01
Cardiff,http://landregistry.data.gov.uk/id/region/cardiff,W06000015,2018-09,501,monthly,208198,388458,237408,195934,145538,2018-09-01
Cardiff,http://landregistry.data.gov.uk/id/region/cardiff,W06000015,2018-10,510,monthly,208338,389173,237749,195936,145583,2018-10-01
Cardiff,http://landregistry.data.gov.uk/id/region/cardiff,W06000015,2018-11,562,monthly,207271,388318,236909,194802,144521,2018-11-01
Cardiff,http://landregistry.data.gov.uk/id/region/cardiff,W06000015,2018-12,504,monthly,207336,387943,237323,194593,144772,2018-12-01
Cardiff,http://landregistry.data.gov.uk/id/region/cardiff,W06000015,2019-01,376,monthly,207648,389277,237962,194723,144854,2019-01-01
Cardiff,http://landregistry.data.gov.uk/id/region/cardiff,W06000015,2019-02,408,monthly,207985,390229,238279,194900,145255,2019-02-01
Cardiff,http://landregistry.data.gov.uk/id/region/cardiff,W06000015,2019-03,407,monthly,208214,391445,238821,195272,144924,2019-03-01
Cardiff,http://landregistry.data.gov.uk/id/region/cardiff,W06000015,2019-04,361,monthly,208016,389788,238455,195631,144545,2019-04-01
Cardiff,http://landregistry.data.gov.uk/id/region/cardiff,W06000015,2019-05,462,monthly,206786,386363,237282,194946,143245,2019-05-01
Cardiff,http://landregistry.data.gov.uk/id/region/cardiff,W06000015,2019-06,515,monthly,207014,385892,237453,195262,143557,2019-06-01
Cardiff,http://landregistry.data.gov.uk/id/region/cardiff,W06000015,2019-07,527,monthly,207406,386614,237787,195679,143855,2019-07-01
Cardiff,http://landregistry.data.gov.uk/id/region/cardiff,W06000015,2019-08,551,monthly,211497,394264,242432,199821,146392,2019-08-01
Cardiff,http://landregistry.data.gov.uk/id/region/cardiff,W06000015,2019-09,486,monthly,211027,393583,241350,199742,145962,2019-09-01
Cardiff,http://landregistry.data.gov.uk/id/region/cardiff,W06000015,2019-10,528,monthly,212285,396161,243670,200625,146546,2019-10-01
Cardiff,http://landregistry.data.gov.uk/id/region/cardiff,W06000015,2019-11,468,monthly,211943,396293,243837,199909,146210,2019-11-01
Cardiff,http://landregistry.data.gov.uk/id/region/cardiff,W06000015,2019-12,503,monthly,213554,399984,246458,201143,146974,2019-12-01
Cardiff,http://landregistry.data.gov.uk/id/region/cardiff,W06000015,2020-01,352,monthly,213409,400357,246210,201291,146452,2020-01-01
Cardiff,http://landregistry.data.gov.uk/id/region/cardiff,W06000015,2020-02,345,monthly,209838,393427,241966,198351,143673,2020-02-01
Cardiff,http://landregistry.data.gov.uk/id/region/cardiff,W06000015,2020-03,343,monthly,209212,392330,241204,197972,142989,2020-03-01
Cardiff,http://landregistry.data.gov.uk/id/region/cardiff,W06000015,2020-04,135,monthly,209157,394299,241138,198217,142231,2020-04-01
Cardiff,http://landregistry.data.gov.uk/id/region/cardiff,W06000015,2020-05,167,monthly,211287,399356,243843,199790,143765,2020-05-01
Cardiff,http://landregistry.data.gov.uk/id/region/cardiff,W06000015,2020-06,240,monthly,211634,399193,244580,200558,143531,2020-06-01
Cardiff,http://landregistry.data.gov.uk/id/region/cardiff,W06000015,2020-07,247,monthly,212900,398867,246023,201889,144828,2020-07-01
Cardiff,http://landregistry.data.gov.uk/id/region/cardiff,W06000015,2020-08,264,monthly,214772,402403,248586,204435,145098,2020-08-01
Cardiff,http://landregistry.data.gov.uk/id/region/cardiff,W06000015,2020-09,299,monthly,216182,406747,250295,205826,145603,2020-09-01
Cardiff,http://landregistry.data.gov.uk/id/region/cardiff,W06000015,2020-10,455,monthly,217226,409714,251702,207100,145707,2020-10-01
Cardiff,http://landregistry.data.gov.uk/id/region/cardiff,W06000015,2020-11,410,monthly,218447,411513,252715,208450,146676,2020-11-01
Cardiff,http://landregistry.data.gov.uk/id/region/cardiff,W06000015,2020-12,495,monthly,219770,413343,254100,210153,147352,2020-12-01
Cardiff,http://landregistry.data.gov.uk/id/region/cardiff,W06000015,2021-01,393,monthly,222153,413662,256329,212676,149887,2021-01-01
Cardiff,http://landregistry.data.gov.uk/id/region/cardiff,W06000015,2021-02,428,monthly,223625,411873,257167,214415,152035,2021-02-01
Cardiff,http://landregistry.data.gov.uk/id/region/cardiff,W06000015,2021-03,628,monthly,226576,412673,259594,217409,155491,2021-03-01
Cardiff,http://landregistry.data.gov.uk/id/region/cardiff,W06000015,2021-04,392,monthly,227146,414289,259769,218068,155967,2021-04-01
Cardiff,http://landregistry.data.gov.uk/id/region/cardiff,W06000015,2021-05,443,monthly,230501,421800,263717,221165,158008,2021-05-01
Cardiff,http://landregistry.data.gov.uk/id/region/cardiff,W06000015,2021-06,833,monthly,233570,426168,266830,224814,159876,2021-06-01
Cardiff,http://landregistry.data.gov.uk/id/region/cardiff,W06000015,2021-07,334,monthly,236313,432883,270478,226945,161579,2021-07-01
Cardiff,http://landregistry.data.gov.uk/id/region/cardiff,W06000015,2021-08,400,monthly,236870,435334,272098,227422,160994,2021-08-01
Cardiff,http://landregistry.data.gov.uk/id/region/cardiff,W06000015,2021-09,490,monthly,236548,436803,272658,226755,160026,2021-09-01
Cardiff,http://landregistry.data.gov.uk/id/region/cardiff,W06000015,2021-10,467,monthly,238641,443188,275741,228671,160496,2021-10-01
Cardiff,http://landregistry.data.gov.uk/id/region/cardiff,W06000015,2021-11,481,monthly,238472,444140,275659,228313,160243,2021-11-01
Cardiff,http://landregistry.data.gov.uk/id/region/cardiff,W06000015,2021-12,587,monthly,240818,450829,278963,230341,161115,2021-12-01
Cardiff,http://landregistry.data.gov.uk/id/region/cardiff,W06000015,2022-01,335,monthly,243022,453052,281947,233074,161989,2022-01-01
Cardiff,http://landregistry.data.gov.uk/id/region/cardiff,W06000015,2022-02,400,monthly,246943,459412,286501,237030,164703,2022-02-01
Cardiff,http://landregistry.data.gov.uk/id/region/cardiff,W06000015,2022-03,418,monthly,247824,461962,288155,237683,164848,2022-03-01
Cardiff,http://landregistry.data.gov.uk/id/region/cardiff,W06000015,2022-04,395,monthly,249875,465413,289982,240021,166221,2022-04-01
Cardiff,http://landregistry.data.gov.uk/id/region/cardiff,W06000015,2022-05,409,monthly,253342,471359,294237,243849,167720,2022-05-01
Cardiff,http://landregistry.data.gov.uk/id/region/cardiff,W06000015,2022-06,404,monthly,255047,473177,295794,245939,168926,2022-06-01
Cardiff,http://landregistry.data.gov.uk/id/region/cardiff,W06000015,2022-07,491,monthly,257342,476218,298906,248695,169606,2022-07-01
Cardiff,http://landregistry.data.gov.uk/id/region/cardiff,W06000015,2022-08,463,monthly,258313,477303,300127,250240,169461,2022-08-01
Cardiff,http://landregistry.data.gov.uk/id/region/cardiff,W06000015,2022-09,475,monthly,263224,486609,306171,255407,171709,2022-09-01
Cardiff,http://landregistry.data.gov.uk/id/region/cardiff,W06000015,2022-10,607,monthly,267604,496000,311574,259326,174421,2022-10-01
Cardiff,http://landregistry.data.gov.uk/id/region/cardiff,W06000015,2022-11,488,monthly,269627,500903,314196,261052,175523,2022-11-01
Cardiff,http://landregistry.data.gov.uk/id/region/cardiff,W06000015,2022-12,474,monthly,269237,499848,313971,260635,175240,2022-12-01
Cardiff,http://landregistry.data.gov.uk/id/region/cardiff,W06000015,2023-01,309,monthly,267110,495795,311540,258520,173931,2023-01-01
Cardiff,http://landregistry.data.gov.uk/id/region/cardiff,W06000015,2023-02,281,monthly,266484,495790,310873,257542,173758,2023-02-01
Cardiff,http://landregistry.data.gov.uk/id/region/cardiff,W06000015,2023-03,333,monthly,266444,498639,311284,256629,173835,2023-03-01
Cardiff,http://landregistry.data.gov.uk/id/region/cardiff,W06000015,2023-04,231,monthly,263588,494033,307901,253509,172272,2023-04-01
Cardiff,http://landregistry.data.gov.uk/id/region/cardiff,W06000015,2023-05,251,monthly,263345,492423,307300,253098,172773,2023-05-01
Cardiff,http://landregistry.data.gov.uk/id/region/cardiff,W06000015,2023-06,361,monthly,260704,485399,303458,251252,171167,2023-06-01
Cardiff,http://landregistry.data.gov.uk/id/region/cardiff,W06000015,2023-07,319,monthly,261385,485110,304520,252564,171017,2023-07-01
Cardiff,http://landregistry.data.gov.uk/id/region/cardiff,W06000015,2023-08,311,monthly,261660,485859,305330,253574,169973,2023-08-01
Cardiff,http://landregistry.data.gov.uk/id/region/cardiff,W06000015,2023-09,337,monthly,263914,490941,308452,256040,170608,2023-09-01
Cardiff,http://landregistry.data.gov.uk/id/region/cardiff,W06000015,2023-10,314,monthly,265667,494463,310697,257623,171697,2023-10-01
Cardiff,http://landregistry.data.gov.uk/id/region/cardiff,W06000015,2023-11,288,monthly,264903,494591,310240,256062,171541,2023-11-01
Cardiff,http://landregistry.data.gov.uk/id/region/cardiff,W06000015,2023-12,260,monthly,265943,495909,311961,256651,172508,2023-12-01
Cardiff,http://landregistry.data.gov.uk/id/region/cardiff,W06000015,2024-01,150,monthly,264270,493843,309923,255203,171054,2024-01-01
Cardiff,http://landregistry.data.gov.uk/id/region/cardiff,W06000015,2024-02,126,monthly,261472,488736,306093,252018,169882,2024-02-01
Cardiff,http://landregistry.data.gov.uk/id/region/cardiff,W06000015,2024-03,,monthly,259119,484321,301958,248057,170575,2024-03-01
Cardiff,http://landregistry.data.gov.uk/id/region/cardiff,W06000015,2024-04,,monthly,259370,483216,301444,246880,172712,2024-04-01
