"Name","URI","Region GSS code","Period","Sales volume","Reporting period","Average price All property types","Average price Detached houses","Average price Semi-detached houses","Average price Terraced houses","Average price Flats and maisonettes","Pivotable date"
Chelmsford,http://landregistry.data.gov.uk/id/region/chelmsford,E07000070,2004-01,248,monthly,179167,305407,187125,146722,126546,2004-01-01
Chelmsford,http://landregistry.data.gov.uk/id/region/chelmsford,E07000070,2004-02,324,monthly,180410,306460,188171,148102,127810,2004-02-01
Chelmsford,http://landregistry.data.gov.uk/id/region/chelmsford,E07000070,2004-03,339,monthly,182793,310731,190300,150201,129350,2004-03-01
Chelmsford,http://landregistry.data.gov.uk/id/region/chelmsford,E07000070,2004-04,369,monthly,184244,310507,192095,152405,130492,2004-04-01
Chelmsford,http://landregistry.data.gov.uk/id/region/chelmsford,E07000070,2004-05,371,monthly,185133,309762,193144,153852,131447,2004-05-01
Chelmsford,http://landregistry.data.gov.uk/id/region/chelmsford,E07000070,2004-06,443,monthly,189106,314312,197453,157531,134794,2004-06-01
Chelmsford,http://landregistry.data.gov.uk/id/region/chelmsford,E07000070,2004-07,419,monthly,192214,319375,201048,160192,136694,2004-07-01
Chelmsford,http://landregistry.data.gov.uk/id/region/chelmsford,E07000070,2004-08,391,monthly,195314,325250,204364,162744,138512,2004-08-01
Chelmsford,http://landregistry.data.gov.uk/id/region/chelmsford,E07000070,2004-09,339,monthly,196569,328539,205882,163732,138697,2004-09-01
Chelmsford,http://landregistry.data.gov.uk/id/region/chelmsford,E07000070,2004-10,293,monthly,196278,327699,204966,163340,139321,2004-10-01
Chelmsford,http://landregistry.data.gov.uk/id/region/chelmsford,E07000070,2004-11,270,monthly,198152,330390,206631,164863,141152,2004-11-01
Chelmsford,http://landregistry.data.gov.uk/id/region/chelmsford,E07000070,2004-12,231,monthly,195691,324566,203667,163157,140281,2004-12-01
Chelmsford,http://landregistry.data.gov.uk/id/region/chelmsford,E07000070,2005-01,142,monthly,196766,326385,204414,164239,141197,2005-01-01
Chelmsford,http://landregistry.data.gov.uk/id/region/chelmsford,E07000070,2005-02,201,monthly,194396,322022,202119,162265,139568,2005-02-01
Chelmsford,http://landregistry.data.gov.uk/id/region/chelmsford,E07000070,2005-03,194,monthly,194338,322275,202232,162351,139095,2005-03-01
Chelmsford,http://landregistry.data.gov.uk/id/region/chelmsford,E07000070,2005-04,241,monthly,193995,320173,202383,162531,138768,2005-04-01
Chelmsford,http://landregistry.data.gov.uk/id/region/chelmsford,E07000070,2005-05,261,monthly,196214,323822,204437,164732,140288,2005-05-01
Chelmsford,http://landregistry.data.gov.uk/id/region/chelmsford,E07000070,2005-06,293,monthly,199521,328061,207947,167997,142762,2005-06-01
Chelmsford,http://landregistry.data.gov.uk/id/region/chelmsford,E07000070,2005-07,336,monthly,200007,329709,208559,168412,142639,2005-07-01
Chelmsford,http://landregistry.data.gov.uk/id/region/chelmsford,E07000070,2005-08,333,monthly,201023,331894,209562,169460,143024,2005-08-01
Chelmsford,http://landregistry.data.gov.uk/id/region/chelmsford,E07000070,2005-09,297,monthly,198365,328556,206624,167156,140836,2005-09-01
Chelmsford,http://landregistry.data.gov.uk/id/region/chelmsford,E07000070,2005-10,315,monthly,199219,329442,206969,167918,142072,2005-10-01
Chelmsford,http://landregistry.data.gov.uk/id/region/chelmsford,E07000070,2005-11,301,monthly,198552,327427,206326,167453,141888,2005-11-01
Chelmsford,http://landregistry.data.gov.uk/id/region/chelmsford,E07000070,2005-12,343,monthly,199255,327232,206767,168161,143148,2005-12-01
Chelmsford,http://landregistry.data.gov.uk/id/region/chelmsford,E07000070,2006-01,252,monthly,198076,325643,205640,167441,141849,2006-01-01
Chelmsford,http://landregistry.data.gov.uk/id/region/chelmsford,E07000070,2006-02,276,monthly,199307,326796,206819,168688,143054,2006-02-01
Chelmsford,http://landregistry.data.gov.uk/id/region/chelmsford,E07000070,2006-03,323,monthly,201903,331825,209906,170966,144188,2006-03-01
Chelmsford,http://landregistry.data.gov.uk/id/region/chelmsford,E07000070,2006-04,293,monthly,204262,334679,212674,173157,145927,2006-04-01
Chelmsford,http://landregistry.data.gov.uk/id/region/chelmsford,E07000070,2006-05,336,monthly,204976,336015,213693,173786,146112,2006-05-01
Chelmsford,http://landregistry.data.gov.uk/id/region/chelmsford,E07000070,2006-06,361,monthly,206073,336915,214978,174926,147020,2006-06-01
Chelmsford,http://landregistry.data.gov.uk/id/region/chelmsford,E07000070,2006-07,395,monthly,208213,340967,217202,177022,148061,2006-07-01
Chelmsford,http://landregistry.data.gov.uk/id/region/chelmsford,E07000070,2006-08,465,monthly,208710,342418,217720,177811,147811,2006-08-01
Chelmsford,http://landregistry.data.gov.uk/id/region/chelmsford,E07000070,2006-09,402,monthly,209260,344761,218418,178213,147488,2006-09-01
Chelmsford,http://landregistry.data.gov.uk/id/region/chelmsford,E07000070,2006-10,399,monthly,208651,343775,217604,177507,147352,2006-10-01
Chelmsford,http://landregistry.data.gov.uk/id/region/chelmsford,E07000070,2006-11,339,monthly,211377,348223,220632,179694,149257,2006-11-01
Chelmsford,http://landregistry.data.gov.uk/id/region/chelmsford,E07000070,2006-12,402,monthly,212523,348483,221615,181042,150679,2006-12-01
Chelmsford,http://landregistry.data.gov.uk/id/region/chelmsford,E07000070,2007-01,288,monthly,215524,353744,224792,183641,152577,2007-01-01
Chelmsford,http://landregistry.data.gov.uk/id/region/chelmsford,E07000070,2007-02,257,monthly,213778,350299,222678,181979,151864,2007-02-01
Chelmsford,http://landregistry.data.gov.uk/id/region/chelmsford,E07000070,2007-03,311,monthly,217073,356309,226322,184878,153648,2007-03-01
Chelmsford,http://landregistry.data.gov.uk/id/region/chelmsford,E07000070,2007-04,299,monthly,222316,363680,231768,189995,157392,2007-04-01
Chelmsford,http://landregistry.data.gov.uk/id/region/chelmsford,E07000070,2007-05,364,monthly,227051,370376,236654,194595,160794,2007-05-01
Chelmsford,http://landregistry.data.gov.uk/id/region/chelmsford,E07000070,2007-06,418,monthly,231904,378055,241499,198816,164426,2007-06-01
Chelmsford,http://landregistry.data.gov.uk/id/region/chelmsford,E07000070,2007-07,375,monthly,231922,379815,241595,198507,163971,2007-07-01
Chelmsford,http://landregistry.data.gov.uk/id/region/chelmsford,E07000070,2007-08,429,monthly,233928,385595,244077,200370,164115,2007-08-01
Chelmsford,http://landregistry.data.gov.uk/id/region/chelmsford,E07000070,2007-09,338,monthly,232813,385394,242820,199093,163015,2007-09-01
Chelmsford,http://landregistry.data.gov.uk/id/region/chelmsford,E07000070,2007-10,311,monthly,233507,386390,243114,199613,163902,2007-10-01
Chelmsford,http://landregistry.data.gov.uk/id/region/chelmsford,E07000070,2007-11,313,monthly,234482,387875,243712,199919,165267,2007-11-01
Chelmsford,http://landregistry.data.gov.uk/id/region/chelmsford,E07000070,2007-12,266,monthly,234376,386970,243559,199807,165501,2007-12-01
Chelmsford,http://landregistry.data.gov.uk/id/region/chelmsford,E07000070,2008-01,182,monthly,233394,386217,242548,198591,164740,2008-01-01
Chelmsford,http://landregistry.data.gov.uk/id/region/chelmsford,E07000070,2008-02,199,monthly,231964,384259,241131,197194,163657,2008-02-01
Chelmsford,http://landregistry.data.gov.uk/id/region/chelmsford,E07000070,2008-03,154,monthly,229130,380306,238617,194976,160981,2008-03-01
Chelmsford,http://landregistry.data.gov.uk/id/region/chelmsford,E07000070,2008-04,176,monthly,227078,377320,236633,193638,159032,2008-04-01
Chelmsford,http://landregistry.data.gov.uk/id/region/chelmsford,E07000070,2008-05,205,monthly,229555,381013,239543,196194,160412,2008-05-01
Chelmsford,http://landregistry.data.gov.uk/id/region/chelmsford,E07000070,2008-06,174,monthly,229578,381161,239545,196246,160384,2008-06-01
Chelmsford,http://landregistry.data.gov.uk/id/region/chelmsford,E07000070,2008-07,169,monthly,228452,379188,238831,195191,159388,2008-07-01
Chelmsford,http://landregistry.data.gov.uk/id/region/chelmsford,E07000070,2008-08,160,monthly,222605,370526,232618,189932,155181,2008-08-01
Chelmsford,http://landregistry.data.gov.uk/id/region/chelmsford,E07000070,2008-09,158,monthly,218092,365876,227436,185549,151696,2008-09-01
Chelmsford,http://landregistry.data.gov.uk/id/region/chelmsford,E07000070,2008-10,168,monthly,212752,357445,221467,180635,148298,2008-10-01
Chelmsford,http://landregistry.data.gov.uk/id/region/chelmsford,E07000070,2008-11,121,monthly,203247,341492,211552,172504,141719,2008-11-01
Chelmsford,http://landregistry.data.gov.uk/id/region/chelmsford,E07000070,2008-12,135,monthly,199013,332480,207486,169406,138878,2008-12-01
Chelmsford,http://landregistry.data.gov.uk/id/region/chelmsford,E07000070,2009-01,84,monthly,192374,322237,200187,163433,134413,2009-01-01
Chelmsford,http://landregistry.data.gov.uk/id/region/chelmsford,E07000070,2009-02,112,monthly,191045,320301,198618,162011,133754,2009-02-01
Chelmsford,http://landregistry.data.gov.uk/id/region/chelmsford,E07000070,2009-03,145,monthly,188265,315939,195318,159211,132389,2009-03-01
Chelmsford,http://landregistry.data.gov.uk/id/region/chelmsford,E07000070,2009-04,115,monthly,188870,315002,196543,160324,132751,2009-04-01
Chelmsford,http://landregistry.data.gov.uk/id/region/chelmsford,E07000070,2009-05,146,monthly,192685,320560,200779,164203,134970,2009-05-01
Chelmsford,http://landregistry.data.gov.uk/id/region/chelmsford,E07000070,2009-06,201,monthly,195211,324615,203823,166815,135831,2009-06-01
Chelmsford,http://landregistry.data.gov.uk/id/region/chelmsford,E07000070,2009-07,237,monthly,198861,331949,207850,170017,137146,2009-07-01
Chelmsford,http://landregistry.data.gov.uk/id/region/chelmsford,E07000070,2009-08,209,monthly,202284,338588,211612,173077,138504,2009-08-01
Chelmsford,http://landregistry.data.gov.uk/id/region/chelmsford,E07000070,2009-09,188,monthly,205692,344879,215304,175948,140325,2009-09-01
Chelmsford,http://landregistry.data.gov.uk/id/region/chelmsford,E07000070,2009-10,208,monthly,210040,352099,220010,179883,142930,2009-10-01
Chelmsford,http://landregistry.data.gov.uk/id/region/chelmsford,E07000070,2009-11,201,monthly,210662,353771,220466,180592,143001,2009-11-01
Chelmsford,http://landregistry.data.gov.uk/id/region/chelmsford,E07000070,2009-12,259,monthly,210712,352533,220897,181217,142863,2009-12-01
Chelmsford,http://landregistry.data.gov.uk/id/region/chelmsford,E07000070,2010-01,134,monthly,210474,353554,220918,180916,141537,2010-01-01
Chelmsford,http://landregistry.data.gov.uk/id/region/chelmsford,E07000070,2010-02,137,monthly,210883,354375,222228,181134,140806,2010-02-01
Chelmsford,http://landregistry.data.gov.uk/id/region/chelmsford,E07000070,2010-03,186,monthly,212408,358927,223676,181962,141213,2010-03-01
Chelmsford,http://landregistry.data.gov.uk/id/region/chelmsford,E07000070,2010-04,181,monthly,213838,360277,225372,183302,142560,2010-04-01
Chelmsford,http://landregistry.data.gov.uk/id/region/chelmsford,E07000070,2010-05,209,monthly,217697,366667,229047,186627,145667,2010-05-01
Chelmsford,http://landregistry.data.gov.uk/id/region/chelmsford,E07000070,2010-06,180,monthly,218831,367999,230457,187993,146162,2010-06-01
Chelmsford,http://landregistry.data.gov.uk/id/region/chelmsford,E07000070,2010-07,277,monthly,220430,372211,231965,189295,146458,2010-07-01
Chelmsford,http://landregistry.data.gov.uk/id/region/chelmsford,E07000070,2010-08,232,monthly,217103,367714,228949,186125,143204,2010-08-01
Chelmsford,http://landregistry.data.gov.uk/id/region/chelmsford,E07000070,2010-09,183,monthly,218977,372749,230820,187351,143666,2010-09-01
Chelmsford,http://landregistry.data.gov.uk/id/region/chelmsford,E07000070,2010-10,223,monthly,219575,373762,231540,187742,144077,2010-10-01
Chelmsford,http://landregistry.data.gov.uk/id/region/chelmsford,E07000070,2010-11,231,monthly,221395,377406,233083,189025,145634,2010-11-01
Chelmsford,http://landregistry.data.gov.uk/id/region/chelmsford,E07000070,2010-12,196,monthly,218038,371172,229874,185986,143561,2010-12-01
Chelmsford,http://landregistry.data.gov.uk/id/region/chelmsford,E07000070,2011-01,107,monthly,216928,370260,228419,184848,142701,2011-01-01
Chelmsford,http://landregistry.data.gov.uk/id/region/chelmsford,E07000070,2011-02,125,monthly,217889,372690,229127,185647,143191,2011-02-01
Chelmsford,http://landregistry.data.gov.uk/id/region/chelmsford,E07000070,2011-03,141,monthly,221065,380093,231965,188056,144894,2011-03-01
Chelmsford,http://landregistry.data.gov.uk/id/region/chelmsford,E07000070,2011-04,164,monthly,222797,382743,233767,189598,146173,2011-04-01
Chelmsford,http://landregistry.data.gov.uk/id/region/chelmsford,E07000070,2011-05,175,monthly,220396,377046,231425,187759,145125,2011-05-01
Chelmsford,http://landregistry.data.gov.uk/id/region/chelmsford,E07000070,2011-06,200,monthly,218791,371963,230263,186775,144453,2011-06-01
Chelmsford,http://landregistry.data.gov.uk/id/region/chelmsford,E07000070,2011-07,237,monthly,215864,366218,227239,184456,142732,2011-07-01
Chelmsford,http://landregistry.data.gov.uk/id/region/chelmsford,E07000070,2011-08,231,monthly,216133,367970,227961,184724,141563,2011-08-01
Chelmsford,http://landregistry.data.gov.uk/id/region/chelmsford,E07000070,2011-09,221,monthly,214323,366459,225904,183062,139725,2011-09-01
Chelmsford,http://landregistry.data.gov.uk/id/region/chelmsford,E07000070,2011-10,202,monthly,213579,366449,225528,182018,138415,2011-10-01
Chelmsford,http://landregistry.data.gov.uk/id/region/chelmsford,E07000070,2011-11,237,monthly,214583,367757,226278,182694,139866,2011-11-01
Chelmsford,http://landregistry.data.gov.uk/id/region/chelmsford,E07000070,2011-12,209,monthly,217163,371183,229296,184796,141880,2011-12-01
Chelmsford,http://landregistry.data.gov.uk/id/region/chelmsford,E07000070,2012-01,124,monthly,215430,367672,227639,183597,140591,2012-01-01
Chelmsford,http://landregistry.data.gov.uk/id/region/chelmsford,E07000070,2012-02,177,monthly,213792,365065,226157,182538,138739,2012-02-01
Chelmsford,http://landregistry.data.gov.uk/id/region/chelmsford,E07000070,2012-03,208,monthly,212725,362160,224939,182083,138216,2012-03-01
Chelmsford,http://landregistry.data.gov.uk/id/region/chelmsford,E07000070,2012-04,153,monthly,217773,370284,229911,186428,142094,2012-04-01
Chelmsford,http://landregistry.data.gov.uk/id/region/chelmsford,E07000070,2012-05,194,monthly,220536,374203,232780,188844,144314,2012-05-01
Chelmsford,http://landregistry.data.gov.uk/id/region/chelmsford,E07000070,2012-06,219,monthly,222786,378327,235098,191248,145220,2012-06-01
Chelmsford,http://landregistry.data.gov.uk/id/region/chelmsford,E07000070,2012-07,200,monthly,224153,380944,236531,192635,145754,2012-07-01
Chelmsford,http://landregistry.data.gov.uk/id/region/chelmsford,E07000070,2012-08,225,monthly,226810,385788,239437,195342,146799,2012-08-01
Chelmsford,http://landregistry.data.gov.uk/id/region/chelmsford,E07000070,2012-09,191,monthly,228818,390478,241382,196714,147925,2012-09-01
Chelmsford,http://landregistry.data.gov.uk/id/region/chelmsford,E07000070,2012-10,229,monthly,228791,389956,241602,196704,147904,2012-10-01
Chelmsford,http://landregistry.data.gov.uk/id/region/chelmsford,E07000070,2012-11,181,monthly,227932,388484,240592,195930,147488,2012-11-01
Chelmsford,http://landregistry.data.gov.uk/id/region/chelmsford,E07000070,2012-12,175,monthly,225394,384248,238127,193767,145566,2012-12-01
Chelmsford,http://landregistry.data.gov.uk/id/region/chelmsford,E07000070,2013-01,148,monthly,222775,380312,235708,191444,143314,2013-01-01
Chelmsford,http://landregistry.data.gov.uk/id/region/chelmsford,E07000070,2013-02,165,monthly,219821,375648,232699,188707,141237,2013-02-01
Chelmsford,http://landregistry.data.gov.uk/id/region/chelmsford,E07000070,2013-03,183,monthly,222397,380196,235265,190567,143247,2013-03-01
Chelmsford,http://landregistry.data.gov.uk/id/region/chelmsford,E07000070,2013-04,170,monthly,222769,380462,235256,191190,143695,2013-04-01
Chelmsford,http://landregistry.data.gov.uk/id/region/chelmsford,E07000070,2013-05,225,monthly,225618,384464,238323,193743,145790,2013-05-01
Chelmsford,http://landregistry.data.gov.uk/id/region/chelmsford,E07000070,2013-06,185,monthly,226294,384555,239331,194823,145952,2013-06-01
Chelmsford,http://landregistry.data.gov.uk/id/region/chelmsford,E07000070,2013-07,271,monthly,228316,387941,241460,196689,147158,2013-07-01
Chelmsford,http://landregistry.data.gov.uk/id/region/chelmsford,E07000070,2013-08,304,monthly,229420,390498,242856,197693,147278,2013-08-01
Chelmsford,http://landregistry.data.gov.uk/id/region/chelmsford,E07000070,2013-09,235,monthly,229595,391996,242841,197629,147207,2013-09-01
Chelmsford,http://landregistry.data.gov.uk/id/region/chelmsford,E07000070,2013-10,267,monthly,232693,398628,246332,199740,148948,2013-10-01
Chelmsford,http://landregistry.data.gov.uk/id/region/chelmsford,E07000070,2013-11,259,monthly,232858,398620,246518,199823,149247,2013-11-01
Chelmsford,http://landregistry.data.gov.uk/id/region/chelmsford,E07000070,2013-12,249,monthly,234594,399905,248756,201313,150833,2013-12-01
Chelmsford,http://landregistry.data.gov.uk/id/region/chelmsford,E07000070,2014-01,245,monthly,234705,399419,248878,201475,151156,2014-01-01
Chelmsford,http://landregistry.data.gov.uk/id/region/chelmsford,E07000070,2014-02,204,monthly,240759,410178,255265,206542,155035,2014-02-01
Chelmsford,http://landregistry.data.gov.uk/id/region/chelmsford,E07000070,2014-03,227,monthly,242795,414017,257580,208258,156076,2014-03-01
Chelmsford,http://landregistry.data.gov.uk/id/region/chelmsford,E07000070,2014-04,244,monthly,244813,416517,259703,210419,157397,2014-04-01
Chelmsford,http://landregistry.data.gov.uk/id/region/chelmsford,E07000070,2014-05,277,monthly,245989,417314,261006,211881,158222,2014-05-01
Chelmsford,http://landregistry.data.gov.uk/id/region/chelmsford,E07000070,2014-06,301,monthly,250086,424186,265428,215581,160697,2014-06-01
Chelmsford,http://landregistry.data.gov.uk/id/region/chelmsford,E07000070,2014-07,307,monthly,255091,433262,271075,219910,163453,2014-07-01
Chelmsford,http://landregistry.data.gov.uk/id/region/chelmsford,E07000070,2014-08,312,monthly,255433,435105,271677,220032,163159,2014-08-01
Chelmsford,http://landregistry.data.gov.uk/id/region/chelmsford,E07000070,2014-09,239,monthly,258415,440884,274643,222545,164953,2014-09-01
Chelmsford,http://landregistry.data.gov.uk/id/region/chelmsford,E07000070,2014-10,298,monthly,261265,445843,277519,224692,167092,2014-10-01
Chelmsford,http://landregistry.data.gov.uk/id/region/chelmsford,E07000070,2014-11,280,monthly,264979,451928,281356,227653,169834,2014-11-01
Chelmsford,http://landregistry.data.gov.uk/id/region/chelmsford,E07000070,2014-12,274,monthly,266590,454813,283002,228780,171073,2014-12-01
Chelmsford,http://landregistry.data.gov.uk/id/region/chelmsford,E07000070,2015-01,210,monthly,265003,452225,281508,227181,170091,2015-01-01
Chelmsford,http://landregistry.data.gov.uk/id/region/chelmsford,E07000070,2015-02,175,monthly,265806,453774,281938,227722,170916,2015-02-01
Chelmsford,http://landregistry.data.gov.uk/id/region/chelmsford,E07000070,2015-03,202,monthly,263755,450873,280021,225540,169552,2015-03-01
Chelmsford,http://landregistry.data.gov.uk/id/region/chelmsford,E07000070,2015-04,196,monthly,265717,454265,281913,227528,170656,2015-04-01
Chelmsford,http://landregistry.data.gov.uk/id/region/chelmsford,E07000070,2015-05,249,monthly,265943,454285,282694,227705,170632,2015-05-01
Chelmsford,http://landregistry.data.gov.uk/id/region/chelmsford,E07000070,2015-06,314,monthly,271296,462894,288824,233158,173296,2015-06-01
Chelmsford,http://landregistry.data.gov.uk/id/region/chelmsford,E07000070,2015-07,319,monthly,272890,465411,290915,234560,174128,2015-07-01
Chelmsford,http://landregistry.data.gov.uk/id/region/chelmsford,E07000070,2015-08,339,monthly,277204,473341,295705,238588,176282,2015-08-01
Chelmsford,http://landregistry.data.gov.uk/id/region/chelmsford,E07000070,2015-09,317,monthly,281804,482675,300175,242020,179329,2015-09-01
Chelmsford,http://landregistry.data.gov.uk/id/region/chelmsford,E07000070,2015-10,331,monthly,287009,492136,305805,246559,182325,2015-10-01
Chelmsford,http://landregistry.data.gov.uk/id/region/chelmsford,E07000070,2015-11,331,monthly,289351,496541,308468,248385,183717,2015-11-01
Chelmsford,http://landregistry.data.gov.uk/id/region/chelmsford,E07000070,2015-12,270,monthly,288862,495450,308224,247909,183384,2015-12-01
Chelmsford,http://landregistry.data.gov.uk/id/region/chelmsford,E07000070,2016-01,237,monthly,291709,500319,311768,249911,185257,2016-01-01
Chelmsford,http://landregistry.data.gov.uk/id/region/chelmsford,E07000070,2016-02,268,monthly,297679,510775,318200,254891,189048,2016-02-01
Chelmsford,http://landregistry.data.gov.uk/id/region/chelmsford,E07000070,2016-03,369,monthly,301777,518498,322370,258095,191760,2016-03-01
Chelmsford,http://landregistry.data.gov.uk/id/region/chelmsford,E07000070,2016-04,211,monthly,302313,518314,322476,258937,192488,2016-04-01
Chelmsford,http://landregistry.data.gov.uk/id/region/chelmsford,E07000070,2016-05,225,monthly,299505,510650,318817,256787,192000,2016-05-01
Chelmsford,http://landregistry.data.gov.uk/id/region/chelmsford,E07000070,2016-06,258,monthly,302413,514157,321687,259632,194267,2016-06-01
Chelmsford,http://landregistry.data.gov.uk/id/region/chelmsford,E07000070,2016-07,317,monthly,308102,524445,327680,264466,197759,2016-07-01
Chelmsford,http://landregistry.data.gov.uk/id/region/chelmsford,E07000070,2016-08,319,monthly,315110,538334,335130,270339,201606,2016-08-01
Chelmsford,http://landregistry.data.gov.uk/id/region/chelmsford,E07000070,2016-09,333,monthly,315972,540296,336527,270695,201998,2016-09-01
Chelmsford,http://landregistry.data.gov.uk/id/region/chelmsford,E07000070,2016-10,283,monthly,315146,539749,335461,268969,202093,2016-10-01
Chelmsford,http://landregistry.data.gov.uk/id/region/chelmsford,E07000070,2016-11,240,monthly,311162,534455,331334,264672,199623,2016-11-01
Chelmsford,http://landregistry.data.gov.uk/id/region/chelmsford,E07000070,2016-12,255,monthly,312422,536950,332036,265432,200947,2016-12-01
Chelmsford,http://landregistry.data.gov.uk/id/region/chelmsford,E07000070,2017-01,205,monthly,312765,537671,332335,265914,200998,2017-01-01
Chelmsford,http://landregistry.data.gov.uk/id/region/chelmsford,E07000070,2017-02,218,monthly,320632,549323,339779,272553,207198,2017-02-01
Chelmsford,http://landregistry.data.gov.uk/id/region/chelmsford,E07000070,2017-03,279,monthly,321479,550512,340620,272938,208050,2017-03-01
Chelmsford,http://landregistry.data.gov.uk/id/region/chelmsford,E07000070,2017-04,219,monthly,324476,555229,343310,275374,210458,2017-04-01
Chelmsford,http://landregistry.data.gov.uk/id/region/chelmsford,E07000070,2017-05,269,monthly,324644,554016,344358,275452,210676,2017-05-01
Chelmsford,http://landregistry.data.gov.uk/id/region/chelmsford,E07000070,2017-06,242,monthly,329182,560464,349161,279926,213683,2017-06-01
Chelmsford,http://landregistry.data.gov.uk/id/region/chelmsford,E07000070,2017-07,246,monthly,333846,567145,354601,283822,216936,2017-07-01
Chelmsford,http://landregistry.data.gov.uk/id/region/chelmsford,E07000070,2017-08,304,monthly,333750,568445,354446,284470,215915,2017-08-01
Chelmsford,http://landregistry.data.gov.uk/id/region/chelmsford,E07000070,2017-09,262,monthly,329769,562830,350508,280913,212887,2017-09-01
Chelmsford,http://landregistry.data.gov.uk/id/region/chelmsford,E07000070,2017-10,261,monthly,326892,559243,347820,278590,210291,2017-10-01
Chelmsford,http://landregistry.data.gov.uk/id/region/chelmsford,E07000070,2017-11,244,monthly,325924,557954,347225,277319,209596,2017-11-01
Chelmsford,http://landregistry.data.gov.uk/id/region/chelmsford,E07000070,2017-12,203,monthly,330785,565791,352865,281744,212466,2017-12-01
Chelmsford,http://landregistry.data.gov.uk/id/region/chelmsford,E07000070,2018-01,188,monthly,332091,568081,354197,282725,213401,2018-01-01
Chelmsford,http://landregistry.data.gov.uk/id/region/chelmsford,E07000070,2018-02,189,monthly,332000,569601,353838,282507,212933,2018-02-01
Chelmsford,http://landregistry.data.gov.uk/id/region/chelmsford,E07000070,2018-03,281,monthly,333535,573026,355755,284030,213338,2018-03-01
Chelmsford,http://landregistry.data.gov.uk/id/region/chelmsford,E07000070,2018-04,233,monthly,330762,568341,353333,282580,210666,2018-04-01
Chelmsford,http://landregistry.data.gov.uk/id/region/chelmsford,E07000070,2018-05,225,monthly,327969,563217,351314,280856,208070,2018-05-01
Chelmsford,http://landregistry.data.gov.uk/id/region/chelmsford,E07000070,2018-06,240,monthly,325328,558123,349116,278314,206448,2018-06-01
Chelmsford,http://landregistry.data.gov.uk/id/region/chelmsford,E07000070,2018-07,258,monthly,331012,568937,355078,282921,209847,2018-07-01
Chelmsford,http://landregistry.data.gov.uk/id/region/chelmsford,E07000070,2018-08,285,monthly,335401,575967,359614,286849,212830,2018-08-01
Chelmsford,http://landregistry.data.gov.uk/id/region/chelmsford,E07000070,2018-09,255,monthly,334020,574894,358062,285901,211312,2018-09-01
Chelmsford,http://landregistry.data.gov.uk/id/region/chelmsford,E07000070,2018-10,271,monthly,334342,575459,358610,285869,211588,2018-10-01
Chelmsford,http://landregistry.data.gov.uk/id/region/chelmsford,E07000070,2018-11,248,monthly,335040,577767,359695,286368,211446,2018-11-01
Chelmsford,http://landregistry.data.gov.uk/id/region/chelmsford,E07000070,2018-12,201,monthly,334883,576813,359588,285816,211849,2018-12-01
Chelmsford,http://landregistry.data.gov.uk/id/region/chelmsford,E07000070,2019-01,174,monthly,330341,570108,354896,281562,208648,2019-01-01
Chelmsford,http://landregistry.data.gov.uk/id/region/chelmsford,E07000070,2019-02,245,monthly,332507,574849,356730,282649,210372,2019-02-01
Chelmsford,http://landregistry.data.gov.uk/id/region/chelmsford,E07000070,2019-03,215,monthly,340129,589121,365113,289233,214558,2019-03-01
Chelmsford,http://landregistry.data.gov.uk/id/region/chelmsford,E07000070,2019-04,183,monthly,341348,589872,366539,291203,215271,2019-04-01
Chelmsford,http://landregistry.data.gov.uk/id/region/chelmsford,E07000070,2019-05,232,monthly,343997,593093,370138,294554,216400,2019-05-01
Chelmsford,http://landregistry.data.gov.uk/id/region/chelmsford,E07000070,2019-06,224,monthly,338760,583524,364745,290452,212959,2019-06-01
Chelmsford,http://landregistry.data.gov.uk/id/region/chelmsford,E07000070,2019-07,286,monthly,340806,587286,366850,292059,214291,2019-07-01
Chelmsford,http://landregistry.data.gov.uk/id/region/chelmsford,E07000070,2019-08,292,monthly,338001,584039,363880,289713,211823,2019-08-01
Chelmsford,http://landregistry.data.gov.uk/id/region/chelmsford,E07000070,2019-09,271,monthly,341326,590218,366724,292999,213926,2019-09-01
Chelmsford,http://landregistry.data.gov.uk/id/region/chelmsford,E07000070,2019-10,230,monthly,339881,587605,366191,291759,212449,2019-10-01
Chelmsford,http://landregistry.data.gov.uk/id/region/chelmsford,E07000070,2019-11,247,monthly,337953,583850,364868,289834,211112,2019-11-01
Chelmsford,http://landregistry.data.gov.uk/id/region/chelmsford,E07000070,2019-12,218,monthly,333970,576424,361557,286553,208168,2019-12-01
Chelmsford,http://landregistry.data.gov.uk/id/region/chelmsford,E07000070,2020-01,181,monthly,334313,577576,361774,287131,208086,2020-01-01
Chelmsford,http://landregistry.data.gov.uk/id/region/chelmsford,E07000070,2020-02,178,monthly,333033,575359,360232,286458,207067,2020-02-01
Chelmsford,http://landregistry.data.gov.uk/id/region/chelmsford,E07000070,2020-03,208,monthly,336370,581973,363731,289007,209060,2020-03-01
Chelmsford,http://landregistry.data.gov.uk/id/region/chelmsford,E07000070,2020-04,77,monthly,335069,581413,362297,288346,207142,2020-04-01
Chelmsford,http://landregistry.data.gov.uk/id/region/chelmsford,E07000070,2020-05,92,monthly,338443,587055,366141,290619,209645,2020-05-01
Chelmsford,http://landregistry.data.gov.uk/id/region/chelmsford,E07000070,2020-06,198,monthly,334760,579580,363007,288390,206677,2020-06-01
Chelmsford,http://landregistry.data.gov.uk/id/region/chelmsford,E07000070,2020-07,161,monthly,338104,583616,366797,291305,209447,2020-07-01
Chelmsford,http://landregistry.data.gov.uk/id/region/chelmsford,E07000070,2020-08,181,monthly,338228,585467,367436,292227,207850,2020-08-01
Chelmsford,http://landregistry.data.gov.uk/id/region/chelmsford,E07000070,2020-09,192,monthly,340269,591655,369355,293597,208303,2020-09-01
Chelmsford,http://landregistry.data.gov.uk/id/region/chelmsford,E07000070,2020-10,246,monthly,337928,589349,367084,291922,205620,2020-10-01
Chelmsford,http://landregistry.data.gov.uk/id/region/chelmsford,E07000070,2020-11,278,monthly,336293,586161,364998,291038,204617,2020-11-01
Chelmsford,http://landregistry.data.gov.uk/id/region/chelmsford,E07000070,2020-12,324,monthly,338562,589917,367395,293659,205682,2020-12-01
Chelmsford,http://landregistry.data.gov.uk/id/region/chelmsford,E07000070,2021-01,282,monthly,346263,599150,375771,300866,211989,2021-01-01
Chelmsford,http://landregistry.data.gov.uk/id/region/chelmsford,E07000070,2021-02,367,monthly,351114,603114,380798,305742,216847,2021-02-01
Chelmsford,http://landregistry.data.gov.uk/id/region/chelmsford,E07000070,2021-03,531,monthly,351353,598971,380806,306443,219134,2021-03-01
Chelmsford,http://landregistry.data.gov.uk/id/region/chelmsford,E07000070,2021-04,303,monthly,345942,590278,374459,301676,215908,2021-04-01
Chelmsford,http://landregistry.data.gov.uk/id/region/chelmsford,E07000070,2021-05,235,monthly,343641,587540,371886,299442,214035,2021-05-01
Chelmsford,http://landregistry.data.gov.uk/id/region/chelmsford,E07000070,2021-06,631,monthly,347637,592899,375904,304439,216466,2021-06-01
Chelmsford,http://landregistry.data.gov.uk/id/region/chelmsford,E07000070,2021-07,103,monthly,347303,592790,376235,303447,215948,2021-07-01
Chelmsford,http://landregistry.data.gov.uk/id/region/chelmsford,E07000070,2021-08,222,monthly,352448,603553,382822,307340,217636,2021-08-01
Chelmsford,http://landregistry.data.gov.uk/id/region/chelmsford,E07000070,2021-09,436,monthly,354097,608459,385491,307763,217479,2021-09-01
Chelmsford,http://landregistry.data.gov.uk/id/region/chelmsford,E07000070,2021-10,143,monthly,362389,626697,394448,314424,220824,2021-10-01
Chelmsford,http://landregistry.data.gov.uk/id/region/chelmsford,E07000070,2021-11,223,monthly,365449,633182,397882,316792,222165,2021-11-01
Chelmsford,http://landregistry.data.gov.uk/id/region/chelmsford,E07000070,2021-12,221,monthly,368306,641260,401181,318504,222573,2021-12-01
Chelmsford,http://landregistry.data.gov.uk/id/region/chelmsford,E07000070,2022-01,189,monthly,370296,643115,404262,321140,223194,2022-01-01
Chelmsford,http://landregistry.data.gov.uk/id/region/chelmsford,E07000070,2022-02,217,monthly,375860,651487,410405,326197,227223,2022-02-01
Chelmsford,http://landregistry.data.gov.uk/id/region/chelmsford,E07000070,2022-03,283,monthly,377825,655138,413196,327537,228057,2022-03-01
Chelmsford,http://landregistry.data.gov.uk/id/region/chelmsford,E07000070,2022-04,238,monthly,384537,665679,419948,334430,232404,2022-04-01
Chelmsford,http://landregistry.data.gov.uk/id/region/chelmsford,E07000070,2022-05,243,monthly,385163,666709,421020,335885,231566,2022-05-01
Chelmsford,http://landregistry.data.gov.uk/id/region/chelmsford,E07000070,2022-06,273,monthly,392804,678094,429322,343661,236425,2022-06-01
Chelmsford,http://landregistry.data.gov.uk/id/region/chelmsford,E07000070,2022-07,284,monthly,394971,681890,432709,345741,236535,2022-07-01
Chelmsford,http://landregistry.data.gov.uk/id/region/chelmsford,E07000070,2022-08,273,monthly,398918,689011,437355,349867,237751,2022-08-01
Chelmsford,http://landregistry.data.gov.uk/id/region/chelmsford,E07000070,2022-09,230,monthly,397745,688607,436574,348982,235315,2022-09-01
Chelmsford,http://landregistry.data.gov.uk/id/region/chelmsford,E07000070,2022-10,239,monthly,398114,689709,436976,349252,235270,2022-10-01
Chelmsford,http://landregistry.data.gov.uk/id/region/chelmsford,E07000070,2022-11,265,monthly,398689,691361,437641,349332,235527,2022-11-01
Chelmsford,http://landregistry.data.gov.uk/id/region/chelmsford,E07000070,2022-12,204,monthly,398104,689261,437263,348943,235556,2022-12-01
Chelmsford,http://landregistry.data.gov.uk/id/region/chelmsford,E07000070,2023-01,171,monthly,395235,684918,434049,345866,234023,2023-01-01
Chelmsford,http://landregistry.data.gov.uk/id/region/chelmsford,E07000070,2023-02,166,monthly,389911,676555,427939,340519,231317,2023-02-01
Chelmsford,http://landregistry.data.gov.uk/id/region/chelmsford,E07000070,2023-03,182,monthly,384762,669908,422266,334371,228319,2023-03-01
Chelmsford,http://landregistry.data.gov.uk/id/region/chelmsford,E07000070,2023-04,136,monthly,385894,672030,423217,334697,229509,2023-04-01
Chelmsford,http://landregistry.data.gov.uk/id/region/chelmsford,E07000070,2023-05,126,monthly,380340,659914,417080,329793,227092,2023-05-01
Chelmsford,http://landregistry.data.gov.uk/id/region/chelmsford,E07000070,2023-06,120,monthly,386750,669511,423667,336395,231044,2023-06-01
Chelmsford,http://landregistry.data.gov.uk/id/region/chelmsford,E07000070,2023-07,155,monthly,391705,677785,429963,341634,233041,2023-07-01
Chelmsford,http://landregistry.data.gov.uk/id/region/chelmsford,E07000070,2023-08,212,monthly,396016,687194,435562,346208,233973,2023-08-01
Chelmsford,http://landregistry.data.gov.uk/id/region/chelmsford,E07000070,2023-09,160,monthly,393471,684133,433460,344349,231407,2023-09-01
Chelmsford,http://landregistry.data.gov.uk/id/region/chelmsford,E07000070,2023-10,144,monthly,383113,665501,422288,334974,225571,2023-10-01
Chelmsford,http://landregistry.data.gov.uk/id/region/chelmsford,E07000070,2023-11,186,monthly,382780,665409,421682,333485,226072,2023-11-01
Chelmsford,http://landregistry.data.gov.uk/id/region/chelmsford,E07000070,2023-12,155,monthly,373444,647808,411668,324551,221332,2023-12-01
Chelmsford,http://landregistry.data.gov.uk/id/region/chelmsford,E07000070,2024-01,94,monthly,376485,653294,414685,327632,222994,2024-01-01
Chelmsford,http://landregistry.data.gov.uk/id/region/chelmsford,E07000070,2024-02,65,monthly,376866,652404,415321,328250,223425,2024-02-01
Chelmsford,http://landregistry.data.gov.uk/id/region/chelmsford,E07000070,2024-03,,monthly,382396,661381,420780,332480,227668,2024-03-01
Chelmsford,http://landregistry.data.gov.uk/id/region/chelmsford,E07000070,2024-04,,monthly,383793,661015,422287,333146,229848,2024-04-01
