"Name","URI","Region GSS code","Period","Sales volume","Reporting period","Average price All property types","Average price Detached houses","Average price Semi-detached houses","Average price Terraced houses","Average price Flats and maisonettes","Pivotable date"
Cheltenham,http://landregistry.data.gov.uk/id/region/cheltenham,E07000078,2004-01,220,monthly,155955,273507,172561,137738,123973,2004-01-01
Cheltenham,http://landregistry.data.gov.uk/id/region/cheltenham,E07000078,2004-02,253,monthly,160477,281003,177441,141995,127477,2004-02-01
Cheltenham,http://landregistry.data.gov.uk/id/region/cheltenham,E07000078,2004-03,283,monthly,161304,282895,178162,143057,127755,2004-03-01
Cheltenham,http://landregistry.data.gov.uk/id/region/cheltenham,E07000078,2004-04,338,monthly,162671,282351,179562,144987,128912,2004-04-01
Cheltenham,http://landregistry.data.gov.uk/id/region/cheltenham,E07000078,2004-05,297,monthly,161506,277441,178033,144535,128277,2004-05-01
Cheltenham,http://landregistry.data.gov.uk/id/region/cheltenham,E07000078,2004-06,398,monthly,165250,281807,182121,148160,131511,2004-06-01
Cheltenham,http://landregistry.data.gov.uk/id/region/cheltenham,E07000078,2004-07,350,monthly,169796,289478,187546,152242,134870,2004-07-01
Cheltenham,http://landregistry.data.gov.uk/id/region/cheltenham,E07000078,2004-08,278,monthly,176615,302007,195203,158359,139979,2004-08-01
Cheltenham,http://landregistry.data.gov.uk/id/region/cheltenham,E07000078,2004-09,274,monthly,176318,302894,195259,157968,139269,2004-09-01
Cheltenham,http://landregistry.data.gov.uk/id/region/cheltenham,E07000078,2004-10,237,monthly,177156,304035,195600,158586,140518,2004-10-01
Cheltenham,http://landregistry.data.gov.uk/id/region/cheltenham,E07000078,2004-11,205,monthly,173571,297564,191543,155223,137964,2004-11-01
Cheltenham,http://landregistry.data.gov.uk/id/region/cheltenham,E07000078,2004-12,225,monthly,174211,297039,191790,155991,138987,2004-12-01
Cheltenham,http://landregistry.data.gov.uk/id/region/cheltenham,E07000078,2005-01,131,monthly,174520,297611,191719,156530,139243,2005-01-01
Cheltenham,http://landregistry.data.gov.uk/id/region/cheltenham,E07000078,2005-02,140,monthly,179508,306039,197347,161085,143007,2005-02-01
Cheltenham,http://landregistry.data.gov.uk/id/region/cheltenham,E07000078,2005-03,173,monthly,180457,307830,198610,162027,143456,2005-03-01
Cheltenham,http://landregistry.data.gov.uk/id/region/cheltenham,E07000078,2005-04,203,monthly,179990,305579,198619,161874,142767,2005-04-01
Cheltenham,http://landregistry.data.gov.uk/id/region/cheltenham,E07000078,2005-05,184,monthly,177776,301133,195898,160166,141124,2005-05-01
Cheltenham,http://landregistry.data.gov.uk/id/region/cheltenham,E07000078,2005-06,221,monthly,181017,305366,199271,163467,143792,2005-06-01
Cheltenham,http://landregistry.data.gov.uk/id/region/cheltenham,E07000078,2005-07,308,monthly,183439,310272,202046,165574,145508,2005-07-01
Cheltenham,http://landregistry.data.gov.uk/id/region/cheltenham,E07000078,2005-08,302,monthly,182142,308740,200536,164622,144172,2005-08-01
Cheltenham,http://landregistry.data.gov.uk/id/region/cheltenham,E07000078,2005-09,246,monthly,178898,304787,197043,161640,141210,2005-09-01
Cheltenham,http://landregistry.data.gov.uk/id/region/cheltenham,E07000078,2005-10,225,monthly,176941,301100,194462,159907,140054,2005-10-01
Cheltenham,http://landregistry.data.gov.uk/id/region/cheltenham,E07000078,2005-11,269,monthly,177005,300467,194784,159858,140190,2005-11-01
Cheltenham,http://landregistry.data.gov.uk/id/region/cheltenham,E07000078,2005-12,265,monthly,183649,309697,201682,165941,146206,2005-12-01
Cheltenham,http://landregistry.data.gov.uk/id/region/cheltenham,E07000078,2006-01,224,monthly,187827,317074,206187,170190,149063,2006-01-01
Cheltenham,http://landregistry.data.gov.uk/id/region/cheltenham,E07000078,2006-02,218,monthly,193314,325545,211800,175404,153618,2006-02-01
Cheltenham,http://landregistry.data.gov.uk/id/region/cheltenham,E07000078,2006-03,264,monthly,190788,322587,209610,173312,150630,2006-03-01
Cheltenham,http://landregistry.data.gov.uk/id/region/cheltenham,E07000078,2006-04,252,monthly,189850,319849,208787,172527,149923,2006-04-01
Cheltenham,http://landregistry.data.gov.uk/id/region/cheltenham,E07000078,2006-05,290,monthly,189516,319605,208651,172133,149516,2006-05-01
Cheltenham,http://landregistry.data.gov.uk/id/region/cheltenham,E07000078,2006-06,316,monthly,187995,316112,206836,170869,148498,2006-06-01
Cheltenham,http://landregistry.data.gov.uk/id/region/cheltenham,E07000078,2006-07,356,monthly,190037,320172,208982,173029,149793,2006-07-01
Cheltenham,http://landregistry.data.gov.uk/id/region/cheltenham,E07000078,2006-08,323,monthly,191770,323559,210811,175107,150690,2006-08-01
Cheltenham,http://landregistry.data.gov.uk/id/region/cheltenham,E07000078,2006-09,321,monthly,198009,335379,217683,180832,155298,2006-09-01
Cheltenham,http://landregistry.data.gov.uk/id/region/cheltenham,E07000078,2006-10,341,monthly,197234,334156,216748,179885,154932,2006-10-01
Cheltenham,http://landregistry.data.gov.uk/id/region/cheltenham,E07000078,2006-11,306,monthly,198223,335924,218047,180620,155687,2006-11-01
Cheltenham,http://landregistry.data.gov.uk/id/region/cheltenham,E07000078,2006-12,320,monthly,197447,333141,216932,180134,155363,2006-12-01
Cheltenham,http://landregistry.data.gov.uk/id/region/cheltenham,E07000078,2007-01,248,monthly,196710,332388,216259,179544,154524,2007-01-01
Cheltenham,http://landregistry.data.gov.uk/id/region/cheltenham,E07000078,2007-02,214,monthly,200040,337651,219612,182371,157531,2007-02-01
Cheltenham,http://landregistry.data.gov.uk/id/region/cheltenham,E07000078,2007-03,303,monthly,201775,341544,221772,184022,158453,2007-03-01
Cheltenham,http://landregistry.data.gov.uk/id/region/cheltenham,E07000078,2007-04,240,monthly,208289,351281,228633,190354,163665,2007-04-01
Cheltenham,http://landregistry.data.gov.uk/id/region/cheltenham,E07000078,2007-05,264,monthly,204439,343675,224272,187289,160561,2007-05-01
Cheltenham,http://landregistry.data.gov.uk/id/region/cheltenham,E07000078,2007-06,361,monthly,203707,341943,223236,186743,160114,2007-06-01
Cheltenham,http://landregistry.data.gov.uk/id/region/cheltenham,E07000078,2007-07,282,monthly,202766,342001,222418,185857,158988,2007-07-01
Cheltenham,http://landregistry.data.gov.uk/id/region/cheltenham,E07000078,2007-08,334,monthly,207006,351419,227453,190014,161492,2007-08-01
Cheltenham,http://landregistry.data.gov.uk/id/region/cheltenham,E07000078,2007-09,280,monthly,210843,359562,231783,193327,164299,2007-09-01
Cheltenham,http://landregistry.data.gov.uk/id/region/cheltenham,E07000078,2007-10,261,monthly,209902,358015,230368,192287,163916,2007-10-01
Cheltenham,http://landregistry.data.gov.uk/id/region/cheltenham,E07000078,2007-11,243,monthly,210325,359168,230662,192153,164673,2007-11-01
Cheltenham,http://landregistry.data.gov.uk/id/region/cheltenham,E07000078,2007-12,223,monthly,209564,356967,229640,191495,164312,2007-12-01
Cheltenham,http://landregistry.data.gov.uk/id/region/cheltenham,E07000078,2008-01,140,monthly,204661,349719,224449,186741,160384,2008-01-01
Cheltenham,http://landregistry.data.gov.uk/id/region/cheltenham,E07000078,2008-02,147,monthly,201023,343628,220741,183555,157259,2008-02-01
Cheltenham,http://landregistry.data.gov.uk/id/region/cheltenham,E07000078,2008-03,143,monthly,197103,337902,217071,180243,153496,2008-03-01
Cheltenham,http://landregistry.data.gov.uk/id/region/cheltenham,E07000078,2008-04,131,monthly,199860,342619,220400,183380,155014,2008-04-01
Cheltenham,http://landregistry.data.gov.uk/id/region/cheltenham,E07000078,2008-05,146,monthly,197829,338963,218205,181813,153231,2008-05-01
Cheltenham,http://landregistry.data.gov.uk/id/region/cheltenham,E07000078,2008-06,151,monthly,192516,330198,212162,176919,149164,2008-06-01
Cheltenham,http://landregistry.data.gov.uk/id/region/cheltenham,E07000078,2008-07,137,monthly,194076,332975,214092,178059,150439,2008-07-01
Cheltenham,http://landregistry.data.gov.uk/id/region/cheltenham,E07000078,2008-08,144,monthly,195039,335712,214904,178792,151224,2008-08-01
Cheltenham,http://landregistry.data.gov.uk/id/region/cheltenham,E07000078,2008-09,120,monthly,197043,341377,216869,180374,152659,2008-09-01
Cheltenham,http://landregistry.data.gov.uk/id/region/cheltenham,E07000078,2008-10,130,monthly,192920,334276,211764,176439,149922,2008-10-01
Cheltenham,http://landregistry.data.gov.uk/id/region/cheltenham,E07000078,2008-11,124,monthly,186302,322825,204512,170272,144852,2008-11-01
Cheltenham,http://landregistry.data.gov.uk/id/region/cheltenham,E07000078,2008-12,126,monthly,177111,305543,194539,162210,137664,2008-12-01
Cheltenham,http://landregistry.data.gov.uk/id/region/cheltenham,E07000078,2009-01,85,monthly,169841,294612,186455,155297,131934,2009-01-01
Cheltenham,http://landregistry.data.gov.uk/id/region/cheltenham,E07000078,2009-02,75,monthly,161253,279826,176908,147208,125577,2009-02-01
Cheltenham,http://landregistry.data.gov.uk/id/region/cheltenham,E07000078,2009-03,111,monthly,163515,283622,179037,148916,127955,2009-03-01
Cheltenham,http://landregistry.data.gov.uk/id/region/cheltenham,E07000078,2009-04,95,monthly,165264,283970,181138,151081,129394,2009-04-01
Cheltenham,http://landregistry.data.gov.uk/id/region/cheltenham,E07000078,2009-05,142,monthly,170291,291716,186625,156291,132981,2009-05-01
Cheltenham,http://landregistry.data.gov.uk/id/region/cheltenham,E07000078,2009-06,138,monthly,169469,290066,185943,156033,131668,2009-06-01
Cheltenham,http://landregistry.data.gov.uk/id/region/cheltenham,E07000078,2009-07,192,monthly,174646,300321,192000,161022,134633,2009-07-01
Cheltenham,http://landregistry.data.gov.uk/id/region/cheltenham,E07000078,2009-08,196,monthly,182591,314868,201064,168589,139894,2009-08-01
Cheltenham,http://landregistry.data.gov.uk/id/region/cheltenham,E07000078,2009-09,173,monthly,189296,327114,208667,174750,144629,2009-09-01
Cheltenham,http://landregistry.data.gov.uk/id/region/cheltenham,E07000078,2009-10,208,monthly,185740,321476,204899,171406,141667,2009-10-01
Cheltenham,http://landregistry.data.gov.uk/id/region/cheltenham,E07000078,2009-11,153,monthly,183410,318280,202228,169345,139630,2009-11-01
Cheltenham,http://landregistry.data.gov.uk/id/region/cheltenham,E07000078,2009-12,274,monthly,184115,318333,203314,170497,139723,2009-12-01
Cheltenham,http://landregistry.data.gov.uk/id/region/cheltenham,E07000078,2010-01,87,monthly,191555,332198,211935,177467,144587,2010-01-01
Cheltenham,http://landregistry.data.gov.uk/id/region/cheltenham,E07000078,2010-02,121,monthly,194692,337626,216221,180441,146132,2010-02-01
Cheltenham,http://landregistry.data.gov.uk/id/region/cheltenham,E07000078,2010-03,115,monthly,197081,343698,218753,182284,147861,2010-03-01
Cheltenham,http://landregistry.data.gov.uk/id/region/cheltenham,E07000078,2010-04,176,monthly,192378,334502,213403,178048,144680,2010-04-01
Cheltenham,http://landregistry.data.gov.uk/id/region/cheltenham,E07000078,2010-05,128,monthly,193397,336264,214066,178858,146050,2010-05-01
Cheltenham,http://landregistry.data.gov.uk/id/region/cheltenham,E07000078,2010-06,159,monthly,195540,339487,216568,181216,147338,2010-06-01
Cheltenham,http://landregistry.data.gov.uk/id/region/cheltenham,E07000078,2010-07,190,monthly,201332,351370,222834,186714,151122,2010-07-01
Cheltenham,http://landregistry.data.gov.uk/id/region/cheltenham,E07000078,2010-08,173,monthly,204044,356976,226421,189155,152355,2010-08-01
Cheltenham,http://landregistry.data.gov.uk/id/region/cheltenham,E07000078,2010-09,199,monthly,200145,352155,222239,185299,148874,2010-09-01
Cheltenham,http://landregistry.data.gov.uk/id/region/cheltenham,E07000078,2010-10,159,monthly,196724,345971,218796,182024,146134,2010-10-01
Cheltenham,http://landregistry.data.gov.uk/id/region/cheltenham,E07000078,2010-11,172,monthly,196351,346111,218138,181385,146127,2010-11-01
Cheltenham,http://landregistry.data.gov.uk/id/region/cheltenham,E07000078,2010-12,138,monthly,195452,343952,217411,180459,145464,2010-12-01
Cheltenham,http://landregistry.data.gov.uk/id/region/cheltenham,E07000078,2011-01,112,monthly,191884,338915,213284,176975,142751,2011-01-01
Cheltenham,http://landregistry.data.gov.uk/id/region/cheltenham,E07000078,2011-02,95,monthly,188342,333588,209170,173967,139746,2011-02-01
Cheltenham,http://landregistry.data.gov.uk/id/region/cheltenham,E07000078,2011-03,98,monthly,188164,335551,208762,173509,139373,2011-03-01
Cheltenham,http://landregistry.data.gov.uk/id/region/cheltenham,E07000078,2011-04,137,monthly,188141,334687,208826,173636,139386,2011-04-01
Cheltenham,http://landregistry.data.gov.uk/id/region/cheltenham,E07000078,2011-05,125,monthly,187490,331106,208164,173084,139645,2011-05-01
Cheltenham,http://landregistry.data.gov.uk/id/region/cheltenham,E07000078,2011-06,141,monthly,187998,328606,208960,174112,140368,2011-06-01
Cheltenham,http://landregistry.data.gov.uk/id/region/cheltenham,E07000078,2011-07,152,monthly,190525,331972,211690,176543,142613,2011-07-01
Cheltenham,http://landregistry.data.gov.uk/id/region/cheltenham,E07000078,2011-08,184,monthly,192300,336772,214216,178332,142601,2011-08-01
Cheltenham,http://landregistry.data.gov.uk/id/region/cheltenham,E07000078,2011-09,162,monthly,194481,342824,216621,180280,143540,2011-09-01
Cheltenham,http://landregistry.data.gov.uk/id/region/cheltenham,E07000078,2011-10,167,monthly,195202,345675,217957,180680,143246,2011-10-01
Cheltenham,http://landregistry.data.gov.uk/id/region/cheltenham,E07000078,2011-11,137,monthly,195852,346793,218345,181014,144374,2011-11-01
Cheltenham,http://landregistry.data.gov.uk/id/region/cheltenham,E07000078,2011-12,162,monthly,194192,342343,216692,179377,143578,2011-12-01
Cheltenham,http://landregistry.data.gov.uk/id/region/cheltenham,E07000078,2012-01,116,monthly,200485,352545,223828,185621,147965,2012-01-01
Cheltenham,http://landregistry.data.gov.uk/id/region/cheltenham,E07000078,2012-02,120,monthly,196878,346659,220005,182531,144648,2012-02-01
Cheltenham,http://landregistry.data.gov.uk/id/region/cheltenham,E07000078,2012-03,198,monthly,198543,349227,221810,184383,145639,2012-03-01
Cheltenham,http://landregistry.data.gov.uk/id/region/cheltenham,E07000078,2012-04,102,monthly,191037,335854,213006,177225,140732,2012-04-01
Cheltenham,http://landregistry.data.gov.uk/id/region/cheltenham,E07000078,2012-05,114,monthly,197322,345426,219920,183211,145742,2012-05-01
Cheltenham,http://landregistry.data.gov.uk/id/region/cheltenham,E07000078,2012-06,143,monthly,199148,348211,221626,185418,147005,2012-06-01
Cheltenham,http://landregistry.data.gov.uk/id/region/cheltenham,E07000078,2012-07,177,monthly,203206,355410,226077,189550,149674,2012-07-01
Cheltenham,http://landregistry.data.gov.uk/id/region/cheltenham,E07000078,2012-08,196,monthly,201549,352761,224214,188467,147940,2012-08-01
Cheltenham,http://landregistry.data.gov.uk/id/region/cheltenham,E07000078,2012-09,117,monthly,202606,356038,225445,189281,148399,2012-09-01
Cheltenham,http://landregistry.data.gov.uk/id/region/cheltenham,E07000078,2012-10,151,monthly,205617,361001,228959,192114,150544,2012-10-01
Cheltenham,http://landregistry.data.gov.uk/id/region/cheltenham,E07000078,2012-11,153,monthly,202725,356140,225864,189264,148396,2012-11-01
Cheltenham,http://landregistry.data.gov.uk/id/region/cheltenham,E07000078,2012-12,147,monthly,196980,346304,219709,183774,144022,2012-12-01
Cheltenham,http://landregistry.data.gov.uk/id/region/cheltenham,E07000078,2013-01,130,monthly,194927,343470,217889,181781,141959,2013-01-01
Cheltenham,http://landregistry.data.gov.uk/id/region/cheltenham,E07000078,2013-02,118,monthly,194973,343884,217905,181843,141879,2013-02-01
Cheltenham,http://landregistry.data.gov.uk/id/region/cheltenham,E07000078,2013-03,128,monthly,196174,346568,219153,182691,142914,2013-03-01
Cheltenham,http://landregistry.data.gov.uk/id/region/cheltenham,E07000078,2013-04,132,monthly,198305,349959,220850,185043,144761,2013-04-01
Cheltenham,http://landregistry.data.gov.uk/id/region/cheltenham,E07000078,2013-05,183,monthly,198223,349160,220644,184989,144969,2013-05-01
Cheltenham,http://landregistry.data.gov.uk/id/region/cheltenham,E07000078,2013-06,174,monthly,200588,351790,223344,187726,146541,2013-06-01
Cheltenham,http://landregistry.data.gov.uk/id/region/cheltenham,E07000078,2013-07,197,monthly,200034,350397,222823,187312,146074,2013-07-01
Cheltenham,http://landregistry.data.gov.uk/id/region/cheltenham,E07000078,2013-08,227,monthly,206476,361778,230164,193485,150461,2013-08-01
Cheltenham,http://landregistry.data.gov.uk/id/region/cheltenham,E07000078,2013-09,193,monthly,208175,366316,232114,194775,151503,2013-09-01
Cheltenham,http://landregistry.data.gov.uk/id/region/cheltenham,E07000078,2013-10,197,monthly,206016,363951,229987,192286,149763,2013-10-01
Cheltenham,http://landregistry.data.gov.uk/id/region/cheltenham,E07000078,2013-11,225,monthly,203939,360464,227866,190207,148185,2013-11-01
Cheltenham,http://landregistry.data.gov.uk/id/region/cheltenham,E07000078,2013-12,202,monthly,204346,359741,228550,190645,148657,2013-12-01
Cheltenham,http://landregistry.data.gov.uk/id/region/cheltenham,E07000078,2014-01,189,monthly,204389,359649,228700,190652,148691,2014-01-01
Cheltenham,http://landregistry.data.gov.uk/id/region/cheltenham,E07000078,2014-02,196,monthly,207846,366826,232724,193642,151055,2014-02-01
Cheltenham,http://landregistry.data.gov.uk/id/region/cheltenham,E07000078,2014-03,179,monthly,209568,370073,234729,195109,152273,2014-03-01
Cheltenham,http://landregistry.data.gov.uk/id/region/cheltenham,E07000078,2014-04,223,monthly,214604,378244,240238,200088,155928,2014-04-01
Cheltenham,http://landregistry.data.gov.uk/id/region/cheltenham,E07000078,2014-05,225,monthly,215483,378304,241027,201293,156683,2014-05-01
Cheltenham,http://landregistry.data.gov.uk/id/region/cheltenham,E07000078,2014-06,201,monthly,217348,381391,243216,203240,157858,2014-06-01
Cheltenham,http://landregistry.data.gov.uk/id/region/cheltenham,E07000078,2014-07,260,monthly,217653,381848,243906,203749,157719,2014-07-01
Cheltenham,http://landregistry.data.gov.uk/id/region/cheltenham,E07000078,2014-08,261,monthly,219831,386503,246801,205831,158830,2014-08-01
Cheltenham,http://landregistry.data.gov.uk/id/region/cheltenham,E07000078,2014-09,253,monthly,223446,393640,250939,209246,161203,2014-09-01
Cheltenham,http://landregistry.data.gov.uk/id/region/cheltenham,E07000078,2014-10,233,monthly,221840,391235,249173,207422,160190,2014-10-01
Cheltenham,http://landregistry.data.gov.uk/id/region/cheltenham,E07000078,2014-11,217,monthly,222040,391965,249367,207355,160475,2014-11-01
Cheltenham,http://landregistry.data.gov.uk/id/region/cheltenham,E07000078,2014-12,231,monthly,219571,387960,246481,204727,158938,2014-12-01
Cheltenham,http://landregistry.data.gov.uk/id/region/cheltenham,E07000078,2015-01,164,monthly,222656,393500,249986,207479,161230,2015-01-01
Cheltenham,http://landregistry.data.gov.uk/id/region/cheltenham,E07000078,2015-02,145,monthly,221545,391280,248238,206305,160896,2015-02-01
Cheltenham,http://landregistry.data.gov.uk/id/region/cheltenham,E07000078,2015-03,157,monthly,221884,392265,248667,206244,161344,2015-03-01
Cheltenham,http://landregistry.data.gov.uk/id/region/cheltenham,E07000078,2015-04,149,monthly,220335,389988,246917,205015,159965,2015-04-01
Cheltenham,http://landregistry.data.gov.uk/id/region/cheltenham,E07000078,2015-05,205,monthly,221863,392514,249099,206309,160923,2015-05-01
Cheltenham,http://landregistry.data.gov.uk/id/region/cheltenham,E07000078,2015-06,226,monthly,224880,397517,252865,209863,162349,2015-06-01
Cheltenham,http://landregistry.data.gov.uk/id/region/cheltenham,E07000078,2015-07,278,monthly,230979,407626,259878,215502,166836,2015-07-01
Cheltenham,http://landregistry.data.gov.uk/id/region/cheltenham,E07000078,2015-08,242,monthly,236375,417551,266029,220963,170261,2015-08-01
Cheltenham,http://landregistry.data.gov.uk/id/region/cheltenham,E07000078,2015-09,221,monthly,239479,424681,269352,223389,172645,2015-09-01
Cheltenham,http://landregistry.data.gov.uk/id/region/cheltenham,E07000078,2015-10,254,monthly,238752,424761,268918,222643,171662,2015-10-01
Cheltenham,http://landregistry.data.gov.uk/id/region/cheltenham,E07000078,2015-11,227,monthly,236080,420743,266178,219856,169660,2015-11-01
Cheltenham,http://landregistry.data.gov.uk/id/region/cheltenham,E07000078,2015-12,258,monthly,233007,415146,263066,217044,167221,2015-12-01
Cheltenham,http://landregistry.data.gov.uk/id/region/cheltenham,E07000078,2016-01,192,monthly,235114,418394,265826,218773,168788,2016-01-01
Cheltenham,http://landregistry.data.gov.uk/id/region/cheltenham,E07000078,2016-02,197,monthly,238029,423699,269165,221490,170827,2016-02-01
Cheltenham,http://landregistry.data.gov.uk/id/region/cheltenham,E07000078,2016-03,418,monthly,240339,427938,271403,223409,172871,2016-03-01
Cheltenham,http://landregistry.data.gov.uk/id/region/cheltenham,E07000078,2016-04,145,monthly,242590,431543,273542,225894,174506,2016-04-01
Cheltenham,http://landregistry.data.gov.uk/id/region/cheltenham,E07000078,2016-05,169,monthly,243832,431695,274517,227126,176023,2016-05-01
Cheltenham,http://landregistry.data.gov.uk/id/region/cheltenham,E07000078,2016-06,199,monthly,246503,435546,277487,229850,177961,2016-06-01
Cheltenham,http://landregistry.data.gov.uk/id/region/cheltenham,E07000078,2016-07,228,monthly,246724,435601,277450,230001,178407,2016-07-01
Cheltenham,http://landregistry.data.gov.uk/id/region/cheltenham,E07000078,2016-08,228,monthly,248161,439401,279008,231247,179298,2016-08-01
Cheltenham,http://landregistry.data.gov.uk/id/region/cheltenham,E07000078,2016-09,221,monthly,248584,440353,279826,231419,179530,2016-09-01
Cheltenham,http://landregistry.data.gov.uk/id/region/cheltenham,E07000078,2016-10,222,monthly,249201,442826,280726,231097,180285,2016-10-01
Cheltenham,http://landregistry.data.gov.uk/id/region/cheltenham,E07000078,2016-11,212,monthly,245793,438498,277084,227171,177963,2016-11-01
Cheltenham,http://landregistry.data.gov.uk/id/region/cheltenham,E07000078,2016-12,231,monthly,246968,441114,277969,227922,179247,2016-12-01
Cheltenham,http://landregistry.data.gov.uk/id/region/cheltenham,E07000078,2017-01,174,monthly,247686,442551,278559,228752,179737,2017-01-01
Cheltenham,http://landregistry.data.gov.uk/id/region/cheltenham,E07000078,2017-02,181,monthly,250927,447012,281637,231613,182766,2017-02-01
Cheltenham,http://landregistry.data.gov.uk/id/region/cheltenham,E07000078,2017-03,204,monthly,251677,448223,282490,232001,183536,2017-03-01
Cheltenham,http://landregistry.data.gov.uk/id/region/cheltenham,E07000078,2017-04,197,monthly,254518,452669,285172,234442,186164,2017-04-01
Cheltenham,http://landregistry.data.gov.uk/id/region/cheltenham,E07000078,2017-05,160,monthly,261345,463228,293220,240579,191335,2017-05-01
Cheltenham,http://landregistry.data.gov.uk/id/region/cheltenham,E07000078,2017-06,209,monthly,266236,469904,298351,245377,195332,2017-06-01
Cheltenham,http://landregistry.data.gov.uk/id/region/cheltenham,E07000078,2017-07,235,monthly,267423,470812,300063,246332,196302,2017-07-01
Cheltenham,http://landregistry.data.gov.uk/id/region/cheltenham,E07000078,2017-08,256,monthly,264934,467220,297086,244640,194012,2017-08-01
Cheltenham,http://landregistry.data.gov.uk/id/region/cheltenham,E07000078,2017-09,217,monthly,266607,471922,299334,246125,194696,2017-09-01
Cheltenham,http://landregistry.data.gov.uk/id/region/cheltenham,E07000078,2017-10,215,monthly,271143,481658,304748,250246,197517,2017-10-01
Cheltenham,http://landregistry.data.gov.uk/id/region/cheltenham,E07000078,2017-11,166,monthly,272880,485427,307336,251437,198539,2017-11-01
Cheltenham,http://landregistry.data.gov.uk/id/region/cheltenham,E07000078,2017-12,221,monthly,271167,482224,306018,249806,196987,2017-12-01
Cheltenham,http://landregistry.data.gov.uk/id/region/cheltenham,E07000078,2018-01,165,monthly,265368,471475,299641,244559,192694,2018-01-01
Cheltenham,http://landregistry.data.gov.uk/id/region/cheltenham,E07000078,2018-02,167,monthly,263044,469098,296960,242787,190393,2018-02-01
Cheltenham,http://landregistry.data.gov.uk/id/region/cheltenham,E07000078,2018-03,193,monthly,260002,463973,293699,240398,187715,2018-03-01
Cheltenham,http://landregistry.data.gov.uk/id/region/cheltenham,E07000078,2018-04,157,monthly,261378,466956,295742,242313,187809,2018-04-01
Cheltenham,http://landregistry.data.gov.uk/id/region/cheltenham,E07000078,2018-05,219,monthly,263442,470101,298777,244365,188865,2018-05-01
Cheltenham,http://landregistry.data.gov.uk/id/region/cheltenham,E07000078,2018-06,214,monthly,271280,484019,308147,251357,194380,2018-06-01
Cheltenham,http://landregistry.data.gov.uk/id/region/cheltenham,E07000078,2018-07,204,monthly,275555,492489,312866,255169,197439,2018-07-01
Cheltenham,http://landregistry.data.gov.uk/id/region/cheltenham,E07000078,2018-08,277,monthly,280877,501759,318814,260360,201188,2018-08-01
Cheltenham,http://landregistry.data.gov.uk/id/region/cheltenham,E07000078,2018-09,180,monthly,282635,505751,320652,262467,202017,2018-09-01
Cheltenham,http://landregistry.data.gov.uk/id/region/cheltenham,E07000078,2018-10,184,monthly,282157,505146,320440,261813,201547,2018-10-01
Cheltenham,http://landregistry.data.gov.uk/id/region/cheltenham,E07000078,2018-11,223,monthly,281175,504786,319660,260739,200415,2018-11-01
Cheltenham,http://landregistry.data.gov.uk/id/region/cheltenham,E07000078,2018-12,188,monthly,277525,498149,315908,256670,198051,2018-12-01
Cheltenham,http://landregistry.data.gov.uk/id/region/cheltenham,E07000078,2019-01,141,monthly,270824,486846,308459,250326,193085,2019-01-01
Cheltenham,http://landregistry.data.gov.uk/id/region/cheltenham,E07000078,2019-02,133,monthly,269623,485095,307199,248706,192425,2019-02-01
Cheltenham,http://landregistry.data.gov.uk/id/region/cheltenham,E07000078,2019-03,184,monthly,270454,487172,308446,249882,192349,2019-03-01
Cheltenham,http://landregistry.data.gov.uk/id/region/cheltenham,E07000078,2019-04,144,monthly,273331,490981,311770,253194,194165,2019-04-01
Cheltenham,http://landregistry.data.gov.uk/id/region/cheltenham,E07000078,2019-05,165,monthly,270366,484352,308561,251361,191525,2019-05-01
Cheltenham,http://landregistry.data.gov.uk/id/region/cheltenham,E07000078,2019-06,160,monthly,270331,483518,308414,251360,191722,2019-06-01
Cheltenham,http://landregistry.data.gov.uk/id/region/cheltenham,E07000078,2019-07,182,monthly,272715,487516,311038,253672,193464,2019-07-01
Cheltenham,http://landregistry.data.gov.uk/id/region/cheltenham,E07000078,2019-08,192,monthly,273769,490087,312216,254850,193923,2019-08-01
Cheltenham,http://landregistry.data.gov.uk/id/region/cheltenham,E07000078,2019-09,170,monthly,272742,488483,310524,254345,193152,2019-09-01
Cheltenham,http://landregistry.data.gov.uk/id/region/cheltenham,E07000078,2019-10,199,monthly,270678,485343,309116,251999,191252,2019-10-01
Cheltenham,http://landregistry.data.gov.uk/id/region/cheltenham,E07000078,2019-11,201,monthly,268239,481576,306796,249435,189307,2019-11-01
Cheltenham,http://landregistry.data.gov.uk/id/region/cheltenham,E07000078,2019-12,170,monthly,265781,478012,304742,247093,186913,2019-12-01
Cheltenham,http://landregistry.data.gov.uk/id/region/cheltenham,E07000078,2020-01,149,monthly,271660,489009,311534,253018,190569,2020-01-01
Cheltenham,http://landregistry.data.gov.uk/id/region/cheltenham,E07000078,2020-02,137,monthly,271866,489918,311894,253413,190356,2020-02-01
Cheltenham,http://landregistry.data.gov.uk/id/region/cheltenham,E07000078,2020-03,176,monthly,277117,499788,318156,258166,193880,2020-03-01
Cheltenham,http://landregistry.data.gov.uk/id/region/cheltenham,E07000078,2020-04,60,monthly,275074,498857,315949,256893,191312,2020-04-01
Cheltenham,http://landregistry.data.gov.uk/id/region/cheltenham,E07000078,2020-05,85,monthly,274702,498208,316033,256141,191019,2020-05-01
Cheltenham,http://landregistry.data.gov.uk/id/region/cheltenham,E07000078,2020-06,127,monthly,272332,493353,313605,254624,188795,2020-06-01
Cheltenham,http://landregistry.data.gov.uk/id/region/cheltenham,E07000078,2020-07,152,monthly,278477,501644,320372,260179,193999,2020-07-01
Cheltenham,http://landregistry.data.gov.uk/id/region/cheltenham,E07000078,2020-08,153,monthly,287935,519338,331457,269830,199727,2020-08-01
Cheltenham,http://landregistry.data.gov.uk/id/region/cheltenham,E07000078,2020-09,183,monthly,291704,528094,335923,273243,201924,2020-09-01
Cheltenham,http://landregistry.data.gov.uk/id/region/cheltenham,E07000078,2020-10,210,monthly,290229,527523,334461,272154,200087,2020-10-01
Cheltenham,http://landregistry.data.gov.uk/id/region/cheltenham,E07000078,2020-11,181,monthly,293596,534070,337794,275483,202536,2020-11-01
Cheltenham,http://landregistry.data.gov.uk/id/region/cheltenham,E07000078,2020-12,228,monthly,299090,544123,343987,281144,206030,2020-12-01
Cheltenham,http://landregistry.data.gov.uk/id/region/cheltenham,E07000078,2021-01,206,monthly,302448,546207,347191,284020,209846,2021-01-01
Cheltenham,http://landregistry.data.gov.uk/id/region/cheltenham,E07000078,2021-02,243,monthly,297708,532981,341027,279611,208044,2021-02-01
Cheltenham,http://landregistry.data.gov.uk/id/region/cheltenham,E07000078,2021-03,411,monthly,296003,524521,338050,277821,208979,2021-03-01
Cheltenham,http://landregistry.data.gov.uk/id/region/cheltenham,E07000078,2021-04,244,monthly,292765,518992,334030,275003,206708,2021-04-01
Cheltenham,http://landregistry.data.gov.uk/id/region/cheltenham,E07000078,2021-05,162,monthly,292255,519388,333432,274477,206024,2021-05-01
Cheltenham,http://landregistry.data.gov.uk/id/region/cheltenham,E07000078,2021-06,456,monthly,300134,532793,342145,282811,211179,2021-06-01
Cheltenham,http://landregistry.data.gov.uk/id/region/cheltenham,E07000078,2021-07,127,monthly,298263,531187,340136,280550,209692,2021-07-01
Cheltenham,http://landregistry.data.gov.uk/id/region/cheltenham,E07000078,2021-08,166,monthly,300629,538440,343767,282340,210098,2021-08-01
Cheltenham,http://landregistry.data.gov.uk/id/region/cheltenham,E07000078,2021-09,343,monthly,298654,537842,342377,279909,207631,2021-09-01
Cheltenham,http://landregistry.data.gov.uk/id/region/cheltenham,E07000078,2021-10,138,monthly,297818,540116,342242,278738,205642,2021-10-01
Cheltenham,http://landregistry.data.gov.uk/id/region/cheltenham,E07000078,2021-11,171,monthly,304283,552727,349894,284582,209856,2021-11-01
Cheltenham,http://landregistry.data.gov.uk/id/region/cheltenham,E07000078,2021-12,194,monthly,302673,553009,348584,282629,207774,2021-12-01
Cheltenham,http://landregistry.data.gov.uk/id/region/cheltenham,E07000078,2022-01,157,monthly,318345,579774,367289,298017,217884,2022-01-01
Cheltenham,http://landregistry.data.gov.uk/id/region/cheltenham,E07000078,2022-02,184,monthly,320034,581647,369269,299881,219136,2022-02-01
Cheltenham,http://landregistry.data.gov.uk/id/region/cheltenham,E07000078,2022-03,191,monthly,317892,578338,367596,297649,217056,2022-03-01
Cheltenham,http://landregistry.data.gov.uk/id/region/cheltenham,E07000078,2022-04,162,monthly,314417,571322,363154,295130,214538,2022-04-01
Cheltenham,http://landregistry.data.gov.uk/id/region/cheltenham,E07000078,2022-05,164,monthly,320052,581563,370088,301103,217394,2022-05-01
Cheltenham,http://landregistry.data.gov.uk/id/region/cheltenham,E07000078,2022-06,158,monthly,328168,594476,379300,309484,222879,2022-06-01
Cheltenham,http://landregistry.data.gov.uk/id/region/cheltenham,E07000078,2022-07,215,monthly,334811,605880,387511,316108,226809,2022-07-01
Cheltenham,http://landregistry.data.gov.uk/id/region/cheltenham,E07000078,2022-08,182,monthly,339420,613689,393037,321278,229173,2022-08-01
Cheltenham,http://landregistry.data.gov.uk/id/region/cheltenham,E07000078,2022-09,168,monthly,347591,629646,402646,329431,233842,2022-09-01
Cheltenham,http://landregistry.data.gov.uk/id/region/cheltenham,E07000078,2022-10,185,monthly,348703,632765,404427,330263,234083,2022-10-01
Cheltenham,http://landregistry.data.gov.uk/id/region/cheltenham,E07000078,2022-11,208,monthly,347486,632186,403368,328841,232764,2022-11-01
Cheltenham,http://landregistry.data.gov.uk/id/region/cheltenham,E07000078,2022-12,177,monthly,342319,622260,397810,324062,229003,2022-12-01
Cheltenham,http://landregistry.data.gov.uk/id/region/cheltenham,E07000078,2023-01,121,monthly,338809,616320,393639,320721,226618,2023-01-01
Cheltenham,http://landregistry.data.gov.uk/id/region/cheltenham,E07000078,2023-02,109,monthly,332819,605885,386510,314609,223025,2023-02-01
Cheltenham,http://landregistry.data.gov.uk/id/region/cheltenham,E07000078,2023-03,134,monthly,325831,595659,378608,306883,218506,2023-03-01
Cheltenham,http://landregistry.data.gov.uk/id/region/cheltenham,E07000078,2023-04,88,monthly,327183,598366,379730,307703,219912,2023-04-01
Cheltenham,http://landregistry.data.gov.uk/id/region/cheltenham,E07000078,2023-05,124,monthly,331648,604603,384436,311604,223664,2023-05-01
Cheltenham,http://landregistry.data.gov.uk/id/region/cheltenham,E07000078,2023-06,122,monthly,340474,619019,393829,320786,229787,2023-06-01
Cheltenham,http://landregistry.data.gov.uk/id/region/cheltenham,E07000078,2023-07,120,monthly,339350,615800,393117,320439,228434,2023-07-01
Cheltenham,http://landregistry.data.gov.uk/id/region/cheltenham,E07000078,2023-08,159,monthly,338021,614484,392454,320233,226225,2023-08-01
Cheltenham,http://landregistry.data.gov.uk/id/region/cheltenham,E07000078,2023-09,134,monthly,334948,609750,389735,317907,223205,2023-09-01
Cheltenham,http://landregistry.data.gov.uk/id/region/cheltenham,E07000078,2023-10,138,monthly,330222,600709,384451,313262,220102,2023-10-01
Cheltenham,http://landregistry.data.gov.uk/id/region/cheltenham,E07000078,2023-11,120,monthly,333857,608576,388941,315642,222853,2023-11-01
Cheltenham,http://landregistry.data.gov.uk/id/region/cheltenham,E07000078,2023-12,97,monthly,329365,598935,383957,310789,220311,2023-12-01
Cheltenham,http://landregistry.data.gov.uk/id/region/cheltenham,E07000078,2024-01,90,monthly,335235,609572,390795,316894,223896,2024-01-01
Cheltenham,http://landregistry.data.gov.uk/id/region/cheltenham,E07000078,2024-02,71,monthly,328800,594728,383046,311332,219971,2024-02-01
Cheltenham,http://landregistry.data.gov.uk/id/region/cheltenham,E07000078,2024-03,,monthly,334494,603192,388991,316240,224952,2024-03-01
Cheltenham,http://landregistry.data.gov.uk/id/region/cheltenham,E07000078,2024-04,,monthly,339057,608125,394295,320406,228833,2024-04-01
