"Name","URI","Region GSS code","Period","Sales volume","Reporting period","Average price All property types","Average price Detached houses","Average price Semi-detached houses","Average price Terraced houses","Average price Flats and maisonettes","Pivotable date"
Chichester,http://landregistry.data.gov.uk/id/region/chichester,E07000225,2004-01,189,monthly,232003,358969,213256,183639,141904,2004-01-01
Chichester,http://landregistry.data.gov.uk/id/region/chichester,E07000225,2004-02,169,monthly,231505,357239,212761,183866,141909,2004-02-01
Chichester,http://landregistry.data.gov.uk/id/region/chichester,E07000225,2004-03,208,monthly,238980,368754,219495,190055,146293,2004-03-01
Chichester,http://landregistry.data.gov.uk/id/region/chichester,E07000225,2004-04,221,monthly,228876,350926,210792,183288,140439,2004-04-01
Chichester,http://landregistry.data.gov.uk/id/region/chichester,E07000225,2004-05,230,monthly,228997,349320,211203,184204,141099,2004-05-01
Chichester,http://landregistry.data.gov.uk/id/region/chichester,E07000225,2004-06,238,monthly,224924,341372,207862,181650,139116,2004-06-01
Chichester,http://landregistry.data.gov.uk/id/region/chichester,E07000225,2004-07,282,monthly,229592,348481,212453,185444,141733,2004-07-01
Chichester,http://landregistry.data.gov.uk/id/region/chichester,E07000225,2004-08,257,monthly,239082,363503,221259,192796,147303,2004-08-01
Chichester,http://landregistry.data.gov.uk/id/region/chichester,E07000225,2004-09,230,monthly,246413,376000,227928,198271,151127,2004-09-01
Chichester,http://landregistry.data.gov.uk/id/region/chichester,E07000225,2004-10,191,monthly,249694,380594,230462,200829,153972,2004-10-01
Chichester,http://landregistry.data.gov.uk/id/region/chichester,E07000225,2004-11,174,monthly,253108,385230,233425,203674,156640,2004-11-01
Chichester,http://landregistry.data.gov.uk/id/region/chichester,E07000225,2004-12,154,monthly,247609,374661,228218,200195,154455,2004-12-01
Chichester,http://landregistry.data.gov.uk/id/region/chichester,E07000225,2005-01,129,monthly,246901,373254,227320,199959,154227,2005-01-01
Chichester,http://landregistry.data.gov.uk/id/region/chichester,E07000225,2005-02,122,monthly,239799,362016,221082,194476,149705,2005-02-01
Chichester,http://landregistry.data.gov.uk/id/region/chichester,E07000225,2005-03,154,monthly,238388,359924,220161,193364,148300,2005-03-01
Chichester,http://landregistry.data.gov.uk/id/region/chichester,E07000225,2005-04,156,monthly,240236,360939,222597,195452,149630,2005-04-01
Chichester,http://landregistry.data.gov.uk/id/region/chichester,E07000225,2005-05,182,monthly,244611,367036,226460,199352,152553,2005-05-01
Chichester,http://landregistry.data.gov.uk/id/region/chichester,E07000225,2005-06,190,monthly,250165,374781,231725,204114,156141,2005-06-01
Chichester,http://landregistry.data.gov.uk/id/region/chichester,E07000225,2005-07,189,monthly,244910,367892,226893,199550,152370,2005-07-01
Chichester,http://landregistry.data.gov.uk/id/region/chichester,E07000225,2005-08,251,monthly,246551,371223,228268,200842,152933,2005-08-01
Chichester,http://landregistry.data.gov.uk/id/region/chichester,E07000225,2005-09,220,monthly,248550,375279,229771,202448,153729,2005-09-01
Chichester,http://landregistry.data.gov.uk/id/region/chichester,E07000225,2005-10,195,monthly,255917,385933,236046,208692,158835,2005-10-01
Chichester,http://landregistry.data.gov.uk/id/region/chichester,E07000225,2005-11,199,monthly,252573,379671,233171,206226,157235,2005-11-01
Chichester,http://landregistry.data.gov.uk/id/region/chichester,E07000225,2005-12,187,monthly,238725,357390,220308,195129,149542,2005-12-01
Chichester,http://landregistry.data.gov.uk/id/region/chichester,E07000225,2006-01,166,monthly,239233,358572,220885,195927,149158,2006-01-01
Chichester,http://landregistry.data.gov.uk/id/region/chichester,E07000225,2006-02,176,monthly,235192,352065,217260,193164,146702,2006-02-01
Chichester,http://landregistry.data.gov.uk/id/region/chichester,E07000225,2006-03,185,monthly,243741,365595,225538,200293,151255,2006-03-01
Chichester,http://landregistry.data.gov.uk/id/region/chichester,E07000225,2006-04,185,monthly,245349,367104,227523,201857,152476,2006-04-01
Chichester,http://landregistry.data.gov.uk/id/region/chichester,E07000225,2006-05,228,monthly,253552,379960,235113,208272,157320,2006-05-01
Chichester,http://landregistry.data.gov.uk/id/region/chichester,E07000225,2006-06,280,monthly,260729,390272,241829,214345,162000,2006-06-01
Chichester,http://landregistry.data.gov.uk/id/region/chichester,E07000225,2006-07,247,monthly,262511,393477,243318,216034,162463,2006-07-01
Chichester,http://landregistry.data.gov.uk/id/region/chichester,E07000225,2006-08,275,monthly,266093,399225,246569,219257,164056,2006-08-01
Chichester,http://landregistry.data.gov.uk/id/region/chichester,E07000225,2006-09,252,monthly,270175,406757,250257,222294,165516,2006-09-01
Chichester,http://landregistry.data.gov.uk/id/region/chichester,E07000225,2006-10,251,monthly,271472,408835,251124,223005,166871,2006-10-01
Chichester,http://landregistry.data.gov.uk/id/region/chichester,E07000225,2006-11,221,monthly,265573,399806,245914,218115,163206,2006-11-01
Chichester,http://landregistry.data.gov.uk/id/region/chichester,E07000225,2006-12,227,monthly,260984,391483,241646,215025,161190,2006-12-01
Chichester,http://landregistry.data.gov.uk/id/region/chichester,E07000225,2007-01,173,monthly,266474,400060,246866,219554,164080,2007-01-01
Chichester,http://landregistry.data.gov.uk/id/region/chichester,E07000225,2007-02,203,monthly,275917,414049,255384,227150,170482,2007-02-01
Chichester,http://landregistry.data.gov.uk/id/region/chichester,E07000225,2007-03,185,monthly,277409,416699,256869,228280,170930,2007-03-01
Chichester,http://landregistry.data.gov.uk/id/region/chichester,E07000225,2007-04,199,monthly,276141,413862,255618,227939,170438,2007-04-01
Chichester,http://landregistry.data.gov.uk/id/region/chichester,E07000225,2007-05,220,monthly,280340,419279,259536,232052,173212,2007-05-01
Chichester,http://landregistry.data.gov.uk/id/region/chichester,E07000225,2007-06,239,monthly,280168,419031,259076,231938,173370,2007-06-01
Chichester,http://landregistry.data.gov.uk/id/region/chichester,E07000225,2007-07,290,monthly,282171,423459,260726,233106,173892,2007-07-01
Chichester,http://landregistry.data.gov.uk/id/region/chichester,E07000225,2007-08,300,monthly,281539,424442,259908,232369,172034,2007-08-01
Chichester,http://landregistry.data.gov.uk/id/region/chichester,E07000225,2007-09,211,monthly,289590,438029,267029,238462,176395,2007-09-01
Chichester,http://landregistry.data.gov.uk/id/region/chichester,E07000225,2007-10,232,monthly,291021,440052,268012,239450,177940,2007-10-01
Chichester,http://landregistry.data.gov.uk/id/region/chichester,E07000225,2007-11,219,monthly,290049,438864,266791,238066,177991,2007-11-01
Chichester,http://landregistry.data.gov.uk/id/region/chichester,E07000225,2007-12,177,monthly,281230,424840,258738,230951,173069,2007-12-01
Chichester,http://landregistry.data.gov.uk/id/region/chichester,E07000225,2008-01,138,monthly,275179,416569,253076,225510,169065,2008-01-01
Chichester,http://landregistry.data.gov.uk/id/region/chichester,E07000225,2008-02,116,monthly,268667,406457,247240,220450,164870,2008-02-01
Chichester,http://landregistry.data.gov.uk/id/region/chichester,E07000225,2008-03,112,monthly,271128,410113,249922,223004,165617,2008-03-01
Chichester,http://landregistry.data.gov.uk/id/region/chichester,E07000225,2008-04,110,monthly,273674,413606,252550,225850,166683,2008-04-01
Chichester,http://landregistry.data.gov.uk/id/region/chichester,E07000225,2008-05,165,monthly,283210,427860,261713,234101,172074,2008-05-01
Chichester,http://landregistry.data.gov.uk/id/region/chichester,E07000225,2008-06,156,monthly,287290,434718,265403,237079,174409,2008-06-01
Chichester,http://landregistry.data.gov.uk/id/region/chichester,E07000225,2008-07,115,monthly,288903,437498,267266,238152,175076,2008-07-01
Chichester,http://landregistry.data.gov.uk/id/region/chichester,E07000225,2008-08,130,monthly,289147,439556,267280,237347,174934,2008-08-01
Chichester,http://landregistry.data.gov.uk/id/region/chichester,E07000225,2008-09,110,monthly,286000,436982,263758,233845,172615,2008-09-01
Chichester,http://landregistry.data.gov.uk/id/region/chichester,E07000225,2008-10,98,monthly,287992,440386,265233,234910,174226,2008-10-01
Chichester,http://landregistry.data.gov.uk/id/region/chichester,E07000225,2008-11,94,monthly,281284,429733,258946,229696,170329,2008-11-01
Chichester,http://landregistry.data.gov.uk/id/region/chichester,E07000225,2008-12,106,monthly,272769,415382,251515,223370,165348,2008-12-01
Chichester,http://landregistry.data.gov.uk/id/region/chichester,E07000225,2009-01,73,monthly,245246,374378,225639,200493,148643,2009-01-01
Chichester,http://landregistry.data.gov.uk/id/region/chichester,E07000225,2009-02,77,monthly,231311,352955,212716,188919,140585,2009-02-01
Chichester,http://landregistry.data.gov.uk/id/region/chichester,E07000225,2009-03,117,monthly,228594,348496,209820,186562,139662,2009-03-01
Chichester,http://landregistry.data.gov.uk/id/region/chichester,E07000225,2009-04,110,monthly,236980,359245,218312,194704,144681,2009-04-01
Chichester,http://landregistry.data.gov.uk/id/region/chichester,E07000225,2009-05,134,monthly,241631,366009,222880,199254,146814,2009-05-01
Chichester,http://landregistry.data.gov.uk/id/region/chichester,E07000225,2009-06,177,monthly,243092,368498,224609,200959,146587,2009-06-01
Chichester,http://landregistry.data.gov.uk/id/region/chichester,E07000225,2009-07,195,monthly,252025,383645,232961,208192,150519,2009-07-01
Chichester,http://landregistry.data.gov.uk/id/region/chichester,E07000225,2009-08,156,monthly,255295,389553,236021,210994,151476,2009-08-01
Chichester,http://landregistry.data.gov.uk/id/region/chichester,E07000225,2009-09,202,monthly,264272,403840,244390,218440,156162,2009-09-01
Chichester,http://landregistry.data.gov.uk/id/region/chichester,E07000225,2009-10,163,monthly,268176,410159,248017,221662,158137,2009-10-01
Chichester,http://landregistry.data.gov.uk/id/region/chichester,E07000225,2009-11,192,monthly,272582,417659,251858,225346,160227,2009-11-01
Chichester,http://landregistry.data.gov.uk/id/region/chichester,E07000225,2009-12,167,monthly,268360,410194,248491,222548,157511,2009-12-01
Chichester,http://landregistry.data.gov.uk/id/region/chichester,E07000225,2010-01,87,monthly,266728,409020,247333,220940,155279,2010-01-01
Chichester,http://landregistry.data.gov.uk/id/region/chichester,E07000225,2010-02,107,monthly,264706,406183,246279,219126,153209,2010-02-01
Chichester,http://landregistry.data.gov.uk/id/region/chichester,E07000225,2010-03,141,monthly,267568,412381,248556,220806,154212,2010-03-01
Chichester,http://landregistry.data.gov.uk/id/region/chichester,E07000225,2010-04,106,monthly,269788,414861,250755,222943,155900,2010-04-01
Chichester,http://landregistry.data.gov.uk/id/region/chichester,E07000225,2010-05,143,monthly,277211,426345,257215,229060,160564,2010-05-01
Chichester,http://landregistry.data.gov.uk/id/region/chichester,E07000225,2010-06,192,monthly,277583,426854,257814,229650,160325,2010-06-01
Chichester,http://landregistry.data.gov.uk/id/region/chichester,E07000225,2010-07,191,monthly,279085,431320,258790,230503,160084,2010-07-01
Chichester,http://landregistry.data.gov.uk/id/region/chichester,E07000225,2010-08,198,monthly,282854,438158,262912,233280,161083,2010-08-01
Chichester,http://landregistry.data.gov.uk/id/region/chichester,E07000225,2010-09,167,monthly,287532,446974,267022,236723,162991,2010-09-01
Chichester,http://landregistry.data.gov.uk/id/region/chichester,E07000225,2010-10,201,monthly,289934,449712,269576,238837,164777,2010-10-01
Chichester,http://landregistry.data.gov.uk/id/region/chichester,E07000225,2010-11,164,monthly,285596,443598,265013,234835,162680,2010-11-01
Chichester,http://landregistry.data.gov.uk/id/region/chichester,E07000225,2010-12,169,monthly,277967,431085,258272,228618,158537,2010-12-01
Chichester,http://landregistry.data.gov.uk/id/region/chichester,E07000225,2011-01,105,monthly,281165,437242,260487,231055,160224,2011-01-01
Chichester,http://landregistry.data.gov.uk/id/region/chichester,E07000225,2011-02,93,monthly,277875,432508,257004,228429,158335,2011-02-01
Chichester,http://landregistry.data.gov.uk/id/region/chichester,E07000225,2011-03,118,monthly,276698,432455,255230,226903,157281,2011-03-01
Chichester,http://landregistry.data.gov.uk/id/region/chichester,E07000225,2011-04,141,monthly,276727,431627,255561,227088,157629,2011-04-01
Chichester,http://landregistry.data.gov.uk/id/region/chichester,E07000225,2011-05,131,monthly,281823,437695,260761,231648,161385,2011-05-01
Chichester,http://landregistry.data.gov.uk/id/region/chichester,E07000225,2011-06,145,monthly,289082,446754,268301,238264,166133,2011-06-01
Chichester,http://landregistry.data.gov.uk/id/region/chichester,E07000225,2011-07,184,monthly,286712,442409,266162,236677,164994,2011-07-01
Chichester,http://landregistry.data.gov.uk/id/region/chichester,E07000225,2011-08,174,monthly,284609,440798,264496,234960,162069,2011-08-01
Chichester,http://landregistry.data.gov.uk/id/region/chichester,E07000225,2011-09,167,monthly,286152,445080,265536,235863,161991,2011-09-01
Chichester,http://landregistry.data.gov.uk/id/region/chichester,E07000225,2011-10,154,monthly,285608,445941,265275,234644,160637,2011-10-01
Chichester,http://landregistry.data.gov.uk/id/region/chichester,E07000225,2011-11,169,monthly,284150,443321,263594,233173,160656,2011-11-01
Chichester,http://landregistry.data.gov.uk/id/region/chichester,E07000225,2011-12,168,monthly,279594,435020,259954,229416,158575,2011-12-01
Chichester,http://landregistry.data.gov.uk/id/region/chichester,E07000225,2012-01,120,monthly,272071,422644,253466,223683,154041,2012-01-01
Chichester,http://landregistry.data.gov.uk/id/region/chichester,E07000225,2012-02,102,monthly,269025,418458,250819,221605,151240,2012-02-01
Chichester,http://landregistry.data.gov.uk/id/region/chichester,E07000225,2012-03,165,monthly,271582,421351,253467,224362,152685,2012-03-01
Chichester,http://landregistry.data.gov.uk/id/region/chichester,E07000225,2012-04,110,monthly,280794,435143,261530,231937,158661,2012-04-01
Chichester,http://landregistry.data.gov.uk/id/region/chichester,E07000225,2012-05,127,monthly,285339,440688,266120,235896,161977,2012-05-01
Chichester,http://landregistry.data.gov.uk/id/region/chichester,E07000225,2012-06,164,monthly,285430,441361,265757,236502,161436,2012-06-01
Chichester,http://landregistry.data.gov.uk/id/region/chichester,E07000225,2012-07,174,monthly,281692,436392,262120,233601,158616,2012-07-01
Chichester,http://landregistry.data.gov.uk/id/region/chichester,E07000225,2012-08,178,monthly,282404,438543,262731,234515,157938,2012-08-01
Chichester,http://landregistry.data.gov.uk/id/region/chichester,E07000225,2012-09,136,monthly,293632,456950,273070,243378,163938,2012-09-01
Chichester,http://landregistry.data.gov.uk/id/region/chichester,E07000225,2012-10,166,monthly,296932,461157,276546,246322,166039,2012-10-01
Chichester,http://landregistry.data.gov.uk/id/region/chichester,E07000225,2012-11,174,monthly,294095,456132,273832,244120,164850,2012-11-01
Chichester,http://landregistry.data.gov.uk/id/region/chichester,E07000225,2012-12,165,monthly,279364,433284,260223,231965,156452,2012-12-01
Chichester,http://landregistry.data.gov.uk/id/region/chichester,E07000225,2013-01,120,monthly,279650,434401,260915,232058,155923,2013-01-01
Chichester,http://landregistry.data.gov.uk/id/region/chichester,E07000225,2013-02,104,monthly,282377,439426,263502,234054,157082,2013-02-01
Chichester,http://landregistry.data.gov.uk/id/region/chichester,E07000225,2013-03,128,monthly,283533,441299,264472,234779,158069,2013-03-01
Chichester,http://landregistry.data.gov.uk/id/region/chichester,E07000225,2013-04,123,monthly,278731,433413,259532,231258,155691,2013-04-01
Chichester,http://landregistry.data.gov.uk/id/region/chichester,E07000225,2013-05,200,monthly,287086,445599,267169,238482,160867,2013-05-01
Chichester,http://landregistry.data.gov.uk/id/region/chichester,E07000225,2013-06,181,monthly,286829,444561,267178,238854,160449,2013-06-01
Chichester,http://landregistry.data.gov.uk/id/region/chichester,E07000225,2013-07,170,monthly,294907,456891,274739,245654,165020,2013-07-01
Chichester,http://landregistry.data.gov.uk/id/region/chichester,E07000225,2013-08,234,monthly,290174,450025,270658,241729,161671,2013-08-01
Chichester,http://landregistry.data.gov.uk/id/region/chichester,E07000225,2013-09,185,monthly,296300,460631,275963,246484,164878,2013-09-01
Chichester,http://landregistry.data.gov.uk/id/region/chichester,E07000225,2013-10,210,monthly,298842,465638,278370,248067,165911,2013-10-01
Chichester,http://landregistry.data.gov.uk/id/region/chichester,E07000225,2013-11,209,monthly,297182,462561,276962,246574,165387,2013-11-01
Chichester,http://landregistry.data.gov.uk/id/region/chichester,E07000225,2013-12,217,monthly,294455,456544,275171,244464,164529,2013-12-01
Chichester,http://landregistry.data.gov.uk/id/region/chichester,E07000225,2014-01,144,monthly,290579,450143,271695,241286,162514,2014-01-01
Chichester,http://landregistry.data.gov.uk/id/region/chichester,E07000225,2014-02,180,monthly,294867,457600,275621,244698,164502,2014-02-01
Chichester,http://landregistry.data.gov.uk/id/region/chichester,E07000225,2014-03,195,monthly,299282,465172,279981,248275,166356,2014-03-01
Chichester,http://landregistry.data.gov.uk/id/region/chichester,E07000225,2014-04,178,monthly,302072,468931,282692,251226,167739,2014-04-01
Chichester,http://landregistry.data.gov.uk/id/region/chichester,E07000225,2014-05,194,monthly,303622,470080,284303,253224,168883,2014-05-01
Chichester,http://landregistry.data.gov.uk/id/region/chichester,E07000225,2014-06,168,monthly,308430,477270,288987,257308,171572,2014-06-01
Chichester,http://landregistry.data.gov.uk/id/region/chichester,E07000225,2014-07,246,monthly,310947,481532,291646,259269,172584,2014-07-01
Chichester,http://landregistry.data.gov.uk/id/region/chichester,E07000225,2014-08,252,monthly,314967,489090,295402,262151,174151,2014-08-01
Chichester,http://landregistry.data.gov.uk/id/region/chichester,E07000225,2014-09,205,monthly,319274,496476,299056,265640,176321,2014-09-01
Chichester,http://landregistry.data.gov.uk/id/region/chichester,E07000225,2014-10,207,monthly,321742,500405,301263,267274,178057,2014-10-01
Chichester,http://landregistry.data.gov.uk/id/region/chichester,E07000225,2014-11,218,monthly,321543,499824,301164,266828,178354,2014-11-01
Chichester,http://landregistry.data.gov.uk/id/region/chichester,E07000225,2014-12,189,monthly,319878,497296,299619,265167,177618,2014-12-01
Chichester,http://landregistry.data.gov.uk/id/region/chichester,E07000225,2015-01,120,monthly,323310,502935,302962,267784,179387,2015-01-01
Chichester,http://landregistry.data.gov.uk/id/region/chichester,E07000225,2015-02,140,monthly,324431,505225,303489,268732,179944,2015-02-01
Chichester,http://landregistry.data.gov.uk/id/region/chichester,E07000225,2015-03,174,monthly,323382,504296,302432,267478,179205,2015-03-01
Chichester,http://landregistry.data.gov.uk/id/region/chichester,E07000225,2015-04,136,monthly,320552,499798,299598,265409,177591,2015-04-01
Chichester,http://landregistry.data.gov.uk/id/region/chichester,E07000225,2015-05,167,monthly,321841,501047,301384,266441,178478,2015-05-01
Chichester,http://landregistry.data.gov.uk/id/region/chichester,E07000225,2015-06,235,monthly,330105,513213,309761,273976,182480,2015-06-01
Chichester,http://landregistry.data.gov.uk/id/region/chichester,E07000225,2015-07,239,monthly,337824,525138,317275,280412,186581,2015-07-01
Chichester,http://landregistry.data.gov.uk/id/region/chichester,E07000225,2015-08,209,monthly,341265,531045,320588,283405,187879,2015-08-01
Chichester,http://landregistry.data.gov.uk/id/region/chichester,E07000225,2015-09,191,monthly,340679,531552,319301,282305,187600,2015-09-01
Chichester,http://landregistry.data.gov.uk/id/region/chichester,E07000225,2015-10,201,monthly,343064,535382,321668,284267,188750,2015-10-01
Chichester,http://landregistry.data.gov.uk/id/region/chichester,E07000225,2015-11,187,monthly,348686,544508,327034,288633,191776,2015-11-01
Chichester,http://landregistry.data.gov.uk/id/region/chichester,E07000225,2015-12,206,monthly,349671,545938,328422,289489,192026,2015-12-01
Chichester,http://landregistry.data.gov.uk/id/region/chichester,E07000225,2016-01,167,monthly,342006,534269,321723,282656,187674,2016-01-01
Chichester,http://landregistry.data.gov.uk/id/region/chichester,E07000225,2016-02,172,monthly,342642,535575,322474,283040,187809,2016-02-01
Chichester,http://landregistry.data.gov.uk/id/region/chichester,E07000225,2016-03,291,monthly,343134,536823,322510,282857,188574,2016-03-01
Chichester,http://landregistry.data.gov.uk/id/region/chichester,E07000225,2016-04,96,monthly,349891,546501,328586,289075,192561,2016-04-01
Chichester,http://landregistry.data.gov.uk/id/region/chichester,E07000225,2016-05,124,monthly,346357,538435,325155,286967,191864,2016-05-01
Chichester,http://landregistry.data.gov.uk/id/region/chichester,E07000225,2016-06,172,monthly,351758,545634,330413,292180,194930,2016-06-01
Chichester,http://landregistry.data.gov.uk/id/region/chichester,E07000225,2016-07,163,monthly,361068,560638,339031,299766,199896,2016-07-01
Chichester,http://landregistry.data.gov.uk/id/region/chichester,E07000225,2016-08,160,monthly,368735,573899,345979,305642,203748,2016-08-01
Chichester,http://landregistry.data.gov.uk/id/region/chichester,E07000225,2016-09,193,monthly,371538,578462,349031,307567,205204,2016-09-01
Chichester,http://landregistry.data.gov.uk/id/region/chichester,E07000225,2016-10,193,monthly,362638,564995,340496,299188,201052,2016-10-01
Chichester,http://landregistry.data.gov.uk/id/region/chichester,E07000225,2016-11,190,monthly,358832,560546,336827,294951,198913,2016-11-01
Chichester,http://landregistry.data.gov.uk/id/region/chichester,E07000225,2016-12,191,monthly,352210,550664,330045,289124,195669,2016-12-01
Chichester,http://landregistry.data.gov.uk/id/region/chichester,E07000225,2017-01,150,monthly,362257,566470,339440,297659,200926,2017-01-01
Chichester,http://landregistry.data.gov.uk/id/region/chichester,E07000225,2017-02,148,monthly,370763,578538,346815,304688,206925,2017-02-01
Chichester,http://landregistry.data.gov.uk/id/region/chichester,E07000225,2017-03,201,monthly,374231,584127,350064,307089,209154,2017-03-01
Chichester,http://landregistry.data.gov.uk/id/region/chichester,E07000225,2017-04,145,monthly,368717,575907,344312,302136,206620,2017-04-01
Chichester,http://landregistry.data.gov.uk/id/region/chichester,E07000225,2017-05,143,monthly,365541,570027,342195,299441,204975,2017-05-01
Chichester,http://landregistry.data.gov.uk/id/region/chichester,E07000225,2017-06,217,monthly,369963,575975,346077,303558,207844,2017-06-01
Chichester,http://landregistry.data.gov.uk/id/region/chichester,E07000225,2017-07,194,monthly,374842,582422,351190,307581,210984,2017-07-01
Chichester,http://landregistry.data.gov.uk/id/region/chichester,E07000225,2017-08,210,monthly,378608,589156,354167,311309,212269,2017-08-01
Chichester,http://landregistry.data.gov.uk/id/region/chichester,E07000225,2017-09,177,monthly,378658,590040,354479,311302,211589,2017-09-01
Chichester,http://landregistry.data.gov.uk/id/region/chichester,E07000225,2017-10,190,monthly,380953,594647,356913,313312,211830,2017-10-01
Chichester,http://landregistry.data.gov.uk/id/region/chichester,E07000225,2017-11,147,monthly,377422,589098,354190,309949,209907,2017-11-01
Chichester,http://landregistry.data.gov.uk/id/region/chichester,E07000225,2017-12,181,monthly,377172,588289,354302,309691,209864,2017-12-01
Chichester,http://landregistry.data.gov.uk/id/region/chichester,E07000225,2018-01,148,monthly,374133,583136,351588,307188,208367,2018-01-01
Chichester,http://landregistry.data.gov.uk/id/region/chichester,E07000225,2018-02,136,monthly,379115,592381,356222,311566,209859,2018-02-01
Chichester,http://landregistry.data.gov.uk/id/region/chichester,E07000225,2018-03,162,monthly,382970,598542,360359,315180,211128,2018-03-01
Chichester,http://landregistry.data.gov.uk/id/region/chichester,E07000225,2018-04,129,monthly,381762,596504,359638,315033,209524,2018-04-01
Chichester,http://landregistry.data.gov.uk/id/region/chichester,E07000225,2018-05,139,monthly,382275,597321,360720,315521,209295,2018-05-01
Chichester,http://landregistry.data.gov.uk/id/region/chichester,E07000225,2018-06,187,monthly,377242,589151,356316,311266,206600,2018-06-01
Chichester,http://landregistry.data.gov.uk/id/region/chichester,E07000225,2018-07,167,monthly,381571,597343,359950,314379,208652,2018-07-01
Chichester,http://landregistry.data.gov.uk/id/region/chichester,E07000225,2018-08,181,monthly,385217,602385,363306,317894,210751,2018-08-01
Chichester,http://landregistry.data.gov.uk/id/region/chichester,E07000225,2018-09,191,monthly,396872,621737,374221,327645,216241,2018-09-01
Chichester,http://landregistry.data.gov.uk/id/region/chichester,E07000225,2018-10,177,monthly,398527,623925,376190,328796,217328,2018-10-01
Chichester,http://landregistry.data.gov.uk/id/region/chichester,E07000225,2018-11,200,monthly,395549,620375,373429,325774,215342,2018-11-01
Chichester,http://landregistry.data.gov.uk/id/region/chichester,E07000225,2018-12,172,monthly,386765,606149,365159,318140,211219,2018-12-01
Chichester,http://landregistry.data.gov.uk/id/region/chichester,E07000225,2019-01,120,monthly,383367,601812,361930,314887,209057,2019-01-01
Chichester,http://landregistry.data.gov.uk/id/region/chichester,E07000225,2019-02,117,monthly,374170,587290,353434,307281,204043,2019-02-01
Chichester,http://landregistry.data.gov.uk/id/region/chichester,E07000225,2019-03,136,monthly,367783,577754,347728,302143,199880,2019-03-01
Chichester,http://landregistry.data.gov.uk/id/region/chichester,E07000225,2019-04,141,monthly,368309,577094,348650,303769,199955,2019-04-01
Chichester,http://landregistry.data.gov.uk/id/region/chichester,E07000225,2019-05,140,monthly,374033,585165,354343,309304,202836,2019-05-01
Chichester,http://landregistry.data.gov.uk/id/region/chichester,E07000225,2019-06,156,monthly,376542,588835,356488,311650,204354,2019-06-01
Chichester,http://landregistry.data.gov.uk/id/region/chichester,E07000225,2019-07,161,monthly,381818,596989,361479,316049,207272,2019-07-01
Chichester,http://landregistry.data.gov.uk/id/region/chichester,E07000225,2019-08,184,monthly,378925,593828,358222,313741,204950,2019-08-01
Chichester,http://landregistry.data.gov.uk/id/region/chichester,E07000225,2019-09,161,monthly,381971,598523,360728,316917,206387,2019-09-01
Chichester,http://landregistry.data.gov.uk/id/region/chichester,E07000225,2019-10,167,monthly,378652,593345,358167,313964,204281,2019-10-01
Chichester,http://landregistry.data.gov.uk/id/region/chichester,E07000225,2019-11,164,monthly,379431,594844,359684,313570,204760,2019-11-01
Chichester,http://landregistry.data.gov.uk/id/region/chichester,E07000225,2019-12,187,monthly,377752,592414,358725,311603,203680,2019-12-01
Chichester,http://landregistry.data.gov.uk/id/region/chichester,E07000225,2020-01,155,monthly,374941,588122,356141,309684,201646,2020-01-01
Chichester,http://landregistry.data.gov.uk/id/region/chichester,E07000225,2020-02,136,monthly,375828,589337,356989,311268,201507,2020-02-01
Chichester,http://landregistry.data.gov.uk/id/region/chichester,E07000225,2020-03,146,monthly,383048,600932,364089,317379,204836,2020-03-01
Chichester,http://landregistry.data.gov.uk/id/region/chichester,E07000225,2020-04,58,monthly,409865,644352,389654,339750,217899,2020-04-01
Chichester,http://landregistry.data.gov.uk/id/region/chichester,E07000225,2020-05,59,monthly,406761,638553,387421,336795,216697,2020-05-01
Chichester,http://landregistry.data.gov.uk/id/region/chichester,E07000225,2020-06,93,monthly,405619,635888,386747,336560,215850,2020-06-01
Chichester,http://landregistry.data.gov.uk/id/region/chichester,E07000225,2020-07,118,monthly,382718,599046,364756,317553,204556,2020-07-01
Chichester,http://landregistry.data.gov.uk/id/region/chichester,E07000225,2020-08,157,monthly,392189,615438,373659,326180,207834,2020-08-01
Chichester,http://landregistry.data.gov.uk/id/region/chichester,E07000225,2020-09,174,monthly,404095,636582,384662,335817,212676,2020-09-01
Chichester,http://landregistry.data.gov.uk/id/region/chichester,E07000225,2020-10,216,monthly,406895,643024,386944,338185,212819,2020-10-01
Chichester,http://landregistry.data.gov.uk/id/region/chichester,E07000225,2020-11,239,monthly,408045,645348,387091,339189,213778,2020-11-01
Chichester,http://landregistry.data.gov.uk/id/region/chichester,E07000225,2020-12,243,monthly,400188,633048,379148,333058,209647,2020-12-01
Chichester,http://landregistry.data.gov.uk/id/region/chichester,E07000225,2021-01,233,monthly,402071,632832,380873,335374,212632,2021-01-01
Chichester,http://landregistry.data.gov.uk/id/region/chichester,E07000225,2021-02,226,monthly,400066,626070,379244,334567,213597,2021-02-01
Chichester,http://landregistry.data.gov.uk/id/region/chichester,E07000225,2021-03,404,monthly,400989,623373,380126,336313,216830,2021-03-01
Chichester,http://landregistry.data.gov.uk/id/region/chichester,E07000225,2021-04,182,monthly,394038,612492,373594,330447,213131,2021-04-01
Chichester,http://landregistry.data.gov.uk/id/region/chichester,E07000225,2021-05,199,monthly,394427,613783,373886,330592,212875,2021-05-01
Chichester,http://landregistry.data.gov.uk/id/region/chichester,E07000225,2021-06,535,monthly,397306,617712,376205,334391,214078,2021-06-01
Chichester,http://landregistry.data.gov.uk/id/region/chichester,E07000225,2021-07,92,monthly,390374,607410,370238,327810,209978,2021-07-01
Chichester,http://landregistry.data.gov.uk/id/region/chichester,E07000225,2021-08,177,monthly,400618,626140,380166,335265,213533,2021-08-01
Chichester,http://landregistry.data.gov.uk/id/region/chichester,E07000225,2021-09,375,monthly,403210,632200,383313,336015,213491,2021-09-01
Chichester,http://landregistry.data.gov.uk/id/region/chichester,E07000225,2021-10,130,monthly,415950,656340,394136,345668,218219,2021-10-01
Chichester,http://landregistry.data.gov.uk/id/region/chichester,E07000225,2021-11,162,monthly,413935,653901,391984,343743,216902,2021-11-01
Chichester,http://landregistry.data.gov.uk/id/region/chichester,E07000225,2021-12,168,monthly,416982,661892,394247,345153,216963,2021-12-01
Chichester,http://landregistry.data.gov.uk/id/region/chichester,E07000225,2022-01,149,monthly,428330,678607,406043,355453,222244,2022-01-01
Chichester,http://landregistry.data.gov.uk/id/region/chichester,E07000225,2022-02,145,monthly,427998,677190,406190,355358,222335,2022-02-01
Chichester,http://landregistry.data.gov.uk/id/region/chichester,E07000225,2022-03,205,monthly,434236,686951,412971,360201,225159,2022-03-01
Chichester,http://landregistry.data.gov.uk/id/region/chichester,E07000225,2022-04,172,monthly,428635,676800,407528,356732,222537,2022-04-01
Chichester,http://landregistry.data.gov.uk/id/region/chichester,E07000225,2022-05,164,monthly,426454,673511,405649,355856,220190,2022-05-01
Chichester,http://landregistry.data.gov.uk/id/region/chichester,E07000225,2022-06,191,monthly,422994,666387,402447,354059,218947,2022-06-01
Chichester,http://landregistry.data.gov.uk/id/region/chichester,E07000225,2022-07,195,monthly,437826,689808,417374,366694,225629,2022-07-01
Chichester,http://landregistry.data.gov.uk/id/region/chichester,E07000225,2022-08,203,monthly,453362,714363,432302,380434,232780,2022-08-01
Chichester,http://landregistry.data.gov.uk/id/region/chichester,E07000225,2022-09,202,monthly,461110,728206,439893,387280,234647,2022-09-01
Chichester,http://landregistry.data.gov.uk/id/region/chichester,E07000225,2022-10,186,monthly,463459,732511,442067,389038,235519,2022-10-01
Chichester,http://landregistry.data.gov.uk/id/region/chichester,E07000225,2022-11,199,monthly,462407,731524,441217,387594,234705,2022-11-01
Chichester,http://landregistry.data.gov.uk/id/region/chichester,E07000225,2022-12,140,monthly,457358,722642,436882,383327,232608,2022-12-01
Chichester,http://landregistry.data.gov.uk/id/region/chichester,E07000225,2023-01,87,monthly,443240,700949,423086,371030,225539,2023-01-01
Chichester,http://landregistry.data.gov.uk/id/region/chichester,E07000225,2023-02,110,monthly,438817,695032,419149,366565,223049,2023-02-01
Chichester,http://landregistry.data.gov.uk/id/region/chichester,E07000225,2023-03,135,monthly,438461,696371,419413,364424,222367,2023-03-01
Chichester,http://landregistry.data.gov.uk/id/region/chichester,E07000225,2023-04,108,monthly,446761,710054,427795,370568,226450,2023-04-01
Chichester,http://landregistry.data.gov.uk/id/region/chichester,E07000225,2023-05,113,monthly,442669,700925,424394,367311,225647,2023-05-01
Chichester,http://landregistry.data.gov.uk/id/region/chichester,E07000225,2023-06,126,monthly,439553,694823,420570,366086,224481,2023-06-01
Chichester,http://landregistry.data.gov.uk/id/region/chichester,E07000225,2023-07,112,monthly,434891,687263,416224,363288,221466,2023-07-01
Chichester,http://landregistry.data.gov.uk/id/region/chichester,E07000225,2023-08,140,monthly,440645,698554,421981,368740,222420,2023-08-01
Chichester,http://landregistry.data.gov.uk/id/region/chichester,E07000225,2023-09,129,monthly,448444,711792,430189,375464,225204,2023-09-01
Chichester,http://landregistry.data.gov.uk/id/region/chichester,E07000225,2023-10,116,monthly,450919,715154,433813,377065,226309,2023-10-01
Chichester,http://landregistry.data.gov.uk/id/region/chichester,E07000225,2023-11,118,monthly,450930,715566,434583,375629,226492,2023-11-01
Chichester,http://landregistry.data.gov.uk/id/region/chichester,E07000225,2023-12,84,monthly,441025,699296,426453,366511,221517,2023-12-01
Chichester,http://landregistry.data.gov.uk/id/region/chichester,E07000225,2024-01,57,monthly,441816,700706,428036,367427,221143,2024-01-01
Chichester,http://landregistry.data.gov.uk/id/region/chichester,E07000225,2024-02,57,monthly,442609,700809,430841,368786,220549,2024-02-01
Chichester,http://landregistry.data.gov.uk/id/region/chichester,E07000225,2024-03,,monthly,448630,710025,437572,373243,223599,2024-03-01
Chichester,http://landregistry.data.gov.uk/id/region/chichester,E07000225,2024-04,,monthly,448014,706852,438619,372618,223733,2024-04-01
