"Name","URI","Region GSS code","Period","Sales volume","Reporting period","Average price All property types","Average price Detached houses","Average price Semi-detached houses","Average price Terraced houses","Average price Flats and maisonettes","Pivotable date"
Colchester,http://landregistry.data.gov.uk/id/region/colchester,E07000071,2004-01,333,monthly,150360,245575,153128,120947,101725,2004-01-01
Colchester,http://landregistry.data.gov.uk/id/region/colchester,E07000071,2004-02,349,monthly,152445,247816,155114,123068,103427,2004-02-01
Colchester,http://landregistry.data.gov.uk/id/region/colchester,E07000071,2004-03,371,monthly,154924,251696,157357,125296,104993,2004-03-01
Colchester,http://landregistry.data.gov.uk/id/region/colchester,E07000071,2004-04,378,monthly,157105,253052,159774,127808,106610,2004-04-01
Colchester,http://landregistry.data.gov.uk/id/region/colchester,E07000071,2004-05,403,monthly,159685,255311,162344,130508,108781,2004-05-01
Colchester,http://landregistry.data.gov.uk/id/region/colchester,E07000071,2004-06,513,monthly,161814,256983,164617,132567,110714,2004-06-01
Colchester,http://landregistry.data.gov.uk/id/region/colchester,E07000071,2004-07,464,monthly,163190,259039,166207,133753,111476,2004-07-01
Colchester,http://landregistry.data.gov.uk/id/region/colchester,E07000071,2004-08,414,monthly,164155,261089,167261,134523,111804,2004-08-01
Colchester,http://landregistry.data.gov.uk/id/region/colchester,E07000071,2004-09,344,monthly,164830,263130,168040,135040,111681,2004-09-01
Colchester,http://landregistry.data.gov.uk/id/region/colchester,E07000071,2004-10,331,monthly,165654,264165,168476,135733,112770,2004-10-01
Colchester,http://landregistry.data.gov.uk/id/region/colchester,E07000071,2004-11,307,monthly,168134,267685,170779,137796,114881,2004-11-01
Colchester,http://landregistry.data.gov.uk/id/region/colchester,E07000071,2004-12,273,monthly,167770,265516,170089,137882,115403,2004-12-01
Colchester,http://landregistry.data.gov.uk/id/region/colchester,E07000071,2005-01,167,monthly,166901,263758,168916,137408,115043,2005-01-01
Colchester,http://landregistry.data.gov.uk/id/region/colchester,E07000071,2005-02,219,monthly,166472,262309,168693,137185,114827,2005-02-01
Colchester,http://landregistry.data.gov.uk/id/region/colchester,E07000071,2005-03,234,monthly,168285,265289,170795,138773,115645,2005-03-01
Colchester,http://landregistry.data.gov.uk/id/region/colchester,E07000071,2005-04,341,monthly,169219,265510,172226,139930,116084,2005-04-01
Colchester,http://landregistry.data.gov.uk/id/region/colchester,E07000071,2005-05,286,monthly,169596,266142,172337,140465,116324,2005-05-01
Colchester,http://landregistry.data.gov.uk/id/region/colchester,E07000071,2005-06,418,monthly,171100,267383,173767,142111,117575,2005-06-01
Colchester,http://landregistry.data.gov.uk/id/region/colchester,E07000071,2005-07,363,monthly,171713,268859,174332,142537,117877,2005-07-01
Colchester,http://landregistry.data.gov.uk/id/region/colchester,E07000071,2005-08,352,monthly,171605,268904,174130,142607,117614,2005-08-01
Colchester,http://landregistry.data.gov.uk/id/region/colchester,E07000071,2005-09,399,monthly,170476,267937,172858,141664,116560,2005-09-01
Colchester,http://landregistry.data.gov.uk/id/region/colchester,E07000071,2005-10,300,monthly,170918,268420,172950,142167,117130,2005-10-01
Colchester,http://landregistry.data.gov.uk/id/region/colchester,E07000071,2005-11,383,monthly,171283,268424,173398,142600,117454,2005-11-01
Colchester,http://landregistry.data.gov.uk/id/region/colchester,E07000071,2005-12,462,monthly,173822,271084,175690,144828,119971,2005-12-01
Colchester,http://landregistry.data.gov.uk/id/region/colchester,E07000071,2006-01,260,monthly,175809,274085,177707,146749,121110,2006-01-01
Colchester,http://landregistry.data.gov.uk/id/region/colchester,E07000071,2006-02,321,monthly,177344,275510,178999,148118,122571,2006-02-01
Colchester,http://landregistry.data.gov.uk/id/region/colchester,E07000071,2006-03,380,monthly,178142,277662,180079,148800,122364,2006-03-01
Colchester,http://landregistry.data.gov.uk/id/region/colchester,E07000071,2006-04,323,monthly,179215,278657,181313,149804,123169,2006-04-01
Colchester,http://landregistry.data.gov.uk/id/region/colchester,E07000071,2006-05,408,monthly,179693,279792,182077,150232,123150,2006-05-01
Colchester,http://landregistry.data.gov.uk/id/region/colchester,E07000071,2006-06,521,monthly,179917,279204,182435,150658,123386,2006-06-01
Colchester,http://landregistry.data.gov.uk/id/region/colchester,E07000071,2006-07,401,monthly,179685,279139,182236,150838,122843,2006-07-01
Colchester,http://landregistry.data.gov.uk/id/region/colchester,E07000071,2006-08,484,monthly,181213,282194,183936,152596,123218,2006-08-01
Colchester,http://landregistry.data.gov.uk/id/region/colchester,E07000071,2006-09,474,monthly,181318,283645,184154,152682,122760,2006-09-01
Colchester,http://landregistry.data.gov.uk/id/region/colchester,E07000071,2006-10,396,monthly,183817,287861,186618,154599,124517,2006-10-01
Colchester,http://landregistry.data.gov.uk/id/region/colchester,E07000071,2006-11,423,monthly,184165,288355,187079,154816,124754,2006-11-01
Colchester,http://landregistry.data.gov.uk/id/region/colchester,E07000071,2006-12,519,monthly,187990,292913,190792,158351,127749,2006-12-01
Colchester,http://landregistry.data.gov.uk/id/region/colchester,E07000071,2007-01,360,monthly,188929,294293,191811,159269,128285,2007-01-01
Colchester,http://landregistry.data.gov.uk/id/region/colchester,E07000071,2007-02,332,monthly,189554,294497,192182,159618,129255,2007-02-01
Colchester,http://landregistry.data.gov.uk/id/region/colchester,E07000071,2007-03,400,monthly,188271,292927,191080,158701,127980,2007-03-01
Colchester,http://landregistry.data.gov.uk/id/region/colchester,E07000071,2007-04,402,monthly,188430,292392,191269,159290,128040,2007-04-01
Colchester,http://landregistry.data.gov.uk/id/region/colchester,E07000071,2007-05,423,monthly,191111,295774,193964,162080,129801,2007-05-01
Colchester,http://landregistry.data.gov.uk/id/region/colchester,E07000071,2007-06,551,monthly,193293,298941,195986,164035,131403,2007-06-01
Colchester,http://landregistry.data.gov.uk/id/region/colchester,E07000071,2007-07,445,monthly,195855,303833,198501,166055,132983,2007-07-01
Colchester,http://landregistry.data.gov.uk/id/region/colchester,E07000071,2007-08,478,monthly,197019,307629,200024,167236,132774,2007-08-01
Colchester,http://landregistry.data.gov.uk/id/region/colchester,E07000071,2007-09,413,monthly,195740,306812,198798,166024,131554,2007-09-01
Colchester,http://landregistry.data.gov.uk/id/region/colchester,E07000071,2007-10,424,monthly,194514,305139,197303,164868,130872,2007-10-01
Colchester,http://landregistry.data.gov.uk/id/region/colchester,E07000071,2007-11,352,monthly,193559,303680,196111,163667,130604,2007-11-01
Colchester,http://landregistry.data.gov.uk/id/region/colchester,E07000071,2007-12,340,monthly,196317,307621,198711,165933,132754,2007-12-01
Colchester,http://landregistry.data.gov.uk/id/region/colchester,E07000071,2008-01,220,monthly,197723,310128,200030,166905,133807,2008-01-01
Colchester,http://landregistry.data.gov.uk/id/region/colchester,E07000071,2008-02,221,monthly,196738,308097,198951,166061,133373,2008-02-01
Colchester,http://landregistry.data.gov.uk/id/region/colchester,E07000071,2008-03,204,monthly,193928,303907,196588,163905,131062,2008-03-01
Colchester,http://landregistry.data.gov.uk/id/region/colchester,E07000071,2008-04,213,monthly,190967,299217,193816,161891,128709,2008-04-01
Colchester,http://landregistry.data.gov.uk/id/region/colchester,E07000071,2008-05,207,monthly,188046,294390,191049,159682,126575,2008-05-01
Colchester,http://landregistry.data.gov.uk/id/region/colchester,E07000071,2008-06,302,monthly,181334,283841,184076,153997,122133,2008-06-01
Colchester,http://landregistry.data.gov.uk/id/region/colchester,E07000071,2008-07,221,monthly,179448,281113,182428,152249,120751,2008-07-01
Colchester,http://landregistry.data.gov.uk/id/region/colchester,E07000071,2008-08,206,monthly,176564,277838,179545,149819,118449,2008-08-01
Colchester,http://landregistry.data.gov.uk/id/region/colchester,E07000071,2008-09,179,monthly,171776,272212,174360,145436,115046,2008-09-01
Colchester,http://landregistry.data.gov.uk/id/region/colchester,E07000071,2008-10,211,monthly,165932,263433,168277,140338,111152,2008-10-01
Colchester,http://landregistry.data.gov.uk/id/region/colchester,E07000071,2008-11,164,monthly,155529,246750,157724,131501,104251,2008-11-01
Colchester,http://landregistry.data.gov.uk/id/region/colchester,E07000071,2008-12,207,monthly,152345,241012,154859,129286,101879,2008-12-01
Colchester,http://landregistry.data.gov.uk/id/region/colchester,E07000071,2009-01,74,monthly,150251,238566,152486,127275,100487,2009-01-01
Colchester,http://landregistry.data.gov.uk/id/region/colchester,E07000071,2009-02,120,monthly,153865,244494,156047,130065,103155,2009-02-01
Colchester,http://landregistry.data.gov.uk/id/region/colchester,E07000071,2009-03,167,monthly,149654,237571,151391,126078,101038,2009-03-01
Colchester,http://landregistry.data.gov.uk/id/region/colchester,E07000071,2009-04,150,monthly,144908,228501,146948,122476,98078,2009-04-01
Colchester,http://landregistry.data.gov.uk/id/region/colchester,E07000071,2009-05,164,monthly,146421,230428,148656,124089,98965,2009-05-01
Colchester,http://landregistry.data.gov.uk/id/region/colchester,E07000071,2009-06,215,monthly,152838,240710,155511,129841,102683,2009-06-01
Colchester,http://landregistry.data.gov.uk/id/region/colchester,E07000071,2009-07,272,monthly,159647,252592,162625,135762,106378,2009-07-01
Colchester,http://landregistry.data.gov.uk/id/region/colchester,E07000071,2009-08,282,monthly,163525,259659,166726,139246,108203,2009-08-01
Colchester,http://landregistry.data.gov.uk/id/region/colchester,E07000071,2009-09,257,monthly,167338,266341,170821,142662,110098,2009-09-01
Colchester,http://landregistry.data.gov.uk/id/region/colchester,E07000071,2009-10,265,monthly,167471,266955,171285,142832,109662,2009-10-01
Colchester,http://landregistry.data.gov.uk/id/region/colchester,E07000071,2009-11,257,monthly,168608,269579,172493,144066,109762,2009-11-01
Colchester,http://landregistry.data.gov.uk/id/region/colchester,E07000071,2009-12,382,monthly,170053,271025,174410,145710,110517,2009-12-01
Colchester,http://landregistry.data.gov.uk/id/region/colchester,E07000071,2010-01,147,monthly,171879,275637,176520,147509,110489,2010-01-01
Colchester,http://landregistry.data.gov.uk/id/region/colchester,E07000071,2010-02,137,monthly,172523,277152,177630,148242,110178,2010-02-01
Colchester,http://landregistry.data.gov.uk/id/region/colchester,E07000071,2010-03,164,monthly,175304,283420,180068,150420,111616,2010-03-01
Colchester,http://landregistry.data.gov.uk/id/region/colchester,E07000071,2010-04,182,monthly,175891,283357,180642,150946,112549,2010-04-01
Colchester,http://landregistry.data.gov.uk/id/region/colchester,E07000071,2010-05,217,monthly,176227,284031,180763,151028,113087,2010-05-01
Colchester,http://landregistry.data.gov.uk/id/region/colchester,E07000071,2010-06,257,monthly,174290,280646,179162,149694,111332,2010-06-01
Colchester,http://landregistry.data.gov.uk/id/region/colchester,E07000071,2010-07,225,monthly,174250,281998,179182,149622,110515,2010-07-01
Colchester,http://landregistry.data.gov.uk/id/region/colchester,E07000071,2010-08,307,monthly,175393,284644,180825,150449,110509,2010-08-01
Colchester,http://landregistry.data.gov.uk/id/region/colchester,E07000071,2010-09,195,monthly,176548,287894,181861,151194,110849,2010-09-01
Colchester,http://landregistry.data.gov.uk/id/region/colchester,E07000071,2010-10,262,monthly,177791,289614,183017,152271,111898,2010-10-01
Colchester,http://landregistry.data.gov.uk/id/region/colchester,E07000071,2010-11,222,monthly,176867,288564,181751,151362,111467,2010-11-01
Colchester,http://landregistry.data.gov.uk/id/region/colchester,E07000071,2010-12,294,monthly,174829,284672,179761,149570,110437,2010-12-01
Colchester,http://landregistry.data.gov.uk/id/region/colchester,E07000071,2011-01,127,monthly,175146,285683,179789,149673,110798,2011-01-01
Colchester,http://landregistry.data.gov.uk/id/region/colchester,E07000071,2011-02,170,monthly,173035,282105,177263,148016,109784,2011-02-01
Colchester,http://landregistry.data.gov.uk/id/region/colchester,E07000071,2011-03,213,monthly,173215,283536,177061,147961,109851,2011-03-01
Colchester,http://landregistry.data.gov.uk/id/region/colchester,E07000071,2011-04,179,monthly,173071,283001,176863,148003,109834,2011-04-01
Colchester,http://landregistry.data.gov.uk/id/region/colchester,E07000071,2011-05,199,monthly,173611,283054,177529,148476,110604,2011-05-01
Colchester,http://landregistry.data.gov.uk/id/region/colchester,E07000071,2011-06,244,monthly,175835,285305,180208,150590,112249,2011-06-01
Colchester,http://landregistry.data.gov.uk/id/region/colchester,E07000071,2011-07,281,monthly,174806,282927,179258,149733,111928,2011-07-01
Colchester,http://landregistry.data.gov.uk/id/region/colchester,E07000071,2011-08,280,monthly,175915,285675,180746,150645,111625,2011-08-01
Colchester,http://landregistry.data.gov.uk/id/region/colchester,E07000071,2011-09,224,monthly,174202,284067,178970,149087,109862,2011-09-01
Colchester,http://landregistry.data.gov.uk/id/region/colchester,E07000071,2011-10,238,monthly,173361,283864,178372,148048,108595,2011-10-01
Colchester,http://landregistry.data.gov.uk/id/region/colchester,E07000071,2011-11,270,monthly,174919,285979,179878,149265,110111,2011-11-01
Colchester,http://landregistry.data.gov.uk/id/region/colchester,E07000071,2011-12,269,monthly,175637,286632,180814,149777,110805,2011-12-01
Colchester,http://landregistry.data.gov.uk/id/region/colchester,E07000071,2012-01,186,monthly,176966,288326,182387,151049,111570,2012-01-01
Colchester,http://landregistry.data.gov.uk/id/region/colchester,E07000071,2012-02,186,monthly,173939,283490,179460,148792,109013,2012-02-01
Colchester,http://landregistry.data.gov.uk/id/region/colchester,E07000071,2012-03,275,monthly,173837,282204,179361,149183,109165,2012-03-01
Colchester,http://landregistry.data.gov.uk/id/region/colchester,E07000071,2012-04,187,monthly,173520,281519,178798,148964,109251,2012-04-01
Colchester,http://landregistry.data.gov.uk/id/region/colchester,E07000071,2012-05,233,monthly,173813,281618,179019,149217,109760,2012-05-01
Colchester,http://landregistry.data.gov.uk/id/region/colchester,E07000071,2012-06,251,monthly,175320,284384,180481,150752,110335,2012-06-01
Colchester,http://landregistry.data.gov.uk/id/region/colchester,E07000071,2012-07,257,monthly,177458,287955,182771,152665,111448,2012-07-01
Colchester,http://landregistry.data.gov.uk/id/region/colchester,E07000071,2012-08,282,monthly,178447,289766,184001,153737,111507,2012-08-01
Colchester,http://landregistry.data.gov.uk/id/region/colchester,E07000071,2012-09,239,monthly,177302,288729,182696,152459,110671,2012-09-01
Colchester,http://landregistry.data.gov.uk/id/region/colchester,E07000071,2012-10,259,monthly,177232,288286,182656,152603,110600,2012-10-01
Colchester,http://landregistry.data.gov.uk/id/region/colchester,E07000071,2012-11,244,monthly,176960,287846,182163,152428,110573,2012-11-01
Colchester,http://landregistry.data.gov.uk/id/region/colchester,E07000071,2012-12,246,monthly,178283,290154,183645,153622,111127,2012-12-01
Colchester,http://landregistry.data.gov.uk/id/region/colchester,E07000071,2013-01,178,monthly,177896,289818,183646,153058,110546,2013-01-01
Colchester,http://landregistry.data.gov.uk/id/region/colchester,E07000071,2013-02,149,monthly,178708,291183,184574,153653,111005,2013-02-01
Colchester,http://landregistry.data.gov.uk/id/region/colchester,E07000071,2013-03,230,monthly,177535,289443,183359,152431,110348,2013-03-01
Colchester,http://landregistry.data.gov.uk/id/region/colchester,E07000071,2013-04,212,monthly,177257,288886,182726,152517,110190,2013-04-01
Colchester,http://landregistry.data.gov.uk/id/region/colchester,E07000071,2013-05,259,monthly,178262,290038,183815,153495,110971,2013-05-01
Colchester,http://landregistry.data.gov.uk/id/region/colchester,E07000071,2013-06,294,monthly,177828,288622,183576,153452,110607,2013-06-01
Colchester,http://landregistry.data.gov.uk/id/region/colchester,E07000071,2013-07,313,monthly,178707,289834,184478,154288,111218,2013-07-01
Colchester,http://landregistry.data.gov.uk/id/region/colchester,E07000071,2013-08,319,monthly,180422,293106,186360,155674,111940,2013-08-01
Colchester,http://landregistry.data.gov.uk/id/region/colchester,E07000071,2013-09,323,monthly,184077,299937,189916,158622,114038,2013-09-01
Colchester,http://landregistry.data.gov.uk/id/region/colchester,E07000071,2013-10,333,monthly,185894,303998,191826,159777,114848,2013-10-01
Colchester,http://landregistry.data.gov.uk/id/region/colchester,E07000071,2013-11,339,monthly,185929,304252,191898,159745,114774,2013-11-01
Colchester,http://landregistry.data.gov.uk/id/region/colchester,E07000071,2013-12,320,monthly,185453,302483,191726,159443,114743,2013-12-01
Colchester,http://landregistry.data.gov.uk/id/region/colchester,E07000071,2014-01,252,monthly,187129,304941,193403,160889,116018,2014-01-01
Colchester,http://landregistry.data.gov.uk/id/region/colchester,E07000071,2014-02,246,monthly,187964,306630,194133,161544,116558,2014-02-01
Colchester,http://landregistry.data.gov.uk/id/region/colchester,E07000071,2014-03,293,monthly,190850,311614,197154,163859,118249,2014-03-01
Colchester,http://landregistry.data.gov.uk/id/region/colchester,E07000071,2014-04,291,monthly,190646,310577,196998,164073,118057,2014-04-01
Colchester,http://landregistry.data.gov.uk/id/region/colchester,E07000071,2014-05,349,monthly,193439,314158,199884,166824,119935,2014-05-01
Colchester,http://landregistry.data.gov.uk/id/region/colchester,E07000071,2014-06,350,monthly,194822,316435,201395,168159,120584,2014-06-01
Colchester,http://landregistry.data.gov.uk/id/region/colchester,E07000071,2014-07,392,monthly,197048,320393,203790,170104,121706,2014-07-01
Colchester,http://landregistry.data.gov.uk/id/region/colchester,E07000071,2014-08,402,monthly,198602,323948,205580,171249,122221,2014-08-01
Colchester,http://landregistry.data.gov.uk/id/region/colchester,E07000071,2014-09,321,monthly,200330,327175,207202,172633,123292,2014-09-01
Colchester,http://landregistry.data.gov.uk/id/region/colchester,E07000071,2014-10,345,monthly,203964,333306,211031,175484,125658,2014-10-01
Colchester,http://landregistry.data.gov.uk/id/region/colchester,E07000071,2014-11,321,monthly,204747,334632,211873,175902,126344,2014-11-01
Colchester,http://landregistry.data.gov.uk/id/region/colchester,E07000071,2014-12,302,monthly,206767,338067,213892,177466,127738,2014-12-01
Colchester,http://landregistry.data.gov.uk/id/region/colchester,E07000071,2015-01,213,monthly,203715,333004,210767,174799,125914,2015-01-01
Colchester,http://landregistry.data.gov.uk/id/region/colchester,E07000071,2015-02,231,monthly,204869,334760,211582,175834,126918,2015-02-01
Colchester,http://landregistry.data.gov.uk/id/region/colchester,E07000071,2015-03,278,monthly,206581,337985,213475,177021,127957,2015-03-01
Colchester,http://landregistry.data.gov.uk/id/region/colchester,E07000071,2015-04,271,monthly,211017,345478,218006,180911,130545,2015-04-01
Colchester,http://landregistry.data.gov.uk/id/region/colchester,E07000071,2015-05,306,monthly,212680,347967,220173,182211,131483,2015-05-01
Colchester,http://landregistry.data.gov.uk/id/region/colchester,E07000071,2015-06,347,monthly,211799,346020,219696,181979,130385,2015-06-01
Colchester,http://landregistry.data.gov.uk/id/region/colchester,E07000071,2015-07,418,monthly,213920,349277,222151,183759,131650,2015-07-01
Colchester,http://landregistry.data.gov.uk/id/region/colchester,E07000071,2015-08,374,monthly,215894,352908,224285,185651,132418,2015-08-01
Colchester,http://landregistry.data.gov.uk/id/region/colchester,E07000071,2015-09,300,monthly,220974,362538,229226,189542,135574,2015-09-01
Colchester,http://landregistry.data.gov.uk/id/region/colchester,E07000071,2015-10,364,monthly,221878,364658,230233,190254,135828,2015-10-01
Colchester,http://landregistry.data.gov.uk/id/region/colchester,E07000071,2015-11,328,monthly,225106,370392,233730,192794,137705,2015-11-01
Colchester,http://landregistry.data.gov.uk/id/region/colchester,E07000071,2015-12,335,monthly,225965,371789,234759,193624,138050,2015-12-01
Colchester,http://landregistry.data.gov.uk/id/region/colchester,E07000071,2016-01,236,monthly,229260,377002,238521,196264,140097,2016-01-01
Colchester,http://landregistry.data.gov.uk/id/region/colchester,E07000071,2016-02,312,monthly,227913,374739,237139,195073,139317,2016-02-01
Colchester,http://landregistry.data.gov.uk/id/region/colchester,E07000071,2016-03,562,monthly,227483,373797,236555,194398,139555,2016-03-01
Colchester,http://landregistry.data.gov.uk/id/region/colchester,E07000071,2016-04,215,monthly,228833,375677,237647,195961,140387,2016-04-01
Colchester,http://landregistry.data.gov.uk/id/region/colchester,E07000071,2016-05,261,monthly,232911,380629,241313,200002,143639,2016-05-01
Colchester,http://landregistry.data.gov.uk/id/region/colchester,E07000071,2016-06,267,monthly,237113,387332,245528,203925,146116,2016-06-01
Colchester,http://landregistry.data.gov.uk/id/region/colchester,E07000071,2016-07,309,monthly,238764,389996,247118,205294,147280,2016-07-01
Colchester,http://landregistry.data.gov.uk/id/region/colchester,E07000071,2016-08,366,monthly,243212,398471,251910,208677,149705,2016-08-01
Colchester,http://landregistry.data.gov.uk/id/region/colchester,E07000071,2016-09,346,monthly,247660,405861,256903,212268,152328,2016-09-01
Colchester,http://landregistry.data.gov.uk/id/region/colchester,E07000071,2016-10,350,monthly,249980,410677,259267,213453,154047,2016-10-01
Colchester,http://landregistry.data.gov.uk/id/region/colchester,E07000071,2016-11,348,monthly,248536,409775,257770,211554,153069,2016-11-01
Colchester,http://landregistry.data.gov.uk/id/region/colchester,E07000071,2016-12,333,monthly,248775,410425,257496,211540,153671,2016-12-01
Colchester,http://landregistry.data.gov.uk/id/region/colchester,E07000071,2017-01,199,monthly,247554,408341,256092,210640,152920,2017-01-01
Colchester,http://landregistry.data.gov.uk/id/region/colchester,E07000071,2017-02,247,monthly,252647,415133,260722,215059,157007,2017-02-01
Colchester,http://landregistry.data.gov.uk/id/region/colchester,E07000071,2017-03,288,monthly,250544,411549,258552,212947,155944,2017-03-01
Colchester,http://landregistry.data.gov.uk/id/region/colchester,E07000071,2017-04,264,monthly,255020,418366,262898,216630,159184,2017-04-01
Colchester,http://landregistry.data.gov.uk/id/region/colchester,E07000071,2017-05,288,monthly,254447,416527,262858,216026,158971,2017-05-01
Colchester,http://landregistry.data.gov.uk/id/region/colchester,E07000071,2017-06,397,monthly,259036,422755,267573,220314,162094,2017-06-01
Colchester,http://landregistry.data.gov.uk/id/region/colchester,E07000071,2017-07,312,monthly,260103,423682,268893,221264,162940,2017-07-01
Colchester,http://landregistry.data.gov.uk/id/region/colchester,E07000071,2017-08,364,monthly,262493,428227,271234,223871,163828,2017-08-01
Colchester,http://landregistry.data.gov.uk/id/region/colchester,E07000071,2017-09,348,monthly,262537,429380,271338,223866,163414,2017-09-01
Colchester,http://landregistry.data.gov.uk/id/region/colchester,E07000071,2017-10,310,monthly,264466,433691,273644,225502,163980,2017-10-01
Colchester,http://landregistry.data.gov.uk/id/region/colchester,E07000071,2017-11,295,monthly,263276,432437,272833,224075,163020,2017-11-01
Colchester,http://landregistry.data.gov.uk/id/region/colchester,E07000071,2017-12,367,monthly,264931,435048,274963,225542,163816,2017-12-01
Colchester,http://landregistry.data.gov.uk/id/region/colchester,E07000071,2018-01,255,monthly,263636,432750,273791,224385,163028,2018-01-01
Colchester,http://landregistry.data.gov.uk/id/region/colchester,E07000071,2018-02,264,monthly,264882,435030,274996,225752,163548,2018-02-01
Colchester,http://landregistry.data.gov.uk/id/region/colchester,E07000071,2018-03,291,monthly,262422,431085,272544,223895,161764,2018-03-01
Colchester,http://landregistry.data.gov.uk/id/region/colchester,E07000071,2018-04,250,monthly,264278,434151,274768,226167,162217,2018-04-01
Colchester,http://landregistry.data.gov.uk/id/region/colchester,E07000071,2018-05,349,monthly,263311,432704,274310,225509,161095,2018-05-01
Colchester,http://landregistry.data.gov.uk/id/region/colchester,E07000071,2018-06,402,monthly,262996,432030,274420,225088,160808,2018-06-01
Colchester,http://landregistry.data.gov.uk/id/region/colchester,E07000071,2018-07,357,monthly,263133,433026,274457,224939,160804,2018-07-01
Colchester,http://landregistry.data.gov.uk/id/region/colchester,E07000071,2018-08,369,monthly,265028,436122,276358,226705,161913,2018-08-01
Colchester,http://landregistry.data.gov.uk/id/region/colchester,E07000071,2018-09,256,monthly,267285,440578,278705,228793,162850,2018-09-01
Colchester,http://landregistry.data.gov.uk/id/region/colchester,E07000071,2018-10,304,monthly,266951,439997,278391,228407,162712,2018-10-01
Colchester,http://landregistry.data.gov.uk/id/region/colchester,E07000071,2018-11,344,monthly,264422,437007,276034,225952,160682,2018-11-01
Colchester,http://landregistry.data.gov.uk/id/region/colchester,E07000071,2018-12,334,monthly,265834,438989,277569,226900,161845,2018-12-01
Colchester,http://landregistry.data.gov.uk/id/region/colchester,E07000071,2019-01,193,monthly,265272,439158,277203,226131,161090,2019-01-01
Colchester,http://landregistry.data.gov.uk/id/region/colchester,E07000071,2019-02,215,monthly,265502,439479,277258,225989,161643,2019-02-01
Colchester,http://landregistry.data.gov.uk/id/region/colchester,E07000071,2019-03,231,monthly,261342,433555,273171,222548,158473,2019-03-01
Colchester,http://landregistry.data.gov.uk/id/region/colchester,E07000071,2019-04,242,monthly,261633,433153,273664,223389,158542,2019-04-01
Colchester,http://landregistry.data.gov.uk/id/region/colchester,E07000071,2019-05,268,monthly,259993,429757,272324,222858,157024,2019-05-01
Colchester,http://landregistry.data.gov.uk/id/region/colchester,E07000071,2019-06,276,monthly,261691,432007,274018,224644,158150,2019-06-01
Colchester,http://landregistry.data.gov.uk/id/region/colchester,E07000071,2019-07,309,monthly,264900,436896,277161,227483,160377,2019-07-01
Colchester,http://landregistry.data.gov.uk/id/region/colchester,E07000071,2019-08,374,monthly,266581,440286,278838,229158,160993,2019-08-01
Colchester,http://landregistry.data.gov.uk/id/region/colchester,E07000071,2019-09,275,monthly,267657,442036,279594,230350,161724,2019-09-01
Colchester,http://landregistry.data.gov.uk/id/region/colchester,E07000071,2019-10,286,monthly,261476,431930,273889,224936,157499,2019-10-01
Colchester,http://landregistry.data.gov.uk/id/region/colchester,E07000071,2019-11,245,monthly,259625,429099,272397,223101,156143,2019-11-01
Colchester,http://landregistry.data.gov.uk/id/region/colchester,E07000071,2019-12,271,monthly,257016,425212,270171,220974,153945,2019-12-01
Colchester,http://landregistry.data.gov.uk/id/region/colchester,E07000071,2020-01,224,monthly,258488,428216,271759,222306,154483,2020-01-01
Colchester,http://landregistry.data.gov.uk/id/region/colchester,E07000071,2020-02,183,monthly,258817,428922,271948,222461,154825,2020-02-01
Colchester,http://landregistry.data.gov.uk/id/region/colchester,E07000071,2020-03,214,monthly,258158,428059,271384,221441,154600,2020-03-01
Colchester,http://landregistry.data.gov.uk/id/region/colchester,E07000071,2020-04,125,monthly,257353,427871,270541,221079,153298,2020-04-01
Colchester,http://landregistry.data.gov.uk/id/region/colchester,E07000071,2020-05,157,monthly,257325,427758,270868,220733,153266,2020-05-01
Colchester,http://landregistry.data.gov.uk/id/region/colchester,E07000071,2020-06,197,monthly,260984,433599,274972,224315,155031,2020-06-01
Colchester,http://landregistry.data.gov.uk/id/region/colchester,E07000071,2020-07,193,monthly,259707,430324,273505,223226,154942,2020-07-01
Colchester,http://landregistry.data.gov.uk/id/region/colchester,E07000071,2020-08,185,monthly,260865,432960,275022,224814,154601,2020-08-01
Colchester,http://landregistry.data.gov.uk/id/region/colchester,E07000071,2020-09,251,monthly,261178,434672,275438,225018,154166,2020-09-01
Colchester,http://landregistry.data.gov.uk/id/region/colchester,E07000071,2020-10,288,monthly,269250,449794,283904,232016,158094,2020-10-01
Colchester,http://landregistry.data.gov.uk/id/region/colchester,E07000071,2020-11,291,monthly,272129,454919,286302,234621,160049,2020-11-01
Colchester,http://landregistry.data.gov.uk/id/region/colchester,E07000071,2020-12,341,monthly,273182,456805,287090,235907,160589,2020-12-01
Colchester,http://landregistry.data.gov.uk/id/region/colchester,E07000071,2021-01,293,monthly,269689,447931,283066,233233,160104,2021-01-01
Colchester,http://landregistry.data.gov.uk/id/region/colchester,E07000071,2021-02,400,monthly,268602,442770,281533,232810,161160,2021-02-01
Colchester,http://landregistry.data.gov.uk/id/region/colchester,E07000071,2021-03,560,monthly,268267,438624,280628,232958,163031,2021-03-01
Colchester,http://landregistry.data.gov.uk/id/region/colchester,E07000071,2021-04,364,monthly,266886,436072,278852,231927,162545,2021-04-01
Colchester,http://landregistry.data.gov.uk/id/region/colchester,E07000071,2021-05,268,monthly,267789,438139,279728,232628,162879,2021-05-01
Colchester,http://landregistry.data.gov.uk/id/region/colchester,E07000071,2021-06,687,monthly,270780,442452,282506,236140,164657,2021-06-01
Colchester,http://landregistry.data.gov.uk/id/region/colchester,E07000071,2021-07,184,monthly,274672,448888,287232,239066,166715,2021-07-01
Colchester,http://landregistry.data.gov.uk/id/region/colchester,E07000071,2021-08,292,monthly,278206,456042,291631,241733,167730,2021-08-01
Colchester,http://landregistry.data.gov.uk/id/region/colchester,E07000071,2021-09,555,monthly,281593,462560,295851,244126,168992,2021-09-01
Colchester,http://landregistry.data.gov.uk/id/region/colchester,E07000071,2021-10,209,monthly,283235,469018,297257,244869,168666,2021-10-01
Colchester,http://landregistry.data.gov.uk/id/region/colchester,E07000071,2021-11,241,monthly,289554,480492,303881,250049,172084,2021-11-01
Colchester,http://landregistry.data.gov.uk/id/region/colchester,E07000071,2021-12,320,monthly,289679,483413,304076,249519,171035,2021-12-01
Colchester,http://landregistry.data.gov.uk/id/region/colchester,E07000071,2022-01,223,monthly,292901,487287,308151,253124,172500,2022-01-01
Colchester,http://landregistry.data.gov.uk/id/region/colchester,E07000071,2022-02,268,monthly,292911,486480,308218,253485,172822,2022-02-01
Colchester,http://landregistry.data.gov.uk/id/region/colchester,E07000071,2022-03,278,monthly,294769,489696,310813,254807,173467,2022-03-01
Colchester,http://landregistry.data.gov.uk/id/region/colchester,E07000071,2022-04,260,monthly,296166,491565,311980,256668,174301,2022-04-01
Colchester,http://landregistry.data.gov.uk/id/region/colchester,E07000071,2022-05,296,monthly,299822,497548,316255,260312,175587,2022-05-01
Colchester,http://landregistry.data.gov.uk/id/region/colchester,E07000071,2022-06,289,monthly,305318,505381,322004,265952,179021,2022-06-01
Colchester,http://landregistry.data.gov.uk/id/region/colchester,E07000071,2022-07,272,monthly,308389,509869,325860,268989,180311,2022-07-01
Colchester,http://landregistry.data.gov.uk/id/region/colchester,E07000071,2022-08,319,monthly,311048,514275,328783,271966,181065,2022-08-01
Colchester,http://landregistry.data.gov.uk/id/region/colchester,E07000071,2022-09,261,monthly,311448,515559,329517,272497,180275,2022-09-01
Colchester,http://landregistry.data.gov.uk/id/region/colchester,E07000071,2022-10,284,monthly,315597,523348,333832,275915,182217,2022-10-01
Colchester,http://landregistry.data.gov.uk/id/region/colchester,E07000071,2022-11,271,monthly,317568,527108,335940,277397,183173,2022-11-01
Colchester,http://landregistry.data.gov.uk/id/region/colchester,E07000071,2022-12,233,monthly,319185,529466,337886,278853,184089,2022-12-01
Colchester,http://landregistry.data.gov.uk/id/region/colchester,E07000071,2023-01,170,monthly,319526,530230,338281,278847,184401,2023-01-01
Colchester,http://landregistry.data.gov.uk/id/region/colchester,E07000071,2023-02,161,monthly,317861,528488,336555,276847,183454,2023-02-01
Colchester,http://landregistry.data.gov.uk/id/region/colchester,E07000071,2023-03,202,monthly,315988,527325,334829,273965,182127,2023-03-01
Colchester,http://landregistry.data.gov.uk/id/region/colchester,E07000071,2023-04,162,monthly,311387,520015,330022,269557,179571,2023-04-01
Colchester,http://landregistry.data.gov.uk/id/region/colchester,E07000071,2023-05,162,monthly,308064,513006,326459,266587,178315,2023-05-01
Colchester,http://landregistry.data.gov.uk/id/region/colchester,E07000071,2023-06,195,monthly,304435,505458,322172,264265,176536,2023-06-01
Colchester,http://landregistry.data.gov.uk/id/region/colchester,E07000071,2023-07,189,monthly,304994,505902,323216,265304,176378,2023-07-01
Colchester,http://landregistry.data.gov.uk/id/region/colchester,E07000071,2023-08,184,monthly,303357,503696,322054,264666,174329,2023-08-01
Colchester,http://landregistry.data.gov.uk/id/region/colchester,E07000071,2023-09,217,monthly,305798,508581,325155,267157,174833,2023-09-01
Colchester,http://landregistry.data.gov.uk/id/region/colchester,E07000071,2023-10,163,monthly,302594,502778,322073,264323,172999,2023-10-01
Colchester,http://landregistry.data.gov.uk/id/region/colchester,E07000071,2023-11,173,monthly,304359,506738,324174,264976,174062,2023-11-01
Colchester,http://landregistry.data.gov.uk/id/region/colchester,E07000071,2023-12,130,monthly,305145,507301,325431,265346,174738,2023-12-01
Colchester,http://landregistry.data.gov.uk/id/region/colchester,E07000071,2024-01,112,monthly,304968,507441,325283,265686,174114,2024-01-01
Colchester,http://landregistry.data.gov.uk/id/region/colchester,E07000071,2024-02,79,monthly,297085,493492,317518,259248,169200,2024-02-01
Colchester,http://landregistry.data.gov.uk/id/region/colchester,E07000071,2024-03,,monthly,296756,493046,317590,258530,169085,2024-03-01
Colchester,http://landregistry.data.gov.uk/id/region/colchester,E07000071,2024-04,,monthly,300080,496471,322030,261510,171394,2024-04-01
