"Name","URI","Region GSS code","Period","Sales volume","Reporting period","Average price All property types","Average price Detached houses","Average price Semi-detached houses","Average price Terraced houses","Average price Flats and maisonettes","Pivotable date"
County Durham,http://landregistry.data.gov.uk/id/region/county-durham,E06000047,2004-01,761,monthly,74767,127054,73549,58629,59292,2004-01-01
County Durham,http://landregistry.data.gov.uk/id/region/county-durham,E06000047,2004-02,849,monthly,74703,126417,73518,58684,59221,2004-02-01
County Durham,http://landregistry.data.gov.uk/id/region/county-durham,E06000047,2004-03,988,monthly,75723,128220,74411,59504,59713,2004-03-01
County Durham,http://landregistry.data.gov.uk/id/region/county-durham,E06000047,2004-04,1223,monthly,78406,130963,77085,61997,61727,2004-04-01
County Durham,http://landregistry.data.gov.uk/id/region/county-durham,E06000047,2004-05,1018,monthly,83277,137556,81686,66270,65647,2004-05-01
County Durham,http://landregistry.data.gov.uk/id/region/county-durham,E06000047,2004-06,1185,monthly,87315,143112,85737,69677,69008,2004-06-01
County Durham,http://landregistry.data.gov.uk/id/region/county-durham,E06000047,2004-07,1216,monthly,90681,148124,89137,72454,71394,2004-07-01
County Durham,http://landregistry.data.gov.uk/id/region/county-durham,E06000047,2004-08,1009,monthly,92782,151670,91162,74145,72779,2004-08-01
County Durham,http://landregistry.data.gov.uk/id/region/county-durham,E06000047,2004-09,941,monthly,94819,155060,93014,75857,73953,2004-09-01
County Durham,http://landregistry.data.gov.uk/id/region/county-durham,E06000047,2004-10,993,monthly,96105,157634,93912,76909,75456,2004-10-01
County Durham,http://landregistry.data.gov.uk/id/region/county-durham,E06000047,2004-11,776,monthly,96769,158649,94547,77449,76178,2004-11-01
County Durham,http://landregistry.data.gov.uk/id/region/county-durham,E06000047,2004-12,899,monthly,97960,160015,95607,78560,77464,2004-12-01
County Durham,http://landregistry.data.gov.uk/id/region/county-durham,E06000047,2005-01,482,monthly,97387,159075,95003,78126,76944,2005-01-01
County Durham,http://landregistry.data.gov.uk/id/region/county-durham,E06000047,2005-02,567,monthly,98882,161537,96518,79293,78070,2005-02-01
County Durham,http://landregistry.data.gov.uk/id/region/county-durham,E06000047,2005-03,668,monthly,98514,161066,96383,78881,77412,2005-03-01
County Durham,http://landregistry.data.gov.uk/id/region/county-durham,E06000047,2005-04,848,monthly,100538,163631,98613,80563,78737,2005-04-01
County Durham,http://landregistry.data.gov.uk/id/region/county-durham,E06000047,2005-05,835,monthly,101767,165322,99721,81672,79522,2005-05-01
County Durham,http://landregistry.data.gov.uk/id/region/county-durham,E06000047,2005-06,893,monthly,103472,166772,101230,83401,80793,2005-06-01
County Durham,http://landregistry.data.gov.uk/id/region/county-durham,E06000047,2005-07,924,monthly,104638,168402,102359,84420,81458,2005-07-01
County Durham,http://landregistry.data.gov.uk/id/region/county-durham,E06000047,2005-08,880,monthly,106351,170932,103924,85925,82551,2005-08-01
County Durham,http://landregistry.data.gov.uk/id/region/county-durham,E06000047,2005-09,950,monthly,107810,173801,105212,87078,83416,2005-09-01
County Durham,http://landregistry.data.gov.uk/id/region/county-durham,E06000047,2005-10,891,monthly,107965,174016,105103,87314,83785,2005-10-01
County Durham,http://landregistry.data.gov.uk/id/region/county-durham,E06000047,2005-11,893,monthly,108082,174018,105200,87453,83902,2005-11-01
County Durham,http://landregistry.data.gov.uk/id/region/county-durham,E06000047,2005-12,1143,monthly,108760,174473,105712,88159,85027,2005-12-01
County Durham,http://landregistry.data.gov.uk/id/region/county-durham,E06000047,2006-01,685,monthly,110823,177719,107652,89898,86386,2006-01-01
County Durham,http://landregistry.data.gov.uk/id/region/county-durham,E06000047,2006-02,758,monthly,110366,176368,107092,89678,86387,2006-02-01
County Durham,http://landregistry.data.gov.uk/id/region/county-durham,E06000047,2006-03,1031,monthly,109956,176096,106875,89223,85455,2006-03-01
County Durham,http://landregistry.data.gov.uk/id/region/county-durham,E06000047,2006-04,919,monthly,109790,175127,106698,89251,85248,2006-04-01
County Durham,http://landregistry.data.gov.uk/id/region/county-durham,E06000047,2006-05,959,monthly,110462,175923,107419,89850,85459,2006-05-01
County Durham,http://landregistry.data.gov.uk/id/region/county-durham,E06000047,2006-06,1159,monthly,113245,179517,110021,92337,87664,2006-06-01
County Durham,http://landregistry.data.gov.uk/id/region/county-durham,E06000047,2006-07,1056,monthly,113664,179892,110322,92832,87602,2006-07-01
County Durham,http://landregistry.data.gov.uk/id/region/county-durham,E06000047,2006-08,1038,monthly,115401,182650,112019,94310,88269,2006-08-01
County Durham,http://landregistry.data.gov.uk/id/region/county-durham,E06000047,2006-09,1154,monthly,114495,181658,111167,93520,87010,2006-09-01
County Durham,http://landregistry.data.gov.uk/id/region/county-durham,E06000047,2006-10,1135,monthly,115062,182933,111765,93856,87675,2006-10-01
County Durham,http://landregistry.data.gov.uk/id/region/county-durham,E06000047,2006-11,1109,monthly,114841,182475,111590,93676,87529,2006-11-01
County Durham,http://landregistry.data.gov.uk/id/region/county-durham,E06000047,2006-12,1313,monthly,115864,183161,112522,94707,88653,2006-12-01
County Durham,http://landregistry.data.gov.uk/id/region/county-durham,E06000047,2007-01,780,monthly,115679,182628,112286,94661,88239,2007-01-01
County Durham,http://landregistry.data.gov.uk/id/region/county-durham,E06000047,2007-02,877,monthly,115172,181815,111684,94266,88257,2007-02-01
County Durham,http://landregistry.data.gov.uk/id/region/county-durham,E06000047,2007-03,1171,monthly,114871,181619,111342,94019,87561,2007-03-01
County Durham,http://landregistry.data.gov.uk/id/region/county-durham,E06000047,2007-04,1115,monthly,115300,181537,111652,94567,87872,2007-04-01
County Durham,http://landregistry.data.gov.uk/id/region/county-durham,E06000047,2007-05,1187,monthly,117121,183519,113322,96269,89302,2007-05-01
County Durham,http://landregistry.data.gov.uk/id/region/county-durham,E06000047,2007-06,1417,monthly,117462,183739,113554,96636,89762,2007-06-01
County Durham,http://landregistry.data.gov.uk/id/region/county-durham,E06000047,2007-07,1202,monthly,119570,187586,115573,98293,91213,2007-07-01
County Durham,http://landregistry.data.gov.uk/id/region/county-durham,E06000047,2007-08,1185,monthly,120617,190032,116506,99139,91065,2007-08-01
County Durham,http://landregistry.data.gov.uk/id/region/county-durham,E06000047,2007-09,1077,monthly,121749,192396,117542,100009,91714,2007-09-01
County Durham,http://landregistry.data.gov.uk/id/region/county-durham,E06000047,2007-10,1105,monthly,122337,193785,118046,100413,92416,2007-10-01
County Durham,http://landregistry.data.gov.uk/id/region/county-durham,E06000047,2007-11,1212,monthly,122139,193646,117851,100161,92859,2007-11-01
County Durham,http://landregistry.data.gov.uk/id/region/county-durham,E06000047,2007-12,930,monthly,121895,193231,117564,99960,92979,2007-12-01
County Durham,http://landregistry.data.gov.uk/id/region/county-durham,E06000047,2008-01,554,monthly,119489,189543,115205,97978,91196,2008-01-01
County Durham,http://landregistry.data.gov.uk/id/region/county-durham,E06000047,2008-02,676,monthly,119045,189302,114860,97493,90787,2008-02-01
County Durham,http://landregistry.data.gov.uk/id/region/county-durham,E06000047,2008-03,694,monthly,117359,187008,113489,95982,88935,2008-03-01
County Durham,http://landregistry.data.gov.uk/id/region/county-durham,E06000047,2008-04,694,monthly,118470,189184,114544,96884,89352,2008-04-01
County Durham,http://landregistry.data.gov.uk/id/region/county-durham,E06000047,2008-05,677,monthly,119014,189347,115138,97459,89486,2008-05-01
County Durham,http://landregistry.data.gov.uk/id/region/county-durham,E06000047,2008-06,658,monthly,120205,190877,116144,98563,90490,2008-06-01
County Durham,http://landregistry.data.gov.uk/id/region/county-durham,E06000047,2008-07,528,monthly,120458,190975,116641,98712,90565,2008-07-01
County Durham,http://landregistry.data.gov.uk/id/region/county-durham,E06000047,2008-08,454,monthly,119921,190444,116058,98256,90076,2008-08-01
County Durham,http://landregistry.data.gov.uk/id/region/county-durham,E06000047,2008-09,392,monthly,117898,188877,113999,96353,88534,2008-09-01
County Durham,http://landregistry.data.gov.uk/id/region/county-durham,E06000047,2008-10,432,monthly,114842,184396,111130,93719,86373,2008-10-01
County Durham,http://landregistry.data.gov.uk/id/region/county-durham,E06000047,2008-11,393,monthly,110516,177860,107113,89997,83345,2008-11-01
County Durham,http://landregistry.data.gov.uk/id/region/county-durham,E06000047,2008-12,340,monthly,107713,172233,104528,87871,81073,2008-12-01
County Durham,http://landregistry.data.gov.uk/id/region/county-durham,E06000047,2009-01,245,monthly,105785,169674,102443,86273,79921,2009-01-01
County Durham,http://landregistry.data.gov.uk/id/region/county-durham,E06000047,2009-02,249,monthly,102821,165025,99539,83853,77896,2009-02-01
County Durham,http://landregistry.data.gov.uk/id/region/county-durham,E06000047,2009-03,379,monthly,102003,164233,98799,83002,78005,2009-03-01
County Durham,http://landregistry.data.gov.uk/id/region/county-durham,E06000047,2009-04,357,monthly,100991,161756,98051,82270,77048,2009-04-01
County Durham,http://landregistry.data.gov.uk/id/region/county-durham,E06000047,2009-05,402,monthly,102727,164090,99747,83842,77957,2009-05-01
County Durham,http://landregistry.data.gov.uk/id/region/county-durham,E06000047,2009-06,504,monthly,102824,163836,99950,84051,77243,2009-06-01
County Durham,http://landregistry.data.gov.uk/id/region/county-durham,E06000047,2009-07,445,monthly,103449,164886,100475,84676,77070,2009-07-01
County Durham,http://landregistry.data.gov.uk/id/region/county-durham,E06000047,2009-08,444,monthly,104443,166839,101439,85474,77135,2009-08-01
County Durham,http://landregistry.data.gov.uk/id/region/county-durham,E06000047,2009-09,378,monthly,106571,170558,103414,87217,78499,2009-09-01
County Durham,http://landregistry.data.gov.uk/id/region/county-durham,E06000047,2009-10,448,monthly,108600,173826,105502,88833,79690,2009-10-01
County Durham,http://landregistry.data.gov.uk/id/region/county-durham,E06000047,2009-11,463,monthly,108763,174166,105494,89074,79632,2009-11-01
County Durham,http://landregistry.data.gov.uk/id/region/county-durham,E06000047,2009-12,607,monthly,109330,173975,106141,89826,79543,2009-12-01
County Durham,http://landregistry.data.gov.uk/id/region/county-durham,E06000047,2010-01,292,monthly,107183,171139,103953,88040,77462,2010-01-01
County Durham,http://landregistry.data.gov.uk/id/region/county-durham,E06000047,2010-02,319,monthly,106172,169811,103276,87011,76262,2010-02-01
County Durham,http://landregistry.data.gov.uk/id/region/county-durham,E06000047,2010-03,399,monthly,105258,169783,102395,85894,75651,2010-03-01
County Durham,http://landregistry.data.gov.uk/id/region/county-durham,E06000047,2010-04,426,monthly,105687,169955,102966,86272,76114,2010-04-01
County Durham,http://landregistry.data.gov.uk/id/region/county-durham,E06000047,2010-05,402,monthly,106187,170547,103189,86869,76723,2010-05-01
County Durham,http://landregistry.data.gov.uk/id/region/county-durham,E06000047,2010-06,542,monthly,106091,169785,103052,87002,76317,2010-06-01
County Durham,http://landregistry.data.gov.uk/id/region/county-durham,E06000047,2010-07,518,monthly,106471,170787,103390,87272,76142,2010-07-01
County Durham,http://landregistry.data.gov.uk/id/region/county-durham,E06000047,2010-08,462,monthly,108035,173863,105196,88281,76807,2010-08-01
County Durham,http://landregistry.data.gov.uk/id/region/county-durham,E06000047,2010-09,460,monthly,108062,174900,105212,88081,76546,2010-09-01
County Durham,http://landregistry.data.gov.uk/id/region/county-durham,E06000047,2010-10,448,monthly,107846,175060,105054,87732,76543,2010-10-01
County Durham,http://landregistry.data.gov.uk/id/region/county-durham,E06000047,2010-11,432,monthly,105709,172014,102882,85928,75182,2010-11-01
County Durham,http://landregistry.data.gov.uk/id/region/county-durham,E06000047,2010-12,529,monthly,104684,170147,102059,85025,74620,2010-12-01
County Durham,http://landregistry.data.gov.uk/id/region/county-durham,E06000047,2011-01,277,monthly,102561,167036,99914,83244,73278,2011-01-01
County Durham,http://landregistry.data.gov.uk/id/region/county-durham,E06000047,2011-02,306,monthly,100155,163279,97514,81279,71641,2011-02-01
County Durham,http://landregistry.data.gov.uk/id/region/county-durham,E06000047,2011-03,412,monthly,98181,160844,95366,79622,70160,2011-03-01
County Durham,http://landregistry.data.gov.uk/id/region/county-durham,E06000047,2011-04,424,monthly,99049,162035,96120,80443,70711,2011-04-01
County Durham,http://landregistry.data.gov.uk/id/region/county-durham,E06000047,2011-05,442,monthly,101696,165834,98734,82671,72912,2011-05-01
County Durham,http://landregistry.data.gov.uk/id/region/county-durham,E06000047,2011-06,519,monthly,102380,166110,99589,83310,73540,2011-06-01
County Durham,http://landregistry.data.gov.uk/id/region/county-durham,E06000047,2011-07,491,monthly,102832,166561,100188,83637,74038,2011-07-01
County Durham,http://landregistry.data.gov.uk/id/region/county-durham,E06000047,2011-08,476,monthly,101717,164973,99239,82658,72486,2011-08-01
County Durham,http://landregistry.data.gov.uk/id/region/county-durham,E06000047,2011-09,496,monthly,101989,166006,99427,82813,72265,2011-09-01
County Durham,http://landregistry.data.gov.uk/id/region/county-durham,E06000047,2011-10,434,monthly,100641,164422,98154,81578,70915,2011-10-01
County Durham,http://landregistry.data.gov.uk/id/region/county-durham,E06000047,2011-11,474,monthly,100894,165010,98456,81665,71581,2011-11-01
County Durham,http://landregistry.data.gov.uk/id/region/county-durham,E06000047,2011-12,523,monthly,101173,165089,98910,81862,71933,2011-12-01
County Durham,http://landregistry.data.gov.uk/id/region/county-durham,E06000047,2012-01,297,monthly,99622,162062,97561,80647,70617,2012-01-01
County Durham,http://landregistry.data.gov.uk/id/region/county-durham,E06000047,2012-02,329,monthly,98366,159548,96341,79801,69140,2012-02-01
County Durham,http://landregistry.data.gov.uk/id/region/county-durham,E06000047,2012-03,466,monthly,97141,156774,95120,79056,68167,2012-03-01
County Durham,http://landregistry.data.gov.uk/id/region/county-durham,E06000047,2012-04,335,monthly,98497,159081,96254,80194,69538,2012-04-01
County Durham,http://landregistry.data.gov.uk/id/region/county-durham,E06000047,2012-05,422,monthly,99026,159981,96687,80632,70171,2012-05-01
County Durham,http://landregistry.data.gov.uk/id/region/county-durham,E06000047,2012-06,525,monthly,98646,159647,96110,80378,69804,2012-06-01
County Durham,http://landregistry.data.gov.uk/id/region/county-durham,E06000047,2012-07,414,monthly,99197,160086,96565,81034,69931,2012-07-01
County Durham,http://landregistry.data.gov.uk/id/region/county-durham,E06000047,2012-08,435,monthly,99911,160988,97118,81826,69983,2012-08-01
County Durham,http://landregistry.data.gov.uk/id/region/county-durham,E06000047,2012-09,372,monthly,100558,162405,97871,82185,70333,2012-09-01
County Durham,http://landregistry.data.gov.uk/id/region/county-durham,E06000047,2012-10,460,monthly,100934,163254,98283,82392,70625,2012-10-01
County Durham,http://landregistry.data.gov.uk/id/region/county-durham,E06000047,2012-11,489,monthly,100333,162537,97782,81764,70327,2012-11-01
County Durham,http://landregistry.data.gov.uk/id/region/county-durham,E06000047,2012-12,470,monthly,99667,161624,97074,81227,69722,2012-12-01
County Durham,http://landregistry.data.gov.uk/id/region/county-durham,E06000047,2013-01,309,monthly,97905,158801,95510,79723,68197,2013-01-01
County Durham,http://landregistry.data.gov.uk/id/region/county-durham,E06000047,2013-02,322,monthly,96111,155812,93810,78271,66802,2013-02-01
County Durham,http://landregistry.data.gov.uk/id/region/county-durham,E06000047,2013-03,461,monthly,95827,155609,93585,77940,66543,2013-03-01
County Durham,http://landregistry.data.gov.uk/id/region/county-durham,E06000047,2013-04,399,monthly,95384,154977,93033,77637,66133,2013-04-01
County Durham,http://landregistry.data.gov.uk/id/region/county-durham,E06000047,2013-05,516,monthly,96735,157080,94326,78767,67212,2013-05-01
County Durham,http://landregistry.data.gov.uk/id/region/county-durham,E06000047,2013-06,496,monthly,96915,156728,94486,79114,67321,2013-06-01
County Durham,http://landregistry.data.gov.uk/id/region/county-durham,E06000047,2013-07,518,monthly,98822,159551,96286,80772,68753,2013-07-01
County Durham,http://landregistry.data.gov.uk/id/region/county-durham,E06000047,2013-08,543,monthly,99620,160821,97100,81434,69033,2013-08-01
County Durham,http://landregistry.data.gov.uk/id/region/county-durham,E06000047,2013-09,563,monthly,100225,162432,97653,81771,69368,2013-09-01
County Durham,http://landregistry.data.gov.uk/id/region/county-durham,E06000047,2013-10,620,monthly,97435,158490,94996,79310,67206,2013-10-01
County Durham,http://landregistry.data.gov.uk/id/region/county-durham,E06000047,2013-11,648,monthly,95604,155892,93280,77664,65957,2013-11-01
County Durham,http://landregistry.data.gov.uk/id/region/county-durham,E06000047,2013-12,709,monthly,95743,155685,93628,77760,66194,2013-12-01
County Durham,http://landregistry.data.gov.uk/id/region/county-durham,E06000047,2014-01,533,monthly,95354,154767,93330,77475,65954,2014-01-01
County Durham,http://landregistry.data.gov.uk/id/region/county-durham,E06000047,2014-02,470,monthly,93008,151012,90962,75614,64136,2014-02-01
County Durham,http://landregistry.data.gov.uk/id/region/county-durham,E06000047,2014-03,586,monthly,90762,147362,88783,73794,62338,2014-03-01
County Durham,http://landregistry.data.gov.uk/id/region/county-durham,E06000047,2014-04,604,monthly,92341,149605,90243,75231,63256,2014-04-01
County Durham,http://landregistry.data.gov.uk/id/region/county-durham,E06000047,2014-05,596,monthly,95672,154532,93501,78062,65661,2014-05-01
County Durham,http://landregistry.data.gov.uk/id/region/county-durham,E06000047,2014-06,750,monthly,97985,158143,95766,79990,67159,2014-06-01
County Durham,http://landregistry.data.gov.uk/id/region/county-durham,E06000047,2014-07,625,monthly,98915,159649,96673,80761,67667,2014-07-01
County Durham,http://landregistry.data.gov.uk/id/region/county-durham,E06000047,2014-08,656,monthly,99300,160481,96993,81069,67703,2014-08-01
County Durham,http://landregistry.data.gov.uk/id/region/county-durham,E06000047,2014-09,561,monthly,97818,158192,95464,79877,66712,2014-09-01
County Durham,http://landregistry.data.gov.uk/id/region/county-durham,E06000047,2014-10,662,monthly,96841,156758,94560,78994,66217,2014-10-01
County Durham,http://landregistry.data.gov.uk/id/region/county-durham,E06000047,2014-11,632,monthly,94914,153815,92857,77257,65041,2014-11-01
County Durham,http://landregistry.data.gov.uk/id/region/county-durham,E06000047,2014-12,637,monthly,94779,153863,92794,77031,64954,2014-12-01
County Durham,http://landregistry.data.gov.uk/id/region/county-durham,E06000047,2015-01,480,monthly,94331,153256,92467,76577,64568,2015-01-01
County Durham,http://landregistry.data.gov.uk/id/region/county-durham,E06000047,2015-02,488,monthly,95129,154532,93139,77283,65209,2015-02-01
County Durham,http://landregistry.data.gov.uk/id/region/county-durham,E06000047,2015-03,611,monthly,94537,153935,92619,76667,64882,2015-03-01
County Durham,http://landregistry.data.gov.uk/id/region/county-durham,E06000047,2015-04,613,monthly,96168,156817,94094,78010,65909,2015-04-01
County Durham,http://landregistry.data.gov.uk/id/region/county-durham,E06000047,2015-05,687,monthly,97269,158611,95206,78887,66625,2015-05-01
County Durham,http://landregistry.data.gov.uk/id/region/county-durham,E06000047,2015-06,709,monthly,99842,162266,97738,81143,67950,2015-06-01
County Durham,http://landregistry.data.gov.uk/id/region/county-durham,E06000047,2015-07,669,monthly,99698,161714,97730,81033,67848,2015-07-01
County Durham,http://landregistry.data.gov.uk/id/region/county-durham,E06000047,2015-08,589,monthly,99579,161618,97614,80930,67534,2015-08-01
County Durham,http://landregistry.data.gov.uk/id/region/county-durham,E06000047,2015-09,668,monthly,99498,162165,97409,80745,67657,2015-09-01
County Durham,http://landregistry.data.gov.uk/id/region/county-durham,E06000047,2015-10,742,monthly,98604,161077,96530,79940,66903,2015-10-01
County Durham,http://landregistry.data.gov.uk/id/region/county-durham,E06000047,2015-11,688,monthly,98119,160465,96103,79478,66536,2015-11-01
County Durham,http://landregistry.data.gov.uk/id/region/county-durham,E06000047,2015-12,695,monthly,97867,159972,95917,79283,66107,2015-12-01
County Durham,http://landregistry.data.gov.uk/id/region/county-durham,E06000047,2016-01,498,monthly,98164,160336,96329,79488,66294,2016-01-01
County Durham,http://landregistry.data.gov.uk/id/region/county-durham,E06000047,2016-02,528,monthly,98114,160165,96342,79451,66079,2016-02-01
County Durham,http://landregistry.data.gov.uk/id/region/county-durham,E06000047,2016-03,912,monthly,98374,160653,96674,79571,66611,2016-03-01
County Durham,http://landregistry.data.gov.uk/id/region/county-durham,E06000047,2016-04,513,monthly,97886,159819,95905,79354,66220,2016-04-01
County Durham,http://landregistry.data.gov.uk/id/region/county-durham,E06000047,2016-05,604,monthly,97897,159456,95778,79510,66555,2016-05-01
County Durham,http://landregistry.data.gov.uk/id/region/county-durham,E06000047,2016-06,727,monthly,98179,159670,95813,79954,66566,2016-06-01
County Durham,http://landregistry.data.gov.uk/id/region/county-durham,E06000047,2016-07,680,monthly,100570,163495,98138,81917,68251,2016-07-01
County Durham,http://landregistry.data.gov.uk/id/region/county-durham,E06000047,2016-08,638,monthly,102001,166172,99519,83005,69174,2016-08-01
County Durham,http://landregistry.data.gov.uk/id/region/county-durham,E06000047,2016-09,657,monthly,102088,166538,99761,82924,69291,2016-09-01
County Durham,http://landregistry.data.gov.uk/id/region/county-durham,E06000047,2016-10,603,monthly,100409,164431,98257,81293,68472,2016-10-01
County Durham,http://landregistry.data.gov.uk/id/region/county-durham,E06000047,2016-11,688,monthly,99086,163106,97069,79945,67599,2016-11-01
County Durham,http://landregistry.data.gov.uk/id/region/county-durham,E06000047,2016-12,742,monthly,98937,163164,96930,79736,67596,2016-12-01
County Durham,http://landregistry.data.gov.uk/id/region/county-durham,E06000047,2017-01,560,monthly,98899,163411,96912,79628,67440,2017-01-01
County Durham,http://landregistry.data.gov.uk/id/region/county-durham,E06000047,2017-02,574,monthly,99299,163817,97150,80056,68145,2017-02-01
County Durham,http://landregistry.data.gov.uk/id/region/county-durham,E06000047,2017-03,820,monthly,97299,160722,95137,78403,66949,2017-03-01
County Durham,http://landregistry.data.gov.uk/id/region/county-durham,E06000047,2017-04,626,monthly,96810,159548,94522,78155,66860,2017-04-01
County Durham,http://landregistry.data.gov.uk/id/region/county-durham,E06000047,2017-05,640,monthly,97681,160536,95543,78871,67540,2017-05-01
County Durham,http://landregistry.data.gov.uk/id/region/county-durham,E06000047,2017-06,870,monthly,101438,166031,99158,82102,70276,2017-06-01
County Durham,http://landregistry.data.gov.uk/id/region/county-durham,E06000047,2017-07,613,monthly,104028,170057,101808,84184,72099,2017-07-01
County Durham,http://landregistry.data.gov.uk/id/region/county-durham,E06000047,2017-08,743,monthly,104891,171355,102506,85021,72465,2017-08-01
County Durham,http://landregistry.data.gov.uk/id/region/county-durham,E06000047,2017-09,720,monthly,104324,170827,102015,84445,71846,2017-09-01
County Durham,http://landregistry.data.gov.uk/id/region/county-durham,E06000047,2017-10,722,monthly,103429,169518,101259,83645,70950,2017-10-01
County Durham,http://landregistry.data.gov.uk/id/region/county-durham,E06000047,2017-11,731,monthly,103197,169384,101244,83282,70711,2017-11-01
County Durham,http://landregistry.data.gov.uk/id/region/county-durham,E06000047,2017-12,780,monthly,103135,168981,101308,83253,70569,2017-12-01
County Durham,http://landregistry.data.gov.uk/id/region/county-durham,E06000047,2018-01,490,monthly,101661,166759,99953,81961,69563,2018-01-01
County Durham,http://landregistry.data.gov.uk/id/region/county-durham,E06000047,2018-02,534,monthly,101006,166178,99246,81391,68701,2018-02-01
County Durham,http://landregistry.data.gov.uk/id/region/county-durham,E06000047,2018-03,683,monthly,98219,161955,96566,79055,66520,2018-03-01
County Durham,http://landregistry.data.gov.uk/id/region/county-durham,E06000047,2018-04,645,monthly,99696,164142,97904,80430,67090,2018-04-01
County Durham,http://landregistry.data.gov.uk/id/region/county-durham,E06000047,2018-05,687,monthly,100578,165135,98765,81301,67486,2018-05-01
County Durham,http://landregistry.data.gov.uk/id/region/county-durham,E06000047,2018-06,838,monthly,101120,165735,99378,81764,67950,2018-06-01
County Durham,http://landregistry.data.gov.uk/id/region/county-durham,E06000047,2018-07,702,monthly,103801,170261,102031,83881,69761,2018-07-01
County Durham,http://landregistry.data.gov.uk/id/region/county-durham,E06000047,2018-08,810,monthly,103402,169680,101695,83500,69516,2018-08-01
County Durham,http://landregistry.data.gov.uk/id/region/county-durham,E06000047,2018-09,620,monthly,105853,174029,104061,85435,70901,2018-09-01
County Durham,http://landregistry.data.gov.uk/id/region/county-durham,E06000047,2018-10,727,monthly,104990,172861,103263,84633,70319,2018-10-01
County Durham,http://landregistry.data.gov.uk/id/region/county-durham,E06000047,2018-11,819,monthly,104598,172349,102976,84222,69974,2018-11-01
County Durham,http://landregistry.data.gov.uk/id/region/county-durham,E06000047,2018-12,651,monthly,103406,170136,101821,83305,69393,2018-12-01
County Durham,http://landregistry.data.gov.uk/id/region/county-durham,E06000047,2019-01,504,monthly,99964,164649,98492,80442,67070,2019-01-01
County Durham,http://landregistry.data.gov.uk/id/region/county-durham,E06000047,2019-02,529,monthly,98044,161893,96593,78790,65704,2019-02-01
County Durham,http://landregistry.data.gov.uk/id/region/county-durham,E06000047,2019-03,715,monthly,97436,161190,96145,78152,64928,2019-03-01
County Durham,http://landregistry.data.gov.uk/id/region/county-durham,E06000047,2019-04,603,monthly,101082,166865,99745,81207,67066,2019-04-01
County Durham,http://landregistry.data.gov.uk/id/region/county-durham,E06000047,2019-05,704,monthly,103101,169577,101747,83019,68292,2019-05-01
County Durham,http://landregistry.data.gov.uk/id/region/county-durham,E06000047,2019-06,743,monthly,104221,171015,102770,84085,69146,2019-06-01
County Durham,http://landregistry.data.gov.uk/id/region/county-durham,E06000047,2019-07,737,monthly,102868,168728,101396,83030,68362,2019-07-01
County Durham,http://landregistry.data.gov.uk/id/region/county-durham,E06000047,2019-08,791,monthly,103895,170402,102299,83951,68831,2019-08-01
County Durham,http://landregistry.data.gov.uk/id/region/county-durham,E06000047,2019-09,678,monthly,104831,172053,103045,84791,69377,2019-09-01
County Durham,http://landregistry.data.gov.uk/id/region/county-durham,E06000047,2019-10,735,monthly,104576,171397,103034,84510,69143,2019-10-01
County Durham,http://landregistry.data.gov.uk/id/region/county-durham,E06000047,2019-11,813,monthly,103360,169475,102028,83377,68400,2019-11-01
County Durham,http://landregistry.data.gov.uk/id/region/county-durham,E06000047,2019-12,657,monthly,102625,168085,101524,82715,67730,2019-12-01
County Durham,http://landregistry.data.gov.uk/id/region/county-durham,E06000047,2020-01,591,monthly,101584,166787,100451,81799,66816,2020-01-01
County Durham,http://landregistry.data.gov.uk/id/region/county-durham,E06000047,2020-02,530,monthly,101170,166229,100071,81435,66372,2020-02-01
County Durham,http://landregistry.data.gov.uk/id/region/county-durham,E06000047,2020-03,539,monthly,100268,165142,99186,80596,65696,2020-03-01
County Durham,http://landregistry.data.gov.uk/id/region/county-durham,E06000047,2020-04,235,monthly,98698,162675,97545,79396,64234,2020-04-01
County Durham,http://landregistry.data.gov.uk/id/region/county-durham,E06000047,2020-05,359,monthly,99230,163895,98086,79701,64592,2020-05-01
County Durham,http://landregistry.data.gov.uk/id/region/county-durham,E06000047,2020-06,510,monthly,100145,165064,99056,80518,65036,2020-06-01
County Durham,http://landregistry.data.gov.uk/id/region/county-durham,E06000047,2020-07,555,monthly,102579,168756,101490,82526,66987,2020-07-01
County Durham,http://landregistry.data.gov.uk/id/region/county-durham,E06000047,2020-08,593,monthly,103130,169538,102062,83033,66925,2020-08-01
County Durham,http://landregistry.data.gov.uk/id/region/county-durham,E06000047,2020-09,549,monthly,104124,171783,102824,83811,67237,2020-09-01
County Durham,http://landregistry.data.gov.uk/id/region/county-durham,E06000047,2020-10,832,monthly,106219,175528,104743,85542,68181,2020-10-01
County Durham,http://landregistry.data.gov.uk/id/region/county-durham,E06000047,2020-11,689,monthly,108431,179153,106653,87502,69705,2020-11-01
County Durham,http://landregistry.data.gov.uk/id/region/county-durham,E06000047,2020-12,846,monthly,110070,181572,108166,88996,70663,2020-12-01
County Durham,http://landregistry.data.gov.uk/id/region/county-durham,E06000047,2021-01,678,monthly,112355,184130,110382,91196,72846,2021-01-01
County Durham,http://landregistry.data.gov.uk/id/region/county-durham,E06000047,2021-02,797,monthly,113536,184914,111506,92490,74223,2021-02-01
County Durham,http://landregistry.data.gov.uk/id/region/county-durham,E06000047,2021-03,948,monthly,114980,186145,112819,94002,76093,2021-03-01
County Durham,http://landregistry.data.gov.uk/id/region/county-durham,E06000047,2021-04,749,monthly,114586,185588,112283,93748,75770,2021-04-01
County Durham,http://landregistry.data.gov.uk/id/region/county-durham,E06000047,2021-05,710,monthly,115956,187934,113563,94878,76574,2021-05-01
County Durham,http://landregistry.data.gov.uk/id/region/county-durham,E06000047,2021-06,1158,monthly,120237,193890,117631,98765,79246,2021-06-01
County Durham,http://landregistry.data.gov.uk/id/region/county-durham,E06000047,2021-07,829,monthly,121449,195760,119046,99660,79901,2021-07-01
County Durham,http://landregistry.data.gov.uk/id/region/county-durham,E06000047,2021-08,865,monthly,121982,196735,119742,100003,79705,2021-08-01
County Durham,http://landregistry.data.gov.uk/id/region/county-durham,E06000047,2021-09,1137,monthly,122853,198499,120828,100502,79853,2021-09-01
County Durham,http://landregistry.data.gov.uk/id/region/county-durham,E06000047,2021-10,718,monthly,123973,201660,121731,101174,80144,2021-10-01
County Durham,http://landregistry.data.gov.uk/id/region/county-durham,E06000047,2021-11,760,monthly,123426,201394,121127,100592,79694,2021-11-01
County Durham,http://landregistry.data.gov.uk/id/region/county-durham,E06000047,2021-12,840,monthly,120538,197762,118135,98045,77384,2021-12-01
County Durham,http://landregistry.data.gov.uk/id/region/county-durham,E06000047,2022-01,625,monthly,119827,195704,117593,97658,76615,2022-01-01
County Durham,http://landregistry.data.gov.uk/id/region/county-durham,E06000047,2022-02,683,monthly,120949,197095,118802,98634,77411,2022-02-01
County Durham,http://landregistry.data.gov.uk/id/region/county-durham,E06000047,2022-03,755,monthly,121194,197762,119324,98603,77373,2022-03-01
County Durham,http://landregistry.data.gov.uk/id/region/county-durham,E06000047,2022-04,683,monthly,123130,200782,121056,100325,78559,2022-04-01
County Durham,http://landregistry.data.gov.uk/id/region/county-durham,E06000047,2022-05,709,monthly,123940,201814,121831,101115,78667,2022-05-01
County Durham,http://landregistry.data.gov.uk/id/region/county-durham,E06000047,2022-06,781,monthly,125563,203862,123316,102676,79784,2022-06-01
County Durham,http://landregistry.data.gov.uk/id/region/county-durham,E06000047,2022-07,749,monthly,128134,207479,125983,104894,81081,2022-07-01
County Durham,http://landregistry.data.gov.uk/id/region/county-durham,E06000047,2022-08,896,monthly,130430,211012,128173,106901,82144,2022-08-01
County Durham,http://landregistry.data.gov.uk/id/region/county-durham,E06000047,2022-09,796,monthly,131958,213463,129672,108209,82499,2022-09-01
County Durham,http://landregistry.data.gov.uk/id/region/county-durham,E06000047,2022-10,751,monthly,133486,216349,131255,109306,83267,2022-10-01
County Durham,http://landregistry.data.gov.uk/id/region/county-durham,E06000047,2022-11,795,monthly,133327,216378,131077,109108,83064,2022-11-01
County Durham,http://landregistry.data.gov.uk/id/region/county-durham,E06000047,2022-12,736,monthly,133316,216271,131178,109061,83074,2022-12-01
County Durham,http://landregistry.data.gov.uk/id/region/county-durham,E06000047,2023-01,500,monthly,132810,215809,130599,108569,82958,2023-01-01
County Durham,http://landregistry.data.gov.uk/id/region/county-durham,E06000047,2023-02,523,monthly,130439,212503,128445,106386,81503,2023-02-01
County Durham,http://landregistry.data.gov.uk/id/region/county-durham,E06000047,2023-03,625,monthly,127741,209344,126008,103734,79817,2023-03-01
County Durham,http://landregistry.data.gov.uk/id/region/county-durham,E06000047,2023-04,517,monthly,124665,204762,123040,101091,77963,2023-04-01
County Durham,http://landregistry.data.gov.uk/id/region/county-durham,E06000047,2023-05,450,monthly,124807,204729,123092,101274,78406,2023-05-01
County Durham,http://landregistry.data.gov.uk/id/region/county-durham,E06000047,2023-06,598,monthly,125509,205076,123429,102210,78935,2023-06-01
County Durham,http://landregistry.data.gov.uk/id/region/county-durham,E06000047,2023-07,584,monthly,126266,205645,124157,103025,79025,2023-07-01
County Durham,http://landregistry.data.gov.uk/id/region/county-durham,E06000047,2023-08,572,monthly,128218,208638,126029,104760,79578,2023-08-01
County Durham,http://landregistry.data.gov.uk/id/region/county-durham,E06000047,2023-09,535,monthly,128763,209582,126721,105161,79405,2023-09-01
County Durham,http://landregistry.data.gov.uk/id/region/county-durham,E06000047,2023-10,546,monthly,129535,210878,127526,105762,79851,2023-10-01
County Durham,http://landregistry.data.gov.uk/id/region/county-durham,E06000047,2023-11,501,monthly,129260,211019,127401,105311,79809,2023-11-01
County Durham,http://landregistry.data.gov.uk/id/region/county-durham,E06000047,2023-12,466,monthly,130030,212278,128290,105848,80432,2023-12-01
County Durham,http://landregistry.data.gov.uk/id/region/county-durham,E06000047,2024-01,318,monthly,128450,209986,126673,104558,79220,2024-01-01
County Durham,http://landregistry.data.gov.uk/id/region/county-durham,E06000047,2024-02,254,monthly,129863,212792,128249,105512,79699,2024-02-01
County Durham,http://landregistry.data.gov.uk/id/region/county-durham,E06000047,2024-03,,monthly,130097,214274,128543,105383,79953,2024-03-01
County Durham,http://landregistry.data.gov.uk/id/region/county-durham,E06000047,2024-04,,monthly,131817,217127,130429,106633,81223,2024-04-01
