"Name","URI","Region GSS code","Period","Sales volume","Reporting period","Average price All property types","Average price Detached houses","Average price Semi-detached houses","Average price Terraced houses","Average price Flats and maisonettes","Pivotable date"
Coventry,http://landregistry.data.gov.uk/id/region/coventry,E08000026,2004-01,495,monthly,105184,199091,122706,91417,77536,2004-01-01
Coventry,http://landregistry.data.gov.uk/id/region/coventry,E08000026,2004-02,459,monthly,106763,201355,124283,92901,78784,2004-02-01
Coventry,http://landregistry.data.gov.uk/id/region/coventry,E08000026,2004-03,521,monthly,107975,203878,125455,94061,79421,2004-03-01
Coventry,http://landregistry.data.gov.uk/id/region/coventry,E08000026,2004-04,574,monthly,109324,203679,126770,95544,80301,2004-04-01
Coventry,http://landregistry.data.gov.uk/id/region/coventry,E08000026,2004-05,569,monthly,111584,205144,128935,97798,82230,2004-05-01
Coventry,http://landregistry.data.gov.uk/id/region/coventry,E08000026,2004-06,641,monthly,115178,209836,132920,101029,85315,2004-06-01
Coventry,http://landregistry.data.gov.uk/id/region/coventry,E08000026,2004-07,666,monthly,118143,214656,136429,103660,87452,2004-07-01
Coventry,http://landregistry.data.gov.uk/id/region/coventry,E08000026,2004-08,501,monthly,120532,219418,139273,105757,88991,2004-08-01
Coventry,http://landregistry.data.gov.uk/id/region/coventry,E08000026,2004-09,472,monthly,121791,222248,140798,106908,89496,2004-09-01
Coventry,http://landregistry.data.gov.uk/id/region/coventry,E08000026,2004-10,493,monthly,123417,225334,142386,108328,91053,2004-10-01
Coventry,http://landregistry.data.gov.uk/id/region/coventry,E08000026,2004-11,353,monthly,122881,224012,141572,107859,91001,2004-11-01
Coventry,http://landregistry.data.gov.uk/id/region/coventry,E08000026,2004-12,435,monthly,122944,222777,141234,108023,91541,2004-12-01
Coventry,http://landregistry.data.gov.uk/id/region/coventry,E08000026,2005-01,254,monthly,120999,219288,138679,106369,90282,2005-01-01
Coventry,http://landregistry.data.gov.uk/id/region/coventry,E08000026,2005-02,335,monthly,122113,221192,140109,107335,91033,2005-02-01
Coventry,http://landregistry.data.gov.uk/id/region/coventry,E08000026,2005-03,412,monthly,122125,221667,140348,107358,90595,2005-03-01
Coventry,http://landregistry.data.gov.uk/id/region/coventry,E08000026,2005-04,473,monthly,123493,222908,142147,108693,91215,2005-04-01
Coventry,http://landregistry.data.gov.uk/id/region/coventry,E08000026,2005-05,421,monthly,124925,225082,143494,110065,92299,2005-05-01
Coventry,http://landregistry.data.gov.uk/id/region/coventry,E08000026,2005-06,510,monthly,124009,221548,142131,109452,91729,2005-06-01
Coventry,http://landregistry.data.gov.uk/id/region/coventry,E08000026,2005-07,506,monthly,124852,222905,143036,110213,92395,2005-07-01
Coventry,http://landregistry.data.gov.uk/id/region/coventry,E08000026,2005-08,518,monthly,125549,223981,143654,110937,92768,2005-08-01
Coventry,http://landregistry.data.gov.uk/id/region/coventry,E08000026,2005-09,488,monthly,127492,228283,145849,112672,93973,2005-09-01
Coventry,http://landregistry.data.gov.uk/id/region/coventry,E08000026,2005-10,480,monthly,128526,229995,146699,113671,94827,2005-10-01
Coventry,http://landregistry.data.gov.uk/id/region/coventry,E08000026,2005-11,461,monthly,128204,228908,146415,113435,94453,2005-11-01
Coventry,http://landregistry.data.gov.uk/id/region/coventry,E08000026,2005-12,565,monthly,129170,229251,147160,114303,95830,2005-12-01
Coventry,http://landregistry.data.gov.uk/id/region/coventry,E08000026,2006-01,457,monthly,128423,227754,146086,113754,95170,2006-01-01
Coventry,http://landregistry.data.gov.uk/id/region/coventry,E08000026,2006-02,427,monthly,127899,225876,145173,113327,95181,2006-02-01
Coventry,http://landregistry.data.gov.uk/id/region/coventry,E08000026,2006-03,579,monthly,128678,228041,146366,114097,94997,2006-03-01
Coventry,http://landregistry.data.gov.uk/id/region/coventry,E08000026,2006-04,451,monthly,129212,227787,147089,114619,95430,2006-04-01
Coventry,http://landregistry.data.gov.uk/id/region/coventry,E08000026,2006-05,552,monthly,132637,233726,151166,117677,97757,2006-05-01
Coventry,http://landregistry.data.gov.uk/id/region/coventry,E08000026,2006-06,699,monthly,132709,232589,151109,117828,97982,2006-06-01
Coventry,http://landregistry.data.gov.uk/id/region/coventry,E08000026,2006-07,536,monthly,135896,238264,154539,120793,100099,2006-07-01
Coventry,http://landregistry.data.gov.uk/id/region/coventry,E08000026,2006-08,617,monthly,135838,238392,154327,120996,99380,2006-08-01
Coventry,http://landregistry.data.gov.uk/id/region/coventry,E08000026,2006-09,650,monthly,137108,241638,155829,122072,100175,2006-09-01
Coventry,http://landregistry.data.gov.uk/id/region/coventry,E08000026,2006-10,577,monthly,135623,239384,154177,120720,99060,2006-10-01
Coventry,http://landregistry.data.gov.uk/id/region/coventry,E08000026,2006-11,539,monthly,135694,239404,154356,120747,99151,2006-11-01
Coventry,http://landregistry.data.gov.uk/id/region/coventry,E08000026,2006-12,721,monthly,136835,240035,155384,121927,100084,2006-12-01
Coventry,http://landregistry.data.gov.uk/id/region/coventry,E08000026,2007-01,389,monthly,137619,241523,156264,122660,100534,2007-01-01
Coventry,http://landregistry.data.gov.uk/id/region/coventry,E08000026,2007-02,440,monthly,137155,240539,155543,122101,100760,2007-02-01
Coventry,http://landregistry.data.gov.uk/id/region/coventry,E08000026,2007-03,627,monthly,136161,239315,154410,121309,99636,2007-03-01
Coventry,http://landregistry.data.gov.uk/id/region/coventry,E08000026,2007-04,468,monthly,136646,238934,154746,121909,99989,2007-04-01
Coventry,http://landregistry.data.gov.uk/id/region/coventry,E08000026,2007-05,580,monthly,138397,240914,156548,123704,101048,2007-05-01
Coventry,http://landregistry.data.gov.uk/id/region/coventry,E08000026,2007-06,746,monthly,140091,243347,158291,125224,102513,2007-06-01
Coventry,http://landregistry.data.gov.uk/id/region/coventry,E08000026,2007-07,580,monthly,141313,246389,159655,126254,103393,2007-07-01
Coventry,http://landregistry.data.gov.uk/id/region/coventry,E08000026,2007-08,699,monthly,141973,248649,160497,126974,103244,2007-08-01
Coventry,http://landregistry.data.gov.uk/id/region/coventry,E08000026,2007-09,568,monthly,141232,248481,159860,126288,102375,2007-09-01
Coventry,http://landregistry.data.gov.uk/id/region/coventry,E08000026,2007-10,494,monthly,140789,248179,159255,125862,102115,2007-10-01
Coventry,http://landregistry.data.gov.uk/id/region/coventry,E08000026,2007-11,519,monthly,140781,248798,159447,125690,102233,2007-11-01
Coventry,http://landregistry.data.gov.uk/id/region/coventry,E08000026,2007-12,438,monthly,141760,250159,160474,126482,103292,2007-12-01
Coventry,http://landregistry.data.gov.uk/id/region/coventry,E08000026,2008-01,324,monthly,141516,250160,160192,126164,103287,2008-01-01
Coventry,http://landregistry.data.gov.uk/id/region/coventry,E08000026,2008-02,344,monthly,139385,246606,157644,124191,101991,2008-02-01
Coventry,http://landregistry.data.gov.uk/id/region/coventry,E08000026,2008-03,309,monthly,136098,241636,154204,121362,98928,2008-03-01
Coventry,http://landregistry.data.gov.uk/id/region/coventry,E08000026,2008-04,374,monthly,135692,241356,153814,121178,98012,2008-04-01
Coventry,http://landregistry.data.gov.uk/id/region/coventry,E08000026,2008-05,347,monthly,136522,242252,154815,121984,98505,2008-05-01
Coventry,http://landregistry.data.gov.uk/id/region/coventry,E08000026,2008-06,356,monthly,137635,243652,155920,122993,99503,2008-06-01
Coventry,http://landregistry.data.gov.uk/id/region/coventry,E08000026,2008-07,270,monthly,136254,241041,154726,121657,98521,2008-07-01
Coventry,http://landregistry.data.gov.uk/id/region/coventry,E08000026,2008-08,268,monthly,131833,233783,149622,117735,95210,2008-08-01
Coventry,http://landregistry.data.gov.uk/id/region/coventry,E08000026,2008-09,206,monthly,128480,230251,145747,114592,92770,2008-09-01
Coventry,http://landregistry.data.gov.uk/id/region/coventry,E08000026,2008-10,238,monthly,126957,228336,143889,113165,91794,2008-10-01
Coventry,http://landregistry.data.gov.uk/id/region/coventry,E08000026,2008-11,216,monthly,124988,225398,141930,111299,90340,2008-11-01
Coventry,http://landregistry.data.gov.uk/id/region/coventry,E08000026,2008-12,210,monthly,120251,215545,136704,107199,86737,2008-12-01
Coventry,http://landregistry.data.gov.uk/id/region/coventry,E08000026,2009-01,149,monthly,115710,208055,131530,103031,83665,2009-01-01
Coventry,http://landregistry.data.gov.uk/id/region/coventry,E08000026,2009-02,163,monthly,113820,205042,129438,101210,82531,2009-02-01
Coventry,http://landregistry.data.gov.uk/id/region/coventry,E08000026,2009-03,171,monthly,116314,210045,132221,103229,84919,2009-03-01
Coventry,http://landregistry.data.gov.uk/id/region/coventry,E08000026,2009-04,188,monthly,117420,210771,133662,104289,85567,2009-04-01
Coventry,http://landregistry.data.gov.uk/id/region/coventry,E08000026,2009-05,223,monthly,119411,213396,135818,106232,86808,2009-05-01
Coventry,http://landregistry.data.gov.uk/id/region/coventry,E08000026,2009-06,219,monthly,119275,212671,135704,106285,86119,2009-06-01
Coventry,http://landregistry.data.gov.uk/id/region/coventry,E08000026,2009-07,284,monthly,120444,214814,137010,107465,86432,2009-07-01
Coventry,http://landregistry.data.gov.uk/id/region/coventry,E08000026,2009-08,250,monthly,123363,220602,140300,110214,87802,2009-08-01
Coventry,http://landregistry.data.gov.uk/id/region/coventry,E08000026,2009-09,259,monthly,124264,222713,141464,111031,88013,2009-09-01
Coventry,http://landregistry.data.gov.uk/id/region/coventry,E08000026,2009-10,303,monthly,125401,225302,143029,112012,88375,2009-10-01
Coventry,http://landregistry.data.gov.uk/id/region/coventry,E08000026,2009-11,271,monthly,124005,222906,141369,110874,87028,2009-11-01
Coventry,http://landregistry.data.gov.uk/id/region/coventry,E08000026,2009-12,303,monthly,125211,223491,142698,112162,87666,2009-12-01
Coventry,http://landregistry.data.gov.uk/id/region/coventry,E08000026,2010-01,191,monthly,126098,225881,143798,113060,87503,2010-01-01
Coventry,http://landregistry.data.gov.uk/id/region/coventry,E08000026,2010-02,196,monthly,125362,225243,143485,112241,86567,2010-02-01
Coventry,http://landregistry.data.gov.uk/id/region/coventry,E08000026,2010-03,241,monthly,125901,228619,144317,112452,86789,2010-03-01
Coventry,http://landregistry.data.gov.uk/id/region/coventry,E08000026,2010-04,277,monthly,126938,229796,145569,113308,87861,2010-04-01
Coventry,http://landregistry.data.gov.uk/id/region/coventry,E08000026,2010-05,229,monthly,127561,230693,146179,113858,88522,2010-05-01
Coventry,http://landregistry.data.gov.uk/id/region/coventry,E08000026,2010-06,270,monthly,127432,229818,146080,113945,87879,2010-06-01
Coventry,http://landregistry.data.gov.uk/id/region/coventry,E08000026,2010-07,347,monthly,126485,229102,145017,113138,86773,2010-07-01
Coventry,http://landregistry.data.gov.uk/id/region/coventry,E08000026,2010-08,289,monthly,127259,231186,146231,113787,86808,2010-08-01
Coventry,http://landregistry.data.gov.uk/id/region/coventry,E08000026,2010-09,253,monthly,127768,233582,146897,114111,87047,2010-09-01
Coventry,http://landregistry.data.gov.uk/id/region/coventry,E08000026,2010-10,261,monthly,128223,234765,147506,114431,87421,2010-10-01
Coventry,http://landregistry.data.gov.uk/id/region/coventry,E08000026,2010-11,287,monthly,127696,234585,146835,113865,87243,2010-11-01
Coventry,http://landregistry.data.gov.uk/id/region/coventry,E08000026,2010-12,274,monthly,126331,231671,145472,112557,86445,2010-12-01
Coventry,http://landregistry.data.gov.uk/id/region/coventry,E08000026,2011-01,186,monthly,124118,228416,142925,110463,85111,2011-01-01
Coventry,http://landregistry.data.gov.uk/id/region/coventry,E08000026,2011-02,200,monthly,123931,228782,142540,110268,85099,2011-02-01
Coventry,http://landregistry.data.gov.uk/id/region/coventry,E08000026,2011-03,206,monthly,122803,228565,141193,109131,84286,2011-03-01
Coventry,http://landregistry.data.gov.uk/id/region/coventry,E08000026,2011-04,248,monthly,123066,229058,141429,109401,84436,2011-04-01
Coventry,http://landregistry.data.gov.uk/id/region/coventry,E08000026,2011-05,227,monthly,123601,229172,142130,109859,85025,2011-05-01
Coventry,http://landregistry.data.gov.uk/id/region/coventry,E08000026,2011-06,262,monthly,124058,228007,142772,110367,85484,2011-06-01
Coventry,http://landregistry.data.gov.uk/id/region/coventry,E08000026,2011-07,339,monthly,124259,227488,142963,110604,85774,2011-07-01
Coventry,http://landregistry.data.gov.uk/id/region/coventry,E08000026,2011-08,315,monthly,124283,227737,143245,110711,85084,2011-08-01
Coventry,http://landregistry.data.gov.uk/id/region/coventry,E08000026,2011-09,345,monthly,124730,229472,143706,111160,84997,2011-09-01
Coventry,http://landregistry.data.gov.uk/id/region/coventry,E08000026,2011-10,278,monthly,123598,228252,142795,110019,83842,2011-10-01
Coventry,http://landregistry.data.gov.uk/id/region/coventry,E08000026,2011-11,295,monthly,123615,228493,142796,109870,84361,2011-11-01
Coventry,http://landregistry.data.gov.uk/id/region/coventry,E08000026,2011-12,344,monthly,122419,225858,141643,108683,83769,2011-12-01
Coventry,http://landregistry.data.gov.uk/id/region/coventry,E08000026,2012-01,212,monthly,122298,224860,141557,108627,83691,2012-01-01
Coventry,http://landregistry.data.gov.uk/id/region/coventry,E08000026,2012-02,262,monthly,121996,223880,141133,108578,82998,2012-02-01
Coventry,http://landregistry.data.gov.uk/id/region/coventry,E08000026,2012-03,310,monthly,122425,223637,141475,109116,83322,2012-03-01
Coventry,http://landregistry.data.gov.uk/id/region/coventry,E08000026,2012-04,215,monthly,123591,225699,142623,110175,84349,2012-04-01
Coventry,http://landregistry.data.gov.uk/id/region/coventry,E08000026,2012-05,238,monthly,123263,224669,142180,109889,84333,2012-05-01
Coventry,http://landregistry.data.gov.uk/id/region/coventry,E08000026,2012-06,302,monthly,123942,225655,142707,110726,84474,2012-06-01
Coventry,http://landregistry.data.gov.uk/id/region/coventry,E08000026,2012-07,293,monthly,124930,226778,143647,111868,84793,2012-07-01
Coventry,http://landregistry.data.gov.uk/id/region/coventry,E08000026,2012-08,306,monthly,125894,228090,144688,112976,84895,2012-08-01
Coventry,http://landregistry.data.gov.uk/id/region/coventry,E08000026,2012-09,262,monthly,126809,230644,145738,113737,85411,2012-09-01
Coventry,http://landregistry.data.gov.uk/id/region/coventry,E08000026,2012-10,262,monthly,126545,230546,145655,113325,85380,2012-10-01
Coventry,http://landregistry.data.gov.uk/id/region/coventry,E08000026,2012-11,336,monthly,125345,228978,144322,112101,84782,2012-11-01
Coventry,http://landregistry.data.gov.uk/id/region/coventry,E08000026,2012-12,252,monthly,125619,229963,144883,112223,84872,2012-12-01
Coventry,http://landregistry.data.gov.uk/id/region/coventry,E08000026,2013-01,197,monthly,125067,229198,144589,111685,84103,2013-01-01
Coventry,http://landregistry.data.gov.uk/id/region/coventry,E08000026,2013-02,264,monthly,125570,230208,145302,112116,84285,2013-02-01
Coventry,http://landregistry.data.gov.uk/id/region/coventry,E08000026,2013-03,255,monthly,125444,230555,145295,111874,84190,2013-03-01
Coventry,http://landregistry.data.gov.uk/id/region/coventry,E08000026,2013-04,257,monthly,128729,236780,148857,114870,86426,2013-04-01
Coventry,http://landregistry.data.gov.uk/id/region/coventry,E08000026,2013-05,296,monthly,129141,237224,149398,115207,86833,2013-05-01
Coventry,http://landregistry.data.gov.uk/id/region/coventry,E08000026,2013-06,371,monthly,129856,237151,150187,116053,87255,2013-06-01
Coventry,http://landregistry.data.gov.uk/id/region/coventry,E08000026,2013-07,335,monthly,128902,234610,148868,115376,86658,2013-07-01
Coventry,http://landregistry.data.gov.uk/id/region/coventry,E08000026,2013-08,405,monthly,131306,238838,151632,117626,88043,2013-08-01
Coventry,http://landregistry.data.gov.uk/id/region/coventry,E08000026,2013-09,313,monthly,133230,243675,153876,119214,89211,2013-09-01
Coventry,http://landregistry.data.gov.uk/id/region/coventry,E08000026,2013-10,368,monthly,133817,246122,154900,119498,89380,2013-10-01
Coventry,http://landregistry.data.gov.uk/id/region/coventry,E08000026,2013-11,386,monthly,133806,246789,155054,119348,89331,2013-11-01
Coventry,http://landregistry.data.gov.uk/id/region/coventry,E08000026,2013-12,432,monthly,132553,243577,153804,118202,88672,2013-12-01
Coventry,http://landregistry.data.gov.uk/id/region/coventry,E08000026,2014-01,336,monthly,132386,242878,153553,118054,88776,2014-01-01
Coventry,http://landregistry.data.gov.uk/id/region/coventry,E08000026,2014-02,354,monthly,131224,241114,152216,116989,87965,2014-02-01
Coventry,http://landregistry.data.gov.uk/id/region/coventry,E08000026,2014-03,368,monthly,132851,244322,154163,118393,89024,2014-03-01
Coventry,http://landregistry.data.gov.uk/id/region/coventry,E08000026,2014-04,354,monthly,133895,245842,155361,119416,89597,2014-04-01
Coventry,http://landregistry.data.gov.uk/id/region/coventry,E08000026,2014-05,425,monthly,135840,248480,157529,121251,91009,2014-05-01
Coventry,http://landregistry.data.gov.uk/id/region/coventry,E08000026,2014-06,440,monthly,136319,249081,158036,121807,91102,2014-06-01
Coventry,http://landregistry.data.gov.uk/id/region/coventry,E08000026,2014-07,453,monthly,137769,251439,159705,123169,91987,2014-07-01
Coventry,http://landregistry.data.gov.uk/id/region/coventry,E08000026,2014-08,424,monthly,139398,254497,161629,124722,92728,2014-08-01
Coventry,http://landregistry.data.gov.uk/id/region/coventry,E08000026,2014-09,412,monthly,141176,257711,163534,126349,93990,2014-09-01
Coventry,http://landregistry.data.gov.uk/id/region/coventry,E08000026,2014-10,457,monthly,141628,259006,164218,126621,94345,2014-10-01
Coventry,http://landregistry.data.gov.uk/id/region/coventry,E08000026,2014-11,359,monthly,142114,260380,164900,126910,94805,2014-11-01
Coventry,http://landregistry.data.gov.uk/id/region/coventry,E08000026,2014-12,428,monthly,143048,262875,166115,127554,95578,2014-12-01
Coventry,http://landregistry.data.gov.uk/id/region/coventry,E08000026,2015-01,293,monthly,142521,262240,165641,126970,95300,2015-01-01
Coventry,http://landregistry.data.gov.uk/id/region/coventry,E08000026,2015-02,318,monthly,141664,260971,164627,126005,95260,2015-02-01
Coventry,http://landregistry.data.gov.uk/id/region/coventry,E08000026,2015-03,435,monthly,140801,260145,163955,125022,94715,2015-03-01
Coventry,http://landregistry.data.gov.uk/id/region/coventry,E08000026,2015-04,308,monthly,142125,262806,165358,126288,95410,2015-04-01
Coventry,http://landregistry.data.gov.uk/id/region/coventry,E08000026,2015-05,445,monthly,144747,267106,168540,128707,96918,2015-05-01
Coventry,http://landregistry.data.gov.uk/id/region/coventry,E08000026,2015-06,417,monthly,145625,267630,169382,129847,96967,2015-06-01
Coventry,http://landregistry.data.gov.uk/id/region/coventry,E08000026,2015-07,467,monthly,146883,269146,170987,130995,97823,2015-07-01
Coventry,http://landregistry.data.gov.uk/id/region/coventry,E08000026,2015-08,453,monthly,148233,271756,172459,132324,98400,2015-08-01
Coventry,http://landregistry.data.gov.uk/id/region/coventry,E08000026,2015-09,446,monthly,149614,275636,173992,133395,99454,2015-09-01
Coventry,http://landregistry.data.gov.uk/id/region/coventry,E08000026,2015-10,486,monthly,151806,280561,176537,135353,100605,2015-10-01
Coventry,http://landregistry.data.gov.uk/id/region/coventry,E08000026,2015-11,412,monthly,152046,281566,176996,135476,100642,2015-11-01
Coventry,http://landregistry.data.gov.uk/id/region/coventry,E08000026,2015-12,511,monthly,153416,284193,178886,136642,101338,2015-12-01
Coventry,http://landregistry.data.gov.uk/id/region/coventry,E08000026,2016-01,321,monthly,151452,280231,176928,134755,100190,2016-01-01
Coventry,http://landregistry.data.gov.uk/id/region/coventry,E08000026,2016-02,407,monthly,151551,280389,177176,134788,100282,2016-02-01
Coventry,http://landregistry.data.gov.uk/id/region/coventry,E08000026,2016-03,735,monthly,151916,280523,177393,135076,101070,2016-03-01
Coventry,http://landregistry.data.gov.uk/id/region/coventry,E08000026,2016-04,288,monthly,155229,286780,181113,138170,102938,2016-04-01
Coventry,http://landregistry.data.gov.uk/id/region/coventry,E08000026,2016-05,316,monthly,158431,292063,184526,141128,105322,2016-05-01
Coventry,http://landregistry.data.gov.uk/id/region/coventry,E08000026,2016-06,384,monthly,162110,298921,188863,144485,107427,2016-06-01
Coventry,http://landregistry.data.gov.uk/id/region/coventry,E08000026,2016-07,517,monthly,163888,301902,190749,146093,108855,2016-07-01
Coventry,http://landregistry.data.gov.uk/id/region/coventry,E08000026,2016-08,429,monthly,164167,302713,191044,146353,108935,2016-08-01
Coventry,http://landregistry.data.gov.uk/id/region/coventry,E08000026,2016-09,476,monthly,163743,302032,190713,145912,108628,2016-09-01
Coventry,http://landregistry.data.gov.uk/id/region/coventry,E08000026,2016-10,388,monthly,163534,303175,190816,145331,108802,2016-10-01
Coventry,http://landregistry.data.gov.uk/id/region/coventry,E08000026,2016-11,396,monthly,163623,305454,191328,145009,108923,2016-11-01
Coventry,http://landregistry.data.gov.uk/id/region/coventry,E08000026,2016-12,453,monthly,163611,306341,191253,144831,109204,2016-12-01
Coventry,http://landregistry.data.gov.uk/id/region/coventry,E08000026,2017-01,326,monthly,164847,309198,192523,145969,109922,2017-01-01
Coventry,http://landregistry.data.gov.uk/id/region/coventry,E08000026,2017-02,361,monthly,164288,307355,191509,145533,110031,2017-02-01
Coventry,http://landregistry.data.gov.uk/id/region/coventry,E08000026,2017-03,458,monthly,164711,308634,192120,145730,110557,2017-03-01
Coventry,http://landregistry.data.gov.uk/id/region/coventry,E08000026,2017-04,322,monthly,164541,307677,191757,145562,110881,2017-04-01
Coventry,http://landregistry.data.gov.uk/id/region/coventry,E08000026,2017-05,393,monthly,169151,315463,197462,149536,114189,2017-05-01
Coventry,http://landregistry.data.gov.uk/id/region/coventry,E08000026,2017-06,418,monthly,172858,320514,201582,153029,116862,2017-06-01
Coventry,http://landregistry.data.gov.uk/id/region/coventry,E08000026,2017-07,408,monthly,175375,324162,204634,155297,118625,2017-07-01
Coventry,http://landregistry.data.gov.uk/id/region/coventry,E08000026,2017-08,436,monthly,175904,324818,204971,156013,118657,2017-08-01
Coventry,http://landregistry.data.gov.uk/id/region/coventry,E08000026,2017-09,413,monthly,177599,329116,207047,157444,119533,2017-09-01
Coventry,http://landregistry.data.gov.uk/id/region/coventry,E08000026,2017-10,406,monthly,178150,331533,208122,157766,119475,2017-10-01
Coventry,http://landregistry.data.gov.uk/id/region/coventry,E08000026,2017-11,420,monthly,179445,334665,210082,158771,120024,2017-11-01
Coventry,http://landregistry.data.gov.uk/id/region/coventry,E08000026,2017-12,410,monthly,178596,332605,209316,158068,119203,2017-12-01
Coventry,http://landregistry.data.gov.uk/id/region/coventry,E08000026,2018-01,326,monthly,181652,338252,212962,160762,121211,2018-01-01
Coventry,http://landregistry.data.gov.uk/id/region/coventry,E08000026,2018-02,316,monthly,181195,338476,212441,160309,120735,2018-02-01
Coventry,http://landregistry.data.gov.uk/id/region/coventry,E08000026,2018-03,358,monthly,182377,341437,213909,161384,121157,2018-03-01
Coventry,http://landregistry.data.gov.uk/id/region/coventry,E08000026,2018-04,338,monthly,181316,339202,212642,160755,119688,2018-04-01
Coventry,http://landregistry.data.gov.uk/id/region/coventry,E08000026,2018-05,376,monthly,181258,338482,212711,160900,119115,2018-05-01
Coventry,http://landregistry.data.gov.uk/id/region/coventry,E08000026,2018-06,420,monthly,183715,342761,215898,163004,120672,2018-06-01
Coventry,http://landregistry.data.gov.uk/id/region/coventry,E08000026,2018-07,367,monthly,184088,343971,216307,163265,121005,2018-07-01
Coventry,http://landregistry.data.gov.uk/id/region/coventry,E08000026,2018-08,415,monthly,186976,349300,219592,165903,122833,2018-08-01
Coventry,http://landregistry.data.gov.uk/id/region/coventry,E08000026,2018-09,359,monthly,186436,348952,218907,165477,122203,2018-09-01
Coventry,http://landregistry.data.gov.uk/id/region/coventry,E08000026,2018-10,408,monthly,188103,352335,220986,166875,123303,2018-10-01
Coventry,http://landregistry.data.gov.uk/id/region/coventry,E08000026,2018-11,443,monthly,188653,354495,221912,167290,123222,2018-11-01
Coventry,http://landregistry.data.gov.uk/id/region/coventry,E08000026,2018-12,386,monthly,187513,352052,220708,166187,122656,2018-12-01
Coventry,http://landregistry.data.gov.uk/id/region/coventry,E08000026,2019-01,264,monthly,187345,352589,220805,165927,122271,2019-01-01
Coventry,http://landregistry.data.gov.uk/id/region/coventry,E08000026,2019-02,340,monthly,186280,351139,219693,164671,122109,2019-02-01
Coventry,http://landregistry.data.gov.uk/id/region/coventry,E08000026,2019-03,330,monthly,185663,350819,219331,164154,120981,2019-03-01
Coventry,http://landregistry.data.gov.uk/id/region/coventry,E08000026,2019-04,341,monthly,186586,351551,220238,165163,121557,2019-04-01
Coventry,http://landregistry.data.gov.uk/id/region/coventry,E08000026,2019-05,299,monthly,186921,350933,220628,165903,120958,2019-05-01
Coventry,http://landregistry.data.gov.uk/id/region/coventry,E08000026,2019-06,346,monthly,187649,351322,221209,166653,121740,2019-06-01
Coventry,http://landregistry.data.gov.uk/id/region/coventry,E08000026,2019-07,387,monthly,187031,349745,220292,166145,121559,2019-07-01
Coventry,http://landregistry.data.gov.uk/id/region/coventry,E08000026,2019-08,421,monthly,188804,353078,222216,167782,122728,2019-08-01
Coventry,http://landregistry.data.gov.uk/id/region/coventry,E08000026,2019-09,362,monthly,189962,355260,223161,168960,123542,2019-09-01
Coventry,http://landregistry.data.gov.uk/id/region/coventry,E08000026,2019-10,416,monthly,189118,353815,222931,168131,122321,2019-10-01
Coventry,http://landregistry.data.gov.uk/id/region/coventry,E08000026,2019-11,392,monthly,187087,350451,221024,166264,120516,2019-11-01
Coventry,http://landregistry.data.gov.uk/id/region/coventry,E08000026,2019-12,374,monthly,186422,349717,220731,165786,119098,2019-12-01
Coventry,http://landregistry.data.gov.uk/id/region/coventry,E08000026,2020-01,329,monthly,188569,354289,223279,167774,120103,2020-01-01
Coventry,http://landregistry.data.gov.uk/id/region/coventry,E08000026,2020-02,326,monthly,187436,352584,221771,166834,119267,2020-02-01
Coventry,http://landregistry.data.gov.uk/id/region/coventry,E08000026,2020-03,293,monthly,188823,355452,223553,167962,120231,2020-03-01
Coventry,http://landregistry.data.gov.uk/id/region/coventry,E08000026,2020-04,113,monthly,186701,352587,221039,166282,117950,2020-04-01
Coventry,http://landregistry.data.gov.uk/id/region/coventry,E08000026,2020-05,149,monthly,188338,355955,223459,167482,119027,2020-05-01
Coventry,http://landregistry.data.gov.uk/id/region/coventry,E08000026,2020-06,245,monthly,189565,357645,224886,168824,119328,2020-06-01
Coventry,http://landregistry.data.gov.uk/id/region/coventry,E08000026,2020-07,234,monthly,189636,356227,224721,168913,120088,2020-07-01
Coventry,http://landregistry.data.gov.uk/id/region/coventry,E08000026,2020-08,274,monthly,190678,358080,225867,170098,120169,2020-08-01
Coventry,http://landregistry.data.gov.uk/id/region/coventry,E08000026,2020-09,308,monthly,190486,358586,225670,169931,119730,2020-09-01
Coventry,http://landregistry.data.gov.uk/id/region/coventry,E08000026,2020-10,386,monthly,192891,364130,228381,172307,120458,2020-10-01
Coventry,http://landregistry.data.gov.uk/id/region/coventry,E08000026,2020-11,342,monthly,194475,366981,229577,174058,121385,2020-11-01
Coventry,http://landregistry.data.gov.uk/id/region/coventry,E08000026,2020-12,394,monthly,194976,367651,229720,174809,121497,2020-12-01
Coventry,http://landregistry.data.gov.uk/id/region/coventry,E08000026,2021-01,308,monthly,196419,367495,230857,176206,123713,2021-01-01
Coventry,http://landregistry.data.gov.uk/id/region/coventry,E08000026,2021-02,427,monthly,197863,367078,231851,177618,126134,2021-02-01
Coventry,http://landregistry.data.gov.uk/id/region/coventry,E08000026,2021-03,563,monthly,200467,368551,234107,179991,129718,2021-03-01
Coventry,http://landregistry.data.gov.uk/id/region/coventry,E08000026,2021-04,356,monthly,200942,369551,234133,180430,130583,2021-04-01
Coventry,http://landregistry.data.gov.uk/id/region/coventry,E08000026,2021-05,328,monthly,201776,371773,235052,181172,130989,2021-05-01
Coventry,http://landregistry.data.gov.uk/id/region/coventry,E08000026,2021-06,658,monthly,204260,375044,237236,183922,132390,2021-06-01
Coventry,http://landregistry.data.gov.uk/id/region/coventry,E08000026,2021-07,338,monthly,205264,378034,239057,184540,132715,2021-07-01
Coventry,http://landregistry.data.gov.uk/id/region/coventry,E08000026,2021-08,375,monthly,205486,379639,240050,184562,132113,2021-08-01
Coventry,http://landregistry.data.gov.uk/id/region/coventry,E08000026,2021-09,653,monthly,206062,382326,241499,184694,132125,2021-09-01
Coventry,http://landregistry.data.gov.uk/id/region/coventry,E08000026,2021-10,265,monthly,207894,388157,243890,186272,132431,2021-10-01
Coventry,http://landregistry.data.gov.uk/id/region/coventry,E08000026,2021-11,392,monthly,208966,391081,245273,187133,132960,2021-11-01
Coventry,http://landregistry.data.gov.uk/id/region/coventry,E08000026,2021-12,395,monthly,208584,392653,245359,186607,131882,2021-12-01
Coventry,http://landregistry.data.gov.uk/id/region/coventry,E08000026,2022-01,307,monthly,210486,394364,247776,188569,132713,2022-01-01
Coventry,http://landregistry.data.gov.uk/id/region/coventry,E08000026,2022-02,376,monthly,213896,400053,251708,191688,135144,2022-02-01
Coventry,http://landregistry.data.gov.uk/id/region/coventry,E08000026,2022-03,395,monthly,215412,403373,253951,192902,135844,2022-03-01
Coventry,http://landregistry.data.gov.uk/id/region/coventry,E08000026,2022-04,331,monthly,216182,404442,254374,193876,136232,2022-04-01
Coventry,http://landregistry.data.gov.uk/id/region/coventry,E08000026,2022-05,366,monthly,216680,404799,255066,194554,135814,2022-05-01
Coventry,http://landregistry.data.gov.uk/id/region/coventry,E08000026,2022-06,363,monthly,218091,405686,256246,196310,136479,2022-06-01
Coventry,http://landregistry.data.gov.uk/id/region/coventry,E08000026,2022-07,404,monthly,222264,412179,261393,200235,138676,2022-07-01
Coventry,http://landregistry.data.gov.uk/id/region/coventry,E08000026,2022-08,346,monthly,226189,418773,265891,204126,140366,2022-08-01
Coventry,http://landregistry.data.gov.uk/id/region/coventry,E08000026,2022-09,375,monthly,230070,426501,270835,207549,142234,2022-09-01
Coventry,http://landregistry.data.gov.uk/id/region/coventry,E08000026,2022-10,389,monthly,230947,429203,271995,208287,142308,2022-10-01
Coventry,http://landregistry.data.gov.uk/id/region/coventry,E08000026,2022-11,366,monthly,230979,430115,272184,208177,142218,2022-11-01
Coventry,http://landregistry.data.gov.uk/id/region/coventry,E08000026,2022-12,322,monthly,230116,428063,271320,207455,141450,2022-12-01
Coventry,http://landregistry.data.gov.uk/id/region/coventry,E08000026,2023-01,225,monthly,227079,422862,267978,204471,139886,2023-01-01
Coventry,http://landregistry.data.gov.uk/id/region/coventry,E08000026,2023-02,242,monthly,226211,422527,267240,203321,139700,2023-02-01
Coventry,http://landregistry.data.gov.uk/id/region/coventry,E08000026,2023-03,302,monthly,221661,416869,262501,198551,137215,2023-03-01
Coventry,http://landregistry.data.gov.uk/id/region/coventry,E08000026,2023-04,165,monthly,218889,412659,259518,195805,135617,2023-04-01
Coventry,http://landregistry.data.gov.uk/id/region/coventry,E08000026,2023-05,217,monthly,215611,405567,255505,192934,133815,2023-05-01
Coventry,http://landregistry.data.gov.uk/id/region/coventry,E08000026,2023-06,222,monthly,216276,405037,255628,193946,134304,2023-06-01
Coventry,http://landregistry.data.gov.uk/id/region/coventry,E08000026,2023-07,229,monthly,221663,413671,261970,199106,137183,2023-07-01
Coventry,http://landregistry.data.gov.uk/id/region/coventry,E08000026,2023-08,265,monthly,224046,418015,264933,201455,137957,2023-08-01
Coventry,http://landregistry.data.gov.uk/id/region/coventry,E08000026,2023-09,221,monthly,225276,420695,266609,202736,137888,2023-09-01
Coventry,http://landregistry.data.gov.uk/id/region/coventry,E08000026,2023-10,249,monthly,223387,417026,264458,200986,136820,2023-10-01
Coventry,http://landregistry.data.gov.uk/id/region/coventry,E08000026,2023-11,228,monthly,221624,415293,262964,198990,135786,2023-11-01
Coventry,http://landregistry.data.gov.uk/id/region/coventry,E08000026,2023-12,207,monthly,221579,415118,263419,198642,136079,2023-12-01
Coventry,http://landregistry.data.gov.uk/id/region/coventry,E08000026,2024-01,128,monthly,222726,417890,264684,199829,136281,2024-01-01
Coventry,http://landregistry.data.gov.uk/id/region/coventry,E08000026,2024-02,84,monthly,221755,417203,264035,198698,135510,2024-02-01
Coventry,http://landregistry.data.gov.uk/id/region/coventry,E08000026,2024-03,,monthly,220550,416907,263215,197121,134925,2024-03-01
Coventry,http://landregistry.data.gov.uk/id/region/coventry,E08000026,2024-04,,monthly,222221,420222,265995,198237,136044,2024-04-01
