"Name","URI","Region GSS code","Period","Sales volume","Reporting period","Average price All property types","Average price Detached houses","Average price Semi-detached houses","Average price Terraced houses","Average price Flats and maisonettes","Pivotable date"
Croydon,http://landregistry.data.gov.uk/id/region/croydon,E09000008,2004-01,556,monthly,190401,385014,241617,172477,154960,2004-01-01
Croydon,http://landregistry.data.gov.uk/id/region/croydon,E09000008,2004-02,575,monthly,190354,383836,241317,172706,154870,2004-02-01
Croydon,http://landregistry.data.gov.uk/id/region/croydon,E09000008,2004-03,647,monthly,192275,387792,243249,174524,156493,2004-03-01
Croydon,http://landregistry.data.gov.uk/id/region/croydon,E09000008,2004-04,692,monthly,194279,387327,245268,176898,158233,2004-04-01
Croydon,http://landregistry.data.gov.uk/id/region/croydon,E09000008,2004-05,611,monthly,196513,387155,247243,179296,160464,2004-05-01
Croydon,http://landregistry.data.gov.uk/id/region/croydon,E09000008,2004-06,696,monthly,199033,388729,250153,181777,162781,2004-06-01
Croydon,http://landregistry.data.gov.uk/id/region/croydon,E09000008,2004-07,788,monthly,200128,390761,252094,183007,163294,2004-07-01
Croydon,http://landregistry.data.gov.uk/id/region/croydon,E09000008,2004-08,674,monthly,201797,395642,254366,184617,164367,2004-08-01
Croydon,http://landregistry.data.gov.uk/id/region/croydon,E09000008,2004-09,657,monthly,202307,399361,255862,185327,164009,2004-09-01
Croydon,http://landregistry.data.gov.uk/id/region/croydon,E09000008,2004-10,640,monthly,204325,402502,257408,187130,166104,2004-10-01
Croydon,http://landregistry.data.gov.uk/id/region/croydon,E09000008,2004-11,548,monthly,205519,404000,258592,188304,167196,2004-11-01
Croydon,http://landregistry.data.gov.uk/id/region/croydon,E09000008,2004-12,502,monthly,206133,401947,258266,189116,168168,2004-12-01
Croydon,http://landregistry.data.gov.uk/id/region/croydon,E09000008,2005-01,373,monthly,206825,403208,258636,189815,168854,2005-01-01
Croydon,http://landregistry.data.gov.uk/id/region/croydon,E09000008,2005-02,343,monthly,204754,398943,256455,187995,166973,2005-02-01
Croydon,http://landregistry.data.gov.uk/id/region/croydon,E09000008,2005-03,438,monthly,204802,399743,257004,188276,166545,2005-03-01
Croydon,http://landregistry.data.gov.uk/id/region/croydon,E09000008,2005-04,465,monthly,202976,394690,255472,187195,164383,2005-04-01
Croydon,http://landregistry.data.gov.uk/id/region/croydon,E09000008,2005-05,513,monthly,204439,396696,256738,188789,165615,2005-05-01
Croydon,http://landregistry.data.gov.uk/id/region/croydon,E09000008,2005-06,537,monthly,203802,393179,255495,188524,165168,2005-06-01
Croydon,http://landregistry.data.gov.uk/id/region/croydon,E09000008,2005-07,597,monthly,204598,395705,256641,189211,165715,2005-07-01
Croydon,http://landregistry.data.gov.uk/id/region/croydon,E09000008,2005-08,604,monthly,203256,393795,254956,188314,164245,2005-08-01
Croydon,http://landregistry.data.gov.uk/id/region/croydon,E09000008,2005-09,642,monthly,203882,397384,256215,189081,164190,2005-09-01
Croydon,http://landregistry.data.gov.uk/id/region/croydon,E09000008,2005-10,571,monthly,204015,397073,255837,189320,164428,2005-10-01
Croydon,http://landregistry.data.gov.uk/id/region/croydon,E09000008,2005-11,617,monthly,204773,397969,257118,190209,164810,2005-11-01
Croydon,http://landregistry.data.gov.uk/id/region/croydon,E09000008,2005-12,547,monthly,204766,395106,256186,190104,165483,2005-12-01
Croydon,http://landregistry.data.gov.uk/id/region/croydon,E09000008,2006-01,467,monthly,204536,395053,255800,190033,165164,2006-01-01
Croydon,http://landregistry.data.gov.uk/id/region/croydon,E09000008,2006-02,556,monthly,207312,399175,258792,192497,167812,2006-02-01
Croydon,http://landregistry.data.gov.uk/id/region/croydon,E09000008,2006-03,663,monthly,208650,403786,261296,194157,168053,2006-03-01
Croydon,http://landregistry.data.gov.uk/id/region/croydon,E09000008,2006-04,496,monthly,209106,402757,261867,194811,168420,2006-04-01
Croydon,http://landregistry.data.gov.uk/id/region/croydon,E09000008,2006-05,598,monthly,208380,401588,261130,194240,167654,2006-05-01
Croydon,http://landregistry.data.gov.uk/id/region/croydon,E09000008,2006-06,741,monthly,209865,402933,262801,195748,168969,2006-06-01
Croydon,http://landregistry.data.gov.uk/id/region/croydon,E09000008,2006-07,725,monthly,212185,408668,266002,198095,170438,2006-07-01
Croydon,http://landregistry.data.gov.uk/id/region/croydon,E09000008,2006-08,816,monthly,214493,413927,268993,200640,171829,2006-08-01
Croydon,http://landregistry.data.gov.uk/id/region/croydon,E09000008,2006-09,715,monthly,216165,419458,271384,201866,173113,2006-09-01
Croydon,http://landregistry.data.gov.uk/id/region/croydon,E09000008,2006-10,785,monthly,216699,420576,271806,202250,173721,2006-10-01
Croydon,http://landregistry.data.gov.uk/id/region/croydon,E09000008,2006-11,760,monthly,218396,424002,274219,203773,175019,2006-11-01
Croydon,http://landregistry.data.gov.uk/id/region/croydon,E09000008,2006-12,723,monthly,219548,424072,275232,205200,176020,2006-12-01
Croydon,http://landregistry.data.gov.uk/id/region/croydon,E09000008,2007-01,599,monthly,222691,431120,279480,208233,178243,2007-01-01
Croydon,http://landregistry.data.gov.uk/id/region/croydon,E09000008,2007-02,587,monthly,223464,432226,279984,208496,179378,2007-02-01
Croydon,http://landregistry.data.gov.uk/id/region/croydon,E09000008,2007-03,696,monthly,225720,438010,283055,210719,180821,2007-03-01
Croydon,http://landregistry.data.gov.uk/id/region/croydon,E09000008,2007-04,623,monthly,226610,437559,283620,211922,181610,2007-04-01
Croydon,http://landregistry.data.gov.uk/id/region/croydon,E09000008,2007-05,678,monthly,228084,438741,285223,213844,182597,2007-05-01
Croydon,http://landregistry.data.gov.uk/id/region/croydon,E09000008,2007-06,714,monthly,230189,441955,287652,215915,184345,2007-06-01
Croydon,http://landregistry.data.gov.uk/id/region/croydon,E09000008,2007-07,757,monthly,233835,451688,292893,219157,186949,2007-07-01
Croydon,http://landregistry.data.gov.uk/id/region/croydon,E09000008,2007-08,891,monthly,238536,463597,299391,223947,189971,2007-08-01
Croydon,http://landregistry.data.gov.uk/id/region/croydon,E09000008,2007-09,665,monthly,240249,469853,302222,225348,191025,2007-09-01
Croydon,http://landregistry.data.gov.uk/id/region/croydon,E09000008,2007-10,745,monthly,242725,474821,304432,227476,193397,2007-10-01
Croydon,http://landregistry.data.gov.uk/id/region/croydon,E09000008,2007-11,694,monthly,244209,478945,306483,228469,194719,2007-11-01
Croydon,http://landregistry.data.gov.uk/id/region/croydon,E09000008,2007-12,531,monthly,247677,483269,310085,231743,197909,2007-12-01
Croydon,http://landregistry.data.gov.uk/id/region/croydon,E09000008,2008-01,400,monthly,248005,485669,310807,231860,198065,2008-01-01
Croydon,http://landregistry.data.gov.uk/id/region/croydon,E09000008,2008-02,438,monthly,246977,484200,309732,230849,197169,2008-02-01
Croydon,http://landregistry.data.gov.uk/id/region/croydon,E09000008,2008-03,399,monthly,245128,483151,308474,229462,194892,2008-03-01
Croydon,http://landregistry.data.gov.uk/id/region/croydon,E09000008,2008-04,382,monthly,243468,480605,306831,228617,192822,2008-04-01
Croydon,http://landregistry.data.gov.uk/id/region/croydon,E09000008,2008-05,395,monthly,242414,477984,305605,227894,191809,2008-05-01
Croydon,http://landregistry.data.gov.uk/id/region/croydon,E09000008,2008-06,326,monthly,239830,472804,302220,225418,189849,2008-06-01
Croydon,http://landregistry.data.gov.uk/id/region/croydon,E09000008,2008-07,292,monthly,237926,469117,300485,223279,188393,2008-07-01
Croydon,http://landregistry.data.gov.uk/id/region/croydon,E09000008,2008-08,265,monthly,238642,471917,301384,223683,189021,2008-08-01
Croydon,http://landregistry.data.gov.uk/id/region/croydon,E09000008,2008-09,246,monthly,233163,465168,294243,218067,184695,2008-09-01
Croydon,http://landregistry.data.gov.uk/id/region/croydon,E09000008,2008-10,254,monthly,226844,452697,285621,211818,180132,2008-10-01
Croydon,http://landregistry.data.gov.uk/id/region/croydon,E09000008,2008-11,198,monthly,216988,433809,273476,202716,172067,2008-11-01
Croydon,http://landregistry.data.gov.uk/id/region/croydon,E09000008,2008-12,237,monthly,212597,422597,268238,199149,168338,2008-12-01
Croydon,http://landregistry.data.gov.uk/id/region/croydon,E09000008,2009-01,142,monthly,207072,413934,261463,193770,163822,2009-01-01
Croydon,http://landregistry.data.gov.uk/id/region/croydon,E09000008,2009-02,160,monthly,204911,409723,258762,191142,162587,2009-02-01
Croydon,http://landregistry.data.gov.uk/id/region/croydon,E09000008,2009-03,221,monthly,202464,405125,255491,188152,161304,2009-03-01
Croydon,http://landregistry.data.gov.uk/id/region/croydon,E09000008,2009-04,209,monthly,202637,401577,256054,188618,161588,2009-04-01
Croydon,http://landregistry.data.gov.uk/id/region/croydon,E09000008,2009-05,210,monthly,200479,395402,253240,187230,159676,2009-05-01
Croydon,http://landregistry.data.gov.uk/id/region/croydon,E09000008,2009-06,278,monthly,199415,392680,252314,186940,158201,2009-06-01
Croydon,http://landregistry.data.gov.uk/id/region/croydon,E09000008,2009-07,306,monthly,200103,396149,254070,188263,157599,2009-07-01
Croydon,http://landregistry.data.gov.uk/id/region/croydon,E09000008,2009-08,351,monthly,201442,401056,256379,189952,157786,2009-08-01
Croydon,http://landregistry.data.gov.uk/id/region/croydon,E09000008,2009-09,318,monthly,203917,407899,260352,192628,158890,2009-09-01
Croydon,http://landregistry.data.gov.uk/id/region/croydon,E09000008,2009-10,375,monthly,205123,411173,262302,193987,159396,2009-10-01
Croydon,http://landregistry.data.gov.uk/id/region/croydon,E09000008,2009-11,306,monthly,206571,414920,264377,196116,159759,2009-11-01
Croydon,http://landregistry.data.gov.uk/id/region/croydon,E09000008,2009-12,471,monthly,210343,420042,269242,200261,162566,2009-12-01
Croydon,http://landregistry.data.gov.uk/id/region/croydon,E09000008,2010-01,225,monthly,211896,425766,272303,202385,162560,2010-01-01
Croydon,http://landregistry.data.gov.uk/id/region/croydon,E09000008,2010-02,296,monthly,217607,438328,281162,208125,166057,2010-02-01
Croydon,http://landregistry.data.gov.uk/id/region/croydon,E09000008,2010-03,303,monthly,219481,446538,284097,209590,167008,2010-03-01
Croydon,http://landregistry.data.gov.uk/id/region/croydon,E09000008,2010-04,263,monthly,222847,451473,288120,212676,170070,2010-04-01
Croydon,http://landregistry.data.gov.uk/id/region/croydon,E09000008,2010-05,290,monthly,220281,446005,284195,210028,168537,2010-05-01
Croydon,http://landregistry.data.gov.uk/id/region/croydon,E09000008,2010-06,327,monthly,219297,443292,283321,209761,167246,2010-06-01
Croydon,http://landregistry.data.gov.uk/id/region/croydon,E09000008,2010-07,326,monthly,217832,443399,281698,208609,165409,2010-07-01
Croydon,http://landregistry.data.gov.uk/id/region/croydon,E09000008,2010-08,365,monthly,219854,449430,285493,210570,166179,2010-08-01
Croydon,http://landregistry.data.gov.uk/id/region/croydon,E09000008,2010-09,307,monthly,220917,454796,287303,211298,166561,2010-09-01
Croydon,http://landregistry.data.gov.uk/id/region/croydon,E09000008,2010-10,324,monthly,220973,454666,287595,211083,166740,2010-10-01
Croydon,http://landregistry.data.gov.uk/id/region/croydon,E09000008,2010-11,280,monthly,217848,449308,283065,207602,164767,2010-11-01
Croydon,http://landregistry.data.gov.uk/id/region/croydon,E09000008,2010-12,319,monthly,214845,442238,279448,204482,162688,2010-12-01
Croydon,http://landregistry.data.gov.uk/id/region/croydon,E09000008,2011-01,197,monthly,213990,442268,278216,203489,161966,2011-01-01
Croydon,http://landregistry.data.gov.uk/id/region/croydon,E09000008,2011-02,229,monthly,214081,444364,278143,203484,161966,2011-02-01
Croydon,http://landregistry.data.gov.uk/id/region/croydon,E09000008,2011-03,269,monthly,213551,446596,277152,202776,161393,2011-03-01
Croydon,http://landregistry.data.gov.uk/id/region/croydon,E09000008,2011-04,237,monthly,213975,446767,277631,203151,161878,2011-04-01
Croydon,http://landregistry.data.gov.uk/id/region/croydon,E09000008,2011-05,245,monthly,213419,441809,276533,202748,162097,2011-05-01
Croydon,http://landregistry.data.gov.uk/id/region/croydon,E09000008,2011-06,276,monthly,214114,438371,277484,203753,163050,2011-06-01
Croydon,http://landregistry.data.gov.uk/id/region/croydon,E09000008,2011-07,340,monthly,215233,438668,278764,204860,164247,2011-07-01
Croydon,http://landregistry.data.gov.uk/id/region/croydon,E09000008,2011-08,352,monthly,215870,442844,280817,205741,163519,2011-08-01
Croydon,http://landregistry.data.gov.uk/id/region/croydon,E09000008,2011-09,323,monthly,217591,449501,283456,207485,164074,2011-09-01
Croydon,http://landregistry.data.gov.uk/id/region/croydon,E09000008,2011-10,339,monthly,216699,450366,283331,206577,162601,2011-10-01
Croydon,http://landregistry.data.gov.uk/id/region/croydon,E09000008,2011-11,317,monthly,218799,454036,285506,208416,164666,2011-11-01
Croydon,http://landregistry.data.gov.uk/id/region/croydon,E09000008,2011-12,369,monthly,217809,449755,284208,207338,164388,2011-12-01
Croydon,http://landregistry.data.gov.uk/id/region/croydon,E09000008,2012-01,226,monthly,217209,446877,283485,207068,163892,2012-01-01
Croydon,http://landregistry.data.gov.uk/id/region/croydon,E09000008,2012-02,261,monthly,217908,448685,284984,208261,163648,2012-02-01
Croydon,http://landregistry.data.gov.uk/id/region/croydon,E09000008,2012-03,421,monthly,218199,447746,285106,209057,163841,2012-03-01
Croydon,http://landregistry.data.gov.uk/id/region/croydon,E09000008,2012-04,192,monthly,221232,453460,288564,212106,166306,2012-04-01
Croydon,http://landregistry.data.gov.uk/id/region/croydon,E09000008,2012-05,299,monthly,221817,452487,288812,212576,167427,2012-05-01
Croydon,http://landregistry.data.gov.uk/id/region/croydon,E09000008,2012-06,275,monthly,223323,455540,290560,214553,168199,2012-06-01
Croydon,http://landregistry.data.gov.uk/id/region/croydon,E09000008,2012-07,312,monthly,222293,453184,289085,213905,167232,2012-07-01
Croydon,http://landregistry.data.gov.uk/id/region/croydon,E09000008,2012-08,334,monthly,222026,453083,289018,214249,166307,2012-08-01
Croydon,http://landregistry.data.gov.uk/id/region/croydon,E09000008,2012-09,287,monthly,223036,456922,290509,215016,166855,2012-09-01
Croydon,http://landregistry.data.gov.uk/id/region/croydon,E09000008,2012-10,350,monthly,223602,457512,291338,215689,167226,2012-10-01
Croydon,http://landregistry.data.gov.uk/id/region/croydon,E09000008,2012-11,372,monthly,224418,459431,292403,216467,167800,2012-11-01
Croydon,http://landregistry.data.gov.uk/id/region/croydon,E09000008,2012-12,288,monthly,226742,464554,295683,218785,169296,2012-12-01
Croydon,http://landregistry.data.gov.uk/id/region/croydon,E09000008,2013-01,253,monthly,225826,464064,295399,217773,168085,2013-01-01
Croydon,http://landregistry.data.gov.uk/id/region/croydon,E09000008,2013-02,299,monthly,224199,461436,293424,215901,166838,2013-02-01
Croydon,http://landregistry.data.gov.uk/id/region/croydon,E09000008,2013-03,358,monthly,223504,460946,292800,214685,166345,2013-03-01
Croydon,http://landregistry.data.gov.uk/id/region/croydon,E09000008,2013-04,297,monthly,224769,462153,293398,216034,167702,2013-04-01
Croydon,http://landregistry.data.gov.uk/id/region/croydon,E09000008,2013-05,385,monthly,230346,472269,300639,221507,171972,2013-05-01
Croydon,http://landregistry.data.gov.uk/id/region/croydon,E09000008,2013-06,411,monthly,234713,479074,306395,226459,175008,2013-06-01
Croydon,http://landregistry.data.gov.uk/id/region/croydon,E09000008,2013-07,440,monthly,238170,486545,311152,230007,177323,2013-07-01
Croydon,http://landregistry.data.gov.uk/id/region/croydon,E09000008,2013-08,436,monthly,240106,490568,313804,232001,178638,2013-08-01
Croydon,http://landregistry.data.gov.uk/id/region/croydon,E09000008,2013-09,404,monthly,240106,493124,313852,231733,178474,2013-09-01
Croydon,http://landregistry.data.gov.uk/id/region/croydon,E09000008,2013-10,535,monthly,242224,498736,316976,233390,180028,2013-10-01
Croydon,http://landregistry.data.gov.uk/id/region/croydon,E09000008,2013-11,486,monthly,243100,501028,318333,234232,180554,2013-11-01
Croydon,http://landregistry.data.gov.uk/id/region/croydon,E09000008,2013-12,548,monthly,246215,503557,322190,237512,183248,2013-12-01
Croydon,http://landregistry.data.gov.uk/id/region/croydon,E09000008,2014-01,455,monthly,249311,509109,326121,240456,185714,2014-01-01
Croydon,http://landregistry.data.gov.uk/id/region/croydon,E09000008,2014-02,468,monthly,253192,517293,331052,244211,188647,2014-02-01
Croydon,http://landregistry.data.gov.uk/id/region/croydon,E09000008,2014-03,532,monthly,257225,525708,336122,247668,191821,2014-03-01
Croydon,http://landregistry.data.gov.uk/id/region/croydon,E09000008,2014-04,517,monthly,265667,541249,346900,256321,198059,2014-04-01
Croydon,http://landregistry.data.gov.uk/id/region/croydon,E09000008,2014-05,469,monthly,271044,549463,353517,261848,202214,2014-05-01
Croydon,http://landregistry.data.gov.uk/id/region/croydon,E09000008,2014-06,507,monthly,274344,556287,358277,265600,204291,2014-06-01
Croydon,http://landregistry.data.gov.uk/id/region/croydon,E09000008,2014-07,531,monthly,276361,561218,361543,267750,205489,2014-07-01
Croydon,http://landregistry.data.gov.uk/id/region/croydon,E09000008,2014-08,552,monthly,283801,579098,372374,275450,210320,2014-08-01
Croydon,http://landregistry.data.gov.uk/id/region/croydon,E09000008,2014-09,539,monthly,290460,594413,381280,281988,215046,2014-09-01
Croydon,http://landregistry.data.gov.uk/id/region/croydon,E09000008,2014-10,541,monthly,294574,603433,386787,285732,218139,2014-10-01
Croydon,http://landregistry.data.gov.uk/id/region/croydon,E09000008,2014-11,460,monthly,291730,597913,382902,282667,216187,2014-11-01
Croydon,http://landregistry.data.gov.uk/id/region/croydon,E09000008,2014-12,439,monthly,290220,594232,380494,280752,215426,2014-12-01
Croydon,http://landregistry.data.gov.uk/id/region/croydon,E09000008,2015-01,403,monthly,288819,590792,378628,279068,214592,2015-01-01
Croydon,http://landregistry.data.gov.uk/id/region/croydon,E09000008,2015-02,412,monthly,290155,592939,379703,279423,216262,2015-02-01
Croydon,http://landregistry.data.gov.uk/id/region/croydon,E09000008,2015-03,479,monthly,292750,598366,383346,281446,218402,2015-03-01
Croydon,http://landregistry.data.gov.uk/id/region/croydon,E09000008,2015-04,415,monthly,295859,605131,387089,284938,220496,2015-04-01
Croydon,http://landregistry.data.gov.uk/id/region/croydon,E09000008,2015-05,489,monthly,297565,607206,389652,286969,221607,2015-05-01
Croydon,http://landregistry.data.gov.uk/id/region/croydon,E09000008,2015-06,492,monthly,299876,612376,393574,290429,222377,2015-06-01
Croydon,http://landregistry.data.gov.uk/id/region/croydon,E09000008,2015-07,554,monthly,306206,624429,402410,296659,226962,2015-07-01
Croydon,http://landregistry.data.gov.uk/id/region/croydon,E09000008,2015-08,494,monthly,313112,639679,411832,304030,231506,2015-08-01
Croydon,http://landregistry.data.gov.uk/id/region/croydon,E09000008,2015-09,538,monthly,320175,657055,420843,310371,236794,2015-09-01
Croydon,http://landregistry.data.gov.uk/id/region/croydon,E09000008,2015-10,510,monthly,323263,665668,425324,313567,238635,2015-10-01
Croydon,http://landregistry.data.gov.uk/id/region/croydon,E09000008,2015-11,505,monthly,326504,673580,429956,316514,240915,2015-11-01
Croydon,http://landregistry.data.gov.uk/id/region/croydon,E09000008,2015-12,475,monthly,330486,681161,435727,320392,243764,2015-12-01
Croydon,http://landregistry.data.gov.uk/id/region/croydon,E09000008,2016-01,375,monthly,332811,685479,439721,322189,245527,2016-01-01
Croydon,http://landregistry.data.gov.uk/id/region/croydon,E09000008,2016-02,413,monthly,337821,695927,446685,326749,249276,2016-02-01
Croydon,http://landregistry.data.gov.uk/id/region/croydon,E09000008,2016-03,832,monthly,342038,704707,451645,330468,252734,2016-03-01
Croydon,http://landregistry.data.gov.uk/id/region/croydon,E09000008,2016-04,312,monthly,348190,714792,458315,337112,257541,2016-04-01
Croydon,http://landregistry.data.gov.uk/id/region/croydon,E09000008,2016-05,389,monthly,352808,718355,462257,341623,262092,2016-05-01
Croydon,http://landregistry.data.gov.uk/id/region/croydon,E09000008,2016-06,411,monthly,358488,726984,468740,347280,266772,2016-06-01
Croydon,http://landregistry.data.gov.uk/id/region/croydon,E09000008,2016-07,487,monthly,363898,738477,475812,351904,271079,2016-07-01
Croydon,http://landregistry.data.gov.uk/id/region/croydon,E09000008,2016-08,491,monthly,369722,753814,483861,357300,275076,2016-08-01
Croydon,http://landregistry.data.gov.uk/id/region/croydon,E09000008,2016-09,436,monthly,369069,753474,484101,356356,274371,2016-09-01
Croydon,http://landregistry.data.gov.uk/id/region/croydon,E09000008,2016-10,430,monthly,368082,753679,482981,354325,273957,2016-10-01
Croydon,http://landregistry.data.gov.uk/id/region/croydon,E09000008,2016-11,369,monthly,363662,747523,477529,349091,270825,2016-11-01
Croydon,http://landregistry.data.gov.uk/id/region/croydon,E09000008,2016-12,367,monthly,363571,747551,476285,348178,271490,2016-12-01
Croydon,http://landregistry.data.gov.uk/id/region/croydon,E09000008,2017-01,360,monthly,363241,745633,474885,347873,271619,2017-01-01
Croydon,http://landregistry.data.gov.uk/id/region/croydon,E09000008,2017-02,423,monthly,367221,750235,478292,351313,275591,2017-02-01
Croydon,http://landregistry.data.gov.uk/id/region/croydon,E09000008,2017-03,447,monthly,368767,752452,479637,352293,277278,2017-03-01
Croydon,http://landregistry.data.gov.uk/id/region/croydon,E09000008,2017-04,408,monthly,369562,753628,479522,352477,278522,2017-04-01
Croydon,http://landregistry.data.gov.uk/id/region/croydon,E09000008,2017-05,404,monthly,368801,749022,478887,351416,278317,2017-05-01
Croydon,http://landregistry.data.gov.uk/id/region/croydon,E09000008,2017-06,451,monthly,373122,754049,483501,356078,281855,2017-06-01
Croydon,http://landregistry.data.gov.uk/id/region/croydon,E09000008,2017-07,430,monthly,377038,759591,489345,359965,284742,2017-07-01
Croydon,http://landregistry.data.gov.uk/id/region/croydon,E09000008,2017-08,434,monthly,378273,764889,491389,362320,284660,2017-08-01
Croydon,http://landregistry.data.gov.uk/id/region/croydon,E09000008,2017-09,460,monthly,378859,770236,493626,362758,284431,2017-09-01
Croydon,http://landregistry.data.gov.uk/id/region/croydon,E09000008,2017-10,420,monthly,375688,767021,490587,359805,281449,2017-10-01
Croydon,http://landregistry.data.gov.uk/id/region/croydon,E09000008,2017-11,384,monthly,375640,767835,491570,359661,281125,2017-11-01
Croydon,http://landregistry.data.gov.uk/id/region/croydon,E09000008,2017-12,394,monthly,374441,764265,490479,359727,279537,2017-12-01
Croydon,http://landregistry.data.gov.uk/id/region/croydon,E09000008,2018-01,326,monthly,372312,759303,487731,357806,277923,2018-01-01
Croydon,http://landregistry.data.gov.uk/id/region/croydon,E09000008,2018-02,277,monthly,371040,757664,485502,356403,277111,2018-02-01
Croydon,http://landregistry.data.gov.uk/id/region/croydon,E09000008,2018-03,314,monthly,366045,748551,479786,351675,273233,2018-03-01
Croydon,http://landregistry.data.gov.uk/id/region/croydon,E09000008,2018-04,283,monthly,368281,753849,483969,355714,273857,2018-04-01
Croydon,http://landregistry.data.gov.uk/id/region/croydon,E09000008,2018-05,329,monthly,370541,759634,489117,359432,274409,2018-05-01
Croydon,http://landregistry.data.gov.uk/id/region/croydon,E09000008,2018-06,389,monthly,373886,767540,495068,362758,276470,2018-06-01
Croydon,http://landregistry.data.gov.uk/id/region/croydon,E09000008,2018-07,385,monthly,374361,770762,495599,362931,276788,2018-07-01
Croydon,http://landregistry.data.gov.uk/id/region/croydon,E09000008,2018-08,417,monthly,372035,766256,492178,360564,275159,2018-08-01
Croydon,http://landregistry.data.gov.uk/id/region/croydon,E09000008,2018-09,350,monthly,371793,767570,491688,360326,274881,2018-09-01
Croydon,http://landregistry.data.gov.uk/id/region/croydon,E09000008,2018-10,420,monthly,370454,764804,489863,358849,273973,2018-10-01
Croydon,http://landregistry.data.gov.uk/id/region/croydon,E09000008,2018-11,407,monthly,368724,765061,489251,358069,271738,2018-11-01
Croydon,http://landregistry.data.gov.uk/id/region/croydon,E09000008,2018-12,294,monthly,363987,753730,482998,353642,268284,2018-12-01
Croydon,http://landregistry.data.gov.uk/id/region/croydon,E09000008,2019-01,271,monthly,365096,757973,485434,354543,268838,2019-01-01
Croydon,http://landregistry.data.gov.uk/id/region/croydon,E09000008,2019-02,300,monthly,364406,755315,483622,352682,269106,2019-02-01
Croydon,http://landregistry.data.gov.uk/id/region/croydon,E09000008,2019-03,361,monthly,367440,763043,488437,356368,270692,2019-03-01
Croydon,http://landregistry.data.gov.uk/id/region/croydon,E09000008,2019-04,294,monthly,363723,751922,482859,353725,267949,2019-04-01
Croydon,http://landregistry.data.gov.uk/id/region/croydon,E09000008,2019-05,329,monthly,364117,751509,484248,355530,267357,2019-05-01
Croydon,http://landregistry.data.gov.uk/id/region/croydon,E09000008,2019-06,334,monthly,363559,749483,483386,355269,266915,2019-06-01
Croydon,http://landregistry.data.gov.uk/id/region/croydon,E09000008,2019-07,412,monthly,365433,753333,486153,356960,268293,2019-07-01
Croydon,http://landregistry.data.gov.uk/id/region/croydon,E09000008,2019-08,393,monthly,365435,754259,486159,357359,267988,2019-08-01
Croydon,http://landregistry.data.gov.uk/id/region/croydon,E09000008,2019-09,363,monthly,365869,755621,485870,357895,268433,2019-09-01
Croydon,http://landregistry.data.gov.uk/id/region/croydon,E09000008,2019-10,418,monthly,366035,758458,488245,358338,267570,2019-10-01
Croydon,http://landregistry.data.gov.uk/id/region/croydon,E09000008,2019-11,375,monthly,368137,765048,492320,360245,268626,2019-11-01
Croydon,http://landregistry.data.gov.uk/id/region/croydon,E09000008,2019-12,340,monthly,371996,774512,498761,364856,270503,2019-12-01
Croydon,http://landregistry.data.gov.uk/id/region/croydon,E09000008,2020-01,306,monthly,372505,775712,499512,365924,270535,2020-01-01
Croydon,http://landregistry.data.gov.uk/id/region/croydon,E09000008,2020-02,313,monthly,372458,774602,499027,366484,270349,2020-02-01
Croydon,http://landregistry.data.gov.uk/id/region/croydon,E09000008,2020-03,313,monthly,369396,768331,495424,363123,268230,2020-03-01
Croydon,http://landregistry.data.gov.uk/id/region/croydon,E09000008,2020-04,134,monthly,368563,770814,494264,362900,266708,2020-04-01
Croydon,http://landregistry.data.gov.uk/id/region/croydon,E09000008,2020-05,134,monthly,371634,778335,498867,364866,269275,2020-05-01
Croydon,http://landregistry.data.gov.uk/id/region/croydon,E09000008,2020-06,231,monthly,372400,778605,500661,366496,269217,2020-06-01
Croydon,http://landregistry.data.gov.uk/id/region/croydon,E09000008,2020-07,316,monthly,376862,783091,506363,371171,273016,2020-07-01
Croydon,http://landregistry.data.gov.uk/id/region/croydon,E09000008,2020-08,327,monthly,374593,779375,504617,370478,269868,2020-08-01
Croydon,http://landregistry.data.gov.uk/id/region/croydon,E09000008,2020-09,332,monthly,377090,788424,508834,372892,270903,2020-09-01
Croydon,http://landregistry.data.gov.uk/id/region/croydon,E09000008,2020-10,426,monthly,378600,794474,511615,374869,271061,2020-10-01
Croydon,http://landregistry.data.gov.uk/id/region/croydon,E09000008,2020-11,410,monthly,381637,800541,514881,378174,273368,2020-11-01
Croydon,http://landregistry.data.gov.uk/id/region/croydon,E09000008,2020-12,431,monthly,380014,796533,512237,377517,271857,2020-12-01
Croydon,http://landregistry.data.gov.uk/id/region/croydon,E09000008,2021-01,416,monthly,381676,792722,512421,378886,274889,2021-01-01
Croydon,http://landregistry.data.gov.uk/id/region/croydon,E09000008,2021-02,490,monthly,382064,784685,510479,379224,277202,2021-02-01
Croydon,http://landregistry.data.gov.uk/id/region/croydon,E09000008,2021-03,807,monthly,386115,783231,512830,382645,282837,2021-03-01
Croydon,http://landregistry.data.gov.uk/id/region/croydon,E09000008,2021-04,491,monthly,387462,785160,513857,384139,284098,2021-04-01
Croydon,http://landregistry.data.gov.uk/id/region/croydon,E09000008,2021-05,414,monthly,388664,789875,515661,385256,284670,2021-05-01
Croydon,http://landregistry.data.gov.uk/id/region/croydon,E09000008,2021-06,1153,monthly,390738,793391,517642,389208,285370,2021-06-01
Croydon,http://landregistry.data.gov.uk/id/region/croydon,E09000008,2021-07,211,monthly,385337,785925,511535,381934,281826,2021-07-01
Croydon,http://landregistry.data.gov.uk/id/region/croydon,E09000008,2021-08,325,monthly,383925,789788,512456,380279,279158,2021-08-01
Croydon,http://landregistry.data.gov.uk/id/region/croydon,E09000008,2021-09,657,monthly,383285,794351,514129,378655,277679,2021-09-01
Croydon,http://landregistry.data.gov.uk/id/region/croydon,E09000008,2021-10,266,monthly,389497,816135,524732,386059,279520,2021-10-01
Croydon,http://landregistry.data.gov.uk/id/region/croydon,E09000008,2021-11,368,monthly,395015,829013,532305,391566,283253,2021-11-01
Croydon,http://landregistry.data.gov.uk/id/region/croydon,E09000008,2021-12,406,monthly,396878,838903,536460,393377,283330,2021-12-01
Croydon,http://landregistry.data.gov.uk/id/region/croydon,E09000008,2022-01,291,monthly,397491,836700,538077,395391,283033,2022-01-01
Croydon,http://landregistry.data.gov.uk/id/region/croydon,E09000008,2022-02,337,monthly,397610,834108,537868,395952,283467,2022-02-01
Croydon,http://landregistry.data.gov.uk/id/region/croydon,E09000008,2022-03,417,monthly,399817,838964,541941,398253,284532,2022-03-01
Croydon,http://landregistry.data.gov.uk/id/region/croydon,E09000008,2022-04,367,monthly,401297,840756,542928,400672,285406,2022-04-01
Croydon,http://landregistry.data.gov.uk/id/region/croydon,E09000008,2022-05,348,monthly,401893,842793,544836,402537,284302,2022-05-01
Croydon,http://landregistry.data.gov.uk/id/region/croydon,E09000008,2022-06,352,monthly,403021,842631,545835,404625,284892,2022-06-01
Croydon,http://landregistry.data.gov.uk/id/region/croydon,E09000008,2022-07,415,monthly,406925,849592,552173,409039,287035,2022-07-01
Croydon,http://landregistry.data.gov.uk/id/region/croydon,E09000008,2022-08,389,monthly,414938,866043,563585,418066,291772,2022-08-01
Croydon,http://landregistry.data.gov.uk/id/region/croydon,E09000008,2022-09,415,monthly,419031,876409,570177,422646,293664,2022-09-01
Croydon,http://landregistry.data.gov.uk/id/region/croydon,E09000008,2022-10,381,monthly,419874,879929,571832,424086,293377,2022-10-01
Croydon,http://landregistry.data.gov.uk/id/region/croydon,E09000008,2022-11,389,monthly,417026,875304,568227,421548,290847,2022-11-01
Croydon,http://landregistry.data.gov.uk/id/region/croydon,E09000008,2022-12,364,monthly,416686,873563,568124,421836,290132,2022-12-01
Croydon,http://landregistry.data.gov.uk/id/region/croydon,E09000008,2023-01,261,monthly,420226,882034,573323,424822,292778,2023-01-01
Croydon,http://landregistry.data.gov.uk/id/region/croydon,E09000008,2023-02,246,monthly,418357,879156,570727,421622,292246,2023-02-01
Croydon,http://landregistry.data.gov.uk/id/region/croydon,E09000008,2023-03,272,monthly,409710,864901,559289,410924,286933,2023-03-01
Croydon,http://landregistry.data.gov.uk/id/region/croydon,E09000008,2023-04,177,monthly,401141,846408,547012,401386,281695,2023-04-01
Croydon,http://landregistry.data.gov.uk/id/region/croydon,E09000008,2023-05,217,monthly,396558,833215,539564,396193,279551,2023-05-01
Croydon,http://landregistry.data.gov.uk/id/region/croydon,E09000008,2023-06,254,monthly,394798,826454,535880,395031,278650,2023-06-01
Croydon,http://landregistry.data.gov.uk/id/region/croydon,E09000008,2023-07,279,monthly,397275,829613,539892,398589,279786,2023-07-01
Croydon,http://landregistry.data.gov.uk/id/region/croydon,E09000008,2023-08,310,monthly,401244,840290,547064,403900,281033,2023-08-01
Croydon,http://landregistry.data.gov.uk/id/region/croydon,E09000008,2023-09,264,monthly,405991,852097,554819,409512,283306,2023-09-01
Croydon,http://landregistry.data.gov.uk/id/region/croydon,E09000008,2023-10,250,monthly,397704,834552,543725,400527,277839,2023-10-01
Croydon,http://landregistry.data.gov.uk/id/region/croydon,E09000008,2023-11,225,monthly,388572,816937,531605,390336,271777,2023-11-01
Croydon,http://landregistry.data.gov.uk/id/region/croydon,E09000008,2023-12,209,monthly,388427,813315,531713,389751,272185,2023-12-01
Croydon,http://landregistry.data.gov.uk/id/region/croydon,E09000008,2024-01,164,monthly,386875,810241,529435,388967,270670,2024-01-01
Croydon,http://landregistry.data.gov.uk/id/region/croydon,E09000008,2024-02,85,monthly,393618,819867,538009,395258,276376,2024-02-01
Croydon,http://landregistry.data.gov.uk/id/region/croydon,E09000008,2024-03,,monthly,393334,816450,535944,393554,277849,2024-03-01
Croydon,http://landregistry.data.gov.uk/id/region/croydon,E09000008,2024-04,,monthly,398216,821217,542869,397552,282313,2024-04-01
