"Name","URI","Region GSS code","Period","Sales volume","Reporting period","Average price All property types","Average price Detached houses","Average price Semi-detached houses","Average price Terraced houses","Average price Flats and maisonettes","Pivotable date"
Dartford,http://landregistry.data.gov.uk/id/region/dartford,E07000107,2004-01,182,monthly,166430,317641,197821,153046,130222,2004-01-01
Dartford,http://landregistry.data.gov.uk/id/region/dartford,E07000107,2004-02,233,monthly,167642,318415,198599,154295,131660,2004-02-01
Dartford,http://landregistry.data.gov.uk/id/region/dartford,E07000107,2004-03,235,monthly,168634,320633,199448,155331,132381,2004-03-01
Dartford,http://landregistry.data.gov.uk/id/region/dartford,E07000107,2004-04,240,monthly,167798,315560,198343,155187,131616,2004-04-01
Dartford,http://landregistry.data.gov.uk/id/region/dartford,E07000107,2004-05,222,monthly,168330,313626,198627,156156,132149,2004-05-01
Dartford,http://landregistry.data.gov.uk/id/region/dartford,E07000107,2004-06,211,monthly,169428,312818,199810,157390,133294,2004-06-01
Dartford,http://landregistry.data.gov.uk/id/region/dartford,E07000107,2004-07,262,monthly,170115,313853,200838,158076,133698,2004-07-01
Dartford,http://landregistry.data.gov.uk/id/region/dartford,E07000107,2004-08,236,monthly,170744,315696,201797,158619,134006,2004-08-01
Dartford,http://landregistry.data.gov.uk/id/region/dartford,E07000107,2004-09,201,monthly,170976,317283,202225,158838,133903,2004-09-01
Dartford,http://landregistry.data.gov.uk/id/region/dartford,E07000107,2004-10,208,monthly,175215,324571,206515,162541,137997,2004-10-01
Dartford,http://landregistry.data.gov.uk/id/region/dartford,E07000107,2004-11,182,monthly,178632,330034,210107,165566,141255,2004-11-01
Dartford,http://landregistry.data.gov.uk/id/region/dartford,E07000107,2004-12,154,monthly,178729,327766,209485,165771,142028,2004-12-01
Dartford,http://landregistry.data.gov.uk/id/region/dartford,E07000107,2005-01,117,monthly,176090,322941,205936,163585,139868,2005-01-01
Dartford,http://landregistry.data.gov.uk/id/region/dartford,E07000107,2005-02,137,monthly,174272,318988,203854,162001,138332,2005-02-01
Dartford,http://landregistry.data.gov.uk/id/region/dartford,E07000107,2005-03,113,monthly,175895,322094,205931,163604,139337,2005-03-01
Dartford,http://landregistry.data.gov.uk/id/region/dartford,E07000107,2005-04,155,monthly,177986,323421,208488,165781,141019,2005-04-01
Dartford,http://landregistry.data.gov.uk/id/region/dartford,E07000107,2005-05,166,monthly,179472,325733,209717,167365,142329,2005-05-01
Dartford,http://landregistry.data.gov.uk/id/region/dartford,E07000107,2005-06,188,monthly,177686,321114,207338,166061,140872,2005-06-01
Dartford,http://landregistry.data.gov.uk/id/region/dartford,E07000107,2005-07,162,monthly,179200,324669,209246,167522,141818,2005-07-01
Dartford,http://landregistry.data.gov.uk/id/region/dartford,E07000107,2005-08,144,monthly,176592,320299,206162,165340,139429,2005-08-01
Dartford,http://landregistry.data.gov.uk/id/region/dartford,E07000107,2005-09,154,monthly,177777,323548,207447,166474,140239,2005-09-01
Dartford,http://landregistry.data.gov.uk/id/region/dartford,E07000107,2005-10,151,monthly,174839,317644,203297,163693,138467,2005-10-01
Dartford,http://landregistry.data.gov.uk/id/region/dartford,E07000107,2005-11,152,monthly,177624,321661,206475,166296,140866,2005-11-01
Dartford,http://landregistry.data.gov.uk/id/region/dartford,E07000107,2005-12,218,monthly,178937,322031,207484,167495,142550,2005-12-01
Dartford,http://landregistry.data.gov.uk/id/region/dartford,E07000107,2006-01,169,monthly,179354,323121,208072,168178,142433,2006-01-01
Dartford,http://landregistry.data.gov.uk/id/region/dartford,E07000107,2006-02,169,monthly,179126,321603,207492,168052,142500,2006-02-01
Dartford,http://landregistry.data.gov.uk/id/region/dartford,E07000107,2006-03,181,monthly,180220,324742,209269,169164,142792,2006-03-01
Dartford,http://landregistry.data.gov.uk/id/region/dartford,E07000107,2006-04,174,monthly,184290,330806,214155,173063,146042,2006-04-01
Dartford,http://landregistry.data.gov.uk/id/region/dartford,E07000107,2006-05,195,monthly,184162,330702,214307,172965,145735,2006-05-01
Dartford,http://landregistry.data.gov.uk/id/region/dartford,E07000107,2006-06,201,monthly,186762,333969,217379,175585,147777,2006-06-01
Dartford,http://landregistry.data.gov.uk/id/region/dartford,E07000107,2006-07,209,monthly,187014,334868,217663,176141,147536,2006-07-01
Dartford,http://landregistry.data.gov.uk/id/region/dartford,E07000107,2006-08,220,monthly,188672,338759,219665,178092,148202,2006-08-01
Dartford,http://landregistry.data.gov.uk/id/region/dartford,E07000107,2006-09,243,monthly,185269,334503,215961,175000,144964,2006-09-01
Dartford,http://landregistry.data.gov.uk/id/region/dartford,E07000107,2006-10,259,monthly,184155,332604,214451,173733,144436,2006-10-01
Dartford,http://landregistry.data.gov.uk/id/region/dartford,E07000107,2006-11,207,monthly,186171,336231,217000,175538,146028,2006-11-01
Dartford,http://landregistry.data.gov.uk/id/region/dartford,E07000107,2006-12,201,monthly,189407,339936,220265,178717,149015,2006-12-01
Dartford,http://landregistry.data.gov.uk/id/region/dartford,E07000107,2007-01,178,monthly,193844,348048,225516,182997,152323,2007-01-01
Dartford,http://landregistry.data.gov.uk/id/region/dartford,E07000107,2007-02,177,monthly,193676,346792,224893,182564,152731,2007-02-01
Dartford,http://landregistry.data.gov.uk/id/region/dartford,E07000107,2007-03,268,monthly,194644,349425,226301,183556,153117,2007-03-01
Dartford,http://landregistry.data.gov.uk/id/region/dartford,E07000107,2007-04,192,monthly,195722,350419,227505,185022,153698,2007-04-01
Dartford,http://landregistry.data.gov.uk/id/region/dartford,E07000107,2007-05,247,monthly,197087,351779,228825,186748,154620,2007-05-01
Dartford,http://landregistry.data.gov.uk/id/region/dartford,E07000107,2007-06,260,monthly,201596,359579,233785,191108,158227,2007-06-01
Dartford,http://landregistry.data.gov.uk/id/region/dartford,E07000107,2007-07,250,monthly,202491,362402,234889,191908,158809,2007-07-01
Dartford,http://landregistry.data.gov.uk/id/region/dartford,E07000107,2007-08,272,monthly,203958,367653,237345,193689,159014,2007-08-01
Dartford,http://landregistry.data.gov.uk/id/region/dartford,E07000107,2007-09,235,monthly,199846,361704,232729,189688,155660,2007-09-01
Dartford,http://landregistry.data.gov.uk/id/region/dartford,E07000107,2007-10,226,monthly,199856,361512,232270,189553,156014,2007-10-01
Dartford,http://landregistry.data.gov.uk/id/region/dartford,E07000107,2007-11,194,monthly,203082,367341,235702,192188,159035,2007-11-01
Dartford,http://landregistry.data.gov.uk/id/region/dartford,E07000107,2007-12,243,monthly,210730,380620,244358,199305,165284,2007-12-01
Dartford,http://landregistry.data.gov.uk/id/region/dartford,E07000107,2008-01,123,monthly,213055,385797,247079,201297,167170,2008-01-01
Dartford,http://landregistry.data.gov.uk/id/region/dartford,E07000107,2008-02,158,monthly,214932,388872,248836,202901,168988,2008-02-01
Dartford,http://landregistry.data.gov.uk/id/region/dartford,E07000107,2008-03,134,monthly,211131,382431,244696,199590,165642,2008-03-01
Dartford,http://landregistry.data.gov.uk/id/region/dartford,E07000107,2008-04,125,monthly,208773,378302,242137,197762,163403,2008-04-01
Dartford,http://landregistry.data.gov.uk/id/region/dartford,E07000107,2008-05,146,monthly,203588,368658,236688,193336,158786,2008-05-01
Dartford,http://landregistry.data.gov.uk/id/region/dartford,E07000107,2008-06,150,monthly,201519,364808,234355,191530,157034,2008-06-01
Dartford,http://landregistry.data.gov.uk/id/region/dartford,E07000107,2008-07,84,monthly,198679,359216,231690,188774,154676,2008-07-01
Dartford,http://landregistry.data.gov.uk/id/region/dartford,E07000107,2008-08,85,monthly,195502,354751,228043,185663,152116,2008-08-01
Dartford,http://landregistry.data.gov.uk/id/region/dartford,E07000107,2008-09,133,monthly,193352,353800,225617,183405,150263,2008-09-01
Dartford,http://landregistry.data.gov.uk/id/region/dartford,E07000107,2008-10,93,monthly,189260,347061,220454,179242,147362,2008-10-01
Dartford,http://landregistry.data.gov.uk/id/region/dartford,E07000107,2008-11,60,monthly,180760,330961,210566,171097,140867,2008-11-01
Dartford,http://landregistry.data.gov.uk/id/region/dartford,E07000107,2008-12,84,monthly,175930,320489,205051,166821,137007,2008-12-01
Dartford,http://landregistry.data.gov.uk/id/region/dartford,E07000107,2009-01,45,monthly,174554,319133,203139,165293,136103,2009-01-01
Dartford,http://landregistry.data.gov.uk/id/region/dartford,E07000107,2009-02,64,monthly,179670,328575,208802,169715,140615,2009-02-01
Dartford,http://landregistry.data.gov.uk/id/region/dartford,E07000107,2009-03,72,monthly,176875,322786,204957,166530,139213,2009-03-01
Dartford,http://landregistry.data.gov.uk/id/region/dartford,E07000107,2009-04,73,monthly,173467,314197,201371,163605,136271,2009-04-01
Dartford,http://landregistry.data.gov.uk/id/region/dartford,E07000107,2009-05,58,monthly,167610,302997,194973,158619,130745,2009-05-01
Dartford,http://landregistry.data.gov.uk/id/region/dartford,E07000107,2009-06,90,monthly,168942,305835,197256,160420,130468,2009-06-01
Dartford,http://landregistry.data.gov.uk/id/region/dartford,E07000107,2009-07,101,monthly,170368,309797,199485,162262,130306,2009-07-01
Dartford,http://landregistry.data.gov.uk/id/region/dartford,E07000107,2009-08,94,monthly,173471,316557,203454,165555,131820,2009-08-01
Dartford,http://landregistry.data.gov.uk/id/region/dartford,E07000107,2009-09,104,monthly,173418,317062,203579,165641,131375,2009-09-01
Dartford,http://landregistry.data.gov.uk/id/region/dartford,E07000107,2009-10,100,monthly,174806,320192,205504,166969,132136,2009-10-01
Dartford,http://landregistry.data.gov.uk/id/region/dartford,E07000107,2009-11,91,monthly,176927,324930,207939,169249,133310,2009-11-01
Dartford,http://landregistry.data.gov.uk/id/region/dartford,E07000107,2009-12,146,monthly,174676,319590,205607,167469,131107,2009-12-01
Dartford,http://landregistry.data.gov.uk/id/region/dartford,E07000107,2010-01,71,monthly,174465,321239,205999,167774,129571,2010-01-01
Dartford,http://landregistry.data.gov.uk/id/region/dartford,E07000107,2010-02,77,monthly,176352,325992,209209,169660,130110,2010-02-01
Dartford,http://landregistry.data.gov.uk/id/region/dartford,E07000107,2010-03,90,monthly,179299,334478,212911,172352,132088,2010-03-01
Dartford,http://landregistry.data.gov.uk/id/region/dartford,E07000107,2010-04,80,monthly,184026,342305,218439,176716,136136,2010-04-01
Dartford,http://landregistry.data.gov.uk/id/region/dartford,E07000107,2010-05,82,monthly,183555,341655,217573,176298,135953,2010-05-01
Dartford,http://landregistry.data.gov.uk/id/region/dartford,E07000107,2010-06,102,monthly,185100,343930,219533,178132,136649,2010-06-01
Dartford,http://landregistry.data.gov.uk/id/region/dartford,E07000107,2010-07,109,monthly,183781,343651,218136,177119,134645,2010-07-01
Dartford,http://landregistry.data.gov.uk/id/region/dartford,E07000107,2010-08,106,monthly,185218,347340,220522,178418,134977,2010-08-01
Dartford,http://landregistry.data.gov.uk/id/region/dartford,E07000107,2010-09,116,monthly,185018,348974,220445,178086,134385,2010-09-01
Dartford,http://landregistry.data.gov.uk/id/region/dartford,E07000107,2010-10,112,monthly,183935,346539,219134,176776,134075,2010-10-01
Dartford,http://landregistry.data.gov.uk/id/region/dartford,E07000107,2010-11,107,monthly,183117,345630,217910,175744,133884,2010-11-01
Dartford,http://landregistry.data.gov.uk/id/region/dartford,E07000107,2010-12,120,monthly,182176,343344,216969,174617,133469,2010-12-01
Dartford,http://landregistry.data.gov.uk/id/region/dartford,E07000107,2011-01,79,monthly,180342,340915,214508,172733,132294,2011-01-01
Dartford,http://landregistry.data.gov.uk/id/region/dartford,E07000107,2011-02,89,monthly,180154,340808,213855,172625,132323,2011-02-01
Dartford,http://landregistry.data.gov.uk/id/region/dartford,E07000107,2011-03,94,monthly,177162,336877,210007,169637,130094,2011-03-01
Dartford,http://landregistry.data.gov.uk/id/region/dartford,E07000107,2011-04,94,monthly,175951,334087,208461,168501,129318,2011-04-01
Dartford,http://landregistry.data.gov.uk/id/region/dartford,E07000107,2011-05,101,monthly,174426,329979,206547,166876,128650,2011-05-01
Dartford,http://landregistry.data.gov.uk/id/region/dartford,E07000107,2011-06,125,monthly,177605,333914,210689,170112,130872,2011-06-01
Dartford,http://landregistry.data.gov.uk/id/region/dartford,E07000107,2011-07,122,monthly,179349,336305,212807,171774,132275,2011-07-01
Dartford,http://landregistry.data.gov.uk/id/region/dartford,E07000107,2011-08,122,monthly,180662,340426,215271,173462,131946,2011-08-01
Dartford,http://landregistry.data.gov.uk/id/region/dartford,E07000107,2011-09,126,monthly,181470,343793,216394,174330,132046,2011-09-01
Dartford,http://landregistry.data.gov.uk/id/region/dartford,E07000107,2011-10,131,monthly,180701,344216,216174,173509,130887,2011-10-01
Dartford,http://landregistry.data.gov.uk/id/region/dartford,E07000107,2011-11,111,monthly,180400,342604,215408,172901,131439,2011-11-01
Dartford,http://landregistry.data.gov.uk/id/region/dartford,E07000107,2011-12,149,monthly,180028,340640,215093,172320,131558,2011-12-01
Dartford,http://landregistry.data.gov.uk/id/region/dartford,E07000107,2012-01,76,monthly,181429,342284,217003,173951,132259,2012-01-01
Dartford,http://landregistry.data.gov.uk/id/region/dartford,E07000107,2012-02,84,monthly,183193,345884,219184,175886,133256,2012-02-01
Dartford,http://landregistry.data.gov.uk/id/region/dartford,E07000107,2012-03,136,monthly,186862,351357,223323,179823,136073,2012-03-01
Dartford,http://landregistry.data.gov.uk/id/region/dartford,E07000107,2012-04,67,monthly,185651,348571,221399,178601,135728,2012-04-01
Dartford,http://landregistry.data.gov.uk/id/region/dartford,E07000107,2012-05,114,monthly,184912,346177,220571,178016,135231,2012-05-01
Dartford,http://landregistry.data.gov.uk/id/region/dartford,E07000107,2012-06,124,monthly,182697,342291,217904,176244,133067,2012-06-01
Dartford,http://landregistry.data.gov.uk/id/region/dartford,E07000107,2012-07,88,monthly,186782,349785,222821,180465,135666,2012-07-01
Dartford,http://landregistry.data.gov.uk/id/region/dartford,E07000107,2012-08,142,monthly,187509,351254,223826,181473,135655,2012-08-01
Dartford,http://landregistry.data.gov.uk/id/region/dartford,E07000107,2012-09,106,monthly,190180,357353,227099,183912,137450,2012-09-01
Dartford,http://landregistry.data.gov.uk/id/region/dartford,E07000107,2012-10,108,monthly,192428,361618,229792,186043,139115,2012-10-01
Dartford,http://landregistry.data.gov.uk/id/region/dartford,E07000107,2012-11,151,monthly,192895,363043,230152,186457,139505,2012-11-01
Dartford,http://landregistry.data.gov.uk/id/region/dartford,E07000107,2012-12,144,monthly,192292,362671,229343,185799,139043,2012-12-01
Dartford,http://landregistry.data.gov.uk/id/region/dartford,E07000107,2013-01,91,monthly,189984,358681,227216,183608,136799,2013-01-01
Dartford,http://landregistry.data.gov.uk/id/region/dartford,E07000107,2013-02,91,monthly,190279,359027,227761,183882,136882,2013-02-01
Dartford,http://landregistry.data.gov.uk/id/region/dartford,E07000107,2013-03,143,monthly,187730,354215,224679,181254,135223,2013-03-01
Dartford,http://landregistry.data.gov.uk/id/region/dartford,E07000107,2013-04,102,monthly,187983,354366,224362,181646,135623,2013-04-01
Dartford,http://landregistry.data.gov.uk/id/region/dartford,E07000107,2013-05,113,monthly,190727,358627,227498,184356,137790,2013-05-01
Dartford,http://landregistry.data.gov.uk/id/region/dartford,E07000107,2013-06,160,monthly,194142,363568,231797,188074,139824,2013-06-01
Dartford,http://landregistry.data.gov.uk/id/region/dartford,E07000107,2013-07,115,monthly,194917,364787,232747,188999,140162,2013-07-01
Dartford,http://landregistry.data.gov.uk/id/region/dartford,E07000107,2013-08,170,monthly,195653,366915,234057,189795,140162,2013-08-01
Dartford,http://landregistry.data.gov.uk/id/region/dartford,E07000107,2013-09,151,monthly,195830,368763,234155,189857,140200,2013-09-01
Dartford,http://landregistry.data.gov.uk/id/region/dartford,E07000107,2013-10,184,monthly,196042,370769,234745,189745,140280,2013-10-01
Dartford,http://landregistry.data.gov.uk/id/region/dartford,E07000107,2013-11,172,monthly,197884,374268,236993,191507,141603,2013-11-01
Dartford,http://landregistry.data.gov.uk/id/region/dartford,E07000107,2013-12,196,monthly,200915,378243,240772,194420,144078,2013-12-01
Dartford,http://landregistry.data.gov.uk/id/region/dartford,E07000107,2014-01,156,monthly,202858,381363,243068,196283,145627,2014-01-01
Dartford,http://landregistry.data.gov.uk/id/region/dartford,E07000107,2014-02,123,monthly,204692,385370,245311,197894,147057,2014-02-01
Dartford,http://landregistry.data.gov.uk/id/region/dartford,E07000107,2014-03,129,monthly,205724,387959,247096,198762,147539,2014-03-01
Dartford,http://landregistry.data.gov.uk/id/region/dartford,E07000107,2014-04,157,monthly,210363,395576,252619,203522,150782,2014-04-01
Dartford,http://landregistry.data.gov.uk/id/region/dartford,E07000107,2014-05,183,monthly,214242,401570,257064,207633,153490,2014-05-01
Dartford,http://landregistry.data.gov.uk/id/region/dartford,E07000107,2014-06,194,monthly,219633,411608,263525,212995,157233,2014-06-01
Dartford,http://landregistry.data.gov.uk/id/region/dartford,E07000107,2014-07,187,monthly,220895,414417,265369,214345,157831,2014-07-01
Dartford,http://landregistry.data.gov.uk/id/region/dartford,E07000107,2014-08,199,monthly,222268,418231,267628,215656,158426,2014-08-01
Dartford,http://landregistry.data.gov.uk/id/region/dartford,E07000107,2014-09,188,monthly,224938,423695,270806,218289,160238,2014-09-01
Dartford,http://landregistry.data.gov.uk/id/region/dartford,E07000107,2014-10,228,monthly,226694,427219,272900,219681,161761,2014-10-01
Dartford,http://landregistry.data.gov.uk/id/region/dartford,E07000107,2014-11,175,monthly,228926,431537,275622,221510,163644,2014-11-01
Dartford,http://landregistry.data.gov.uk/id/region/dartford,E07000107,2014-12,197,monthly,226164,426888,272232,218555,161882,2014-12-01
Dartford,http://landregistry.data.gov.uk/id/region/dartford,E07000107,2015-01,138,monthly,229239,433254,275994,221404,164094,2015-01-01
Dartford,http://landregistry.data.gov.uk/id/region/dartford,E07000107,2015-02,143,monthly,231871,438723,278405,223868,166316,2015-02-01
Dartford,http://landregistry.data.gov.uk/id/region/dartford,E07000107,2015-03,148,monthly,236245,448235,283930,227859,169386,2015-03-01
Dartford,http://landregistry.data.gov.uk/id/region/dartford,E07000107,2015-04,172,monthly,237751,451351,285597,229523,170305,2015-04-01
Dartford,http://landregistry.data.gov.uk/id/region/dartford,E07000107,2015-05,183,monthly,238714,452469,287247,230411,170895,2015-05-01
Dartford,http://landregistry.data.gov.uk/id/region/dartford,E07000107,2015-06,212,monthly,243366,459860,293053,235678,173612,2015-06-01
Dartford,http://landregistry.data.gov.uk/id/region/dartford,E07000107,2015-07,221,monthly,245847,463970,296406,238108,175263,2015-07-01
Dartford,http://landregistry.data.gov.uk/id/region/dartford,E07000107,2015-08,196,monthly,251540,475348,303453,244049,178759,2015-08-01
Dartford,http://landregistry.data.gov.uk/id/region/dartford,E07000107,2015-09,197,monthly,254490,482877,306747,246540,181052,2015-09-01
Dartford,http://landregistry.data.gov.uk/id/region/dartford,E07000107,2015-10,219,monthly,258330,491142,311557,250412,183429,2015-10-01
Dartford,http://landregistry.data.gov.uk/id/region/dartford,E07000107,2015-11,212,monthly,259717,494281,313545,251606,184336,2015-11-01
Dartford,http://landregistry.data.gov.uk/id/region/dartford,E07000107,2015-12,218,monthly,263267,501421,318200,254959,186707,2015-12-01
Dartford,http://landregistry.data.gov.uk/id/region/dartford,E07000107,2016-01,161,monthly,266808,508116,322933,257944,189415,2016-01-01
Dartford,http://landregistry.data.gov.uk/id/region/dartford,E07000107,2016-02,180,monthly,268834,512357,325457,259721,190931,2016-02-01
Dartford,http://landregistry.data.gov.uk/id/region/dartford,E07000107,2016-03,281,monthly,272788,519730,330068,263349,194020,2016-03-01
Dartford,http://landregistry.data.gov.uk/id/region/dartford,E07000107,2016-04,160,monthly,270988,515780,327393,261856,192821,2016-04-01
Dartford,http://landregistry.data.gov.uk/id/region/dartford,E07000107,2016-05,193,monthly,272408,516090,328228,263246,194559,2016-05-01
Dartford,http://landregistry.data.gov.uk/id/region/dartford,E07000107,2016-06,231,monthly,272664,515872,328163,263688,194834,2016-06-01
Dartford,http://landregistry.data.gov.uk/id/region/dartford,E07000107,2016-07,191,monthly,282814,535051,340225,273571,202103,2016-07-01
Dartford,http://landregistry.data.gov.uk/id/region/dartford,E07000107,2016-08,173,monthly,285051,540734,343142,275834,203306,2016-08-01
Dartford,http://landregistry.data.gov.uk/id/region/dartford,E07000107,2016-09,195,monthly,285370,541508,343965,275806,203609,2016-09-01
Dartford,http://landregistry.data.gov.uk/id/region/dartford,E07000107,2016-10,193,monthly,283411,539254,341721,273025,202770,2016-10-01
Dartford,http://landregistry.data.gov.uk/id/region/dartford,E07000107,2016-11,203,monthly,284318,543269,343168,273092,203683,2016-11-01
Dartford,http://landregistry.data.gov.uk/id/region/dartford,E07000107,2016-12,213,monthly,284987,545288,343523,273372,204611,2016-12-01
Dartford,http://landregistry.data.gov.uk/id/region/dartford,E07000107,2017-01,172,monthly,288076,551592,347302,276404,206685,2017-01-01
Dartford,http://landregistry.data.gov.uk/id/region/dartford,E07000107,2017-02,191,monthly,291336,555623,350000,279240,210060,2017-02-01
Dartford,http://landregistry.data.gov.uk/id/region/dartford,E07000107,2017-03,198,monthly,295994,564206,355622,283442,213640,2017-03-01
Dartford,http://landregistry.data.gov.uk/id/region/dartford,E07000107,2017-04,159,monthly,294818,560945,353415,282220,213321,2017-04-01
Dartford,http://landregistry.data.gov.uk/id/region/dartford,E07000107,2017-05,179,monthly,291775,553547,350318,279182,211210,2017-05-01
Dartford,http://landregistry.data.gov.uk/id/region/dartford,E07000107,2017-06,323,monthly,289266,547028,347011,277168,209370,2017-06-01
Dartford,http://landregistry.data.gov.uk/id/region/dartford,E07000107,2017-07,249,monthly,293693,553948,352533,281229,212835,2017-07-01
Dartford,http://landregistry.data.gov.uk/id/region/dartford,E07000107,2017-08,206,monthly,299882,566056,359794,288061,216493,2017-08-01
Dartford,http://landregistry.data.gov.uk/id/region/dartford,E07000107,2017-09,214,monthly,305035,577037,366252,293013,219947,2017-09-01
Dartford,http://landregistry.data.gov.uk/id/region/dartford,E07000107,2017-10,216,monthly,301926,572931,363257,290248,216990,2017-10-01
Dartford,http://landregistry.data.gov.uk/id/region/dartford,E07000107,2017-11,197,monthly,296552,564018,357562,284723,212991,2017-11-01
Dartford,http://landregistry.data.gov.uk/id/region/dartford,E07000107,2017-12,214,monthly,301032,572423,363554,289211,215814,2017-12-01
Dartford,http://landregistry.data.gov.uk/id/region/dartford,E07000107,2018-01,189,monthly,301261,573446,364133,289265,215940,2018-01-01
Dartford,http://landregistry.data.gov.uk/id/region/dartford,E07000107,2018-02,153,monthly,305559,584916,370031,293319,218366,2018-02-01
Dartford,http://landregistry.data.gov.uk/id/region/dartford,E07000107,2018-03,205,monthly,294025,564537,356380,282209,209792,2018-03-01
Dartford,http://landregistry.data.gov.uk/id/region/dartford,E07000107,2018-04,160,monthly,295081,566844,357923,283874,209698,2018-04-01
Dartford,http://landregistry.data.gov.uk/id/region/dartford,E07000107,2018-05,236,monthly,288742,553706,350435,278245,204731,2018-05-01
Dartford,http://landregistry.data.gov.uk/id/region/dartford,E07000107,2018-06,272,monthly,291956,559169,354896,281261,206876,2018-06-01
Dartford,http://landregistry.data.gov.uk/id/region/dartford,E07000107,2018-07,240,monthly,291149,558695,354011,280520,206075,2018-07-01
Dartford,http://landregistry.data.gov.uk/id/region/dartford,E07000107,2018-08,196,monthly,297117,569549,361279,286430,210209,2018-08-01
Dartford,http://landregistry.data.gov.uk/id/region/dartford,E07000107,2018-09,202,monthly,299648,575465,364467,289173,211495,2018-09-01
Dartford,http://landregistry.data.gov.uk/id/region/dartford,E07000107,2018-10,228,monthly,297475,571383,362036,286783,210129,2018-10-01
Dartford,http://landregistry.data.gov.uk/id/region/dartford,E07000107,2018-11,225,monthly,297404,572744,362246,286706,209736,2018-11-01
Dartford,http://landregistry.data.gov.uk/id/region/dartford,E07000107,2018-12,247,monthly,290764,559612,354183,279903,205491,2018-12-01
Dartford,http://landregistry.data.gov.uk/id/region/dartford,E07000107,2019-01,126,monthly,293965,567092,358564,282900,207408,2019-01-01
Dartford,http://landregistry.data.gov.uk/id/region/dartford,E07000107,2019-02,153,monthly,291001,561942,355032,279449,205766,2019-02-01
Dartford,http://landregistry.data.gov.uk/id/region/dartford,E07000107,2019-03,166,monthly,294747,570408,360252,283315,207671,2019-03-01
Dartford,http://landregistry.data.gov.uk/id/region/dartford,E07000107,2019-04,152,monthly,293019,565417,357962,282204,206248,2019-04-01
Dartford,http://landregistry.data.gov.uk/id/region/dartford,E07000107,2019-05,147,monthly,298721,575089,365246,288663,209401,2019-05-01
Dartford,http://landregistry.data.gov.uk/id/region/dartford,E07000107,2019-06,177,monthly,300548,577694,367496,290736,210514,2019-06-01
Dartford,http://landregistry.data.gov.uk/id/region/dartford,E07000107,2019-07,180,monthly,302307,581031,369487,292382,211878,2019-07-01
Dartford,http://landregistry.data.gov.uk/id/region/dartford,E07000107,2019-08,196,monthly,296383,570569,362308,286961,207299,2019-08-01
Dartford,http://landregistry.data.gov.uk/id/region/dartford,E07000107,2019-09,162,monthly,297627,572924,363104,288578,208135,2019-09-01
Dartford,http://landregistry.data.gov.uk/id/region/dartford,E07000107,2019-10,162,monthly,297439,572474,364069,288443,207420,2019-10-01
Dartford,http://landregistry.data.gov.uk/id/region/dartford,E07000107,2019-11,202,monthly,300405,578880,368673,291058,209189,2019-11-01
Dartford,http://landregistry.data.gov.uk/id/region/dartford,E07000107,2019-12,215,monthly,298484,575669,367170,289112,207470,2019-12-01
Dartford,http://landregistry.data.gov.uk/id/region/dartford,E07000107,2020-01,115,monthly,300307,580006,369317,291104,208468,2020-01-01
Dartford,http://landregistry.data.gov.uk/id/region/dartford,E07000107,2020-02,114,monthly,296705,573111,364870,287629,205949,2020-02-01
Dartford,http://landregistry.data.gov.uk/id/region/dartford,E07000107,2020-03,190,monthly,296658,573788,365054,287309,205938,2020-03-01
Dartford,http://landregistry.data.gov.uk/id/region/dartford,E07000107,2020-04,52,monthly,296993,577167,365751,288287,205115,2020-04-01
Dartford,http://landregistry.data.gov.uk/id/region/dartford,E07000107,2020-05,88,monthly,302764,588806,372901,293449,209381,2020-05-01
Dartford,http://landregistry.data.gov.uk/id/region/dartford,E07000107,2020-06,109,monthly,303332,589162,374511,294670,208920,2020-06-01
Dartford,http://landregistry.data.gov.uk/id/region/dartford,E07000107,2020-07,116,monthly,307216,593786,379149,298219,212269,2020-07-01
Dartford,http://landregistry.data.gov.uk/id/region/dartford,E07000107,2020-08,108,monthly,308753,597567,381874,300862,211904,2020-08-01
Dartford,http://landregistry.data.gov.uk/id/region/dartford,E07000107,2020-09,121,monthly,312537,607291,386535,304626,214101,2020-09-01
Dartford,http://landregistry.data.gov.uk/id/region/dartford,E07000107,2020-10,162,monthly,308419,601862,382258,301108,210144,2020-10-01
Dartford,http://landregistry.data.gov.uk/id/region/dartford,E07000107,2020-11,168,monthly,313002,610688,387751,305806,213188,2020-11-01
Dartford,http://landregistry.data.gov.uk/id/region/dartford,E07000107,2020-12,199,monthly,311409,607397,385726,304832,211684,2020-12-01
Dartford,http://landregistry.data.gov.uk/id/region/dartford,E07000107,2021-01,166,monthly,315408,609497,390127,308712,215503,2021-01-01
Dartford,http://landregistry.data.gov.uk/id/region/dartford,E07000107,2021-02,204,monthly,313020,599024,386228,306176,215366,2021-02-01
Dartford,http://landregistry.data.gov.uk/id/region/dartford,E07000107,2021-03,293,monthly,315520,597380,388301,308311,218835,2021-03-01
Dartford,http://landregistry.data.gov.uk/id/region/dartford,E07000107,2021-04,207,monthly,316769,600274,389574,309196,220073,2021-04-01
Dartford,http://landregistry.data.gov.uk/id/region/dartford,E07000107,2021-05,167,monthly,315900,599920,388723,308418,219087,2021-05-01
Dartford,http://landregistry.data.gov.uk/id/region/dartford,E07000107,2021-06,380,monthly,315368,598092,387239,309320,218106,2021-06-01
Dartford,http://landregistry.data.gov.uk/id/region/dartford,E07000107,2021-07,89,monthly,311797,592146,383807,305025,215650,2021-07-01
Dartford,http://landregistry.data.gov.uk/id/region/dartford,E07000107,2021-08,151,monthly,310350,592143,383383,303767,213332,2021-08-01
Dartford,http://landregistry.data.gov.uk/id/region/dartford,E07000107,2021-09,270,monthly,314055,601542,389445,306955,215033,2021-09-01
Dartford,http://landregistry.data.gov.uk/id/region/dartford,E07000107,2021-10,98,monthly,316941,612267,393530,310642,215226,2021-10-01
Dartford,http://landregistry.data.gov.uk/id/region/dartford,E07000107,2021-11,130,monthly,318008,615725,395110,311568,215709,2021-11-01
Dartford,http://landregistry.data.gov.uk/id/region/dartford,E07000107,2021-12,174,monthly,316938,617807,394540,310474,213992,2021-12-01
Dartford,http://landregistry.data.gov.uk/id/region/dartford,E07000107,2022-01,133,monthly,321406,624511,400701,315592,216320,2022-01-01
Dartford,http://landregistry.data.gov.uk/id/region/dartford,E07000107,2022-02,140,monthly,324195,628516,403971,318396,218608,2022-02-01
Dartford,http://landregistry.data.gov.uk/id/region/dartford,E07000107,2022-03,158,monthly,326114,632270,407371,319841,219703,2022-03-01
Dartford,http://landregistry.data.gov.uk/id/region/dartford,E07000107,2022-04,115,monthly,325722,630499,406139,320075,219399,2022-04-01
Dartford,http://landregistry.data.gov.uk/id/region/dartford,E07000107,2022-05,120,monthly,331116,640933,413508,326208,221715,2022-05-01
Dartford,http://landregistry.data.gov.uk/id/region/dartford,E07000107,2022-06,174,monthly,338428,653256,422223,334076,226457,2022-06-01
Dartford,http://landregistry.data.gov.uk/id/region/dartford,E07000107,2022-07,164,monthly,340035,655594,425153,336199,226504,2022-07-01
Dartford,http://landregistry.data.gov.uk/id/region/dartford,E07000107,2022-08,176,monthly,342733,660585,428633,339684,227394,2022-08-01
Dartford,http://landregistry.data.gov.uk/id/region/dartford,E07000107,2022-09,187,monthly,342184,660857,428678,339702,225750,2022-09-01
Dartford,http://landregistry.data.gov.uk/id/region/dartford,E07000107,2022-10,154,monthly,347644,673233,435696,344974,229096,2022-10-01
Dartford,http://landregistry.data.gov.uk/id/region/dartford,E07000107,2022-11,163,monthly,349685,678041,438443,346768,230433,2022-11-01
Dartford,http://landregistry.data.gov.uk/id/region/dartford,E07000107,2022-12,138,monthly,351540,680876,440905,348523,231785,2022-12-01
Dartford,http://landregistry.data.gov.uk/id/region/dartford,E07000107,2023-01,99,monthly,345393,668503,433093,342113,228210,2023-01-01
Dartford,http://landregistry.data.gov.uk/id/region/dartford,E07000107,2023-02,128,monthly,341742,663828,428861,337881,225864,2023-02-01
Dartford,http://landregistry.data.gov.uk/id/region/dartford,E07000107,2023-03,96,monthly,338457,660901,425590,333503,223783,2023-03-01
Dartford,http://landregistry.data.gov.uk/id/region/dartford,E07000107,2023-04,72,monthly,335844,657250,422558,330411,222152,2023-04-01
Dartford,http://landregistry.data.gov.uk/id/region/dartford,E07000107,2023-05,89,monthly,336639,656691,423130,330903,223505,2023-05-01
Dartford,http://landregistry.data.gov.uk/id/region/dartford,E07000107,2023-06,93,monthly,333309,648244,417963,328398,221435,2023-06-01
Dartford,http://landregistry.data.gov.uk/id/region/dartford,E07000107,2023-07,96,monthly,342543,665303,430053,338247,226773,2023-07-01
Dartford,http://landregistry.data.gov.uk/id/region/dartford,E07000107,2023-08,102,monthly,343596,668452,432255,340371,225863,2023-08-01
Dartford,http://landregistry.data.gov.uk/id/region/dartford,E07000107,2023-09,104,monthly,346351,675224,436334,343521,226752,2023-09-01
Dartford,http://landregistry.data.gov.uk/id/region/dartford,E07000107,2023-10,88,monthly,346182,674654,436453,343141,226696,2023-10-01
Dartford,http://landregistry.data.gov.uk/id/region/dartford,E07000107,2023-11,89,monthly,345307,674833,435685,341198,226603,2023-11-01
Dartford,http://landregistry.data.gov.uk/id/region/dartford,E07000107,2023-12,87,monthly,346033,675576,437370,341255,227372,2023-12-01
Dartford,http://landregistry.data.gov.uk/id/region/dartford,E07000107,2024-01,42,monthly,345388,675352,436842,341197,226125,2024-01-01
Dartford,http://landregistry.data.gov.uk/id/region/dartford,E07000107,2024-02,42,monthly,346521,675836,438936,342494,226666,2024-02-01
Dartford,http://landregistry.data.gov.uk/id/region/dartford,E07000107,2024-03,,monthly,347090,676018,439593,342222,227999,2024-03-01
Dartford,http://landregistry.data.gov.uk/id/region/dartford,E07000107,2024-04,,monthly,345632,670428,437937,339616,228412,2024-04-01
