"Name","URI","Region GSS code","Period","Sales volume","Reporting period","Average price All property types","Average price Detached houses","Average price Semi-detached houses","Average price Terraced houses","Average price Flats and maisonettes","Pivotable date"
Derby,http://landregistry.data.gov.uk/id/region/city-of-derby,E06000015,2004-01,378,monthly,104635,164888,101618,80114,71626,2004-01-01
Derby,http://landregistry.data.gov.uk/id/region/city-of-derby,E06000015,2004-02,363,monthly,105077,164870,101944,80722,72166,2004-02-01
Derby,http://landregistry.data.gov.uk/id/region/city-of-derby,E06000015,2004-03,438,monthly,104362,163929,101044,80269,71532,2004-03-01
Derby,http://landregistry.data.gov.uk/id/region/city-of-derby,E06000015,2004-04,528,monthly,106621,165616,103326,82496,73153,2004-04-01
Derby,http://landregistry.data.gov.uk/id/region/city-of-derby,E06000015,2004-05,473,monthly,110481,170056,106968,86018,75999,2004-05-01
Derby,http://landregistry.data.gov.uk/id/region/city-of-derby,E06000015,2004-06,509,monthly,115402,176273,111848,90120,79757,2004-06-01
Derby,http://landregistry.data.gov.uk/id/region/city-of-derby,E06000015,2004-07,549,monthly,117446,178944,113884,91847,81006,2004-07-01
Derby,http://landregistry.data.gov.uk/id/region/city-of-derby,E06000015,2004-08,489,monthly,118031,179899,114483,92281,81276,2004-08-01
Derby,http://landregistry.data.gov.uk/id/region/city-of-derby,E06000015,2004-09,403,monthly,121017,184769,117295,94669,82844,2004-09-01
Derby,http://landregistry.data.gov.uk/id/region/city-of-derby,E06000015,2004-10,406,monthly,123191,188267,119234,96374,84743,2004-10-01
Derby,http://landregistry.data.gov.uk/id/region/city-of-derby,E06000015,2004-11,370,monthly,124603,190359,120540,97503,85972,2004-11-01
Derby,http://landregistry.data.gov.uk/id/region/city-of-derby,E06000015,2004-12,337,monthly,121361,184568,117312,95206,84340,2004-12-01
Derby,http://landregistry.data.gov.uk/id/region/city-of-derby,E06000015,2005-01,226,monthly,121058,184061,116757,95135,84479,2005-01-01
Derby,http://landregistry.data.gov.uk/id/region/city-of-derby,E06000015,2005-02,216,monthly,121080,183663,116785,95230,84680,2005-02-01
Derby,http://landregistry.data.gov.uk/id/region/city-of-derby,E06000015,2005-03,327,monthly,123708,187700,119382,97228,86401,2005-03-01
Derby,http://landregistry.data.gov.uk/id/region/city-of-derby,E06000015,2005-04,329,monthly,124265,187386,120074,97879,86729,2005-04-01
Derby,http://landregistry.data.gov.uk/id/region/city-of-derby,E06000015,2005-05,373,monthly,123731,186380,119362,97652,86478,2005-05-01
Derby,http://landregistry.data.gov.uk/id/region/city-of-derby,E06000015,2005-06,439,monthly,124562,186234,120014,98807,87183,2005-06-01
Derby,http://landregistry.data.gov.uk/id/region/city-of-derby,E06000015,2005-07,425,monthly,124155,185697,119609,98501,86775,2005-07-01
Derby,http://landregistry.data.gov.uk/id/region/city-of-derby,E06000015,2005-08,445,monthly,127218,190128,122461,101101,88726,2005-08-01
Derby,http://landregistry.data.gov.uk/id/region/city-of-derby,E06000015,2005-09,431,monthly,125699,188535,120890,99835,87461,2005-09-01
Derby,http://landregistry.data.gov.uk/id/region/city-of-derby,E06000015,2005-10,432,monthly,128535,192734,123369,102252,89701,2005-10-01
Derby,http://landregistry.data.gov.uk/id/region/city-of-derby,E06000015,2005-11,430,monthly,125702,188216,120654,100056,87793,2005-11-01
Derby,http://landregistry.data.gov.uk/id/region/city-of-derby,E06000015,2005-12,478,monthly,126433,188420,121218,100861,88996,2005-12-01
Derby,http://landregistry.data.gov.uk/id/region/city-of-derby,E06000015,2006-01,305,monthly,123695,184247,118480,98842,86888,2006-01-01
Derby,http://landregistry.data.gov.uk/id/region/city-of-derby,E06000015,2006-02,340,monthly,125965,187078,120505,100813,88941,2006-02-01
Derby,http://landregistry.data.gov.uk/id/region/city-of-derby,E06000015,2006-03,461,monthly,127920,190607,122482,102217,89776,2006-03-01
Derby,http://landregistry.data.gov.uk/id/region/city-of-derby,E06000015,2006-04,462,monthly,129961,192886,124550,103977,91326,2006-04-01
Derby,http://landregistry.data.gov.uk/id/region/city-of-derby,E06000015,2006-05,469,monthly,131704,195310,126389,105387,92202,2006-05-01
Derby,http://landregistry.data.gov.uk/id/region/city-of-derby,E06000015,2006-06,537,monthly,132055,194797,126790,105979,92437,2006-06-01
Derby,http://landregistry.data.gov.uk/id/region/city-of-derby,E06000015,2006-07,482,monthly,132654,195658,127277,106687,92414,2006-07-01
Derby,http://landregistry.data.gov.uk/id/region/city-of-derby,E06000015,2006-08,563,monthly,132207,195092,126769,106589,91403,2006-08-01
Derby,http://landregistry.data.gov.uk/id/region/city-of-derby,E06000015,2006-09,472,monthly,132417,196097,126938,106680,91112,2006-09-01
Derby,http://landregistry.data.gov.uk/id/region/city-of-derby,E06000015,2006-10,488,monthly,133471,197873,127959,107440,91846,2006-10-01
Derby,http://landregistry.data.gov.uk/id/region/city-of-derby,E06000015,2006-11,493,monthly,134845,199895,129382,108498,92665,2006-11-01
Derby,http://landregistry.data.gov.uk/id/region/city-of-derby,E06000015,2006-12,477,monthly,137066,202173,131483,110599,94423,2006-12-01
Derby,http://landregistry.data.gov.uk/id/region/city-of-derby,E06000015,2007-01,342,monthly,139486,205707,133784,112616,95984,2007-01-01
Derby,http://landregistry.data.gov.uk/id/region/city-of-derby,E06000015,2007-02,351,monthly,138776,204499,132990,111972,96059,2007-02-01
Derby,http://landregistry.data.gov.uk/id/region/city-of-derby,E06000015,2007-03,540,monthly,138322,204361,132512,111604,95285,2007-03-01
Derby,http://landregistry.data.gov.uk/id/region/city-of-derby,E06000015,2007-04,433,monthly,136739,201314,130964,110643,94109,2007-04-01
Derby,http://landregistry.data.gov.uk/id/region/city-of-derby,E06000015,2007-05,459,monthly,139864,205151,133883,113536,96204,2007-05-01
Derby,http://landregistry.data.gov.uk/id/region/city-of-derby,E06000015,2007-06,524,monthly,140374,205526,134281,114107,96702,2007-06-01
Derby,http://landregistry.data.gov.uk/id/region/city-of-derby,E06000015,2007-07,566,monthly,142475,209114,136178,115755,98130,2007-07-01
Derby,http://landregistry.data.gov.uk/id/region/city-of-derby,E06000015,2007-08,552,monthly,141758,208972,135500,115263,96693,2007-08-01
Derby,http://landregistry.data.gov.uk/id/region/city-of-derby,E06000015,2007-09,441,monthly,142523,210683,136234,115818,96895,2007-09-01
Derby,http://landregistry.data.gov.uk/id/region/city-of-derby,E06000015,2007-10,389,monthly,141787,210149,135432,115118,96409,2007-10-01
Derby,http://landregistry.data.gov.uk/id/region/city-of-derby,E06000015,2007-11,443,monthly,140321,208204,134076,113690,95671,2007-11-01
Derby,http://landregistry.data.gov.uk/id/region/city-of-derby,E06000015,2007-12,326,monthly,140196,207905,133908,113553,95862,2007-12-01
Derby,http://landregistry.data.gov.uk/id/region/city-of-derby,E06000015,2008-01,256,monthly,138553,205670,132318,112124,94850,2008-01-01
Derby,http://landregistry.data.gov.uk/id/region/city-of-derby,E06000015,2008-02,291,monthly,139746,207436,133366,113064,95906,2008-02-01
Derby,http://landregistry.data.gov.uk/id/region/city-of-derby,E06000015,2008-03,304,monthly,136010,202393,129967,109910,92869,2008-03-01
Derby,http://landregistry.data.gov.uk/id/region/city-of-derby,E06000015,2008-04,301,monthly,136155,202786,130165,110163,92444,2008-04-01
Derby,http://landregistry.data.gov.uk/id/region/city-of-derby,E06000015,2008-05,301,monthly,134773,200340,128955,109125,91364,2008-05-01
Derby,http://landregistry.data.gov.uk/id/region/city-of-derby,E06000015,2008-06,268,monthly,137187,203454,131181,111249,93155,2008-06-01
Derby,http://landregistry.data.gov.uk/id/region/city-of-derby,E06000015,2008-07,264,monthly,136014,201566,130293,110109,92348,2008-07-01
Derby,http://landregistry.data.gov.uk/id/region/city-of-derby,E06000015,2008-08,203,monthly,134758,200153,129007,109178,91192,2008-08-01
Derby,http://landregistry.data.gov.uk/id/region/city-of-derby,E06000015,2008-09,185,monthly,129857,194537,124170,104911,87684,2008-09-01
Derby,http://landregistry.data.gov.uk/id/region/city-of-derby,E06000015,2008-10,185,monthly,124179,186364,118659,100273,83902,2008-10-01
Derby,http://landregistry.data.gov.uk/id/region/city-of-derby,E06000015,2008-11,177,monthly,119908,180174,114716,96618,81001,2008-11-01
Derby,http://landregistry.data.gov.uk/id/region/city-of-derby,E06000015,2008-12,199,monthly,120240,179643,115198,97177,80970,2008-12-01
Derby,http://landregistry.data.gov.uk/id/region/city-of-derby,E06000015,2009-01,123,monthly,121167,181562,115939,97860,81685,2009-01-01
Derby,http://landregistry.data.gov.uk/id/region/city-of-derby,E06000015,2009-02,96,monthly,118345,177580,113216,95472,80087,2009-02-01
Derby,http://landregistry.data.gov.uk/id/region/city-of-derby,E06000015,2009-03,183,monthly,113822,171217,108851,91536,77683,2009-03-01
Derby,http://landregistry.data.gov.uk/id/region/city-of-derby,E06000015,2009-04,190,monthly,111491,166900,106888,89702,76218,2009-04-01
Derby,http://landregistry.data.gov.uk/id/region/city-of-derby,E06000015,2009-05,187,monthly,112649,168095,108077,90824,76869,2009-05-01
Derby,http://landregistry.data.gov.uk/id/region/city-of-derby,E06000015,2009-06,238,monthly,117111,174531,112436,94568,79441,2009-06-01
Derby,http://landregistry.data.gov.uk/id/region/city-of-derby,E06000015,2009-07,240,monthly,120577,179809,115727,97535,81140,2009-07-01
Derby,http://landregistry.data.gov.uk/id/region/city-of-derby,E06000015,2009-08,260,monthly,124823,186636,119718,101010,83380,2009-08-01
Derby,http://landregistry.data.gov.uk/id/region/city-of-derby,E06000015,2009-09,262,monthly,124507,186408,119436,100751,82721,2009-09-01
Derby,http://landregistry.data.gov.uk/id/region/city-of-derby,E06000015,2009-10,266,monthly,125240,187711,120288,101213,82807,2009-10-01
Derby,http://landregistry.data.gov.uk/id/region/city-of-derby,E06000015,2009-11,241,monthly,124207,186356,119213,100489,81734,2009-11-01
Derby,http://landregistry.data.gov.uk/id/region/city-of-derby,E06000015,2009-12,368,monthly,125429,187221,120526,101835,82275,2009-12-01
Derby,http://landregistry.data.gov.uk/id/region/city-of-derby,E06000015,2010-01,166,monthly,124592,186835,119588,101145,80947,2010-01-01
Derby,http://landregistry.data.gov.uk/id/region/city-of-derby,E06000015,2010-02,183,monthly,122883,184381,118177,99596,79381,2010-02-01
Derby,http://landregistry.data.gov.uk/id/region/city-of-derby,E06000015,2010-03,256,monthly,120225,181800,115547,96935,77505,2010-03-01
Derby,http://landregistry.data.gov.uk/id/region/city-of-derby,E06000015,2010-04,245,monthly,121535,182973,116993,98026,78728,2010-04-01
Derby,http://landregistry.data.gov.uk/id/region/city-of-derby,E06000015,2010-05,202,monthly,122024,183816,117407,98362,79278,2010-05-01
Derby,http://landregistry.data.gov.uk/id/region/city-of-derby,E06000015,2010-06,290,monthly,124712,187388,120028,100806,80692,2010-06-01
Derby,http://landregistry.data.gov.uk/id/region/city-of-derby,E06000015,2010-07,305,monthly,125205,188663,120411,101230,80495,2010-07-01
Derby,http://landregistry.data.gov.uk/id/region/city-of-derby,E06000015,2010-08,241,monthly,126666,191185,121953,102276,80924,2010-08-01
Derby,http://landregistry.data.gov.uk/id/region/city-of-derby,E06000015,2010-09,228,monthly,125862,190943,121110,101367,80103,2010-09-01
Derby,http://landregistry.data.gov.uk/id/region/city-of-derby,E06000015,2010-10,230,monthly,123300,187332,118676,99118,78567,2010-10-01
Derby,http://landregistry.data.gov.uk/id/region/city-of-derby,E06000015,2010-11,258,monthly,122333,186330,117663,98166,78138,2010-11-01
Derby,http://landregistry.data.gov.uk/id/region/city-of-derby,E06000015,2010-12,219,monthly,119801,182065,115395,96076,76692,2010-12-01
Derby,http://landregistry.data.gov.uk/id/region/city-of-derby,E06000015,2011-01,195,monthly,120006,182700,115516,96140,76967,2011-01-01
Derby,http://landregistry.data.gov.uk/id/region/city-of-derby,E06000015,2011-02,186,monthly,118156,179899,113604,94788,75801,2011-02-01
Derby,http://landregistry.data.gov.uk/id/region/city-of-derby,E06000015,2011-03,201,monthly,118869,181972,114124,95134,76193,2011-03-01
Derby,http://landregistry.data.gov.uk/id/region/city-of-derby,E06000015,2011-04,252,monthly,118527,181281,113766,94970,75937,2011-04-01
Derby,http://landregistry.data.gov.uk/id/region/city-of-derby,E06000015,2011-05,204,monthly,119249,181926,114590,95526,76711,2011-05-01
Derby,http://landregistry.data.gov.uk/id/region/city-of-derby,E06000015,2011-06,242,monthly,119639,181329,115181,96100,77027,2011-06-01
Derby,http://landregistry.data.gov.uk/id/region/city-of-derby,E06000015,2011-07,293,monthly,121827,184268,117352,97888,78677,2011-07-01
Derby,http://landregistry.data.gov.uk/id/region/city-of-derby,E06000015,2011-08,273,monthly,123889,187687,119436,99533,79160,2011-08-01
Derby,http://landregistry.data.gov.uk/id/region/city-of-derby,E06000015,2011-09,284,monthly,124788,189677,120136,100269,79321,2011-09-01
Derby,http://landregistry.data.gov.uk/id/region/city-of-derby,E06000015,2011-10,234,monthly,123789,188741,119300,99221,78180,2011-10-01
Derby,http://landregistry.data.gov.uk/id/region/city-of-derby,E06000015,2011-11,255,monthly,120884,184268,116536,96736,76884,2011-11-01
Derby,http://landregistry.data.gov.uk/id/region/city-of-derby,E06000015,2011-12,284,monthly,120726,183603,116612,96482,77046,2011-12-01
Derby,http://landregistry.data.gov.uk/id/region/city-of-derby,E06000015,2012-01,167,monthly,118807,180130,114882,95054,75820,2012-01-01
Derby,http://landregistry.data.gov.uk/id/region/city-of-derby,E06000015,2012-02,192,monthly,119433,180708,115497,95854,75718,2012-02-01
Derby,http://landregistry.data.gov.uk/id/region/city-of-derby,E06000015,2012-03,235,monthly,119412,180007,115549,96103,75762,2012-03-01
Derby,http://landregistry.data.gov.uk/id/region/city-of-derby,E06000015,2012-04,175,monthly,119772,180631,115803,96406,76155,2012-04-01
Derby,http://landregistry.data.gov.uk/id/region/city-of-derby,E06000015,2012-05,204,monthly,119973,181043,115951,96505,76479,2012-05-01
Derby,http://landregistry.data.gov.uk/id/region/city-of-derby,E06000015,2012-06,248,monthly,121688,183638,117439,98128,77353,2012-06-01
Derby,http://landregistry.data.gov.uk/id/region/city-of-derby,E06000015,2012-07,248,monthly,122813,185014,118489,99280,77917,2012-07-01
Derby,http://landregistry.data.gov.uk/id/region/city-of-derby,E06000015,2012-08,239,monthly,123790,186149,119467,100326,78110,2012-08-01
Derby,http://landregistry.data.gov.uk/id/region/city-of-derby,E06000015,2012-09,207,monthly,121401,183184,117101,98168,76468,2012-09-01
Derby,http://landregistry.data.gov.uk/id/region/city-of-derby,E06000015,2012-10,271,monthly,121010,182573,116827,97753,76218,2012-10-01
Derby,http://landregistry.data.gov.uk/id/region/city-of-derby,E06000015,2012-11,304,monthly,120982,182767,116785,97585,76345,2012-11-01
Derby,http://landregistry.data.gov.uk/id/region/city-of-derby,E06000015,2012-12,207,monthly,121156,182986,117097,97645,76268,2012-12-01
Derby,http://landregistry.data.gov.uk/id/region/city-of-derby,E06000015,2013-01,191,monthly,121843,184224,117916,98015,76414,2013-01-01
Derby,http://landregistry.data.gov.uk/id/region/city-of-derby,E06000015,2013-02,142,monthly,124515,188388,120510,100117,78030,2013-02-01
Derby,http://landregistry.data.gov.uk/id/region/city-of-derby,E06000015,2013-03,243,monthly,124689,189107,120645,100064,78209,2013-03-01
Derby,http://landregistry.data.gov.uk/id/region/city-of-derby,E06000015,2013-04,204,monthly,125676,190499,121482,101011,78943,2013-04-01
Derby,http://landregistry.data.gov.uk/id/region/city-of-derby,E06000015,2013-05,296,monthly,123794,187279,119751,99541,77939,2013-05-01
Derby,http://landregistry.data.gov.uk/id/region/city-of-derby,E06000015,2013-06,243,monthly,127396,191768,123331,102802,80170,2013-06-01
Derby,http://landregistry.data.gov.uk/id/region/city-of-derby,E06000015,2013-07,320,monthly,129137,194231,124897,104409,81290,2013-07-01
Derby,http://landregistry.data.gov.uk/id/region/city-of-derby,E06000015,2013-08,314,monthly,129544,194836,125261,104810,81369,2013-08-01
Derby,http://landregistry.data.gov.uk/id/region/city-of-derby,E06000015,2013-09,244,monthly,127295,192411,122970,102694,79778,2013-09-01
Derby,http://landregistry.data.gov.uk/id/region/city-of-derby,E06000015,2013-10,301,monthly,126092,191357,121934,101288,78706,2013-10-01
Derby,http://landregistry.data.gov.uk/id/region/city-of-derby,E06000015,2013-11,368,monthly,124565,189494,120521,99809,77579,2013-11-01
Derby,http://landregistry.data.gov.uk/id/region/city-of-derby,E06000015,2013-12,332,monthly,127236,192675,123377,102017,79534,2013-12-01
Derby,http://landregistry.data.gov.uk/id/region/city-of-derby,E06000015,2014-01,275,monthly,127269,192375,123388,102183,79786,2014-01-01
Derby,http://landregistry.data.gov.uk/id/region/city-of-derby,E06000015,2014-02,300,monthly,130458,197169,126492,104742,81830,2014-02-01
Derby,http://landregistry.data.gov.uk/id/region/city-of-derby,E06000015,2014-03,285,monthly,128352,194214,124492,102940,80312,2014-03-01
Derby,http://landregistry.data.gov.uk/id/region/city-of-derby,E06000015,2014-04,280,monthly,130099,196312,126266,104519,81356,2014-04-01
Derby,http://landregistry.data.gov.uk/id/region/city-of-derby,E06000015,2014-05,339,monthly,130109,195760,126327,104723,81394,2014-05-01
Derby,http://landregistry.data.gov.uk/id/region/city-of-derby,E06000015,2014-06,327,monthly,132902,199830,129005,107106,82988,2014-06-01
Derby,http://landregistry.data.gov.uk/id/region/city-of-derby,E06000015,2014-07,383,monthly,133463,200809,129502,107599,83124,2014-07-01
Derby,http://landregistry.data.gov.uk/id/region/city-of-derby,E06000015,2014-08,379,monthly,136888,206314,132778,110314,85002,2014-08-01
Derby,http://landregistry.data.gov.uk/id/region/city-of-derby,E06000015,2014-09,333,monthly,137625,207675,133356,110906,85567,2014-09-01
Derby,http://landregistry.data.gov.uk/id/region/city-of-derby,E06000015,2014-10,366,monthly,137459,207621,133284,110572,85550,2014-10-01
Derby,http://landregistry.data.gov.uk/id/region/city-of-derby,E06000015,2014-11,294,monthly,136342,206235,132279,109435,84933,2014-11-01
Derby,http://landregistry.data.gov.uk/id/region/city-of-derby,E06000015,2014-12,340,monthly,135578,205301,131618,108629,84496,2014-12-01
Derby,http://landregistry.data.gov.uk/id/region/city-of-derby,E06000015,2015-01,241,monthly,135302,204850,131386,108371,84388,2015-01-01
Derby,http://landregistry.data.gov.uk/id/region/city-of-derby,E06000015,2015-02,269,monthly,134363,203069,130386,107744,84310,2015-02-01
Derby,http://landregistry.data.gov.uk/id/region/city-of-derby,E06000015,2015-03,281,monthly,133685,202251,129822,106997,83967,2015-03-01
Derby,http://landregistry.data.gov.uk/id/region/city-of-derby,E06000015,2015-04,255,monthly,137160,207728,133134,109784,85984,2015-04-01
Derby,http://landregistry.data.gov.uk/id/region/city-of-derby,E06000015,2015-05,322,monthly,137460,208231,133592,109902,85893,2015-05-01
Derby,http://landregistry.data.gov.uk/id/region/city-of-derby,E06000015,2015-06,337,monthly,139535,211012,135623,111854,86582,2015-06-01
Derby,http://landregistry.data.gov.uk/id/region/city-of-derby,E06000015,2015-07,353,monthly,139271,210272,135524,111630,86434,2015-07-01
Derby,http://landregistry.data.gov.uk/id/region/city-of-derby,E06000015,2015-08,355,monthly,141254,213473,137356,113310,87313,2015-08-01
Derby,http://landregistry.data.gov.uk/id/region/city-of-derby,E06000015,2015-09,341,monthly,141609,214871,137519,113372,87638,2015-09-01
Derby,http://landregistry.data.gov.uk/id/region/city-of-derby,E06000015,2015-10,333,monthly,141521,215471,137376,113131,87197,2015-10-01
Derby,http://landregistry.data.gov.uk/id/region/city-of-derby,E06000015,2015-11,343,monthly,140617,214430,136573,112211,86536,2015-11-01
Derby,http://landregistry.data.gov.uk/id/region/city-of-derby,E06000015,2015-12,333,monthly,141553,215642,137659,112912,86964,2015-12-01
Derby,http://landregistry.data.gov.uk/id/region/city-of-derby,E06000015,2016-01,253,monthly,140879,214101,137189,112372,86714,2016-01-01
Derby,http://landregistry.data.gov.uk/id/region/city-of-derby,E06000015,2016-02,259,monthly,142364,216185,138700,113561,87657,2016-02-01
Derby,http://landregistry.data.gov.uk/id/region/city-of-derby,E06000015,2016-03,509,monthly,141571,215166,137810,112871,87561,2016-03-01
Derby,http://landregistry.data.gov.uk/id/region/city-of-derby,E06000015,2016-04,190,monthly,142470,216516,138666,113682,87840,2016-04-01
Derby,http://landregistry.data.gov.uk/id/region/city-of-derby,E06000015,2016-05,287,monthly,143435,217315,139547,114705,88854,2016-05-01
Derby,http://landregistry.data.gov.uk/id/region/city-of-derby,E06000015,2016-06,323,monthly,146205,221158,142334,117032,90363,2016-06-01
Derby,http://landregistry.data.gov.uk/id/region/city-of-derby,E06000015,2016-07,323,monthly,148725,224886,144601,119203,92200,2016-07-01
Derby,http://landregistry.data.gov.uk/id/region/city-of-derby,E06000015,2016-08,329,monthly,148591,225407,144410,118894,91885,2016-08-01
Derby,http://landregistry.data.gov.uk/id/region/city-of-derby,E06000015,2016-09,341,monthly,148806,225898,144667,118966,91932,2016-09-01
Derby,http://landregistry.data.gov.uk/id/region/city-of-derby,E06000015,2016-10,324,monthly,147285,224484,143278,117235,91137,2016-10-01
Derby,http://landregistry.data.gov.uk/id/region/city-of-derby,E06000015,2016-11,345,monthly,147523,225707,143562,117005,91262,2016-11-01
Derby,http://landregistry.data.gov.uk/id/region/city-of-derby,E06000015,2016-12,369,monthly,147594,226175,143558,116898,91634,2016-12-01
Derby,http://landregistry.data.gov.uk/id/region/city-of-derby,E06000015,2017-01,269,monthly,147592,226306,143473,116909,91680,2017-01-01
Derby,http://landregistry.data.gov.uk/id/region/city-of-derby,E06000015,2017-02,262,monthly,150141,229777,145751,119175,93745,2017-02-01
Derby,http://landregistry.data.gov.uk/id/region/city-of-derby,E06000015,2017-03,306,monthly,149200,228394,144876,118304,93318,2017-03-01
Derby,http://landregistry.data.gov.uk/id/region/city-of-derby,E06000015,2017-04,224,monthly,150620,230171,146225,119542,94468,2017-04-01
Derby,http://landregistry.data.gov.uk/id/region/city-of-derby,E06000015,2017-05,286,monthly,150354,229109,146299,119249,94320,2017-05-01
Derby,http://landregistry.data.gov.uk/id/region/city-of-derby,E06000015,2017-06,384,monthly,151599,230186,147526,120501,95305,2017-06-01
Derby,http://landregistry.data.gov.uk/id/region/city-of-derby,E06000015,2017-07,343,monthly,152573,231256,148530,121383,95940,2017-07-01
Derby,http://landregistry.data.gov.uk/id/region/city-of-derby,E06000015,2017-08,318,monthly,151100,228974,146944,120473,94771,2017-08-01
Derby,http://landregistry.data.gov.uk/id/region/city-of-derby,E06000015,2017-09,342,monthly,151337,229880,147110,120598,94610,2017-09-01
Derby,http://landregistry.data.gov.uk/id/region/city-of-derby,E06000015,2017-10,390,monthly,149864,228033,145827,119174,93466,2017-10-01
Derby,http://landregistry.data.gov.uk/id/region/city-of-derby,E06000015,2017-11,357,monthly,151288,230705,147399,119989,94082,2017-11-01
Derby,http://landregistry.data.gov.uk/id/region/city-of-derby,E06000015,2017-12,333,monthly,151798,231070,148136,120359,94254,2017-12-01
Derby,http://landregistry.data.gov.uk/id/region/city-of-derby,E06000015,2018-01,267,monthly,153854,234119,150176,121920,95734,2018-01-01
Derby,http://landregistry.data.gov.uk/id/region/city-of-derby,E06000015,2018-02,269,monthly,154157,234608,150325,122167,96345,2018-02-01
Derby,http://landregistry.data.gov.uk/id/region/city-of-derby,E06000015,2018-03,291,monthly,153173,233459,149307,121424,95566,2018-03-01
Derby,http://landregistry.data.gov.uk/id/region/city-of-derby,E06000015,2018-04,274,monthly,152998,233173,149188,121587,94709,2018-04-01
Derby,http://landregistry.data.gov.uk/id/region/city-of-derby,E06000015,2018-05,293,monthly,153490,233786,149904,122209,94083,2018-05-01
Derby,http://landregistry.data.gov.uk/id/region/city-of-derby,E06000015,2018-06,327,monthly,156159,237693,152713,124262,95531,2018-06-01
Derby,http://landregistry.data.gov.uk/id/region/city-of-derby,E06000015,2018-07,316,monthly,158027,240716,154503,125684,96708,2018-07-01
Derby,http://landregistry.data.gov.uk/id/region/city-of-derby,E06000015,2018-08,366,monthly,159373,242776,155744,126706,97810,2018-08-01
Derby,http://landregistry.data.gov.uk/id/region/city-of-derby,E06000015,2018-09,261,monthly,160177,244264,156427,127438,98091,2018-09-01
Derby,http://landregistry.data.gov.uk/id/region/city-of-derby,E06000015,2018-10,358,monthly,158670,242118,155004,126100,97179,2018-10-01
Derby,http://landregistry.data.gov.uk/id/region/city-of-derby,E06000015,2018-11,349,monthly,159797,244392,156261,126881,97147,2018-11-01
Derby,http://landregistry.data.gov.uk/id/region/city-of-derby,E06000015,2018-12,302,monthly,158951,242932,155571,126064,96767,2018-12-01
Derby,http://landregistry.data.gov.uk/id/region/city-of-derby,E06000015,2019-01,221,monthly,158898,243321,155606,125788,96517,2019-01-01
Derby,http://landregistry.data.gov.uk/id/region/city-of-derby,E06000015,2019-02,255,monthly,158420,242609,154994,125251,96955,2019-02-01
Derby,http://landregistry.data.gov.uk/id/region/city-of-derby,E06000015,2019-03,257,monthly,158712,243279,155376,125398,96818,2019-03-01
Derby,http://landregistry.data.gov.uk/id/region/city-of-derby,E06000015,2019-04,228,monthly,160595,245522,157237,127221,97867,2019-04-01
Derby,http://landregistry.data.gov.uk/id/region/city-of-derby,E06000015,2019-05,261,monthly,159412,243193,156277,126566,96487,2019-05-01
Derby,http://landregistry.data.gov.uk/id/region/city-of-derby,E06000015,2019-06,295,monthly,160057,243870,156906,127209,96946,2019-06-01
Derby,http://landregistry.data.gov.uk/id/region/city-of-derby,E06000015,2019-07,294,monthly,160137,243802,156880,127405,97212,2019-07-01
Derby,http://landregistry.data.gov.uk/id/region/city-of-derby,E06000015,2019-08,322,monthly,162071,246642,158676,129139,98317,2019-08-01
Derby,http://landregistry.data.gov.uk/id/region/city-of-derby,E06000015,2019-09,288,monthly,161147,245170,157500,128686,97931,2019-09-01
Derby,http://landregistry.data.gov.uk/id/region/city-of-derby,E06000015,2019-10,350,monthly,160995,244779,157693,128359,97549,2019-10-01
Derby,http://landregistry.data.gov.uk/id/region/city-of-derby,E06000015,2019-11,378,monthly,160158,243787,157167,127311,96777,2019-11-01
Derby,http://landregistry.data.gov.uk/id/region/city-of-derby,E06000015,2019-12,292,monthly,162927,248193,160187,129366,97664,2019-12-01
Derby,http://landregistry.data.gov.uk/id/region/city-of-derby,E06000015,2020-01,230,monthly,162189,247395,159404,128759,97018,2020-01-01
Derby,http://landregistry.data.gov.uk/id/region/city-of-derby,E06000015,2020-02,294,monthly,161542,246223,158650,128402,96852,2020-02-01
Derby,http://landregistry.data.gov.uk/id/region/city-of-derby,E06000015,2020-03,249,monthly,159352,242836,156479,126573,95972,2020-03-01
Derby,http://landregistry.data.gov.uk/id/region/city-of-derby,E06000015,2020-04,90,monthly,158936,242642,155967,126350,94918,2020-04-01
Derby,http://landregistry.data.gov.uk/id/region/city-of-derby,E06000015,2020-05,126,monthly,159482,243868,156597,126489,95098,2020-05-01
Derby,http://landregistry.data.gov.uk/id/region/city-of-derby,E06000015,2020-06,207,monthly,161417,246492,158611,128138,95991,2020-06-01
Derby,http://landregistry.data.gov.uk/id/region/city-of-derby,E06000015,2020-07,210,monthly,164504,250359,161733,130721,98659,2020-07-01
Derby,http://landregistry.data.gov.uk/id/region/city-of-derby,E06000015,2020-08,235,monthly,167075,253966,164324,132967,99792,2020-08-01
Derby,http://landregistry.data.gov.uk/id/region/city-of-derby,E06000015,2020-09,262,monthly,168031,255918,165115,133722,100040,2020-09-01
Derby,http://landregistry.data.gov.uk/id/region/city-of-derby,E06000015,2020-10,340,monthly,168822,257862,165753,134284,99890,2020-10-01
Derby,http://landregistry.data.gov.uk/id/region/city-of-derby,E06000015,2020-11,288,monthly,169713,259463,166338,135185,100540,2020-11-01
Derby,http://landregistry.data.gov.uk/id/region/city-of-derby,E06000015,2020-12,307,monthly,172015,262839,168471,137270,101846,2020-12-01
Derby,http://landregistry.data.gov.uk/id/region/city-of-derby,E06000015,2021-01,270,monthly,174092,264317,170710,139306,104243,2021-01-01
Derby,http://landregistry.data.gov.uk/id/region/city-of-derby,E06000015,2021-02,350,monthly,176945,266832,173576,142207,107184,2021-02-01
Derby,http://landregistry.data.gov.uk/id/region/city-of-derby,E06000015,2021-03,470,monthly,176848,264962,173553,142644,108536,2021-03-01
Derby,http://landregistry.data.gov.uk/id/region/city-of-derby,E06000015,2021-04,343,monthly,177491,265983,173927,143427,109065,2021-04-01
Derby,http://landregistry.data.gov.uk/id/region/city-of-derby,E06000015,2021-05,287,monthly,176898,265538,173295,142833,108422,2021-05-01
Derby,http://landregistry.data.gov.uk/id/region/city-of-derby,E06000015,2021-06,478,monthly,180343,269965,176467,146265,110767,2021-06-01
Derby,http://landregistry.data.gov.uk/id/region/city-of-derby,E06000015,2021-07,273,monthly,182297,273212,178592,147527,111472,2021-07-01
Derby,http://landregistry.data.gov.uk/id/region/city-of-derby,E06000015,2021-08,297,monthly,183444,275075,179935,148290,111481,2021-08-01
Derby,http://landregistry.data.gov.uk/id/region/city-of-derby,E06000015,2021-09,473,monthly,183918,276194,180636,148280,111197,2021-09-01
Derby,http://landregistry.data.gov.uk/id/region/city-of-derby,E06000015,2021-10,317,monthly,184663,278851,181180,148431,110982,2021-10-01
Derby,http://landregistry.data.gov.uk/id/region/city-of-derby,E06000015,2021-11,298,monthly,186476,282308,182899,149625,111802,2021-11-01
Derby,http://landregistry.data.gov.uk/id/region/city-of-derby,E06000015,2021-12,324,monthly,185581,282331,181922,148457,110465,2021-12-01
Derby,http://landregistry.data.gov.uk/id/region/city-of-derby,E06000015,2022-01,227,monthly,185145,280305,181793,148571,110001,2022-01-01
Derby,http://landregistry.data.gov.uk/id/region/city-of-derby,E06000015,2022-02,324,monthly,186529,281852,183188,149857,111116,2022-02-01
Derby,http://landregistry.data.gov.uk/id/region/city-of-derby,E06000015,2022-03,287,monthly,189363,286193,186298,151786,112420,2022-03-01
Derby,http://landregistry.data.gov.uk/id/region/city-of-derby,E06000015,2022-04,299,monthly,191800,289870,188510,153934,113958,2022-04-01
Derby,http://landregistry.data.gov.uk/id/region/city-of-derby,E06000015,2022-05,257,monthly,193758,292445,190582,155709,114641,2022-05-01
Derby,http://landregistry.data.gov.uk/id/region/city-of-derby,E06000015,2022-06,276,monthly,196232,295485,192975,158159,116123,2022-06-01
Derby,http://landregistry.data.gov.uk/id/region/city-of-derby,E06000015,2022-07,307,monthly,200422,300917,197408,161855,118099,2022-07-01
Derby,http://landregistry.data.gov.uk/id/region/city-of-derby,E06000015,2022-08,245,monthly,200700,301062,197688,162436,117632,2022-08-01
Derby,http://landregistry.data.gov.uk/id/region/city-of-derby,E06000015,2022-09,275,monthly,201925,302837,198946,163606,117707,2022-09-01
Derby,http://landregistry.data.gov.uk/id/region/city-of-derby,E06000015,2022-10,272,monthly,201277,302505,198279,162831,116995,2022-10-01
Derby,http://landregistry.data.gov.uk/id/region/city-of-derby,E06000015,2022-11,295,monthly,204444,307589,201433,165223,118619,2022-11-01
Derby,http://landregistry.data.gov.uk/id/region/city-of-derby,E06000015,2022-12,285,monthly,206481,310445,203627,166802,119708,2022-12-01
Derby,http://landregistry.data.gov.uk/id/region/city-of-derby,E06000015,2023-01,203,monthly,206910,311218,204038,167046,120090,2023-01-01
Derby,http://landregistry.data.gov.uk/id/region/city-of-derby,E06000015,2023-02,213,monthly,204095,307646,201244,164371,118675,2023-02-01
Derby,http://landregistry.data.gov.uk/id/region/city-of-derby,E06000015,2023-03,238,monthly,202493,306744,199744,162209,117636,2023-03-01
Derby,http://landregistry.data.gov.uk/id/region/city-of-derby,E06000015,2023-04,198,monthly,202473,307202,199789,161855,117693,2023-04-01
Derby,http://landregistry.data.gov.uk/id/region/city-of-derby,E06000015,2023-05,183,monthly,203996,309269,201324,163051,118840,2023-05-01
Derby,http://landregistry.data.gov.uk/id/region/city-of-derby,E06000015,2023-06,212,monthly,201832,305065,198980,161923,117798,2023-06-01
Derby,http://landregistry.data.gov.uk/id/region/city-of-derby,E06000015,2023-07,205,monthly,202218,304744,199564,162567,117684,2023-07-01
Derby,http://landregistry.data.gov.uk/id/region/city-of-derby,E06000015,2023-08,239,monthly,203428,306080,200845,163987,117600,2023-08-01
Derby,http://landregistry.data.gov.uk/id/region/city-of-derby,E06000015,2023-09,218,monthly,205018,308639,202484,165388,117802,2023-09-01
Derby,http://landregistry.data.gov.uk/id/region/city-of-derby,E06000015,2023-10,208,monthly,204603,307952,202083,165112,117468,2023-10-01
Derby,http://landregistry.data.gov.uk/id/region/city-of-derby,E06000015,2023-11,176,monthly,203680,307456,201290,163797,116937,2023-11-01
Derby,http://landregistry.data.gov.uk/id/region/city-of-derby,E06000015,2023-12,178,monthly,203645,307226,201494,163517,117077,2023-12-01
Derby,http://landregistry.data.gov.uk/id/region/city-of-derby,E06000015,2024-01,133,monthly,202271,305646,200044,162458,115835,2024-01-01
Derby,http://landregistry.data.gov.uk/id/region/city-of-derby,E06000015,2024-02,89,monthly,200864,303365,198592,161104,115700,2024-02-01
Derby,http://landregistry.data.gov.uk/id/region/city-of-derby,E06000015,2024-03,,monthly,199600,301822,197289,159451,115952,2024-03-01
Derby,http://landregistry.data.gov.uk/id/region/city-of-derby,E06000015,2024-04,,monthly,198606,299408,196455,158386,116478,2024-04-01
