"Name","URI","Region GSS code","Period","Sales volume","Reporting period","Average price All property types","Average price Detached houses","Average price Semi-detached houses","Average price Terraced houses","Average price Flats and maisonettes","Pivotable date"
Ealing,http://landregistry.data.gov.uk/id/region/ealing,E09000009,2004-01,502,monthly,229859,508169,305895,241704,200789,2004-01-01
Ealing,http://landregistry.data.gov.uk/id/region/ealing,E09000009,2004-02,510,monthly,230519,509976,306564,242585,201291,2004-02-01
Ealing,http://landregistry.data.gov.uk/id/region/ealing,E09000009,2004-03,567,monthly,231657,512465,307616,244158,202148,2004-03-01
Ealing,http://landregistry.data.gov.uk/id/region/ealing,E09000009,2004-04,554,monthly,234888,514348,310922,248304,204886,2004-04-01
Ealing,http://landregistry.data.gov.uk/id/region/ealing,E09000009,2004-05,468,monthly,238668,516817,314580,252754,208419,2004-05-01
Ealing,http://landregistry.data.gov.uk/id/region/ealing,E09000009,2004-06,595,monthly,243308,524198,320351,257566,212702,2004-06-01
Ealing,http://landregistry.data.gov.uk/id/region/ealing,E09000009,2004-07,628,monthly,246214,531711,324895,260766,214915,2004-07-01
Ealing,http://landregistry.data.gov.uk/id/region/ealing,E09000009,2004-08,521,monthly,248541,538948,328260,263237,216804,2004-08-01
Ealing,http://landregistry.data.gov.uk/id/region/ealing,E09000009,2004-09,450,monthly,248637,543140,329360,263610,216321,2004-09-01
Ealing,http://landregistry.data.gov.uk/id/region/ealing,E09000009,2004-10,454,monthly,246355,536147,324928,260829,215050,2004-10-01
Ealing,http://landregistry.data.gov.uk/id/region/ealing,E09000009,2004-11,393,monthly,247226,536945,325605,261592,216087,2004-11-01
Ealing,http://landregistry.data.gov.uk/id/region/ealing,E09000009,2004-12,366,monthly,246591,530245,323310,260904,216108,2004-12-01
Ealing,http://landregistry.data.gov.uk/id/region/ealing,E09000009,2005-01,271,monthly,244937,526411,320827,259589,214474,2005-01-01
Ealing,http://landregistry.data.gov.uk/id/region/ealing,E09000009,2005-02,271,monthly,241052,517189,316432,255702,210718,2005-02-01
Ealing,http://landregistry.data.gov.uk/id/region/ealing,E09000009,2005-03,354,monthly,239429,513678,314793,254546,208769,2005-03-01
Ealing,http://landregistry.data.gov.uk/id/region/ealing,E09000009,2005-04,374,monthly,242940,518346,319973,258815,211359,2005-04-01
Ealing,http://landregistry.data.gov.uk/id/region/ealing,E09000009,2005-05,367,monthly,244911,520724,321669,261269,213163,2005-05-01
Ealing,http://landregistry.data.gov.uk/id/region/ealing,E09000009,2005-06,424,monthly,245663,521553,321886,262673,213683,2005-06-01
Ealing,http://landregistry.data.gov.uk/id/region/ealing,E09000009,2005-07,432,monthly,247401,526627,324450,264621,215018,2005-07-01
Ealing,http://landregistry.data.gov.uk/id/region/ealing,E09000009,2005-08,490,monthly,248384,530799,325757,266153,215509,2005-08-01
Ealing,http://landregistry.data.gov.uk/id/region/ealing,E09000009,2005-09,508,monthly,249674,535551,328380,267512,216307,2005-09-01
Ealing,http://landregistry.data.gov.uk/id/region/ealing,E09000009,2005-10,441,monthly,246674,527812,323795,264177,214014,2005-10-01
Ealing,http://landregistry.data.gov.uk/id/region/ealing,E09000009,2005-11,474,monthly,243406,518167,319811,260716,211111,2005-11-01
Ealing,http://landregistry.data.gov.uk/id/region/ealing,E09000009,2005-12,475,monthly,243992,515336,319199,261072,212324,2005-12-01
Ealing,http://landregistry.data.gov.uk/id/region/ealing,E09000009,2006-01,421,monthly,247594,524854,323908,265479,215059,2006-01-01
Ealing,http://landregistry.data.gov.uk/id/region/ealing,E09000009,2006-02,387,monthly,251239,532520,328166,269350,218346,2006-02-01
Ealing,http://landregistry.data.gov.uk/id/region/ealing,E09000009,2006-03,500,monthly,250284,533836,328324,269010,216575,2006-03-01
Ealing,http://landregistry.data.gov.uk/id/region/ealing,E09000009,2006-04,443,monthly,251679,534938,329741,270822,217759,2006-04-01
Ealing,http://landregistry.data.gov.uk/id/region/ealing,E09000009,2006-05,431,monthly,255038,543413,334260,274600,220517,2006-05-01
Ealing,http://landregistry.data.gov.uk/id/region/ealing,E09000009,2006-06,552,monthly,259625,552050,339713,279632,224600,2006-06-01
Ealing,http://landregistry.data.gov.uk/id/region/ealing,E09000009,2006-07,619,monthly,261997,558519,343574,282722,226150,2006-07-01
Ealing,http://landregistry.data.gov.uk/id/region/ealing,E09000009,2006-08,664,monthly,265047,565267,347615,286912,228288,2006-08-01
Ealing,http://landregistry.data.gov.uk/id/region/ealing,E09000009,2006-09,600,monthly,269299,577329,353747,291578,231712,2006-09-01
Ealing,http://landregistry.data.gov.uk/id/region/ealing,E09000009,2006-10,639,monthly,270345,579577,354743,292245,232951,2006-10-01
Ealing,http://landregistry.data.gov.uk/id/region/ealing,E09000009,2006-11,617,monthly,269520,577783,354065,291217,232213,2006-11-01
Ealing,http://landregistry.data.gov.uk/id/region/ealing,E09000009,2006-12,609,monthly,270808,578658,355472,292791,233337,2006-12-01
Ealing,http://landregistry.data.gov.uk/id/region/ealing,E09000009,2007-01,521,monthly,273569,585821,359456,295989,235486,2007-01-01
Ealing,http://landregistry.data.gov.uk/id/region/ealing,E09000009,2007-02,468,monthly,279643,598784,366965,301685,241254,2007-02-01
Ealing,http://landregistry.data.gov.uk/id/region/ealing,E09000009,2007-03,587,monthly,282097,604297,370402,304823,243060,2007-03-01
Ealing,http://landregistry.data.gov.uk/id/region/ealing,E09000009,2007-04,450,monthly,286146,611879,375164,309980,246316,2007-04-01
Ealing,http://landregistry.data.gov.uk/id/region/ealing,E09000009,2007-05,540,monthly,286842,611567,375132,311596,246744,2007-05-01
Ealing,http://landregistry.data.gov.uk/id/region/ealing,E09000009,2007-06,642,monthly,289264,617154,377987,314107,248951,2007-06-01
Ealing,http://landregistry.data.gov.uk/id/region/ealing,E09000009,2007-07,559,monthly,295486,633399,386517,320816,254172,2007-07-01
Ealing,http://landregistry.data.gov.uk/id/region/ealing,E09000009,2007-08,610,monthly,300586,648703,394394,327423,257663,2007-08-01
Ealing,http://landregistry.data.gov.uk/id/region/ealing,E09000009,2007-09,467,monthly,305955,664836,402374,333131,262024,2007-09-01
Ealing,http://landregistry.data.gov.uk/id/region/ealing,E09000009,2007-10,511,monthly,307579,666623,403306,334292,264025,2007-10-01
Ealing,http://landregistry.data.gov.uk/id/region/ealing,E09000009,2007-11,445,monthly,309936,674651,406688,335792,266440,2007-11-01
Ealing,http://landregistry.data.gov.uk/id/region/ealing,E09000009,2007-12,358,monthly,308303,668412,403374,333731,265504,2007-12-01
Ealing,http://landregistry.data.gov.uk/id/region/ealing,E09000009,2008-01,336,monthly,310173,675859,406391,335551,267013,2008-01-01
Ealing,http://landregistry.data.gov.uk/id/region/ealing,E09000009,2008-02,310,monthly,305649,663969,400851,330772,262982,2008-02-01
Ealing,http://landregistry.data.gov.uk/id/region/ealing,E09000009,2008-03,276,monthly,307788,668435,404839,333986,264045,2008-03-01
Ealing,http://landregistry.data.gov.uk/id/region/ealing,E09000009,2008-04,269,monthly,300884,653982,396506,327607,257326,2008-04-01
Ealing,http://landregistry.data.gov.uk/id/region/ealing,E09000009,2008-05,253,monthly,304014,660269,400546,331606,259716,2008-05-01
Ealing,http://landregistry.data.gov.uk/id/region/ealing,E09000009,2008-06,209,monthly,299363,650360,393921,326687,255779,2008-06-01
Ealing,http://landregistry.data.gov.uk/id/region/ealing,E09000009,2008-07,255,monthly,297370,646407,392042,324265,254018,2008-07-01
Ealing,http://landregistry.data.gov.uk/id/region/ealing,E09000009,2008-08,185,monthly,293303,639475,386601,319691,250600,2008-08-01
Ealing,http://landregistry.data.gov.uk/id/region/ealing,E09000009,2008-09,165,monthly,293399,645114,386454,319300,250913,2008-09-01
Ealing,http://landregistry.data.gov.uk/id/region/ealing,E09000009,2008-10,176,monthly,286906,629740,376184,311731,246081,2008-10-01
Ealing,http://landregistry.data.gov.uk/id/region/ealing,E09000009,2008-11,120,monthly,279322,613908,366186,303322,239666,2008-11-01
Ealing,http://landregistry.data.gov.uk/id/region/ealing,E09000009,2008-12,166,monthly,265723,581383,349079,288959,227651,2008-12-01
Ealing,http://landregistry.data.gov.uk/id/region/ealing,E09000009,2009-01,96,monthly,257539,567793,339321,279791,220453,2009-01-01
Ealing,http://landregistry.data.gov.uk/id/region/ealing,E09000009,2009-02,105,monthly,253953,558338,334889,275447,217592,2009-02-01
Ealing,http://landregistry.data.gov.uk/id/region/ealing,E09000009,2009-03,116,monthly,251130,550477,330740,271695,215721,2009-03-01
Ealing,http://landregistry.data.gov.uk/id/region/ealing,E09000009,2009-04,143,monthly,250917,541189,330222,272330,215250,2009-04-01
Ealing,http://landregistry.data.gov.uk/id/region/ealing,E09000009,2009-05,161,monthly,251077,539962,329965,273670,214755,2009-05-01
Ealing,http://landregistry.data.gov.uk/id/region/ealing,E09000009,2009-06,212,monthly,255022,547940,335194,279334,217145,2009-06-01
Ealing,http://landregistry.data.gov.uk/id/region/ealing,E09000009,2009-07,248,monthly,263724,570431,348019,289931,223195,2009-07-01
Ealing,http://landregistry.data.gov.uk/id/region/ealing,E09000009,2009-08,227,monthly,268788,583273,356037,296107,226524,2009-08-01
Ealing,http://landregistry.data.gov.uk/id/region/ealing,E09000009,2009-09,237,monthly,277406,603747,368414,306088,233052,2009-09-01
Ealing,http://landregistry.data.gov.uk/id/region/ealing,E09000009,2009-10,268,monthly,280529,612662,373444,309537,235308,2009-10-01
Ealing,http://landregistry.data.gov.uk/id/region/ealing,E09000009,2009-11,243,monthly,278843,611144,371019,308605,233250,2009-11-01
Ealing,http://landregistry.data.gov.uk/id/region/ealing,E09000009,2009-12,312,monthly,279575,610157,372375,309810,233525,2009-12-01
Ealing,http://landregistry.data.gov.uk/id/region/ealing,E09000009,2010-01,231,monthly,283234,618757,377977,315279,235344,2010-01-01
Ealing,http://landregistry.data.gov.uk/id/region/ealing,E09000009,2010-02,207,monthly,287882,628054,386252,320765,238291,2010-02-01
Ealing,http://landregistry.data.gov.uk/id/region/ealing,E09000009,2010-03,254,monthly,288740,633218,387658,321556,238747,2010-03-01
Ealing,http://landregistry.data.gov.uk/id/region/ealing,E09000009,2010-04,246,monthly,285639,624333,383047,317612,236639,2010-04-01
Ealing,http://landregistry.data.gov.uk/id/region/ealing,E09000009,2010-05,230,monthly,286726,625960,383517,318489,238030,2010-05-01
Ealing,http://landregistry.data.gov.uk/id/region/ealing,E09000009,2010-06,284,monthly,287130,626631,384461,319851,237728,2010-06-01
Ealing,http://landregistry.data.gov.uk/id/region/ealing,E09000009,2010-07,306,monthly,293318,646690,393313,327796,241941,2010-07-01
Ealing,http://landregistry.data.gov.uk/id/region/ealing,E09000009,2010-08,266,monthly,298161,659512,401039,334213,244962,2010-08-01
Ealing,http://landregistry.data.gov.uk/id/region/ealing,E09000009,2010-09,311,monthly,301225,671235,406008,338052,246891,2010-09-01
Ealing,http://landregistry.data.gov.uk/id/region/ealing,E09000009,2010-10,265,monthly,302710,672675,408494,339310,248244,2010-10-01
Ealing,http://landregistry.data.gov.uk/id/region/ealing,E09000009,2010-11,297,monthly,299906,668901,404514,335384,246386,2010-11-01
Ealing,http://landregistry.data.gov.uk/id/region/ealing,E09000009,2010-12,272,monthly,299238,666317,404284,334154,245944,2010-12-01
Ealing,http://landregistry.data.gov.uk/id/region/ealing,E09000009,2011-01,191,monthly,299150,670566,404331,333809,245863,2011-01-01
Ealing,http://landregistry.data.gov.uk/id/region/ealing,E09000009,2011-02,218,monthly,301738,680945,408078,336274,248082,2011-02-01
Ealing,http://landregistry.data.gov.uk/id/region/ealing,E09000009,2011-03,224,monthly,299740,683603,405119,334190,246250,2011-03-01
Ealing,http://landregistry.data.gov.uk/id/region/ealing,E09000009,2011-04,225,monthly,300859,684844,406456,335354,247307,2011-04-01
Ealing,http://landregistry.data.gov.uk/id/region/ealing,E09000009,2011-05,227,monthly,298099,670894,400852,332432,245704,2011-05-01
Ealing,http://landregistry.data.gov.uk/id/region/ealing,E09000009,2011-06,222,monthly,302247,671314,405729,336772,249757,2011-06-01
Ealing,http://landregistry.data.gov.uk/id/region/ealing,E09000009,2011-07,296,monthly,303832,671319,407392,338616,251256,2011-07-01
Ealing,http://landregistry.data.gov.uk/id/region/ealing,E09000009,2011-08,285,monthly,307331,685938,415102,343577,252453,2011-08-01
Ealing,http://landregistry.data.gov.uk/id/region/ealing,E09000009,2011-09,280,monthly,307754,692716,416860,344856,251807,2011-09-01
Ealing,http://landregistry.data.gov.uk/id/region/ealing,E09000009,2011-10,279,monthly,304246,690061,414001,341060,248174,2011-10-01
Ealing,http://landregistry.data.gov.uk/id/region/ealing,E09000009,2011-11,280,monthly,299592,678532,406723,334864,245260,2011-11-01
Ealing,http://landregistry.data.gov.uk/id/region/ealing,E09000009,2011-12,284,monthly,303095,682892,410766,338323,248705,2011-12-01
Ealing,http://landregistry.data.gov.uk/id/region/ealing,E09000009,2012-01,229,monthly,304690,685212,413300,340520,249701,2012-01-01
Ealing,http://landregistry.data.gov.uk/id/region/ealing,E09000009,2012-02,194,monthly,308315,696633,419157,345596,251687,2012-02-01
Ealing,http://landregistry.data.gov.uk/id/region/ealing,E09000009,2012-03,300,monthly,305323,689427,415294,342198,249081,2012-03-01
Ealing,http://landregistry.data.gov.uk/id/region/ealing,E09000009,2012-04,173,monthly,304805,686234,412919,341318,249246,2012-04-01
Ealing,http://landregistry.data.gov.uk/id/region/ealing,E09000009,2012-05,268,monthly,310931,693504,419628,348069,254829,2012-05-01
Ealing,http://landregistry.data.gov.uk/id/region/ealing,E09000009,2012-06,279,monthly,321734,717675,433461,361828,262986,2012-06-01
Ealing,http://landregistry.data.gov.uk/id/region/ealing,E09000009,2012-07,302,monthly,329312,738655,444284,371378,268409,2012-07-01
Ealing,http://landregistry.data.gov.uk/id/region/ealing,E09000009,2012-08,312,monthly,330626,744907,446469,374497,268460,2012-08-01
Ealing,http://landregistry.data.gov.uk/id/region/ealing,E09000009,2012-09,252,monthly,326083,736840,441526,369069,264591,2012-09-01
Ealing,http://landregistry.data.gov.uk/id/region/ealing,E09000009,2012-10,307,monthly,325862,732571,440508,368574,264792,2012-10-01
Ealing,http://landregistry.data.gov.uk/id/region/ealing,E09000009,2012-11,331,monthly,329404,739435,445222,372215,267901,2012-11-01
Ealing,http://landregistry.data.gov.uk/id/region/ealing,E09000009,2012-12,290,monthly,327288,735607,442076,369978,266143,2012-12-01
Ealing,http://landregistry.data.gov.uk/id/region/ealing,E09000009,2013-01,264,monthly,325025,735048,442023,367472,263491,2013-01-01
Ealing,http://landregistry.data.gov.uk/id/region/ealing,E09000009,2013-02,274,monthly,322278,732220,439751,364005,261015,2013-02-01
Ealing,http://landregistry.data.gov.uk/id/region/ealing,E09000009,2013-03,320,monthly,321594,732134,439176,362806,260518,2013-03-01
Ealing,http://landregistry.data.gov.uk/id/region/ealing,E09000009,2013-04,256,monthly,328639,745983,445577,371378,266641,2013-04-01
Ealing,http://landregistry.data.gov.uk/id/region/ealing,E09000009,2013-05,287,monthly,331103,749601,448325,374120,268833,2013-05-01
Ealing,http://landregistry.data.gov.uk/id/region/ealing,E09000009,2013-06,316,monthly,340097,769147,460903,385084,275689,2013-06-01
Ealing,http://landregistry.data.gov.uk/id/region/ealing,E09000009,2013-07,371,monthly,344200,777288,467022,390138,278733,2013-07-01
Ealing,http://landregistry.data.gov.uk/id/region/ealing,E09000009,2013-08,390,monthly,347294,785159,471555,394504,280734,2013-08-01
Ealing,http://landregistry.data.gov.uk/id/region/ealing,E09000009,2013-09,342,monthly,348839,791649,474021,395972,281968,2013-09-01
Ealing,http://landregistry.data.gov.uk/id/region/ealing,E09000009,2013-10,375,monthly,345781,785938,470319,392082,279572,2013-10-01
Ealing,http://landregistry.data.gov.uk/id/region/ealing,E09000009,2013-11,329,monthly,349247,791564,474644,395574,282722,2013-11-01
Ealing,http://landregistry.data.gov.uk/id/region/ealing,E09000009,2013-12,324,monthly,352969,793174,479090,399685,286087,2013-12-01
Ealing,http://landregistry.data.gov.uk/id/region/ealing,E09000009,2014-01,301,monthly,364514,820330,495895,412257,295420,2014-01-01
Ealing,http://landregistry.data.gov.uk/id/region/ealing,E09000009,2014-02,274,monthly,370620,837204,505058,418689,300338,2014-02-01
Ealing,http://landregistry.data.gov.uk/id/region/ealing,E09000009,2014-03,287,monthly,377756,855198,514558,426645,306147,2014-03-01
Ealing,http://landregistry.data.gov.uk/id/region/ealing,E09000009,2014-04,293,monthly,384904,869842,523550,435324,311842,2014-04-01
Ealing,http://landregistry.data.gov.uk/id/region/ealing,E09000009,2014-05,254,monthly,395085,888178,536430,447554,320057,2014-05-01
Ealing,http://landregistry.data.gov.uk/id/region/ealing,E09000009,2014-06,285,monthly,405196,908788,549895,459842,327964,2014-06-01
Ealing,http://landregistry.data.gov.uk/id/region/ealing,E09000009,2014-07,293,monthly,413032,925374,561075,469458,333894,2014-07-01
Ealing,http://landregistry.data.gov.uk/id/region/ealing,E09000009,2014-08,349,monthly,422701,950480,575699,481257,340974,2014-08-01
Ealing,http://landregistry.data.gov.uk/id/region/ealing,E09000009,2014-09,288,monthly,423808,956877,578928,482207,341583,2014-09-01
Ealing,http://landregistry.data.gov.uk/id/region/ealing,E09000009,2014-10,318,monthly,416777,942139,569825,473153,336275,2014-10-01
Ealing,http://landregistry.data.gov.uk/id/region/ealing,E09000009,2014-11,276,monthly,413242,934361,564906,468148,333885,2014-11-01
Ealing,http://landregistry.data.gov.uk/id/region/ealing,E09000009,2014-12,284,monthly,412835,931756,563355,466925,334140,2014-12-01
Ealing,http://landregistry.data.gov.uk/id/region/ealing,E09000009,2015-01,289,monthly,412383,930581,562608,466356,333830,2015-01-01
Ealing,http://landregistry.data.gov.uk/id/region/ealing,E09000009,2015-02,213,monthly,412002,930741,561755,464836,334051,2015-02-01
Ealing,http://landregistry.data.gov.uk/id/region/ealing,E09000009,2015-03,283,monthly,411636,929957,561185,464073,333890,2015-03-01
Ealing,http://landregistry.data.gov.uk/id/region/ealing,E09000009,2015-04,269,monthly,418826,947856,571284,472514,339492,2015-04-01
Ealing,http://landregistry.data.gov.uk/id/region/ealing,E09000009,2015-05,294,monthly,422372,951999,576443,477070,342136,2015-05-01
Ealing,http://landregistry.data.gov.uk/id/region/ealing,E09000009,2015-06,365,monthly,430234,971784,589284,488264,347076,2015-06-01
Ealing,http://landregistry.data.gov.uk/id/region/ealing,E09000009,2015-07,381,monthly,439529,990023,602203,499406,354332,2015-07-01
Ealing,http://landregistry.data.gov.uk/id/region/ealing,E09000009,2015-08,340,monthly,445829,1005572,611547,507916,358670,2015-08-01
Ealing,http://landregistry.data.gov.uk/id/region/ealing,E09000009,2015-09,306,monthly,453923,1029015,622950,515987,365532,2015-09-01
Ealing,http://landregistry.data.gov.uk/id/region/ealing,E09000009,2015-10,326,monthly,462653,1052007,636264,526068,372199,2015-10-01
Ealing,http://landregistry.data.gov.uk/id/region/ealing,E09000009,2015-11,273,monthly,474405,1081396,653184,539105,381610,2015-11-01
Ealing,http://landregistry.data.gov.uk/id/region/ealing,E09000009,2015-12,330,monthly,475935,1082141,655361,540933,382839,2015-12-01
Ealing,http://landregistry.data.gov.uk/id/region/ealing,E09000009,2016-01,255,monthly,470507,1067801,648944,534205,378562,2016-01-01
Ealing,http://landregistry.data.gov.uk/id/region/ealing,E09000009,2016-02,245,monthly,471280,1072463,651388,534766,379024,2016-02-01
Ealing,http://landregistry.data.gov.uk/id/region/ealing,E09000009,2016-03,557,monthly,473105,1078971,653486,536504,380670,2016-03-01
Ealing,http://landregistry.data.gov.uk/id/region/ealing,E09000009,2016-04,150,monthly,477227,1085870,656208,541599,384381,2016-04-01
Ealing,http://landregistry.data.gov.uk/id/region/ealing,E09000009,2016-05,200,monthly,469890,1055615,640973,532348,380051,2016-05-01
Ealing,http://landregistry.data.gov.uk/id/region/ealing,E09000009,2016-06,247,monthly,477207,1066740,649685,539993,386576,2016-06-01
Ealing,http://landregistry.data.gov.uk/id/region/ealing,E09000009,2016-07,217,monthly,478453,1068596,651747,541263,387596,2016-07-01
Ealing,http://landregistry.data.gov.uk/id/region/ealing,E09000009,2016-08,276,monthly,483847,1086332,660930,547969,391261,2016-08-01
Ealing,http://landregistry.data.gov.uk/id/region/ealing,E09000009,2016-09,291,monthly,477486,1070300,653129,540917,385922,2016-09-01
Ealing,http://landregistry.data.gov.uk/id/region/ealing,E09000009,2016-10,197,monthly,477266,1072027,652819,538299,386744,2016-10-01
Ealing,http://landregistry.data.gov.uk/id/region/ealing,E09000009,2016-11,269,monthly,475630,1072537,650296,535044,386014,2016-11-01
Ealing,http://landregistry.data.gov.uk/id/region/ealing,E09000009,2016-12,272,monthly,485390,1095816,662117,544767,394742,2016-12-01
Ealing,http://landregistry.data.gov.uk/id/region/ealing,E09000009,2017-01,200,monthly,489364,1103493,666143,549680,398051,2017-01-01
Ealing,http://landregistry.data.gov.uk/id/region/ealing,E09000009,2017-02,215,monthly,489687,1100090,664231,548231,399647,2017-02-01
Ealing,http://landregistry.data.gov.uk/id/region/ealing,E09000009,2017-03,293,monthly,485942,1092391,657743,542912,397344,2017-03-01
Ealing,http://landregistry.data.gov.uk/id/region/ealing,E09000009,2017-04,195,monthly,482245,1086584,651329,537397,395156,2017-04-01
Ealing,http://landregistry.data.gov.uk/id/region/ealing,E09000009,2017-05,199,monthly,486263,1091833,656593,541138,398892,2017-05-01
Ealing,http://landregistry.data.gov.uk/id/region/ealing,E09000009,2017-06,249,monthly,483875,1081171,651840,538674,397247,2017-06-01
Ealing,http://landregistry.data.gov.uk/id/region/ealing,E09000009,2017-07,248,monthly,489318,1087861,659741,544752,401709,2017-07-01
Ealing,http://landregistry.data.gov.uk/id/region/ealing,E09000009,2017-08,268,monthly,488418,1090259,659761,545857,399695,2017-08-01
Ealing,http://landregistry.data.gov.uk/id/region/ealing,E09000009,2017-09,233,monthly,489068,1096396,663054,546871,399541,2017-09-01
Ealing,http://landregistry.data.gov.uk/id/region/ealing,E09000009,2017-10,217,monthly,482447,1087614,656212,540073,393335,2017-10-01
Ealing,http://landregistry.data.gov.uk/id/region/ealing,E09000009,2017-11,221,monthly,479332,1079028,652752,536285,390815,2017-11-01
Ealing,http://landregistry.data.gov.uk/id/region/ealing,E09000009,2017-12,249,monthly,469146,1055795,639135,525729,382093,2017-12-01
Ealing,http://landregistry.data.gov.uk/id/region/ealing,E09000009,2018-01,216,monthly,473631,1062774,645133,530617,385891,2018-01-01
Ealing,http://landregistry.data.gov.uk/id/region/ealing,E09000009,2018-02,199,monthly,476731,1071428,649977,534147,388238,2018-02-01
Ealing,http://landregistry.data.gov.uk/id/region/ealing,E09000009,2018-03,236,monthly,483878,1084048,660810,542743,393676,2018-03-01
Ealing,http://landregistry.data.gov.uk/id/region/ealing,E09000009,2018-04,211,monthly,481101,1077293,658907,541911,390104,2018-04-01
Ealing,http://landregistry.data.gov.uk/id/region/ealing,E09000009,2018-05,220,monthly,473140,1061408,650128,535189,382268,2018-05-01
Ealing,http://landregistry.data.gov.uk/id/region/ealing,E09000009,2018-06,258,monthly,476828,1073762,657969,539137,384768,2018-06-01
Ealing,http://landregistry.data.gov.uk/id/region/ealing,E09000009,2018-07,257,monthly,478376,1084394,660584,540944,385789,2018-07-01
Ealing,http://landregistry.data.gov.uk/id/region/ealing,E09000009,2018-08,274,monthly,485596,1102318,670532,549070,391606,2018-08-01
Ealing,http://landregistry.data.gov.uk/id/region/ealing,E09000009,2018-09,236,monthly,485266,1104431,669368,549714,390991,2018-09-01
Ealing,http://landregistry.data.gov.uk/id/region/ealing,E09000009,2018-10,217,monthly,481298,1092871,663094,544632,388228,2018-10-01
Ealing,http://landregistry.data.gov.uk/id/region/ealing,E09000009,2018-11,280,monthly,482891,1102193,667364,547027,388798,2018-11-01
Ealing,http://landregistry.data.gov.uk/id/region/ealing,E09000009,2018-12,193,monthly,482300,1097901,667673,544892,388788,2018-12-01
Ealing,http://landregistry.data.gov.uk/id/region/ealing,E09000009,2019-01,186,monthly,483336,1103410,670255,546233,389292,2019-01-01
Ealing,http://landregistry.data.gov.uk/id/region/ealing,E09000009,2019-02,191,monthly,476648,1085927,659936,537249,384739,2019-02-01
Ealing,http://landregistry.data.gov.uk/id/region/ealing,E09000009,2019-03,237,monthly,467017,1066737,646674,528173,376148,2019-03-01
Ealing,http://landregistry.data.gov.uk/id/region/ealing,E09000009,2019-04,186,monthly,461700,1052318,638953,523498,371404,2019-04-01
Ealing,http://landregistry.data.gov.uk/id/region/ealing,E09000009,2019-05,230,monthly,465517,1057831,644939,530278,373340,2019-05-01
Ealing,http://landregistry.data.gov.uk/id/region/ealing,E09000009,2019-06,215,monthly,474053,1075831,657085,540654,379869,2019-06-01
Ealing,http://landregistry.data.gov.uk/id/region/ealing,E09000009,2019-07,253,monthly,474898,1073842,658053,541318,380791,2019-07-01
Ealing,http://landregistry.data.gov.uk/id/region/ealing,E09000009,2019-08,311,monthly,473586,1075546,657039,540722,379110,2019-08-01
Ealing,http://landregistry.data.gov.uk/id/region/ealing,E09000009,2019-09,275,monthly,472132,1074282,653722,539397,378023,2019-09-01
Ealing,http://landregistry.data.gov.uk/id/region/ealing,E09000009,2019-10,257,monthly,475313,1087524,661696,543097,379717,2019-10-01
Ealing,http://landregistry.data.gov.uk/id/region/ealing,E09000009,2019-11,213,monthly,472583,1082530,659012,539829,377356,2019-11-01
Ealing,http://landregistry.data.gov.uk/id/region/ealing,E09000009,2019-12,188,monthly,468962,1076573,656180,536243,373747,2019-12-01
Ealing,http://landregistry.data.gov.uk/id/region/ealing,E09000009,2020-01,220,monthly,467414,1070823,653816,535339,372224,2020-01-01
Ealing,http://landregistry.data.gov.uk/id/region/ealing,E09000009,2020-02,211,monthly,467466,1073469,655362,535539,371841,2020-02-01
Ealing,http://landregistry.data.gov.uk/id/region/ealing,E09000009,2020-03,260,monthly,479008,1100891,672581,548339,380982,2020-03-01
Ealing,http://landregistry.data.gov.uk/id/region/ealing,E09000009,2020-04,121,monthly,476823,1102692,669446,547815,378246,2020-04-01
Ealing,http://landregistry.data.gov.uk/id/region/ealing,E09000009,2020-05,102,monthly,472989,1089163,662761,542367,376021,2020-05-01
Ealing,http://landregistry.data.gov.uk/id/region/ealing,E09000009,2020-06,148,monthly,468324,1071251,656783,538971,371474,2020-06-01
Ealing,http://landregistry.data.gov.uk/id/region/ealing,E09000009,2020-07,148,monthly,473622,1077923,663830,544674,376031,2020-07-01
Ealing,http://landregistry.data.gov.uk/id/region/ealing,E09000009,2020-08,197,monthly,485002,1111538,683020,560666,382996,2020-08-01
Ealing,http://landregistry.data.gov.uk/id/region/ealing,E09000009,2020-09,215,monthly,489048,1131700,690719,566473,385091,2020-09-01
Ealing,http://landregistry.data.gov.uk/id/region/ealing,E09000009,2020-10,229,monthly,488891,1136525,692291,568428,383579,2020-10-01
Ealing,http://landregistry.data.gov.uk/id/region/ealing,E09000009,2020-11,216,monthly,492693,1142943,696488,573593,386516,2020-11-01
Ealing,http://landregistry.data.gov.uk/id/region/ealing,E09000009,2020-12,267,monthly,495628,1149386,700857,577897,388399,2020-12-01
Ealing,http://landregistry.data.gov.uk/id/region/ealing,E09000009,2021-01,246,monthly,497701,1146777,701359,577986,391666,2021-01-01
Ealing,http://landregistry.data.gov.uk/id/region/ealing,E09000009,2021-02,322,monthly,495795,1132274,696055,573276,391999,2021-02-01
Ealing,http://landregistry.data.gov.uk/id/region/ealing,E09000009,2021-03,558,monthly,499107,1125690,695600,573962,397392,2021-03-01
Ealing,http://landregistry.data.gov.uk/id/region/ealing,E09000009,2021-04,321,monthly,500026,1125817,696121,574530,398583,2021-04-01
Ealing,http://landregistry.data.gov.uk/id/region/ealing,E09000009,2021-05,285,monthly,500171,1128112,696304,574980,398508,2021-05-01
Ealing,http://landregistry.data.gov.uk/id/region/ealing,E09000009,2021-06,912,monthly,502514,1133636,699645,579940,399236,2021-06-01
Ealing,http://landregistry.data.gov.uk/id/region/ealing,E09000009,2021-07,117,monthly,501718,1139110,697668,578117,399038,2021-07-01
Ealing,http://landregistry.data.gov.uk/id/region/ealing,E09000009,2021-08,188,monthly,503286,1159672,704791,580979,398270,2021-08-01
Ealing,http://landregistry.data.gov.uk/id/region/ealing,E09000009,2021-09,507,monthly,501866,1168250,706636,578983,396175,2021-09-01
Ealing,http://landregistry.data.gov.uk/id/region/ealing,E09000009,2021-10,173,monthly,519646,1226510,740137,601026,407215,2021-10-01
Ealing,http://landregistry.data.gov.uk/id/region/ealing,E09000009,2021-11,240,monthly,523266,1235124,745744,605169,409977,2021-11-01
Ealing,http://landregistry.data.gov.uk/id/region/ealing,E09000009,2021-12,279,monthly,523857,1247196,749893,606758,409031,2021-12-01
Ealing,http://landregistry.data.gov.uk/id/region/ealing,E09000009,2022-01,243,monthly,520649,1234928,746062,604861,405620,2022-01-01
Ealing,http://landregistry.data.gov.uk/id/region/ealing,E09000009,2022-02,241,monthly,520900,1229868,745001,604622,406542,2022-02-01
Ealing,http://landregistry.data.gov.uk/id/region/ealing,E09000009,2022-03,329,monthly,520838,1231338,747095,603925,406304,2022-03-01
Ealing,http://landregistry.data.gov.uk/id/region/ealing,E09000009,2022-04,273,monthly,516440,1217581,740478,599481,402702,2022-04-01
Ealing,http://landregistry.data.gov.uk/id/region/ealing,E09000009,2022-05,279,monthly,519936,1232009,749638,606041,403178,2022-05-01
Ealing,http://landregistry.data.gov.uk/id/region/ealing,E09000009,2022-06,269,monthly,526802,1243709,758258,615566,408148,2022-06-01
Ealing,http://landregistry.data.gov.uk/id/region/ealing,E09000009,2022-07,324,monthly,536978,1269328,772960,629586,414965,2022-07-01
Ealing,http://landregistry.data.gov.uk/id/region/ealing,E09000009,2022-08,330,monthly,539856,1275056,777164,635065,416202,2022-08-01
Ealing,http://landregistry.data.gov.uk/id/region/ealing,E09000009,2022-09,333,monthly,543301,1290089,784490,641399,417113,2022-09-01
Ealing,http://landregistry.data.gov.uk/id/region/ealing,E09000009,2022-10,295,monthly,542392,1287837,784663,641046,415768,2022-10-01
Ealing,http://landregistry.data.gov.uk/id/region/ealing,E09000009,2022-11,429,monthly,555551,1320751,804842,656347,425696,2022-11-01
Ealing,http://landregistry.data.gov.uk/id/region/ealing,E09000009,2022-12,264,monthly,554398,1314056,803783,654854,424838,2022-12-01
Ealing,http://landregistry.data.gov.uk/id/region/ealing,E09000009,2023-01,174,monthly,559368,1330906,813348,658631,429028,2023-01-01
Ealing,http://landregistry.data.gov.uk/id/region/ealing,E09000009,2023-02,161,monthly,550855,1310544,799624,646840,423617,2023-02-01
Ealing,http://landregistry.data.gov.uk/id/region/ealing,E09000009,2023-03,199,monthly,536321,1280523,778348,626569,413897,2023-03-01
Ealing,http://landregistry.data.gov.uk/id/region/ealing,E09000009,2023-04,139,monthly,527774,1258757,763147,615517,408425,2023-04-01
Ealing,http://landregistry.data.gov.uk/id/region/ealing,E09000009,2023-05,165,monthly,519016,1228880,747573,604827,402697,2023-05-01
Ealing,http://landregistry.data.gov.uk/id/region/ealing,E09000009,2023-06,200,monthly,519531,1228556,745889,607668,402566,2023-06-01
Ealing,http://landregistry.data.gov.uk/id/region/ealing,E09000009,2023-07,208,monthly,517267,1224503,743540,607646,399343,2023-07-01
Ealing,http://landregistry.data.gov.uk/id/region/ealing,E09000009,2023-08,245,monthly,524049,1249404,756337,618260,402471,2023-08-01
Ealing,http://landregistry.data.gov.uk/id/region/ealing,E09000009,2023-09,207,monthly,526093,1254970,760919,622330,402902,2023-09-01
Ealing,http://landregistry.data.gov.uk/id/region/ealing,E09000009,2023-10,213,monthly,523924,1243297,756354,619092,402003,2023-10-01
Ealing,http://landregistry.data.gov.uk/id/region/ealing,E09000009,2023-11,180,monthly,511254,1212110,738218,601693,393429,2023-11-01
Ealing,http://landregistry.data.gov.uk/id/region/ealing,E09000009,2023-12,159,monthly,518410,1221416,747393,608207,400251,2023-12-01
Ealing,http://landregistry.data.gov.uk/id/region/ealing,E09000009,2024-01,106,monthly,517980,1215684,744774,608434,400102,2024-01-01
Ealing,http://landregistry.data.gov.uk/id/region/ealing,E09000009,2024-02,70,monthly,525523,1217609,748676,615610,408010,2024-02-01
Ealing,http://landregistry.data.gov.uk/id/region/ealing,E09000009,2024-03,,monthly,520303,1195768,734310,606078,406643,2024-03-01
Ealing,http://landregistry.data.gov.uk/id/region/ealing,E09000009,2024-04,,monthly,514465,1167878,723365,596247,403987,2024-04-01
