"Name","URI","Region GSS code","Period","Sales volume","Reporting period","Average price All property types","Average price Detached houses","Average price Semi-detached houses","Average price Terraced houses","Average price Flats and maisonettes","Pivotable date"
Exeter,http://landregistry.data.gov.uk/id/region/exeter,E07000041,2004-01,190,monthly,155759,275263,166788,139106,111394,2004-01-01
Exeter,http://landregistry.data.gov.uk/id/region/exeter,E07000041,2004-02,184,monthly,158364,278522,169364,141607,113332,2004-02-01
Exeter,http://landregistry.data.gov.uk/id/region/exeter,E07000041,2004-03,213,monthly,158911,279651,169632,142253,113556,2004-03-01
Exeter,http://landregistry.data.gov.uk/id/region/exeter,E07000041,2004-04,255,monthly,159801,277834,170227,143537,114178,2004-04-01
Exeter,http://landregistry.data.gov.uk/id/region/exeter,E07000041,2004-05,229,monthly,164188,282537,174330,147858,117560,2004-05-01
Exeter,http://landregistry.data.gov.uk/id/region/exeter,E07000041,2004-06,322,monthly,170066,290054,180390,153320,122128,2004-06-01
Exeter,http://landregistry.data.gov.uk/id/region/exeter,E07000041,2004-07,305,monthly,174855,298116,185808,157647,125353,2004-07-01
Exeter,http://landregistry.data.gov.uk/id/region/exeter,E07000041,2004-08,235,monthly,175285,299262,186501,158001,125481,2004-08-01
Exeter,http://landregistry.data.gov.uk/id/region/exeter,E07000041,2004-09,199,monthly,176353,302544,188059,158926,125721,2004-09-01
Exeter,http://landregistry.data.gov.uk/id/region/exeter,E07000041,2004-10,185,monthly,177067,303482,188485,159478,126696,2004-10-01
Exeter,http://landregistry.data.gov.uk/id/region/exeter,E07000041,2004-11,150,monthly,178016,304874,189426,160262,127614,2004-11-01
Exeter,http://landregistry.data.gov.uk/id/region/exeter,E07000041,2004-12,149,monthly,179456,305036,190565,161701,129137,2004-12-01
Exeter,http://landregistry.data.gov.uk/id/region/exeter,E07000041,2005-01,118,monthly,177102,300601,187555,159772,127483,2005-01-01
Exeter,http://landregistry.data.gov.uk/id/region/exeter,E07000041,2005-02,139,monthly,175970,297719,186404,158871,126626,2005-02-01
Exeter,http://landregistry.data.gov.uk/id/region/exeter,E07000041,2005-03,145,monthly,173791,294316,184357,156966,124713,2005-03-01
Exeter,http://landregistry.data.gov.uk/id/region/exeter,E07000041,2005-04,176,monthly,173009,291252,184029,156435,123907,2005-04-01
Exeter,http://landregistry.data.gov.uk/id/region/exeter,E07000041,2005-05,162,monthly,174909,294359,185761,158227,125305,2005-05-01
Exeter,http://landregistry.data.gov.uk/id/region/exeter,E07000041,2005-06,214,monthly,171925,287692,182304,155782,123185,2005-06-01
Exeter,http://landregistry.data.gov.uk/id/region/exeter,E07000041,2005-07,247,monthly,176362,295727,187035,159769,126292,2005-07-01
Exeter,http://landregistry.data.gov.uk/id/region/exeter,E07000041,2005-08,228,monthly,175878,295129,186429,159506,125641,2005-08-01
Exeter,http://landregistry.data.gov.uk/id/region/exeter,E07000041,2005-09,216,monthly,177458,298807,188129,160944,126548,2005-09-01
Exeter,http://landregistry.data.gov.uk/id/region/exeter,E07000041,2005-10,209,monthly,173247,291525,183265,157171,123712,2005-10-01
Exeter,http://landregistry.data.gov.uk/id/region/exeter,E07000041,2005-11,234,monthly,172590,289799,182787,156548,123291,2005-11-01
Exeter,http://landregistry.data.gov.uk/id/region/exeter,E07000041,2005-12,232,monthly,173656,290125,183466,157491,124621,2005-12-01
Exeter,http://landregistry.data.gov.uk/id/region/exeter,E07000041,2006-01,172,monthly,177491,296152,187344,161284,126980,2006-01-01
Exeter,http://landregistry.data.gov.uk/id/region/exeter,E07000041,2006-02,180,monthly,177641,295170,187080,161575,127316,2006-02-01
Exeter,http://landregistry.data.gov.uk/id/region/exeter,E07000041,2006-03,231,monthly,177949,296605,187888,161962,126894,2006-03-01
Exeter,http://landregistry.data.gov.uk/id/region/exeter,E07000041,2006-04,264,monthly,178180,296208,188344,162158,127134,2006-04-01
Exeter,http://landregistry.data.gov.uk/id/region/exeter,E07000041,2006-05,237,monthly,181676,302268,192290,165286,129498,2006-05-01
Exeter,http://landregistry.data.gov.uk/id/region/exeter,E07000041,2006-06,304,monthly,184422,305510,195188,167967,131473,2006-06-01
Exeter,http://landregistry.data.gov.uk/id/region/exeter,E07000041,2006-07,321,monthly,185798,307878,196490,169543,131987,2006-07-01
Exeter,http://landregistry.data.gov.uk/id/region/exeter,E07000041,2006-08,328,monthly,186465,309186,197130,170547,131780,2006-08-01
Exeter,http://landregistry.data.gov.uk/id/region/exeter,E07000041,2006-09,286,monthly,189152,314889,199975,173042,133312,2006-09-01
Exeter,http://landregistry.data.gov.uk/id/region/exeter,E07000041,2006-10,274,monthly,192196,320239,203202,175640,135695,2006-10-01
Exeter,http://landregistry.data.gov.uk/id/region/exeter,E07000041,2006-11,246,monthly,192486,320939,203799,175829,135792,2006-11-01
Exeter,http://landregistry.data.gov.uk/id/region/exeter,E07000041,2006-12,274,monthly,191909,318511,202959,175490,135571,2006-12-01
Exeter,http://landregistry.data.gov.uk/id/region/exeter,E07000041,2007-01,212,monthly,190608,316525,201691,174367,134429,2007-01-01
Exeter,http://landregistry.data.gov.uk/id/region/exeter,E07000041,2007-02,173,monthly,192453,318927,203254,175860,136359,2007-02-01
Exeter,http://landregistry.data.gov.uk/id/region/exeter,E07000041,2007-03,193,monthly,196027,325422,207133,179235,138502,2007-03-01
Exeter,http://landregistry.data.gov.uk/id/region/exeter,E07000041,2007-04,234,monthly,200769,331810,211712,183888,141933,2007-04-01
Exeter,http://landregistry.data.gov.uk/id/region/exeter,E07000041,2007-05,255,monthly,205351,338117,216330,188372,145131,2007-05-01
Exeter,http://landregistry.data.gov.uk/id/region/exeter,E07000041,2007-06,267,monthly,207861,341756,218704,190741,147056,2007-06-01
Exeter,http://landregistry.data.gov.uk/id/region/exeter,E07000041,2007-07,254,monthly,204466,337131,215323,187622,144363,2007-07-01
Exeter,http://landregistry.data.gov.uk/id/region/exeter,E07000041,2007-08,305,monthly,202499,335666,213483,186137,142023,2007-08-01
Exeter,http://landregistry.data.gov.uk/id/region/exeter,E07000041,2007-09,214,monthly,201003,334327,212091,184672,140770,2007-09-01
Exeter,http://landregistry.data.gov.uk/id/region/exeter,E07000041,2007-10,192,monthly,204982,341162,215900,188140,143993,2007-10-01
Exeter,http://landregistry.data.gov.uk/id/region/exeter,E07000041,2007-11,223,monthly,205435,342536,216467,188167,144695,2007-11-01
Exeter,http://landregistry.data.gov.uk/id/region/exeter,E07000041,2007-12,186,monthly,206386,344128,217320,188943,145582,2007-12-01
Exeter,http://landregistry.data.gov.uk/id/region/exeter,E07000041,2008-01,130,monthly,205442,343585,216556,187859,144900,2008-01-01
Exeter,http://landregistry.data.gov.uk/id/region/exeter,E07000041,2008-02,134,monthly,201829,337653,212937,184534,142306,2008-02-01
Exeter,http://landregistry.data.gov.uk/id/region/exeter,E07000041,2008-03,118,monthly,200881,336718,212724,183835,140983,2008-03-01
Exeter,http://landregistry.data.gov.uk/id/region/exeter,E07000041,2008-04,146,monthly,200643,336532,212815,184079,140066,2008-04-01
Exeter,http://landregistry.data.gov.uk/id/region/exeter,E07000041,2008-05,131,monthly,202758,339132,214996,186329,141362,2008-05-01
Exeter,http://landregistry.data.gov.uk/id/region/exeter,E07000041,2008-06,126,monthly,201280,335798,212973,185069,140562,2008-06-01
Exeter,http://landregistry.data.gov.uk/id/region/exeter,E07000041,2008-07,116,monthly,198598,330645,210270,182549,138817,2008-07-01
Exeter,http://landregistry.data.gov.uk/id/region/exeter,E07000041,2008-08,122,monthly,194590,324541,205833,178801,136076,2008-08-01
Exeter,http://landregistry.data.gov.uk/id/region/exeter,E07000041,2008-09,80,monthly,187537,315123,198157,172129,131048,2008-09-01
Exeter,http://landregistry.data.gov.uk/id/region/exeter,E07000041,2008-10,84,monthly,184183,310052,194491,168852,128898,2008-10-01
Exeter,http://landregistry.data.gov.uk/id/region/exeter,E07000041,2008-11,76,monthly,180681,304680,191256,165476,126355,2008-11-01
Exeter,http://landregistry.data.gov.uk/id/region/exeter,E07000041,2008-12,107,monthly,182321,306215,193256,167151,127399,2008-12-01
Exeter,http://landregistry.data.gov.uk/id/region/exeter,E07000041,2009-01,65,monthly,179736,303422,190458,164471,125721,2009-01-01
Exeter,http://landregistry.data.gov.uk/id/region/exeter,E07000041,2009-02,54,monthly,177016,299286,187425,161800,124061,2009-02-01
Exeter,http://landregistry.data.gov.uk/id/region/exeter,E07000041,2009-03,74,monthly,173063,293056,183046,157839,121784,2009-03-01
Exeter,http://landregistry.data.gov.uk/id/region/exeter,E07000041,2009-04,120,monthly,174154,293066,184407,159219,122242,2009-04-01
Exeter,http://landregistry.data.gov.uk/id/region/exeter,E07000041,2009-05,117,monthly,177827,298133,188033,163081,124419,2009-05-01
Exeter,http://landregistry.data.gov.uk/id/region/exeter,E07000041,2009-06,154,monthly,181329,303541,191824,166782,126088,2009-06-01
Exeter,http://landregistry.data.gov.uk/id/region/exeter,E07000041,2009-07,174,monthly,184338,309138,195143,169940,127277,2009-07-01
Exeter,http://landregistry.data.gov.uk/id/region/exeter,E07000041,2009-08,148,monthly,186972,314131,198179,172635,128327,2009-08-01
Exeter,http://landregistry.data.gov.uk/id/region/exeter,E07000041,2009-09,152,monthly,188500,317337,200209,174143,128779,2009-09-01
Exeter,http://landregistry.data.gov.uk/id/region/exeter,E07000041,2009-10,192,monthly,189071,318968,201156,174645,128825,2009-10-01
Exeter,http://landregistry.data.gov.uk/id/region/exeter,E07000041,2009-11,155,monthly,188565,319443,200765,174303,127830,2009-11-01
Exeter,http://landregistry.data.gov.uk/id/region/exeter,E07000041,2009-12,228,monthly,191173,322659,203561,177032,129370,2009-12-01
Exeter,http://landregistry.data.gov.uk/id/region/exeter,E07000041,2010-01,82,monthly,191317,324060,204145,177480,128389,2010-01-01
Exeter,http://landregistry.data.gov.uk/id/region/exeter,E07000041,2010-02,95,monthly,195581,331451,209607,181480,130521,2010-02-01
Exeter,http://landregistry.data.gov.uk/id/region/exeter,E07000041,2010-03,111,monthly,194778,331838,208833,180484,129678,2010-03-01
Exeter,http://landregistry.data.gov.uk/id/region/exeter,E07000041,2010-04,124,monthly,195729,332259,209755,181252,130731,2010-04-01
Exeter,http://landregistry.data.gov.uk/id/region/exeter,E07000041,2010-05,170,monthly,195897,332264,209430,181360,131224,2010-05-01
Exeter,http://landregistry.data.gov.uk/id/region/exeter,E07000041,2010-06,176,monthly,197423,334317,211388,183196,131602,2010-06-01
Exeter,http://landregistry.data.gov.uk/id/region/exeter,E07000041,2010-07,171,monthly,198922,338374,213092,184861,131910,2010-07-01
Exeter,http://landregistry.data.gov.uk/id/region/exeter,E07000041,2010-08,160,monthly,200904,342908,216003,186735,132559,2010-08-01
Exeter,http://landregistry.data.gov.uk/id/region/exeter,E07000041,2010-09,159,monthly,201100,345259,216347,186808,132396,2010-09-01
Exeter,http://landregistry.data.gov.uk/id/region/exeter,E07000041,2010-10,141,monthly,201713,346779,217126,187166,132934,2010-10-01
Exeter,http://landregistry.data.gov.uk/id/region/exeter,E07000041,2010-11,149,monthly,196768,339476,211613,182393,129801,2010-11-01
Exeter,http://landregistry.data.gov.uk/id/region/exeter,E07000041,2010-12,173,monthly,196075,337903,211056,181624,129484,2010-12-01
Exeter,http://landregistry.data.gov.uk/id/region/exeter,E07000041,2011-01,93,monthly,193280,333669,207867,178958,127727,2011-01-01
Exeter,http://landregistry.data.gov.uk/id/region/exeter,E07000041,2011-02,92,monthly,196911,339829,211269,182423,130286,2011-02-01
Exeter,http://landregistry.data.gov.uk/id/region/exeter,E07000041,2011-03,146,monthly,194860,337989,208847,180366,128947,2011-03-01
Exeter,http://landregistry.data.gov.uk/id/region/exeter,E07000041,2011-04,149,monthly,195058,338128,208997,180602,129086,2011-04-01
Exeter,http://landregistry.data.gov.uk/id/region/exeter,E07000041,2011-05,138,monthly,193731,334709,207608,179222,128674,2011-05-01
Exeter,http://landregistry.data.gov.uk/id/region/exeter,E07000041,2011-06,178,monthly,194508,333618,208490,180159,129425,2011-06-01
Exeter,http://landregistry.data.gov.uk/id/region/exeter,E07000041,2011-07,154,monthly,196810,336112,210734,182354,131338,2011-07-01
Exeter,http://landregistry.data.gov.uk/id/region/exeter,E07000041,2011-08,172,monthly,198506,339857,213062,184296,131443,2011-08-01
Exeter,http://landregistry.data.gov.uk/id/region/exeter,E07000041,2011-09,164,monthly,198977,342524,213722,184844,131068,2011-09-01
Exeter,http://landregistry.data.gov.uk/id/region/exeter,E07000041,2011-10,177,monthly,196947,340999,212268,182832,129040,2011-10-01
Exeter,http://landregistry.data.gov.uk/id/region/exeter,E07000041,2011-11,141,monthly,192877,333560,207768,178760,126950,2011-11-01
Exeter,http://landregistry.data.gov.uk/id/region/exeter,E07000041,2011-12,150,monthly,193669,334264,208874,179260,127820,2011-12-01
Exeter,http://landregistry.data.gov.uk/id/region/exeter,E07000041,2012-01,130,monthly,195459,336132,210777,181155,128962,2012-01-01
Exeter,http://landregistry.data.gov.uk/id/region/exeter,E07000041,2012-02,142,monthly,199127,342149,214873,184846,130941,2012-02-01
Exeter,http://landregistry.data.gov.uk/id/region/exeter,E07000041,2012-03,203,monthly,199696,341098,215254,185632,131532,2012-03-01
Exeter,http://landregistry.data.gov.uk/id/region/exeter,E07000041,2012-04,112,monthly,200998,343047,216401,186691,132785,2012-04-01
Exeter,http://landregistry.data.gov.uk/id/region/exeter,E07000041,2012-05,117,monthly,199858,340575,214934,185650,132256,2012-05-01
Exeter,http://landregistry.data.gov.uk/id/region/exeter,E07000041,2012-06,158,monthly,199223,339574,214014,185602,131242,2012-06-01
Exeter,http://landregistry.data.gov.uk/id/region/exeter,E07000041,2012-07,157,monthly,198725,338538,213388,185636,130360,2012-07-01
Exeter,http://landregistry.data.gov.uk/id/region/exeter,E07000041,2012-08,159,monthly,197988,337348,212745,185434,129156,2012-08-01
Exeter,http://landregistry.data.gov.uk/id/region/exeter,E07000041,2012-09,143,monthly,200203,342407,215163,187423,130403,2012-09-01
Exeter,http://landregistry.data.gov.uk/id/region/exeter,E07000041,2012-10,130,monthly,201899,345093,217222,188849,131636,2012-10-01
Exeter,http://landregistry.data.gov.uk/id/region/exeter,E07000041,2012-11,146,monthly,203565,348029,219004,190173,133011,2012-11-01
Exeter,http://landregistry.data.gov.uk/id/region/exeter,E07000041,2012-12,144,monthly,200070,342303,215617,186682,130762,2012-12-01
Exeter,http://landregistry.data.gov.uk/id/region/exeter,E07000041,2013-01,100,monthly,195380,334706,210996,182373,127287,2013-01-01
Exeter,http://landregistry.data.gov.uk/id/region/exeter,E07000041,2013-02,107,monthly,192190,329690,207759,179521,124829,2013-02-01
Exeter,http://landregistry.data.gov.uk/id/region/exeter,E07000041,2013-03,122,monthly,191423,329652,207298,178618,124074,2013-03-01
Exeter,http://landregistry.data.gov.uk/id/region/exeter,E07000041,2013-04,113,monthly,196079,337787,212086,183109,127004,2013-04-01
Exeter,http://landregistry.data.gov.uk/id/region/exeter,E07000041,2013-05,176,monthly,198399,341283,214610,185275,128629,2013-05-01
Exeter,http://landregistry.data.gov.uk/id/region/exeter,E07000041,2013-06,182,monthly,200831,343514,217041,188053,130120,2013-06-01
Exeter,http://landregistry.data.gov.uk/id/region/exeter,E07000041,2013-07,160,monthly,201039,343049,216918,188484,130344,2013-07-01
Exeter,http://landregistry.data.gov.uk/id/region/exeter,E07000041,2013-08,226,monthly,202545,345399,218424,190127,131122,2013-08-01
Exeter,http://landregistry.data.gov.uk/id/region/exeter,E07000041,2013-09,163,monthly,203767,349332,219808,191006,131766,2013-09-01
Exeter,http://landregistry.data.gov.uk/id/region/exeter,E07000041,2013-10,202,monthly,201105,346891,217523,188101,129731,2013-10-01
Exeter,http://landregistry.data.gov.uk/id/region/exeter,E07000041,2013-11,229,monthly,202322,350186,219356,188950,130311,2013-11-01
Exeter,http://landregistry.data.gov.uk/id/region/exeter,E07000041,2013-12,231,monthly,203383,350805,220930,189849,131196,2013-12-01
Exeter,http://landregistry.data.gov.uk/id/region/exeter,E07000041,2014-01,139,monthly,206408,355587,224130,192616,133390,2014-01-01
Exeter,http://landregistry.data.gov.uk/id/region/exeter,E07000041,2014-02,139,monthly,208343,359746,226274,194258,134633,2014-02-01
Exeter,http://landregistry.data.gov.uk/id/region/exeter,E07000041,2014-03,135,monthly,209848,362701,227844,195686,135544,2014-03-01
Exeter,http://landregistry.data.gov.uk/id/region/exeter,E07000041,2014-04,180,monthly,209913,362278,227980,195974,135402,2014-04-01
Exeter,http://landregistry.data.gov.uk/id/region/exeter,E07000041,2014-05,177,monthly,209242,359879,227122,195682,134937,2014-05-01
Exeter,http://landregistry.data.gov.uk/id/region/exeter,E07000041,2014-06,221,monthly,208199,358278,226172,194822,133968,2014-06-01
Exeter,http://landregistry.data.gov.uk/id/region/exeter,E07000041,2014-07,161,monthly,210246,361641,228528,196904,135047,2014-07-01
Exeter,http://landregistry.data.gov.uk/id/region/exeter,E07000041,2014-08,209,monthly,209507,360625,227907,196271,134331,2014-08-01
Exeter,http://landregistry.data.gov.uk/id/region/exeter,E07000041,2014-09,211,monthly,214180,368213,232659,200745,137501,2014-09-01
Exeter,http://landregistry.data.gov.uk/id/region/exeter,E07000041,2014-10,214,monthly,217396,374272,236281,203442,139764,2014-10-01
Exeter,http://landregistry.data.gov.uk/id/region/exeter,E07000041,2014-11,207,monthly,217981,375500,237056,203755,140306,2014-11-01
Exeter,http://landregistry.data.gov.uk/id/region/exeter,E07000041,2014-12,221,monthly,221984,383452,241555,207141,142984,2014-12-01
Exeter,http://landregistry.data.gov.uk/id/region/exeter,E07000041,2015-01,175,monthly,220106,380699,239647,205257,141742,2015-01-01
Exeter,http://landregistry.data.gov.uk/id/region/exeter,E07000041,2015-02,157,monthly,225129,389961,244667,209745,145323,2015-02-01
Exeter,http://landregistry.data.gov.uk/id/region/exeter,E07000041,2015-03,190,monthly,224067,389001,243764,208462,144648,2015-03-01
Exeter,http://landregistry.data.gov.uk/id/region/exeter,E07000041,2015-04,174,monthly,222909,387357,242331,207496,143718,2015-04-01
Exeter,http://landregistry.data.gov.uk/id/region/exeter,E07000041,2015-05,214,monthly,221809,385109,241569,206466,142887,2015-05-01
Exeter,http://landregistry.data.gov.uk/id/region/exeter,E07000041,2015-06,263,monthly,218500,378367,238150,204015,140112,2015-06-01
Exeter,http://landregistry.data.gov.uk/id/region/exeter,E07000041,2015-07,236,monthly,221375,382620,241539,206757,141979,2015-07-01
Exeter,http://landregistry.data.gov.uk/id/region/exeter,E07000041,2015-08,205,monthly,223720,386756,244095,209225,143068,2015-08-01
Exeter,http://landregistry.data.gov.uk/id/region/exeter,E07000041,2015-09,206,monthly,229320,398010,249948,214066,146811,2015-09-01
Exeter,http://landregistry.data.gov.uk/id/region/exeter,E07000041,2015-10,210,monthly,230397,401023,251267,215016,147115,2015-10-01
Exeter,http://landregistry.data.gov.uk/id/region/exeter,E07000041,2015-11,183,monthly,230322,401578,251408,214733,147006,2015-11-01
Exeter,http://landregistry.data.gov.uk/id/region/exeter,E07000041,2015-12,241,monthly,229377,400836,250860,213726,146012,2015-12-01
Exeter,http://landregistry.data.gov.uk/id/region/exeter,E07000041,2016-01,146,monthly,228837,399754,250700,212992,145801,2016-01-01
Exeter,http://landregistry.data.gov.uk/id/region/exeter,E07000041,2016-02,157,monthly,231556,404435,253787,215440,147611,2016-02-01
Exeter,http://landregistry.data.gov.uk/id/region/exeter,E07000041,2016-03,401,monthly,232755,404699,254613,216571,149241,2016-03-01
Exeter,http://landregistry.data.gov.uk/id/region/exeter,E07000041,2016-04,102,monthly,230680,401799,252254,214795,147507,2016-04-01
Exeter,http://landregistry.data.gov.uk/id/region/exeter,E07000041,2016-05,157,monthly,229324,399259,250490,213564,146811,2016-05-01
Exeter,http://landregistry.data.gov.uk/id/region/exeter,E07000041,2016-06,233,monthly,226438,395298,247490,210874,144523,2016-06-01
Exeter,http://landregistry.data.gov.uk/id/region/exeter,E07000041,2016-07,185,monthly,231629,403180,252725,215820,148314,2016-07-01
Exeter,http://landregistry.data.gov.uk/id/region/exeter,E07000041,2016-08,221,monthly,234125,407430,255240,218195,149991,2016-08-01
Exeter,http://landregistry.data.gov.uk/id/region/exeter,E07000041,2016-09,193,monthly,237297,413151,258993,221050,151936,2016-09-01
Exeter,http://landregistry.data.gov.uk/id/region/exeter,E07000041,2016-10,173,monthly,239534,419111,261845,222359,153536,2016-10-01
Exeter,http://landregistry.data.gov.uk/id/region/exeter,E07000041,2016-11,211,monthly,242791,427427,265838,224612,155590,2016-11-01
Exeter,http://landregistry.data.gov.uk/id/region/exeter,E07000041,2016-12,234,monthly,240542,424152,262999,222202,154590,2016-12-01
Exeter,http://landregistry.data.gov.uk/id/region/exeter,E07000041,2017-01,130,monthly,234800,414366,256315,216980,150896,2017-01-01
Exeter,http://landregistry.data.gov.uk/id/region/exeter,E07000041,2017-02,122,monthly,231161,406417,251650,213602,149317,2017-02-01
Exeter,http://landregistry.data.gov.uk/id/region/exeter,E07000041,2017-03,181,monthly,234281,411987,255097,216209,151588,2017-03-01
Exeter,http://landregistry.data.gov.uk/id/region/exeter,E07000041,2017-04,153,monthly,241058,422529,262173,222408,156552,2017-04-01
Exeter,http://landregistry.data.gov.uk/id/region/exeter,E07000041,2017-05,180,monthly,241294,421793,262985,222515,156877,2017-05-01
Exeter,http://landregistry.data.gov.uk/id/region/exeter,E07000041,2017-06,205,monthly,243395,422848,264996,224821,158588,2017-06-01
Exeter,http://landregistry.data.gov.uk/id/region/exeter,E07000041,2017-07,197,monthly,245019,424773,267103,226246,159809,2017-07-01
Exeter,http://landregistry.data.gov.uk/id/region/exeter,E07000041,2017-08,205,monthly,248470,430398,270682,229973,161538,2017-08-01
Exeter,http://landregistry.data.gov.uk/id/region/exeter,E07000041,2017-09,200,monthly,251599,437548,274313,232767,163137,2017-09-01
Exeter,http://landregistry.data.gov.uk/id/region/exeter,E07000041,2017-10,157,monthly,253171,441664,276535,234179,163599,2017-10-01
Exeter,http://landregistry.data.gov.uk/id/region/exeter,E07000041,2017-11,194,monthly,253416,443416,277510,234089,163471,2017-11-01
Exeter,http://landregistry.data.gov.uk/id/region/exeter,E07000041,2017-12,166,monthly,250502,438122,275054,231389,161289,2017-12-01
Exeter,http://landregistry.data.gov.uk/id/region/exeter,E07000041,2018-01,136,monthly,250874,439160,275418,231671,161529,2018-01-01
Exeter,http://landregistry.data.gov.uk/id/region/exeter,E07000041,2018-02,147,monthly,251767,443450,276158,232387,161639,2018-02-01
Exeter,http://landregistry.data.gov.uk/id/region/exeter,E07000041,2018-03,171,monthly,252646,446499,276945,233366,161699,2018-03-01
Exeter,http://landregistry.data.gov.uk/id/region/exeter,E07000041,2018-04,134,monthly,249639,442025,273950,231045,158803,2018-04-01
Exeter,http://landregistry.data.gov.uk/id/region/exeter,E07000041,2018-05,165,monthly,251396,443984,276263,233033,159566,2018-05-01
Exeter,http://landregistry.data.gov.uk/id/region/exeter,E07000041,2018-06,202,monthly,251101,443121,276384,232666,159339,2018-06-01
Exeter,http://landregistry.data.gov.uk/id/region/exeter,E07000041,2018-07,167,monthly,255063,450082,280580,236273,162034,2018-07-01
Exeter,http://landregistry.data.gov.uk/id/region/exeter,E07000041,2018-08,198,monthly,257440,453666,283009,238673,163568,2018-08-01
Exeter,http://landregistry.data.gov.uk/id/region/exeter,E07000041,2018-09,192,monthly,260753,459789,286473,241967,165420,2018-09-01
Exeter,http://landregistry.data.gov.uk/id/region/exeter,E07000041,2018-10,184,monthly,260023,459124,285973,241090,164864,2018-10-01
Exeter,http://landregistry.data.gov.uk/id/region/exeter,E07000041,2018-11,173,monthly,257311,455520,283397,238480,162716,2018-11-01
Exeter,http://landregistry.data.gov.uk/id/region/exeter,E07000041,2018-12,179,monthly,255557,452857,281775,236401,161876,2018-12-01
Exeter,http://landregistry.data.gov.uk/id/region/exeter,E07000041,2019-01,114,monthly,255852,454060,282324,236547,161912,2019-01-01
Exeter,http://landregistry.data.gov.uk/id/region/exeter,E07000041,2019-02,120,monthly,256638,456642,283350,236810,162579,2019-02-01
Exeter,http://landregistry.data.gov.uk/id/region/exeter,E07000041,2019-03,173,monthly,259059,461778,286513,239309,163265,2019-03-01
Exeter,http://landregistry.data.gov.uk/id/region/exeter,E07000041,2019-04,131,monthly,254760,452804,281636,235794,160404,2019-04-01
Exeter,http://landregistry.data.gov.uk/id/region/exeter,E07000041,2019-05,136,monthly,254305,450471,281238,236062,159594,2019-05-01
Exeter,http://landregistry.data.gov.uk/id/region/exeter,E07000041,2019-06,152,monthly,251320,444048,277631,233401,158073,2019-06-01
Exeter,http://landregistry.data.gov.uk/id/region/exeter,E07000041,2019-07,172,monthly,258503,456419,285329,240145,162730,2019-07-01
Exeter,http://landregistry.data.gov.uk/id/region/exeter,E07000041,2019-08,207,monthly,257819,455605,284364,239656,162137,2019-08-01
Exeter,http://landregistry.data.gov.uk/id/region/exeter,E07000041,2019-09,182,monthly,263304,465277,289878,245076,165508,2019-09-01
Exeter,http://landregistry.data.gov.uk/id/region/exeter,E07000041,2019-10,185,monthly,259939,459927,287292,241766,162783,2019-10-01
Exeter,http://landregistry.data.gov.uk/id/region/exeter,E07000041,2019-11,153,monthly,263448,466416,291856,244784,164804,2019-11-01
Exeter,http://landregistry.data.gov.uk/id/region/exeter,E07000041,2019-12,196,monthly,260933,462421,289905,242424,162633,2019-12-01
Exeter,http://landregistry.data.gov.uk/id/region/exeter,E07000041,2020-01,130,monthly,263141,466979,292388,244756,163469,2020-01-01
Exeter,http://landregistry.data.gov.uk/id/region/exeter,E07000041,2020-02,124,monthly,259375,460842,288377,241538,160553,2020-02-01
Exeter,http://landregistry.data.gov.uk/id/region/exeter,E07000041,2020-03,149,monthly,261203,464908,290672,243196,161359,2020-03-01
Exeter,http://landregistry.data.gov.uk/id/region/exeter,E07000041,2020-04,44,monthly,256770,458465,285914,239403,157774,2020-04-01
Exeter,http://landregistry.data.gov.uk/id/region/exeter,E07000041,2020-05,59,monthly,258330,461689,288012,240396,158902,2020-05-01
Exeter,http://landregistry.data.gov.uk/id/region/exeter,E07000041,2020-06,86,monthly,254666,453942,284342,237506,156169,2020-06-01
Exeter,http://landregistry.data.gov.uk/id/region/exeter,E07000041,2020-07,142,monthly,257126,456520,286831,239803,158309,2020-07-01
Exeter,http://landregistry.data.gov.uk/id/region/exeter,E07000041,2020-08,139,monthly,258984,459857,289006,242380,158481,2020-08-01
Exeter,http://landregistry.data.gov.uk/id/region/exeter,E07000041,2020-09,134,monthly,267662,477313,298530,250499,163339,2020-09-01
Exeter,http://landregistry.data.gov.uk/id/region/exeter,E07000041,2020-10,146,monthly,270448,483792,301738,253373,164294,2020-10-01
Exeter,http://landregistry.data.gov.uk/id/region/exeter,E07000041,2020-11,165,monthly,272399,486911,303428,255438,165608,2020-11-01
Exeter,http://landregistry.data.gov.uk/id/region/exeter,E07000041,2020-12,235,monthly,270722,483332,301289,254350,164391,2020-12-01
Exeter,http://landregistry.data.gov.uk/id/region/exeter,E07000041,2021-01,160,monthly,271720,480609,301825,255595,166224,2021-01-01
Exeter,http://landregistry.data.gov.uk/id/region/exeter,E07000041,2021-02,178,monthly,271282,475349,300457,255375,167518,2021-02-01
Exeter,http://landregistry.data.gov.uk/id/region/exeter,E07000041,2021-03,284,monthly,273407,473988,301712,257474,170815,2021-03-01
Exeter,http://landregistry.data.gov.uk/id/region/exeter,E07000041,2021-04,186,monthly,278099,482328,306412,261797,174115,2021-04-01
Exeter,http://landregistry.data.gov.uk/id/region/exeter,E07000041,2021-05,152,monthly,276445,480408,304713,260233,172720,2021-05-01
Exeter,http://landregistry.data.gov.uk/id/region/exeter,E07000041,2021-06,419,monthly,275120,476598,302796,259743,171666,2021-06-01
Exeter,http://landregistry.data.gov.uk/id/region/exeter,E07000041,2021-07,105,monthly,268638,466154,296553,253208,167355,2021-07-01
Exeter,http://landregistry.data.gov.uk/id/region/exeter,E07000041,2021-08,189,monthly,274715,478644,304381,258788,170041,2021-08-01
Exeter,http://landregistry.data.gov.uk/id/region/exeter,E07000041,2021-09,318,monthly,275389,481692,306248,258990,169723,2021-09-01
Exeter,http://landregistry.data.gov.uk/id/region/exeter,E07000041,2021-10,125,monthly,279069,491686,310522,262500,170759,2021-10-01
Exeter,http://landregistry.data.gov.uk/id/region/exeter,E07000041,2021-11,126,monthly,280313,494945,311967,263559,171313,2021-11-01
Exeter,http://landregistry.data.gov.uk/id/region/exeter,E07000041,2021-12,162,monthly,281460,500279,313688,264448,170989,2021-12-01
Exeter,http://landregistry.data.gov.uk/id/region/exeter,E07000041,2022-01,141,monthly,291252,515842,325137,274217,176410,2022-01-01
Exeter,http://landregistry.data.gov.uk/id/region/exeter,E07000041,2022-02,172,monthly,291040,514585,325138,274096,176358,2022-02-01
Exeter,http://landregistry.data.gov.uk/id/region/exeter,E07000041,2022-03,181,monthly,294358,520906,329843,276976,177925,2022-03-01
Exeter,http://landregistry.data.gov.uk/id/region/exeter,E07000041,2022-04,164,monthly,292782,517118,327510,275994,176932,2022-04-01
Exeter,http://landregistry.data.gov.uk/id/region/exeter,E07000041,2022-05,143,monthly,301807,532589,337647,285062,181646,2022-05-01
Exeter,http://landregistry.data.gov.uk/id/region/exeter,E07000041,2022-06,183,monthly,306037,538022,341850,289742,184162,2022-06-01
Exeter,http://landregistry.data.gov.uk/id/region/exeter,E07000041,2022-07,156,monthly,311016,545882,347954,294810,186514,2022-07-01
Exeter,http://landregistry.data.gov.uk/id/region/exeter,E07000041,2022-08,168,monthly,316990,556008,354579,301174,189199,2022-08-01
Exeter,http://landregistry.data.gov.uk/id/region/exeter,E07000041,2022-09,161,monthly,320990,564039,359302,305232,190710,2022-09-01
Exeter,http://landregistry.data.gov.uk/id/region/exeter,E07000041,2022-10,179,monthly,323786,570495,362775,307668,191989,2022-10-01
Exeter,http://landregistry.data.gov.uk/id/region/exeter,E07000041,2022-11,164,monthly,320416,565820,359659,304111,189667,2022-11-01
Exeter,http://landregistry.data.gov.uk/id/region/exeter,E07000041,2022-12,150,monthly,324163,572386,364280,307603,191702,2022-12-01
Exeter,http://landregistry.data.gov.uk/id/region/exeter,E07000041,2023-01,111,monthly,325322,574835,365666,308532,192458,2023-01-01
Exeter,http://landregistry.data.gov.uk/id/region/exeter,E07000041,2023-02,127,monthly,324411,574153,364614,307346,192198,2023-02-01
Exeter,http://landregistry.data.gov.uk/id/region/exeter,E07000041,2023-03,140,monthly,317839,564889,357909,300251,188414,2023-03-01
Exeter,http://landregistry.data.gov.uk/id/region/exeter,E07000041,2023-04,114,monthly,316310,562979,356408,298438,187612,2023-04-01
Exeter,http://landregistry.data.gov.uk/id/region/exeter,E07000041,2023-05,89,monthly,316961,562124,356793,298972,188630,2023-05-01
Exeter,http://landregistry.data.gov.uk/id/region/exeter,E07000041,2023-06,120,monthly,316052,558484,354978,298813,188158,2023-06-01
Exeter,http://landregistry.data.gov.uk/id/region/exeter,E07000041,2023-07,132,monthly,313989,553750,352951,297439,186454,2023-07-01
Exeter,http://landregistry.data.gov.uk/id/region/exeter,E07000041,2023-08,136,monthly,313899,554473,353689,298115,185114,2023-08-01
Exeter,http://landregistry.data.gov.uk/id/region/exeter,E07000041,2023-09,102,monthly,314598,556745,355051,299228,184633,2023-09-01
Exeter,http://landregistry.data.gov.uk/id/region/exeter,E07000041,2023-10,134,monthly,314099,555514,354818,298675,184339,2023-10-01
Exeter,http://landregistry.data.gov.uk/id/region/exeter,E07000041,2023-11,115,monthly,308345,546984,348951,292461,181082,2023-11-01
Exeter,http://landregistry.data.gov.uk/id/region/exeter,E07000041,2023-12,104,monthly,309078,548177,350602,292660,181655,2023-12-01
Exeter,http://landregistry.data.gov.uk/id/region/exeter,E07000041,2024-01,73,monthly,305395,542179,346690,289709,178753,2024-01-01
Exeter,http://landregistry.data.gov.uk/id/region/exeter,E07000041,2024-02,47,monthly,307145,545033,349007,291663,179417,2024-02-01
Exeter,http://landregistry.data.gov.uk/id/region/exeter,E07000041,2024-03,,monthly,302596,537279,344147,286866,177154,2024-03-01
Exeter,http://landregistry.data.gov.uk/id/region/exeter,E07000041,2024-04,,monthly,301229,533893,343165,285157,176749,2024-04-01
