"Name","URI","Region GSS code","Period","Sales volume","Reporting period","Average price All property types","Average price Detached houses","Average price Semi-detached houses","Average price Terraced houses","Average price Flats and maisonettes","Pivotable date"
Glasgow,http://landregistry.data.gov.uk/id/region/city-of-glasgow,S12000049,2004-01,1137,monthly,80685,206106,107324,86313,72057,2004-01-01
Glasgow,http://landregistry.data.gov.uk/id/region/city-of-glasgow,S12000049,2004-02,1015,monthly,83091,205709,108882,88157,74532,2004-02-01
Glasgow,http://landregistry.data.gov.uk/id/region/city-of-glasgow,S12000049,2004-03,1255,monthly,83218,204536,108971,88435,74653,2004-03-01
Glasgow,http://landregistry.data.gov.uk/id/region/city-of-glasgow,S12000049,2004-04,1495,monthly,86514,205102,113322,92355,77667,2004-04-01
Glasgow,http://landregistry.data.gov.uk/id/region/city-of-glasgow,S12000049,2004-05,1415,monthly,88800,208714,116734,95306,79645,2004-05-01
Glasgow,http://landregistry.data.gov.uk/id/region/city-of-glasgow,S12000049,2004-06,1564,monthly,94105,217294,123302,100795,84524,2004-06-01
Glasgow,http://landregistry.data.gov.uk/id/region/city-of-glasgow,S12000049,2004-07,1539,monthly,94649,221547,124272,101510,84928,2004-07-01
Glasgow,http://landregistry.data.gov.uk/id/region/city-of-glasgow,S12000049,2004-08,1476,monthly,94804,224454,124851,101953,84960,2004-08-01
Glasgow,http://landregistry.data.gov.uk/id/region/city-of-glasgow,S12000049,2004-09,1365,monthly,93158,223724,123465,100625,83314,2004-09-01
Glasgow,http://landregistry.data.gov.uk/id/region/city-of-glasgow,S12000049,2004-10,1506,monthly,95178,228916,125468,102482,85209,2004-10-01
Glasgow,http://landregistry.data.gov.uk/id/region/city-of-glasgow,S12000049,2004-11,1268,monthly,95280,229122,125655,102693,85284,2004-11-01
Glasgow,http://landregistry.data.gov.uk/id/region/city-of-glasgow,S12000049,2004-12,1359,monthly,96314,229269,126151,103655,86333,2004-12-01
Glasgow,http://landregistry.data.gov.uk/id/region/city-of-glasgow,S12000049,2005-01,1066,monthly,96182,229346,125601,103633,86222,2005-01-01
Glasgow,http://landregistry.data.gov.uk/id/region/city-of-glasgow,S12000049,2005-02,921,monthly,97130,229418,125934,104322,87163,2005-02-01
Glasgow,http://landregistry.data.gov.uk/id/region/city-of-glasgow,S12000049,2005-03,1224,monthly,98352,230112,126433,105737,88215,2005-03-01
Glasgow,http://landregistry.data.gov.uk/id/region/city-of-glasgow,S12000049,2005-04,1435,monthly,99790,227096,126842,107074,89587,2005-04-01
Glasgow,http://landregistry.data.gov.uk/id/region/city-of-glasgow,S12000049,2005-05,1389,monthly,100852,226518,126972,107843,90618,2005-05-01
Glasgow,http://landregistry.data.gov.uk/id/region/city-of-glasgow,S12000049,2005-06,1647,monthly,102969,229404,129085,109849,92565,2005-06-01
Glasgow,http://landregistry.data.gov.uk/id/region/city-of-glasgow,S12000049,2005-07,1555,monthly,106158,237990,133802,113545,95381,2005-07-01
Glasgow,http://landregistry.data.gov.uk/id/region/city-of-glasgow,S12000049,2005-08,1593,monthly,110075,247819,139194,118184,98846,2005-08-01
Glasgow,http://landregistry.data.gov.uk/id/region/city-of-glasgow,S12000049,2005-09,1659,monthly,110706,251689,140772,119206,99351,2005-09-01
Glasgow,http://landregistry.data.gov.uk/id/region/city-of-glasgow,S12000049,2005-10,1392,monthly,107870,246447,137083,116077,96810,2005-10-01
Glasgow,http://landregistry.data.gov.uk/id/region/city-of-glasgow,S12000049,2005-11,1463,monthly,105843,239989,134081,113962,95004,2005-11-01
Glasgow,http://landregistry.data.gov.uk/id/region/city-of-glasgow,S12000049,2005-12,1461,monthly,103963,231454,129948,111107,93455,2005-12-01
Glasgow,http://landregistry.data.gov.uk/id/region/city-of-glasgow,S12000049,2006-01,1126,monthly,105442,235407,132015,112928,94756,2006-01-01
Glasgow,http://landregistry.data.gov.uk/id/region/city-of-glasgow,S12000049,2006-02,1029,monthly,105818,234952,132188,113077,95177,2006-02-01
Glasgow,http://landregistry.data.gov.uk/id/region/city-of-glasgow,S12000049,2006-03,1420,monthly,106078,236455,133603,114195,95338,2006-03-01
Glasgow,http://landregistry.data.gov.uk/id/region/city-of-glasgow,S12000049,2006-04,1330,monthly,106100,231518,132650,114015,95455,2006-04-01
Glasgow,http://landregistry.data.gov.uk/id/region/city-of-glasgow,S12000049,2006-05,1547,monthly,107886,233557,134476,115650,97120,2006-05-01
Glasgow,http://landregistry.data.gov.uk/id/region/city-of-glasgow,S12000049,2006-06,1964,monthly,110263,235257,136602,117725,99375,2006-06-01
Glasgow,http://landregistry.data.gov.uk/id/region/city-of-glasgow,S12000049,2006-07,1550,monthly,114150,244742,141700,122189,102821,2006-07-01
Glasgow,http://landregistry.data.gov.uk/id/region/city-of-glasgow,S12000049,2006-08,1715,monthly,116908,254028,146347,126192,105115,2006-08-01
Glasgow,http://landregistry.data.gov.uk/id/region/city-of-glasgow,S12000049,2006-09,1764,monthly,120320,266393,152022,130598,108009,2006-09-01
Glasgow,http://landregistry.data.gov.uk/id/region/city-of-glasgow,S12000049,2006-10,1669,monthly,119793,264239,151067,129688,107593,2006-10-01
Glasgow,http://landregistry.data.gov.uk/id/region/city-of-glasgow,S12000049,2006-11,1614,monthly,118970,260080,149567,128479,106922,2006-11-01
Glasgow,http://landregistry.data.gov.uk/id/region/city-of-glasgow,S12000049,2006-12,1590,monthly,117265,252725,146018,125887,105549,2006-12-01
Glasgow,http://landregistry.data.gov.uk/id/region/city-of-glasgow,S12000049,2007-01,1155,monthly,116609,252945,145452,125475,104901,2007-01-01
Glasgow,http://landregistry.data.gov.uk/id/region/city-of-glasgow,S12000049,2007-02,1040,monthly,116709,252441,144831,124884,105091,2007-02-01
Glasgow,http://landregistry.data.gov.uk/id/region/city-of-glasgow,S12000049,2007-03,1637,monthly,117601,254336,146051,126279,105838,2007-03-01
Glasgow,http://landregistry.data.gov.uk/id/region/city-of-glasgow,S12000049,2007-04,1637,monthly,120812,257003,149062,129514,108823,2007-04-01
Glasgow,http://landregistry.data.gov.uk/id/region/city-of-glasgow,S12000049,2007-05,1645,monthly,124005,262418,152838,133349,111675,2007-05-01
Glasgow,http://landregistry.data.gov.uk/id/region/city-of-glasgow,S12000049,2007-06,2171,monthly,127916,269067,157101,137104,115274,2007-06-01
Glasgow,http://landregistry.data.gov.uk/id/region/city-of-glasgow,S12000049,2007-07,1636,monthly,130473,276133,160909,140247,117499,2007-07-01
Glasgow,http://landregistry.data.gov.uk/id/region/city-of-glasgow,S12000049,2007-08,1996,monthly,130438,278498,161429,140666,117380,2007-08-01
Glasgow,http://landregistry.data.gov.uk/id/region/city-of-glasgow,S12000049,2007-09,1548,monthly,128665,277268,160152,139254,115682,2007-09-01
Glasgow,http://landregistry.data.gov.uk/id/region/city-of-glasgow,S12000049,2007-10,1640,monthly,123122,266913,152980,132955,110722,2007-10-01
Glasgow,http://landregistry.data.gov.uk/id/region/city-of-glasgow,S12000049,2007-11,1680,monthly,122686,263868,151685,131748,110449,2007-11-01
Glasgow,http://landregistry.data.gov.uk/id/region/city-of-glasgow,S12000049,2007-12,1457,monthly,123206,263394,151770,131947,110984,2007-12-01
Glasgow,http://landregistry.data.gov.uk/id/region/city-of-glasgow,S12000049,2008-01,1025,monthly,126252,270774,155915,135618,113669,2008-01-01
Glasgow,http://landregistry.data.gov.uk/id/region/city-of-glasgow,S12000049,2008-02,1098,monthly,125521,270141,155383,135292,113018,2008-02-01
Glasgow,http://landregistry.data.gov.uk/id/region/city-of-glasgow,S12000049,2008-03,1166,monthly,124061,268114,154909,134810,111574,2008-03-01
Glasgow,http://landregistry.data.gov.uk/id/region/city-of-glasgow,S12000049,2008-04,1213,monthly,122650,261024,153165,133657,110341,2008-04-01
Glasgow,http://landregistry.data.gov.uk/id/region/city-of-glasgow,S12000049,2008-05,1227,monthly,124049,260906,155375,135728,111562,2008-05-01
Glasgow,http://landregistry.data.gov.uk/id/region/city-of-glasgow,S12000049,2008-06,1125,monthly,126327,266039,158290,138459,113569,2008-06-01
Glasgow,http://landregistry.data.gov.uk/id/region/city-of-glasgow,S12000049,2008-07,1014,monthly,127523,270483,160936,140460,114433,2008-07-01
Glasgow,http://landregistry.data.gov.uk/id/region/city-of-glasgow,S12000049,2008-08,965,monthly,124028,267520,156526,136544,111210,2008-08-01
Glasgow,http://landregistry.data.gov.uk/id/region/city-of-glasgow,S12000049,2008-09,748,monthly,117958,254465,148160,129354,105883,2008-09-01
Glasgow,http://landregistry.data.gov.uk/id/region/city-of-glasgow,S12000049,2008-10,841,monthly,111835,240258,139271,121670,100617,2008-10-01
Glasgow,http://landregistry.data.gov.uk/id/region/city-of-glasgow,S12000049,2008-11,591,monthly,109781,232897,136942,119572,98798,2008-11-01
Glasgow,http://landregistry.data.gov.uk/id/region/city-of-glasgow,S12000049,2008-12,609,monthly,108273,227765,135452,118264,97411,2008-12-01
Glasgow,http://landregistry.data.gov.uk/id/region/city-of-glasgow,S12000049,2009-01,425,monthly,107441,228410,134543,117218,96619,2009-01-01
Glasgow,http://landregistry.data.gov.uk/id/region/city-of-glasgow,S12000049,2009-02,407,monthly,104370,222839,130561,113562,93901,2009-02-01
Glasgow,http://landregistry.data.gov.uk/id/region/city-of-glasgow,S12000049,2009-03,622,monthly,104902,226306,130678,113601,94475,2009-03-01
Glasgow,http://landregistry.data.gov.uk/id/region/city-of-glasgow,S12000049,2009-04,550,monthly,106564,226908,132627,115681,96004,2009-04-01
Glasgow,http://landregistry.data.gov.uk/id/region/city-of-glasgow,S12000049,2009-05,653,monthly,110683,235318,137653,120492,99680,2009-05-01
Glasgow,http://landregistry.data.gov.uk/id/region/city-of-glasgow,S12000049,2009-06,766,monthly,113196,240846,141233,123754,101807,2009-06-01
Glasgow,http://landregistry.data.gov.uk/id/region/city-of-glasgow,S12000049,2009-07,769,monthly,117888,252261,147526,129248,105893,2009-07-01
Glasgow,http://landregistry.data.gov.uk/id/region/city-of-glasgow,S12000049,2009-08,735,monthly,119994,260067,151187,132235,107501,2009-08-01
Glasgow,http://landregistry.data.gov.uk/id/region/city-of-glasgow,S12000049,2009-09,756,monthly,120185,262212,152173,133122,107453,2009-09-01
Glasgow,http://landregistry.data.gov.uk/id/region/city-of-glasgow,S12000049,2009-10,819,monthly,116392,256421,148328,129411,103834,2009-10-01
Glasgow,http://landregistry.data.gov.uk/id/region/city-of-glasgow,S12000049,2009-11,763,monthly,114543,252647,145927,127579,102149,2009-11-01
Glasgow,http://landregistry.data.gov.uk/id/region/city-of-glasgow,S12000049,2009-12,834,monthly,114381,250911,146391,127790,101906,2009-12-01
Glasgow,http://landregistry.data.gov.uk/id/region/city-of-glasgow,S12000049,2010-01,456,monthly,112739,249941,144246,126184,100358,2010-01-01
Glasgow,http://landregistry.data.gov.uk/id/region/city-of-glasgow,S12000049,2010-02,431,monthly,107849,240410,138946,121159,95819,2010-02-01
Glasgow,http://landregistry.data.gov.uk/id/region/city-of-glasgow,S12000049,2010-03,641,monthly,103363,234178,133298,116248,91728,2010-03-01
Glasgow,http://landregistry.data.gov.uk/id/region/city-of-glasgow,S12000049,2010-04,711,monthly,103657,231204,133384,116319,92164,2010-04-01
Glasgow,http://landregistry.data.gov.uk/id/region/city-of-glasgow,S12000049,2010-05,623,monthly,107177,237617,137285,119903,95460,2010-05-01
Glasgow,http://landregistry.data.gov.uk/id/region/city-of-glasgow,S12000049,2010-06,811,monthly,110674,244982,142122,124241,98479,2010-06-01
Glasgow,http://landregistry.data.gov.uk/id/region/city-of-glasgow,S12000049,2010-07,780,monthly,112925,253002,145824,127489,100195,2010-07-01
Glasgow,http://landregistry.data.gov.uk/id/region/city-of-glasgow,S12000049,2010-08,741,monthly,114748,261311,149180,130263,101476,2010-08-01
Glasgow,http://landregistry.data.gov.uk/id/region/city-of-glasgow,S12000049,2010-09,753,monthly,114901,262632,149203,130348,101617,2010-09-01
Glasgow,http://landregistry.data.gov.uk/id/region/city-of-glasgow,S12000049,2010-10,725,monthly,112819,258358,146645,127948,99753,2010-10-01
Glasgow,http://landregistry.data.gov.uk/id/region/city-of-glasgow,S12000049,2010-11,665,monthly,110749,253990,144109,125536,97906,2010-11-01
Glasgow,http://landregistry.data.gov.uk/id/region/city-of-glasgow,S12000049,2010-12,622,monthly,108267,248151,141046,122519,95732,2010-12-01
Glasgow,http://landregistry.data.gov.uk/id/region/city-of-glasgow,S12000049,2011-01,446,monthly,107907,248812,140384,121927,95424,2011-01-01
Glasgow,http://landregistry.data.gov.uk/id/region/city-of-glasgow,S12000049,2011-02,448,monthly,104960,242273,136345,118381,92865,2011-02-01
Glasgow,http://landregistry.data.gov.uk/id/region/city-of-glasgow,S12000049,2011-03,562,monthly,103698,239834,134818,117165,91689,2011-03-01
Glasgow,http://landregistry.data.gov.uk/id/region/city-of-glasgow,S12000049,2011-04,611,monthly,102962,236338,133905,116500,91053,2011-04-01
Glasgow,http://landregistry.data.gov.uk/id/region/city-of-glasgow,S12000049,2011-05,609,monthly,104381,235025,134746,117593,92635,2011-05-01
Glasgow,http://landregistry.data.gov.uk/id/region/city-of-glasgow,S12000049,2011-06,728,monthly,107152,239930,138073,120491,95197,2011-06-01
Glasgow,http://landregistry.data.gov.uk/id/region/city-of-glasgow,S12000049,2011-07,677,monthly,111189,250099,143098,124983,98781,2011-07-01
Glasgow,http://landregistry.data.gov.uk/id/region/city-of-glasgow,S12000049,2011-08,773,monthly,112514,256983,146238,127410,99529,2011-08-01
Glasgow,http://landregistry.data.gov.uk/id/region/city-of-glasgow,S12000049,2011-09,739,monthly,113619,261808,148053,128956,100351,2011-09-01
Glasgow,http://landregistry.data.gov.uk/id/region/city-of-glasgow,S12000049,2011-10,616,monthly,110689,255974,144892,125657,97660,2011-10-01
Glasgow,http://landregistry.data.gov.uk/id/region/city-of-glasgow,S12000049,2011-11,645,monthly,109908,252510,143442,124222,97156,2011-11-01
Glasgow,http://landregistry.data.gov.uk/id/region/city-of-glasgow,S12000049,2011-12,612,monthly,106555,242107,139007,120171,94316,2011-12-01
Glasgow,http://landregistry.data.gov.uk/id/region/city-of-glasgow,S12000049,2012-01,501,monthly,104220,236082,136171,117738,92211,2012-01-01
Glasgow,http://landregistry.data.gov.uk/id/region/city-of-glasgow,S12000049,2012-02,438,monthly,100850,230658,132691,114643,88943,2012-02-01
Glasgow,http://landregistry.data.gov.uk/id/region/city-of-glasgow,S12000049,2012-03,731,monthly,100363,230598,132608,114613,88335,2012-03-01
Glasgow,http://landregistry.data.gov.uk/id/region/city-of-glasgow,S12000049,2012-04,551,monthly,99940,229047,131603,114002,88054,2012-04-01
Glasgow,http://landregistry.data.gov.uk/id/region/city-of-glasgow,S12000049,2012-05,648,monthly,101708,231278,133107,115786,89800,2012-05-01
Glasgow,http://landregistry.data.gov.uk/id/region/city-of-glasgow,S12000049,2012-06,789,monthly,102731,233505,133630,116998,90799,2012-06-01
Glasgow,http://landregistry.data.gov.uk/id/region/city-of-glasgow,S12000049,2012-07,631,monthly,104888,239491,136671,119714,92603,2012-07-01
Glasgow,http://landregistry.data.gov.uk/id/region/city-of-glasgow,S12000049,2012-08,800,monthly,104956,240383,137417,120590,92428,2012-08-01
Glasgow,http://landregistry.data.gov.uk/id/region/city-of-glasgow,S12000049,2012-09,637,monthly,104124,240659,136840,119727,91558,2012-09-01
Glasgow,http://landregistry.data.gov.uk/id/region/city-of-glasgow,S12000049,2012-10,659,monthly,102579,235922,134704,117983,90239,2012-10-01
Glasgow,http://landregistry.data.gov.uk/id/region/city-of-glasgow,S12000049,2012-11,726,monthly,101475,234209,133377,116737,89227,2012-11-01
Glasgow,http://landregistry.data.gov.uk/id/region/city-of-glasgow,S12000049,2012-12,614,monthly,100073,230113,131869,115435,87924,2012-12-01
Glasgow,http://landregistry.data.gov.uk/id/region/city-of-glasgow,S12000049,2013-01,519,monthly,99149,228403,131469,114497,86980,2013-01-01
Glasgow,http://landregistry.data.gov.uk/id/region/city-of-glasgow,S12000049,2013-02,485,monthly,97175,224226,129016,112082,85250,2013-02-01
Glasgow,http://landregistry.data.gov.uk/id/region/city-of-glasgow,S12000049,2013-03,716,monthly,96139,223117,128161,111116,84211,2013-03-01
Glasgow,http://landregistry.data.gov.uk/id/region/city-of-glasgow,S12000049,2013-04,707,monthly,96732,224339,128456,112100,84737,2013-04-01
Glasgow,http://landregistry.data.gov.uk/id/region/city-of-glasgow,S12000049,2013-05,834,monthly,99291,227602,131181,114655,87178,2013-05-01
Glasgow,http://landregistry.data.gov.uk/id/region/city-of-glasgow,S12000049,2013-06,838,monthly,101615,231504,133821,117269,89308,2013-06-01
Glasgow,http://landregistry.data.gov.uk/id/region/city-of-glasgow,S12000049,2013-07,819,monthly,105196,240085,138370,121481,92450,2013-07-01
Glasgow,http://landregistry.data.gov.uk/id/region/city-of-glasgow,S12000049,2013-08,862,monthly,107261,245385,141112,124087,94212,2013-08-01
Glasgow,http://landregistry.data.gov.uk/id/region/city-of-glasgow,S12000049,2013-09,769,monthly,108221,250355,142706,125281,94938,2013-09-01
Glasgow,http://landregistry.data.gov.uk/id/region/city-of-glasgow,S12000049,2013-10,842,monthly,104076,241202,137497,120310,91292,2013-10-01
Glasgow,http://landregistry.data.gov.uk/id/region/city-of-glasgow,S12000049,2013-11,914,monthly,102846,241105,136611,119283,90009,2013-11-01
Glasgow,http://landregistry.data.gov.uk/id/region/city-of-glasgow,S12000049,2013-12,754,monthly,101414,235939,134937,117554,88790,2013-12-01
Glasgow,http://landregistry.data.gov.uk/id/region/city-of-glasgow,S12000049,2014-01,681,monthly,101580,237263,135447,117729,88885,2014-01-01
Glasgow,http://landregistry.data.gov.uk/id/region/city-of-glasgow,S12000049,2014-02,647,monthly,100630,234157,133571,116015,88232,2014-02-01
Glasgow,http://landregistry.data.gov.uk/id/region/city-of-glasgow,S12000049,2014-03,733,monthly,100384,235226,133499,115897,87926,2014-03-01
Glasgow,http://landregistry.data.gov.uk/id/region/city-of-glasgow,S12000049,2014-04,808,monthly,100836,235353,134291,116827,88265,2014-04-01
Glasgow,http://landregistry.data.gov.uk/id/region/city-of-glasgow,S12000049,2014-05,924,monthly,102232,239004,136934,119153,89292,2014-05-01
Glasgow,http://landregistry.data.gov.uk/id/region/city-of-glasgow,S12000049,2014-06,965,monthly,104451,243867,140001,121973,91194,2014-06-01
Glasgow,http://landregistry.data.gov.uk/id/region/city-of-glasgow,S12000049,2014-07,952,monthly,107648,253081,144675,126054,93854,2014-07-01
Glasgow,http://landregistry.data.gov.uk/id/region/city-of-glasgow,S12000049,2014-08,1079,monthly,111021,261054,149419,130171,96748,2014-08-01
Glasgow,http://landregistry.data.gov.uk/id/region/city-of-glasgow,S12000049,2014-09,962,monthly,112258,265613,151321,131685,97755,2014-09-01
Glasgow,http://landregistry.data.gov.uk/id/region/city-of-glasgow,S12000049,2014-10,1043,monthly,111894,265370,151173,131062,97418,2014-10-01
Glasgow,http://landregistry.data.gov.uk/id/region/city-of-glasgow,S12000049,2014-11,857,monthly,109374,260320,147813,127859,95233,2014-11-01
Glasgow,http://landregistry.data.gov.uk/id/region/city-of-glasgow,S12000049,2014-12,706,monthly,106637,253647,144272,124619,92844,2014-12-01
Glasgow,http://landregistry.data.gov.uk/id/region/city-of-glasgow,S12000049,2015-01,694,monthly,106035,250787,142963,123524,92462,2015-01-01
Glasgow,http://landregistry.data.gov.uk/id/region/city-of-glasgow,S12000049,2015-02,622,monthly,104327,246917,140572,121401,90992,2015-02-01
Glasgow,http://landregistry.data.gov.uk/id/region/city-of-glasgow,S12000049,2015-03,1016,monthly,105685,255560,142643,122964,92014,2015-03-01
Glasgow,http://landregistry.data.gov.uk/id/region/city-of-glasgow,S12000049,2015-04,984,monthly,105891,250978,142445,122928,92423,2015-04-01
Glasgow,http://landregistry.data.gov.uk/id/region/city-of-glasgow,S12000049,2015-05,1010,monthly,108717,253419,145889,125833,95097,2015-05-01
Glasgow,http://landregistry.data.gov.uk/id/region/city-of-glasgow,S12000049,2015-06,1084,monthly,111221,250664,148685,128657,97575,2015-06-01
Glasgow,http://landregistry.data.gov.uk/id/region/city-of-glasgow,S12000049,2015-07,1175,monthly,113668,260322,152397,131846,99509,2015-07-01
Glasgow,http://landregistry.data.gov.uk/id/region/city-of-glasgow,S12000049,2015-08,1055,monthly,115264,268107,155186,134364,100631,2015-08-01
Glasgow,http://landregistry.data.gov.uk/id/region/city-of-glasgow,S12000049,2015-09,977,monthly,115202,270412,155398,134182,100498,2015-09-01
Glasgow,http://landregistry.data.gov.uk/id/region/city-of-glasgow,S12000049,2015-10,1129,monthly,115163,271573,155784,134302,100362,2015-10-01
Glasgow,http://landregistry.data.gov.uk/id/region/city-of-glasgow,S12000049,2015-11,1004,monthly,114892,270400,155217,133713,100200,2015-11-01
Glasgow,http://landregistry.data.gov.uk/id/region/city-of-glasgow,S12000049,2015-12,962,monthly,115263,273866,156161,134552,100353,2015-12-01
Glasgow,http://landregistry.data.gov.uk/id/region/city-of-glasgow,S12000049,2016-01,734,monthly,113415,270380,153567,132097,98773,2016-01-01
Glasgow,http://landregistry.data.gov.uk/id/region/city-of-glasgow,S12000049,2016-02,659,monthly,110403,263739,150082,128812,96045,2016-02-01
Glasgow,http://landregistry.data.gov.uk/id/region/city-of-glasgow,S12000049,2016-03,1579,monthly,108847,258141,147284,126301,94908,2016-03-01
Glasgow,http://landregistry.data.gov.uk/id/region/city-of-glasgow,S12000049,2016-04,733,monthly,108316,256098,147205,126533,94282,2016-04-01
Glasgow,http://landregistry.data.gov.uk/id/region/city-of-glasgow,S12000049,2016-05,830,monthly,111788,261205,151106,130431,97489,2016-05-01
Glasgow,http://landregistry.data.gov.uk/id/region/city-of-glasgow,S12000049,2016-06,1015,monthly,113948,266721,154357,133481,99251,2016-06-01
Glasgow,http://landregistry.data.gov.uk/id/region/city-of-glasgow,S12000049,2016-07,997,monthly,117634,274136,158232,137084,102707,2016-07-01
Glasgow,http://landregistry.data.gov.uk/id/region/city-of-glasgow,S12000049,2016-08,1048,monthly,118867,281449,160938,139123,103476,2016-08-01
Glasgow,http://landregistry.data.gov.uk/id/region/city-of-glasgow,S12000049,2016-09,1123,monthly,118565,279111,160236,138333,103348,2016-09-01
Glasgow,http://landregistry.data.gov.uk/id/region/city-of-glasgow,S12000049,2016-10,990,monthly,116765,279714,158540,136228,101580,2016-10-01
Glasgow,http://landregistry.data.gov.uk/id/region/city-of-glasgow,S12000049,2016-11,946,monthly,116129,276899,156587,134433,101319,2016-11-01
Glasgow,http://landregistry.data.gov.uk/id/region/city-of-glasgow,S12000049,2016-12,984,monthly,116796,279588,157891,135333,101814,2016-12-01
Glasgow,http://landregistry.data.gov.uk/id/region/city-of-glasgow,S12000049,2017-01,714,monthly,118007,280491,159118,136554,102989,2017-01-01
Glasgow,http://landregistry.data.gov.uk/id/region/city-of-glasgow,S12000049,2017-02,737,monthly,117168,280454,158353,135719,102148,2017-02-01
Glasgow,http://landregistry.data.gov.uk/id/region/city-of-glasgow,S12000049,2017-03,1203,monthly,115148,274493,154918,132784,100577,2017-03-01
Glasgow,http://landregistry.data.gov.uk/id/region/city-of-glasgow,S12000049,2017-04,880,monthly,116534,276625,156461,133989,101913,2017-04-01
Glasgow,http://landregistry.data.gov.uk/id/region/city-of-glasgow,S12000049,2017-05,924,monthly,118640,277895,159080,135928,103958,2017-05-01
Glasgow,http://landregistry.data.gov.uk/id/region/city-of-glasgow,S12000049,2017-06,1254,monthly,122732,286109,164066,140448,107656,2017-06-01
Glasgow,http://landregistry.data.gov.uk/id/region/city-of-glasgow,S12000049,2017-07,1039,monthly,124111,288765,165851,141931,108901,2017-07-01
Glasgow,http://landregistry.data.gov.uk/id/region/city-of-glasgow,S12000049,2017-08,1125,monthly,125249,291821,166909,143547,109878,2017-08-01
Glasgow,http://landregistry.data.gov.uk/id/region/city-of-glasgow,S12000049,2017-09,1099,monthly,124529,291721,166354,143006,109119,2017-09-01
Glasgow,http://landregistry.data.gov.uk/id/region/city-of-glasgow,S12000049,2017-10,1123,monthly,123779,290929,166018,142535,108312,2017-10-01
Glasgow,http://landregistry.data.gov.uk/id/region/city-of-glasgow,S12000049,2017-11,985,monthly,124683,294609,168262,143844,108925,2017-11-01
Glasgow,http://landregistry.data.gov.uk/id/region/city-of-glasgow,S12000049,2017-12,922,monthly,126223,297853,170851,145780,110211,2017-12-01
Glasgow,http://landregistry.data.gov.uk/id/region/city-of-glasgow,S12000049,2018-01,762,monthly,127097,301793,172602,147182,110810,2018-01-01
Glasgow,http://landregistry.data.gov.uk/id/region/city-of-glasgow,S12000049,2018-02,608,monthly,126515,303025,171704,146484,110243,2018-02-01
Glasgow,http://landregistry.data.gov.uk/id/region/city-of-glasgow,S12000049,2018-03,957,monthly,124415,300478,169664,144900,108133,2018-03-01
Glasgow,http://landregistry.data.gov.uk/id/region/city-of-glasgow,S12000049,2018-04,827,monthly,125418,300411,171189,146472,109008,2018-04-01
Glasgow,http://landregistry.data.gov.uk/id/region/city-of-glasgow,S12000049,2018-05,941,monthly,125673,296094,171071,146670,109467,2018-05-01
Glasgow,http://landregistry.data.gov.uk/id/region/city-of-glasgow,S12000049,2018-06,1134,monthly,129370,301393,175674,150171,112984,2018-06-01
Glasgow,http://landregistry.data.gov.uk/id/region/city-of-glasgow,S12000049,2018-07,1060,monthly,132094,307804,178621,152753,115533,2018-07-01
Glasgow,http://landregistry.data.gov.uk/id/region/city-of-glasgow,S12000049,2018-08,1254,monthly,135834,319512,184733,157911,118453,2018-08-01
Glasgow,http://landregistry.data.gov.uk/id/region/city-of-glasgow,S12000049,2018-09,943,monthly,136499,323402,186095,159363,118792,2018-09-01
Glasgow,http://landregistry.data.gov.uk/id/region/city-of-glasgow,S12000049,2018-10,1039,monthly,134407,322948,184801,157837,116508,2018-10-01
Glasgow,http://landregistry.data.gov.uk/id/region/city-of-glasgow,S12000049,2018-11,1192,monthly,133054,319435,183491,156298,115281,2018-11-01
Glasgow,http://landregistry.data.gov.uk/id/region/city-of-glasgow,S12000049,2018-12,806,monthly,130783,312459,179967,152823,113541,2018-12-01
Glasgow,http://landregistry.data.gov.uk/id/region/city-of-glasgow,S12000049,2019-01,727,monthly,129633,307946,178008,151026,112714,2019-01-01
Glasgow,http://landregistry.data.gov.uk/id/region/city-of-glasgow,S12000049,2019-02,640,monthly,129405,309692,177869,150766,112425,2019-02-01
Glasgow,http://landregistry.data.gov.uk/id/region/city-of-glasgow,S12000049,2019-03,983,monthly,130458,315863,180586,153028,112923,2019-03-01
Glasgow,http://landregistry.data.gov.uk/id/region/city-of-glasgow,S12000049,2019-04,880,monthly,131527,317237,182271,154822,113788,2019-04-01
Glasgow,http://landregistry.data.gov.uk/id/region/city-of-glasgow,S12000049,2019-05,1125,monthly,131523,314785,182335,155334,113781,2019-05-01
Glasgow,http://landregistry.data.gov.uk/id/region/city-of-glasgow,S12000049,2019-06,1021,monthly,134489,317334,185602,158436,116641,2019-06-01
Glasgow,http://landregistry.data.gov.uk/id/region/city-of-glasgow,S12000049,2019-07,1035,monthly,136827,324061,188366,160959,118703,2019-07-01
Glasgow,http://landregistry.data.gov.uk/id/region/city-of-glasgow,S12000049,2019-08,1206,monthly,138911,328498,190599,163141,120624,2019-08-01
Glasgow,http://landregistry.data.gov.uk/id/region/city-of-glasgow,S12000049,2019-09,1011,monthly,137925,327676,188916,162268,119696,2019-09-01
Glasgow,http://landregistry.data.gov.uk/id/region/city-of-glasgow,S12000049,2019-10,1101,monthly,137468,327687,190025,162354,119021,2019-10-01
Glasgow,http://landregistry.data.gov.uk/id/region/city-of-glasgow,S12000049,2019-11,1092,monthly,135873,326080,189194,161011,117365,2019-11-01
Glasgow,http://landregistry.data.gov.uk/id/region/city-of-glasgow,S12000049,2019-12,943,monthly,136054,331103,191649,162363,117003,2019-12-01
Glasgow,http://landregistry.data.gov.uk/id/region/city-of-glasgow,S12000049,2020-01,815,monthly,135881,333072,191403,162493,116722,2020-01-01
Glasgow,http://landregistry.data.gov.uk/id/region/city-of-glasgow,S12000049,2020-02,725,monthly,135625,335075,191220,162284,116388,2020-02-01
Glasgow,http://landregistry.data.gov.uk/id/region/city-of-glasgow,S12000049,2020-03,702,monthly,133366,328901,186989,158815,114688,2020-03-01
Glasgow,http://landregistry.data.gov.uk/id/region/city-of-glasgow,S12000049,2020-04,264,monthly,131824,327060,185688,158037,113059,2020-04-01
Glasgow,http://landregistry.data.gov.uk/id/region/city-of-glasgow,S12000049,2020-05,324,monthly,132618,328935,187280,159280,113656,2020-05-01
Glasgow,http://landregistry.data.gov.uk/id/region/city-of-glasgow,S12000049,2020-06,431,monthly,135883,338435,192964,164163,116158,2020-06-01
Glasgow,http://landregistry.data.gov.uk/id/region/city-of-glasgow,S12000049,2020-07,551,monthly,138686,343859,195591,166439,118897,2020-07-01
Glasgow,http://landregistry.data.gov.uk/id/region/city-of-glasgow,S12000049,2020-08,768,monthly,140672,346445,197927,168884,120718,2020-08-01
Glasgow,http://landregistry.data.gov.uk/id/region/city-of-glasgow,S12000049,2020-09,1073,monthly,144043,351891,201974,172782,123801,2020-09-01
Glasgow,http://landregistry.data.gov.uk/id/region/city-of-glasgow,S12000049,2020-10,1410,monthly,146961,356089,206059,176725,126348,2020-10-01
Glasgow,http://landregistry.data.gov.uk/id/region/city-of-glasgow,S12000049,2020-11,1386,monthly,149927,364802,209730,180315,128887,2020-11-01
Glasgow,http://landregistry.data.gov.uk/id/region/city-of-glasgow,S12000049,2020-12,1341,monthly,150447,369443,210679,181284,129141,2020-12-01
Glasgow,http://landregistry.data.gov.uk/id/region/city-of-glasgow,S12000049,2021-01,920,monthly,152331,370762,211595,182309,131232,2021-01-01
Glasgow,http://landregistry.data.gov.uk/id/region/city-of-glasgow,S12000049,2021-02,895,monthly,151929,367857,209952,181201,131145,2021-02-01
Glasgow,http://landregistry.data.gov.uk/id/region/city-of-glasgow,S12000049,2021-03,1448,monthly,152953,365727,210133,181870,132391,2021-03-01
Glasgow,http://landregistry.data.gov.uk/id/region/city-of-glasgow,S12000049,2021-04,791,monthly,150179,360572,206153,178691,129930,2021-04-01
Glasgow,http://landregistry.data.gov.uk/id/region/city-of-glasgow,S12000049,2021-05,1008,monthly,150917,361993,207525,179729,130521,2021-05-01
Glasgow,http://landregistry.data.gov.uk/id/region/city-of-glasgow,S12000049,2021-06,1337,monthly,151641,362235,207336,180452,131350,2021-06-01
Glasgow,http://landregistry.data.gov.uk/id/region/city-of-glasgow,S12000049,2021-07,1226,monthly,157038,379625,217173,188040,135429,2021-07-01
Glasgow,http://landregistry.data.gov.uk/id/region/city-of-glasgow,S12000049,2021-08,1180,monthly,161583,390416,224174,193434,139290,2021-08-01
Glasgow,http://landregistry.data.gov.uk/id/region/city-of-glasgow,S12000049,2021-09,1094,monthly,163167,397236,228072,195743,140301,2021-09-01
Glasgow,http://landregistry.data.gov.uk/id/region/city-of-glasgow,S12000049,2021-10,1230,monthly,162549,393429,226323,193672,140143,2021-10-01
Glasgow,http://landregistry.data.gov.uk/id/region/city-of-glasgow,S12000049,2021-11,1067,monthly,162064,394496,225661,192982,139651,2021-11-01
Glasgow,http://landregistry.data.gov.uk/id/region/city-of-glasgow,S12000049,2021-12,1044,monthly,161987,395217,225935,192727,139534,2021-12-01
Glasgow,http://landregistry.data.gov.uk/id/region/city-of-glasgow,S12000049,2022-01,860,monthly,164675,403739,230291,196655,141604,2022-01-01
Glasgow,http://landregistry.data.gov.uk/id/region/city-of-glasgow,S12000049,2022-02,724,monthly,163653,403021,229570,195945,140513,2022-02-01
Glasgow,http://landregistry.data.gov.uk/id/region/city-of-glasgow,S12000049,2022-03,864,monthly,162649,403027,229274,195033,139412,2022-03-01
Glasgow,http://landregistry.data.gov.uk/id/region/city-of-glasgow,S12000049,2022-04,917,monthly,162402,402865,229094,195470,139068,2022-04-01
Glasgow,http://landregistry.data.gov.uk/id/region/city-of-glasgow,S12000049,2022-05,941,monthly,164974,406915,232659,198707,141337,2022-05-01
Glasgow,http://landregistry.data.gov.uk/id/region/city-of-glasgow,S12000049,2022-06,977,monthly,169695,420799,239394,205089,145202,2022-06-01
Glasgow,http://landregistry.data.gov.uk/id/region/city-of-glasgow,S12000049,2022-07,1110,monthly,173847,428541,245614,210612,148742,2022-07-01
Glasgow,http://landregistry.data.gov.uk/id/region/city-of-glasgow,S12000049,2022-08,1087,monthly,175339,433042,248325,213509,149785,2022-08-01
Glasgow,http://landregistry.data.gov.uk/id/region/city-of-glasgow,S12000049,2022-09,1199,monthly,174399,426819,246824,212483,149115,2022-09-01
Glasgow,http://landregistry.data.gov.uk/id/region/city-of-glasgow,S12000049,2022-10,1098,monthly,172894,425570,245227,210916,147659,2022-10-01
Glasgow,http://landregistry.data.gov.uk/id/region/city-of-glasgow,S12000049,2022-11,1029,monthly,172652,428248,246045,211085,147174,2022-11-01
Glasgow,http://landregistry.data.gov.uk/id/region/city-of-glasgow,S12000049,2022-12,980,monthly,172158,429121,246135,210884,146554,2022-12-01
Glasgow,http://landregistry.data.gov.uk/id/region/city-of-glasgow,S12000049,2023-01,674,monthly,168430,420753,240919,205981,143385,2023-01-01
Glasgow,http://landregistry.data.gov.uk/id/region/city-of-glasgow,S12000049,2023-02,660,monthly,164400,410357,234275,200134,140167,2023-02-01
Glasgow,http://landregistry.data.gov.uk/id/region/city-of-glasgow,S12000049,2023-03,937,monthly,161232,403305,229658,195185,137592,2023-03-01
Glasgow,http://landregistry.data.gov.uk/id/region/city-of-glasgow,S12000049,2023-04,750,monthly,161384,402409,229938,195124,137779,2023-04-01
Glasgow,http://landregistry.data.gov.uk/id/region/city-of-glasgow,S12000049,2023-05,810,monthly,165784,410565,235099,199661,141789,2023-05-01
Glasgow,http://landregistry.data.gov.uk/id/region/city-of-glasgow,S12000049,2023-06,1027,monthly,169266,414434,238615,203857,145004,2023-06-01
Glasgow,http://landregistry.data.gov.uk/id/region/city-of-glasgow,S12000049,2023-07,849,monthly,173598,423106,244553,209467,148732,2023-07-01
Glasgow,http://landregistry.data.gov.uk/id/region/city-of-glasgow,S12000049,2023-08,946,monthly,175688,430124,248345,213053,150278,2023-08-01
Glasgow,http://landregistry.data.gov.uk/id/region/city-of-glasgow,S12000049,2023-09,924,monthly,176992,437268,251140,215409,151122,2023-09-01
Glasgow,http://landregistry.data.gov.uk/id/region/city-of-glasgow,S12000049,2023-10,910,monthly,174521,434094,248753,213005,148778,2023-10-01
Glasgow,http://landregistry.data.gov.uk/id/region/city-of-glasgow,S12000049,2023-11,927,monthly,171657,431029,246409,209925,146050,2023-11-01
Glasgow,http://landregistry.data.gov.uk/id/region/city-of-glasgow,S12000049,2023-12,794,monthly,171571,431055,246915,209555,145953,2023-12-01
Glasgow,http://landregistry.data.gov.uk/id/region/city-of-glasgow,S12000049,2024-01,738,monthly,172427,436474,248589,211250,146489,2024-01-01
Glasgow,http://landregistry.data.gov.uk/id/region/city-of-glasgow,S12000049,2024-02,686,monthly,172330,439319,248877,211589,146246,2024-02-01
Glasgow,http://landregistry.data.gov.uk/id/region/city-of-glasgow,S12000049,2024-03,,monthly,172917,444194,249674,212162,146707,2024-03-01
Glasgow,http://landregistry.data.gov.uk/id/region/city-of-glasgow,S12000049,2024-04,,monthly,173774,444918,250884,212586,147552,2024-04-01
