"Name","URI","Region GSS code","Period","Sales volume","Reporting period","Average price All property types","Average price Detached houses","Average price Semi-detached houses","Average price Terraced houses","Average price Flats and maisonettes","Pivotable date"
Greenwich,http://landregistry.data.gov.uk/id/region/greenwich,E09000011,2004-01,336,monthly,177101,354554,247600,181031,165921,2004-01-01
Greenwich,http://landregistry.data.gov.uk/id/region/greenwich,E09000011,2004-02,390,monthly,179158,357864,249857,183270,167744,2004-02-01
Greenwich,http://landregistry.data.gov.uk/id/region/greenwich,E09000011,2004-03,517,monthly,181747,363777,252786,185984,169998,2004-03-01
Greenwich,http://landregistry.data.gov.uk/id/region/greenwich,E09000011,2004-04,457,monthly,184719,366225,256512,189661,172422,2004-04-01
Greenwich,http://landregistry.data.gov.uk/id/region/greenwich,E09000011,2004-05,536,monthly,187003,367232,258900,192440,174442,2004-05-01
Greenwich,http://landregistry.data.gov.uk/id/region/greenwich,E09000011,2004-06,600,monthly,187009,364370,258692,192592,174442,2004-06-01
Greenwich,http://landregistry.data.gov.uk/id/region/greenwich,E09000011,2004-07,568,monthly,188353,367425,261426,194356,175208,2004-07-01
Greenwich,http://landregistry.data.gov.uk/id/region/greenwich,E09000011,2004-08,532,monthly,190624,373720,265193,197056,176859,2004-08-01
Greenwich,http://landregistry.data.gov.uk/id/region/greenwich,E09000011,2004-09,523,monthly,191213,377381,267161,198191,176680,2004-09-01
Greenwich,http://landregistry.data.gov.uk/id/region/greenwich,E09000011,2004-10,411,monthly,192177,377710,267150,198758,178226,2004-10-01
Greenwich,http://landregistry.data.gov.uk/id/region/greenwich,E09000011,2004-11,373,monthly,192071,376066,266527,198501,178378,2004-11-01
Greenwich,http://landregistry.data.gov.uk/id/region/greenwich,E09000011,2004-12,396,monthly,191549,371140,264407,197753,178444,2004-12-01
Greenwich,http://landregistry.data.gov.uk/id/region/greenwich,E09000011,2005-01,261,monthly,189219,365623,260144,195219,176614,2005-01-01
Greenwich,http://landregistry.data.gov.uk/id/region/greenwich,E09000011,2005-02,281,monthly,189204,364993,260217,195114,176668,2005-02-01
Greenwich,http://landregistry.data.gov.uk/id/region/greenwich,E09000011,2005-03,359,monthly,192632,372069,265075,198822,179685,2005-03-01
Greenwich,http://landregistry.data.gov.uk/id/region/greenwich,E09000011,2005-04,376,monthly,193388,371791,266637,199916,180072,2005-04-01
Greenwich,http://landregistry.data.gov.uk/id/region/greenwich,E09000011,2005-05,390,monthly,193666,370872,266386,200397,180341,2005-05-01
Greenwich,http://landregistry.data.gov.uk/id/region/greenwich,E09000011,2005-06,479,monthly,194593,370279,267373,201771,180989,2005-06-01
Greenwich,http://landregistry.data.gov.uk/id/region/greenwich,E09000011,2005-07,406,monthly,198118,378176,272995,205719,183854,2005-07-01
Greenwich,http://landregistry.data.gov.uk/id/region/greenwich,E09000011,2005-08,398,monthly,199233,381218,274756,207339,184460,2005-08-01
Greenwich,http://landregistry.data.gov.uk/id/region/greenwich,E09000011,2005-09,453,monthly,200148,385296,276599,208616,184883,2005-09-01
Greenwich,http://landregistry.data.gov.uk/id/region/greenwich,E09000011,2005-10,473,monthly,200622,385336,276302,209057,185576,2005-10-01
Greenwich,http://landregistry.data.gov.uk/id/region/greenwich,E09000011,2005-11,388,monthly,202391,387663,278857,210869,187236,2005-11-01
Greenwich,http://landregistry.data.gov.uk/id/region/greenwich,E09000011,2005-12,434,monthly,202913,385289,278344,210968,188395,2005-12-01
Greenwich,http://landregistry.data.gov.uk/id/region/greenwich,E09000011,2006-01,341,monthly,202180,384642,277189,210445,187543,2006-01-01
Greenwich,http://landregistry.data.gov.uk/id/region/greenwich,E09000011,2006-02,290,monthly,201112,381218,274885,209130,186892,2006-02-01
Greenwich,http://landregistry.data.gov.uk/id/region/greenwich,E09000011,2006-03,474,monthly,200844,383741,275691,209423,185893,2006-03-01
Greenwich,http://landregistry.data.gov.uk/id/region/greenwich,E09000011,2006-04,316,monthly,199346,378988,273714,207889,184507,2006-04-01
Greenwich,http://landregistry.data.gov.uk/id/region/greenwich,E09000011,2006-05,400,monthly,201997,384659,277903,210922,186642,2006-05-01
Greenwich,http://landregistry.data.gov.uk/id/region/greenwich,E09000011,2006-06,476,monthly,206043,390747,283215,215340,190316,2006-06-01
Greenwich,http://landregistry.data.gov.uk/id/region/greenwich,E09000011,2006-07,440,monthly,210341,399864,289470,220433,193754,2006-07-01
Greenwich,http://landregistry.data.gov.uk/id/region/greenwich,E09000011,2006-08,578,monthly,211949,404046,291804,222851,194643,2006-08-01
Greenwich,http://landregistry.data.gov.uk/id/region/greenwich,E09000011,2006-09,516,monthly,212312,406960,292784,223131,194922,2006-09-01
Greenwich,http://landregistry.data.gov.uk/id/region/greenwich,E09000011,2006-10,466,monthly,212934,408705,293584,223579,195646,2006-10-01
Greenwich,http://landregistry.data.gov.uk/id/region/greenwich,E09000011,2006-11,447,monthly,212536,408198,293455,223059,195274,2006-11-01
Greenwich,http://landregistry.data.gov.uk/id/region/greenwich,E09000011,2006-12,513,monthly,214414,409900,295571,225283,196935,2006-12-01
Greenwich,http://landregistry.data.gov.uk/id/region/greenwich,E09000011,2007-01,373,monthly,217207,415780,299563,228447,199295,2007-01-01
Greenwich,http://landregistry.data.gov.uk/id/region/greenwich,E09000011,2007-02,401,monthly,220127,421134,303107,231005,202433,2007-02-01
Greenwich,http://landregistry.data.gov.uk/id/region/greenwich,E09000011,2007-03,486,monthly,219652,422048,302917,230848,201630,2007-03-01
Greenwich,http://landregistry.data.gov.uk/id/region/greenwich,E09000011,2007-04,370,monthly,222934,427023,306889,234676,204504,2007-04-01
Greenwich,http://landregistry.data.gov.uk/id/region/greenwich,E09000011,2007-05,419,monthly,225765,430514,310064,238035,207001,2007-05-01
Greenwich,http://landregistry.data.gov.uk/id/region/greenwich,E09000011,2007-06,442,monthly,227730,433589,312409,240192,208819,2007-06-01
Greenwich,http://landregistry.data.gov.uk/id/region/greenwich,E09000011,2007-07,483,monthly,229651,438924,315444,242057,210589,2007-07-01
Greenwich,http://landregistry.data.gov.uk/id/region/greenwich,E09000011,2007-08,510,monthly,232465,447579,320209,245836,212357,2007-08-01
Greenwich,http://landregistry.data.gov.uk/id/region/greenwich,E09000011,2007-09,513,monthly,236410,457321,326294,249954,215837,2007-09-01
Greenwich,http://landregistry.data.gov.uk/id/region/greenwich,E09000011,2007-10,435,monthly,238107,460684,327733,251560,217684,2007-10-01
Greenwich,http://landregistry.data.gov.uk/id/region/greenwich,E09000011,2007-11,425,monthly,238093,461494,328001,250942,218030,2007-11-01
Greenwich,http://landregistry.data.gov.uk/id/region/greenwich,E09000011,2007-12,324,monthly,238202,460529,327417,250928,218379,2007-12-01
Greenwich,http://landregistry.data.gov.uk/id/region/greenwich,E09000011,2008-01,251,monthly,238450,463020,328408,250977,218597,2008-01-01
Greenwich,http://landregistry.data.gov.uk/id/region/greenwich,E09000011,2008-02,262,monthly,239629,465524,330215,252378,219499,2008-02-01
Greenwich,http://landregistry.data.gov.uk/id/region/greenwich,E09000011,2008-03,255,monthly,239432,465962,330580,252613,218833,2008-03-01
Greenwich,http://landregistry.data.gov.uk/id/region/greenwich,E09000011,2008-04,205,monthly,241051,469778,333092,255207,219569,2008-04-01
Greenwich,http://landregistry.data.gov.uk/id/region/greenwich,E09000011,2008-05,234,monthly,239680,466365,331048,254046,218148,2008-05-01
Greenwich,http://landregistry.data.gov.uk/id/region/greenwich,E09000011,2008-06,233,monthly,240905,468779,332733,255354,219256,2008-06-01
Greenwich,http://landregistry.data.gov.uk/id/region/greenwich,E09000011,2008-07,265,monthly,233729,454720,323752,247506,212722,2008-07-01
Greenwich,http://landregistry.data.gov.uk/id/region/greenwich,E09000011,2008-08,166,monthly,229121,447573,317674,242658,208400,2008-08-01
Greenwich,http://landregistry.data.gov.uk/id/region/greenwich,E09000011,2008-09,140,monthly,223029,439907,309038,235775,203122,2008-09-01
Greenwich,http://landregistry.data.gov.uk/id/region/greenwich,E09000011,2008-10,151,monthly,218606,430917,301387,230696,199713,2008-10-01
Greenwich,http://landregistry.data.gov.uk/id/region/greenwich,E09000011,2008-11,113,monthly,215387,424316,296762,227105,196963,2008-11-01
Greenwich,http://landregistry.data.gov.uk/id/region/greenwich,E09000011,2008-12,112,monthly,214614,420106,296399,227009,195637,2008-12-01
Greenwich,http://landregistry.data.gov.uk/id/region/greenwich,E09000011,2009-01,90,monthly,215205,423717,298061,227374,196146,2009-01-01
Greenwich,http://landregistry.data.gov.uk/id/region/greenwich,E09000011,2009-02,72,monthly,213422,419523,295650,224888,195059,2009-02-01
Greenwich,http://landregistry.data.gov.uk/id/region/greenwich,E09000011,2009-03,122,monthly,207864,408276,287448,218016,190886,2009-03-01
Greenwich,http://landregistry.data.gov.uk/id/region/greenwich,E09000011,2009-04,88,monthly,205269,398914,283586,215328,188712,2009-04-01
Greenwich,http://landregistry.data.gov.uk/id/region/greenwich,E09000011,2009-05,125,monthly,200544,388181,276813,210944,183877,2009-05-01
Greenwich,http://landregistry.data.gov.uk/id/region/greenwich,E09000011,2009-06,161,monthly,200256,387079,276798,211372,182726,2009-06-01
Greenwich,http://landregistry.data.gov.uk/id/region/greenwich,E09000011,2009-07,216,monthly,201148,390607,279419,213283,182003,2009-07-01
Greenwich,http://landregistry.data.gov.uk/id/region/greenwich,E09000011,2009-08,219,monthly,207186,405934,289393,220446,186041,2009-08-01
Greenwich,http://landregistry.data.gov.uk/id/region/greenwich,E09000011,2009-09,201,monthly,214017,420626,299503,227975,191676,2009-09-01
Greenwich,http://landregistry.data.gov.uk/id/region/greenwich,E09000011,2009-10,222,monthly,218572,430956,306399,233108,195254,2009-10-01
Greenwich,http://landregistry.data.gov.uk/id/region/greenwich,E09000011,2009-11,184,monthly,219851,433284,307819,234900,196068,2009-11-01
Greenwich,http://landregistry.data.gov.uk/id/region/greenwich,E09000011,2009-12,237,monthly,220537,432717,309113,236321,195931,2009-12-01
Greenwich,http://landregistry.data.gov.uk/id/region/greenwich,E09000011,2010-01,137,monthly,221333,436918,311635,237969,195317,2010-01-01
Greenwich,http://landregistry.data.gov.uk/id/region/greenwich,E09000011,2010-02,169,monthly,221962,439451,314239,239049,194914,2010-02-01
Greenwich,http://landregistry.data.gov.uk/id/region/greenwich,E09000011,2010-03,170,monthly,224266,448473,317987,241016,197124,2010-03-01
Greenwich,http://landregistry.data.gov.uk/id/region/greenwich,E09000011,2010-04,165,monthly,222902,443403,315243,239124,196657,2010-04-01
Greenwich,http://landregistry.data.gov.uk/id/region/greenwich,E09000011,2010-05,156,monthly,225583,448644,318596,241563,199579,2010-05-01
Greenwich,http://landregistry.data.gov.uk/id/region/greenwich,E09000011,2010-06,196,monthly,225440,447897,318521,242151,198700,2010-06-01
Greenwich,http://landregistry.data.gov.uk/id/region/greenwich,E09000011,2010-07,259,monthly,233860,468371,330645,251647,205480,2010-07-01
Greenwich,http://landregistry.data.gov.uk/id/region/greenwich,E09000011,2010-08,181,monthly,238091,478084,337305,256482,208681,2010-08-01
Greenwich,http://landregistry.data.gov.uk/id/region/greenwich,E09000011,2010-09,201,monthly,239809,484666,340412,258302,209911,2010-09-01
Greenwich,http://landregistry.data.gov.uk/id/region/greenwich,E09000011,2010-10,227,monthly,234856,474003,333743,252615,205840,2010-10-01
Greenwich,http://landregistry.data.gov.uk/id/region/greenwich,E09000011,2010-11,176,monthly,230941,467555,328006,247806,202993,2010-11-01
Greenwich,http://landregistry.data.gov.uk/id/region/greenwich,E09000011,2010-12,196,monthly,229791,464675,326951,246214,202186,2010-12-01
Greenwich,http://landregistry.data.gov.uk/id/region/greenwich,E09000011,2011-01,142,monthly,230261,468196,327615,246730,202499,2011-01-01
Greenwich,http://landregistry.data.gov.uk/id/region/greenwich,E09000011,2011-02,156,monthly,229168,468478,325645,245509,201470,2011-02-01
Greenwich,http://landregistry.data.gov.uk/id/region/greenwich,E09000011,2011-03,195,monthly,226218,466439,320760,242014,199122,2011-03-01
Greenwich,http://landregistry.data.gov.uk/id/region/greenwich,E09000011,2011-04,179,monthly,227707,468314,322162,243173,200920,2011-04-01
Greenwich,http://landregistry.data.gov.uk/id/region/greenwich,E09000011,2011-05,200,monthly,232675,471706,327824,248069,206070,2011-05-01
Greenwich,http://landregistry.data.gov.uk/id/region/greenwich,E09000011,2011-06,231,monthly,233462,466962,328848,249367,206622,2011-06-01
Greenwich,http://landregistry.data.gov.uk/id/region/greenwich,E09000011,2011-07,306,monthly,230915,459365,325092,246758,204388,2011-07-01
Greenwich,http://landregistry.data.gov.uk/id/region/greenwich,E09000011,2011-08,264,monthly,229331,461813,325788,246421,201261,2011-08-01
Greenwich,http://landregistry.data.gov.uk/id/region/greenwich,E09000011,2011-09,241,monthly,232159,472370,330589,249995,203080,2011-09-01
Greenwich,http://landregistry.data.gov.uk/id/region/greenwich,E09000011,2011-10,214,monthly,229647,470659,328892,247622,200162,2011-10-01
Greenwich,http://landregistry.data.gov.uk/id/region/greenwich,E09000011,2011-11,217,monthly,226494,462943,323137,243526,198192,2011-11-01
Greenwich,http://landregistry.data.gov.uk/id/region/greenwich,E09000011,2011-12,215,monthly,223508,452865,318418,239624,196259,2011-12-01
Greenwich,http://landregistry.data.gov.uk/id/region/greenwich,E09000011,2012-01,180,monthly,228109,460349,325319,245138,199870,2012-01-01
Greenwich,http://landregistry.data.gov.uk/id/region/greenwich,E09000011,2012-02,210,monthly,230169,466419,329320,248491,200629,2012-02-01
Greenwich,http://landregistry.data.gov.uk/id/region/greenwich,E09000011,2012-03,317,monthly,232273,469876,332295,251545,201888,2012-03-01
Greenwich,http://landregistry.data.gov.uk/id/region/greenwich,E09000011,2012-04,174,monthly,233684,471786,333222,252691,203578,2012-04-01
Greenwich,http://landregistry.data.gov.uk/id/region/greenwich,E09000011,2012-05,224,monthly,235996,472308,335206,254537,206332,2012-05-01
Greenwich,http://landregistry.data.gov.uk/id/region/greenwich,E09000011,2012-06,273,monthly,238693,478152,338864,258172,208251,2012-06-01
Greenwich,http://landregistry.data.gov.uk/id/region/greenwich,E09000011,2012-07,226,monthly,241183,485497,342903,262037,209539,2012-07-01
Greenwich,http://landregistry.data.gov.uk/id/region/greenwich,E09000011,2012-08,256,monthly,241372,487987,343832,263324,208851,2012-08-01
Greenwich,http://landregistry.data.gov.uk/id/region/greenwich,E09000011,2012-09,190,monthly,240644,488112,343414,262818,207895,2012-09-01
Greenwich,http://landregistry.data.gov.uk/id/region/greenwich,E09000011,2012-10,225,monthly,240144,484612,342109,261834,207896,2012-10-01
Greenwich,http://landregistry.data.gov.uk/id/region/greenwich,E09000011,2012-11,249,monthly,239733,482745,341092,260903,207945,2012-11-01
Greenwich,http://landregistry.data.gov.uk/id/region/greenwich,E09000011,2012-12,240,monthly,241770,487150,343965,262590,210045,2012-12-01
Greenwich,http://landregistry.data.gov.uk/id/region/greenwich,E09000011,2013-01,187,monthly,243318,493224,348204,264799,210632,2013-01-01
Greenwich,http://landregistry.data.gov.uk/id/region/greenwich,E09000011,2013-02,182,monthly,244673,498470,351219,266736,211226,2013-02-01
Greenwich,http://landregistry.data.gov.uk/id/region/greenwich,E09000011,2013-03,271,monthly,246865,503604,353819,268396,213512,2013-03-01
Greenwich,http://landregistry.data.gov.uk/id/region/greenwich,E09000011,2013-04,187,monthly,246977,501162,350920,267839,214502,2013-04-01
Greenwich,http://landregistry.data.gov.uk/id/region/greenwich,E09000011,2013-05,263,monthly,249863,505035,354193,270432,217468,2013-05-01
Greenwich,http://landregistry.data.gov.uk/id/region/greenwich,E09000011,2013-06,271,monthly,248787,501882,353148,270347,215883,2013-06-01
Greenwich,http://landregistry.data.gov.uk/id/region/greenwich,E09000011,2013-07,315,monthly,251706,507780,357916,274025,218041,2013-07-01
Greenwich,http://landregistry.data.gov.uk/id/region/greenwich,E09000011,2013-08,353,monthly,254633,514511,362598,277904,220100,2013-08-01
Greenwich,http://landregistry.data.gov.uk/id/region/greenwich,E09000011,2013-09,349,monthly,258940,525830,369010,282255,223920,2013-09-01
Greenwich,http://landregistry.data.gov.uk/id/region/greenwich,E09000011,2013-10,395,monthly,260391,530233,371672,283436,225274,2013-10-01
Greenwich,http://landregistry.data.gov.uk/id/region/greenwich,E09000011,2013-11,393,monthly,263672,535725,375794,286179,228676,2013-11-01
Greenwich,http://landregistry.data.gov.uk/id/region/greenwich,E09000011,2013-12,368,monthly,270966,545707,386068,294176,235072,2013-12-01
Greenwich,http://landregistry.data.gov.uk/id/region/greenwich,E09000011,2014-01,341,monthly,276452,557127,394887,300346,239554,2014-01-01
Greenwich,http://landregistry.data.gov.uk/id/region/greenwich,E09000011,2014-02,299,monthly,278805,564133,399509,303470,241069,2014-02-01
Greenwich,http://landregistry.data.gov.uk/id/region/greenwich,E09000011,2014-03,272,monthly,276157,560171,395471,300175,238892,2014-03-01
Greenwich,http://landregistry.data.gov.uk/id/region/greenwich,E09000011,2014-04,340,monthly,283714,573879,405350,308785,245405,2014-04-01
Greenwich,http://landregistry.data.gov.uk/id/region/greenwich,E09000011,2014-05,567,monthly,290617,584460,413938,316282,251568,2014-05-01
Greenwich,http://landregistry.data.gov.uk/id/region/greenwich,E09000011,2014-06,435,monthly,305405,613751,435146,332954,264142,2014-06-01
Greenwich,http://landregistry.data.gov.uk/id/region/greenwich,E09000011,2014-07,497,monthly,304856,613376,435280,332846,263378,2014-07-01
Greenwich,http://landregistry.data.gov.uk/id/region/greenwich,E09000011,2014-08,428,monthly,313802,635692,450728,344034,270234,2014-08-01
Greenwich,http://landregistry.data.gov.uk/id/region/greenwich,E09000011,2014-09,405,monthly,311769,634477,449809,342794,267862,2014-09-01
Greenwich,http://landregistry.data.gov.uk/id/region/greenwich,E09000011,2014-10,373,monthly,313948,640429,453836,345002,269690,2014-10-01
Greenwich,http://landregistry.data.gov.uk/id/region/greenwich,E09000011,2014-11,320,monthly,311783,635560,450488,342048,268071,2014-11-01
Greenwich,http://landregistry.data.gov.uk/id/region/greenwich,E09000011,2014-12,348,monthly,312911,636480,450615,342236,269609,2014-12-01
Greenwich,http://landregistry.data.gov.uk/id/region/greenwich,E09000011,2015-01,351,monthly,317461,644561,456004,346445,273956,2015-01-01
Greenwich,http://landregistry.data.gov.uk/id/region/greenwich,E09000011,2015-02,367,monthly,317091,644104,453634,344662,274375,2015-02-01
Greenwich,http://landregistry.data.gov.uk/id/region/greenwich,E09000011,2015-03,290,monthly,315069,640826,450018,341564,273094,2015-03-01
Greenwich,http://landregistry.data.gov.uk/id/region/greenwich,E09000011,2015-04,242,monthly,313539,638726,448026,340507,271467,2015-04-01
Greenwich,http://landregistry.data.gov.uk/id/region/greenwich,E09000011,2015-05,286,monthly,319770,649970,457609,347626,276642,2015-05-01
Greenwich,http://landregistry.data.gov.uk/id/region/greenwich,E09000011,2015-06,324,monthly,328022,667494,471508,358678,282599,2015-06-01
Greenwich,http://landregistry.data.gov.uk/id/region/greenwich,E09000011,2015-07,411,monthly,338279,687708,486749,369966,291350,2015-07-01
Greenwich,http://landregistry.data.gov.uk/id/region/greenwich,E09000011,2015-08,325,monthly,341028,695515,491464,374237,293043,2015-08-01
Greenwich,http://landregistry.data.gov.uk/id/region/greenwich,E09000011,2015-09,427,monthly,341716,700608,492658,374540,293752,2015-09-01
Greenwich,http://landregistry.data.gov.uk/id/region/greenwich,E09000011,2015-10,379,monthly,343040,705337,495592,376349,294579,2015-10-01
Greenwich,http://landregistry.data.gov.uk/id/region/greenwich,E09000011,2015-11,443,monthly,346944,714279,502066,380396,297917,2015-11-01
Greenwich,http://landregistry.data.gov.uk/id/region/greenwich,E09000011,2015-12,456,monthly,360228,741731,521359,394469,309525,2015-12-01
Greenwich,http://landregistry.data.gov.uk/id/region/greenwich,E09000011,2016-01,263,monthly,365319,753073,529879,399701,313893,2016-01-01
Greenwich,http://landregistry.data.gov.uk/id/region/greenwich,E09000011,2016-02,334,monthly,365734,755648,530858,400067,314216,2016-02-01
Greenwich,http://landregistry.data.gov.uk/id/region/greenwich,E09000011,2016-03,579,monthly,360461,744428,522953,394620,309583,2016-03-01
Greenwich,http://landregistry.data.gov.uk/id/region/greenwich,E09000011,2016-04,207,monthly,366843,755120,529742,401314,315535,2016-04-01
Greenwich,http://landregistry.data.gov.uk/id/region/greenwich,E09000011,2016-05,198,monthly,376366,765932,539209,410040,325130,2016-05-01
Greenwich,http://landregistry.data.gov.uk/id/region/greenwich,E09000011,2016-06,306,monthly,380772,773070,544010,414133,329461,2016-06-01
Greenwich,http://landregistry.data.gov.uk/id/region/greenwich,E09000011,2016-07,258,monthly,379564,770870,542118,412824,328430,2016-07-01
Greenwich,http://landregistry.data.gov.uk/id/region/greenwich,E09000011,2016-08,392,monthly,379424,774427,543499,413226,327808,2016-08-01
Greenwich,http://landregistry.data.gov.uk/id/region/greenwich,E09000011,2016-09,317,monthly,378395,772304,543217,411908,326855,2016-09-01
Greenwich,http://landregistry.data.gov.uk/id/region/greenwich,E09000011,2016-10,346,monthly,374524,764426,537545,406037,324252,2016-10-01
Greenwich,http://landregistry.data.gov.uk/id/region/greenwich,E09000011,2016-11,281,monthly,371158,759463,532487,400976,321963,2016-11-01
Greenwich,http://landregistry.data.gov.uk/id/region/greenwich,E09000011,2016-12,321,monthly,374293,765394,535375,402992,325499,2016-12-01
Greenwich,http://landregistry.data.gov.uk/id/region/greenwich,E09000011,2017-01,259,monthly,376668,768754,537523,405286,327861,2017-01-01
Greenwich,http://landregistry.data.gov.uk/id/region/greenwich,E09000011,2017-02,219,monthly,380159,772531,540595,408280,331624,2017-02-01
Greenwich,http://landregistry.data.gov.uk/id/region/greenwich,E09000011,2017-03,282,monthly,378680,768521,537553,405796,330939,2017-03-01
Greenwich,http://landregistry.data.gov.uk/id/region/greenwich,E09000011,2017-04,234,monthly,383770,779204,543643,410602,335876,2017-04-01
Greenwich,http://landregistry.data.gov.uk/id/region/greenwich,E09000011,2017-05,258,monthly,384705,778847,545170,411200,336919,2017-05-01
Greenwich,http://landregistry.data.gov.uk/id/region/greenwich,E09000011,2017-06,407,monthly,395263,796643,558887,422860,346219,2017-06-01
Greenwich,http://landregistry.data.gov.uk/id/region/greenwich,E09000011,2017-07,307,monthly,404447,812546,572856,432823,354104,2017-07-01
Greenwich,http://landregistry.data.gov.uk/id/region/greenwich,E09000011,2017-08,269,monthly,407505,820484,578041,437723,355783,2017-08-01
Greenwich,http://landregistry.data.gov.uk/id/region/greenwich,E09000011,2017-09,350,monthly,408407,825512,581294,439117,356007,2017-09-01
Greenwich,http://landregistry.data.gov.uk/id/region/greenwich,E09000011,2017-10,384,monthly,399907,811706,570498,430459,348101,2017-10-01
Greenwich,http://landregistry.data.gov.uk/id/region/greenwich,E09000011,2017-11,309,monthly,395636,804449,565499,425784,344242,2017-11-01
Greenwich,http://landregistry.data.gov.uk/id/region/greenwich,E09000011,2017-12,258,monthly,385851,784297,552218,416230,335135,2017-12-01
Greenwich,http://landregistry.data.gov.uk/id/region/greenwich,E09000011,2018-01,207,monthly,386739,784173,553194,416901,336132,2018-01-01
Greenwich,http://landregistry.data.gov.uk/id/region/greenwich,E09000011,2018-02,234,monthly,387993,786602,554106,417645,337624,2018-02-01
Greenwich,http://landregistry.data.gov.uk/id/region/greenwich,E09000011,2018-03,265,monthly,387587,786908,555345,417925,336951,2018-03-01
Greenwich,http://landregistry.data.gov.uk/id/region/greenwich,E09000011,2018-04,292,monthly,383039,780021,551332,415582,331748,2018-04-01
Greenwich,http://landregistry.data.gov.uk/id/region/greenwich,E09000011,2018-05,318,monthly,386676,791840,560811,422191,333406,2018-05-01
Greenwich,http://landregistry.data.gov.uk/id/region/greenwich,E09000011,2018-06,312,monthly,388829,798181,565894,424512,335050,2018-06-01
Greenwich,http://landregistry.data.gov.uk/id/region/greenwich,E09000011,2018-07,401,monthly,389348,802820,566782,424950,335488,2018-07-01
Greenwich,http://landregistry.data.gov.uk/id/region/greenwich,E09000011,2018-08,343,monthly,387225,796534,562402,422041,334033,2018-08-01
Greenwich,http://landregistry.data.gov.uk/id/region/greenwich,E09000011,2018-09,282,monthly,392511,808355,569187,427961,338614,2018-09-01
Greenwich,http://landregistry.data.gov.uk/id/region/greenwich,E09000011,2018-10,341,monthly,396062,813549,573743,431382,341931,2018-10-01
Greenwich,http://landregistry.data.gov.uk/id/region/greenwich,E09000011,2018-11,309,monthly,388547,803515,565494,424666,334569,2018-11-01
Greenwich,http://landregistry.data.gov.uk/id/region/greenwich,E09000011,2018-12,191,monthly,386095,797856,562902,422225,332277,2018-12-01
Greenwich,http://landregistry.data.gov.uk/id/region/greenwich,E09000011,2019-01,273,monthly,385703,799234,563480,421708,331829,2019-01-01
Greenwich,http://landregistry.data.gov.uk/id/region/greenwich,E09000011,2019-02,262,monthly,391921,806506,569370,425981,338538,2019-02-01
Greenwich,http://landregistry.data.gov.uk/id/region/greenwich,E09000011,2019-03,298,monthly,385655,792331,559917,419359,333111,2019-03-01
Greenwich,http://landregistry.data.gov.uk/id/region/greenwich,E09000011,2019-04,235,monthly,381537,780790,553004,415588,329437,2019-04-01
Greenwich,http://landregistry.data.gov.uk/id/region/greenwich,E09000011,2019-05,253,monthly,380114,778509,553014,416535,327023,2019-05-01
Greenwich,http://landregistry.data.gov.uk/id/region/greenwich,E09000011,2019-06,218,monthly,388208,795551,565722,426382,333509,2019-06-01
Greenwich,http://landregistry.data.gov.uk/id/region/greenwich,E09000011,2019-07,293,monthly,397353,811514,578354,435938,341669,2019-07-01
Greenwich,http://landregistry.data.gov.uk/id/region/greenwich,E09000011,2019-08,344,monthly,396576,811715,578142,436443,340372,2019-08-01
Greenwich,http://landregistry.data.gov.uk/id/region/greenwich,E09000011,2019-09,309,monthly,403542,825022,586083,443599,346802,2019-09-01
Greenwich,http://landregistry.data.gov.uk/id/region/greenwich,E09000011,2019-10,284,monthly,401997,826590,587784,442853,344607,2019-10-01
Greenwich,http://landregistry.data.gov.uk/id/region/greenwich,E09000011,2019-11,292,monthly,406345,839547,596503,447948,347907,2019-11-01
Greenwich,http://landregistry.data.gov.uk/id/region/greenwich,E09000011,2019-12,296,monthly,399597,830540,590359,442714,340825,2019-12-01
Greenwich,http://landregistry.data.gov.uk/id/region/greenwich,E09000011,2020-01,206,monthly,397523,825501,586529,440675,339054,2020-01-01
Greenwich,http://landregistry.data.gov.uk/id/region/greenwich,E09000011,2020-02,252,monthly,397416,826855,586728,441207,338764,2020-02-01
Greenwich,http://landregistry.data.gov.uk/id/region/greenwich,E09000011,2020-03,254,monthly,394697,821283,582616,437263,336830,2020-03-01
Greenwich,http://landregistry.data.gov.uk/id/region/greenwich,E09000011,2020-04,116,monthly,398225,831791,587654,442255,339441,2020-04-01
Greenwich,http://landregistry.data.gov.uk/id/region/greenwich,E09000011,2020-05,94,monthly,396463,823173,582734,437167,339300,2020-05-01
Greenwich,http://landregistry.data.gov.uk/id/region/greenwich,E09000011,2020-06,131,monthly,391439,811811,576811,433242,334330,2020-06-01
Greenwich,http://landregistry.data.gov.uk/id/region/greenwich,E09000011,2020-07,198,monthly,388479,803836,573459,430910,331413,2020-07-01
Greenwich,http://landregistry.data.gov.uk/id/region/greenwich,E09000011,2020-08,195,monthly,389982,812292,579797,436881,330769,2020-08-01
Greenwich,http://landregistry.data.gov.uk/id/region/greenwich,E09000011,2020-09,209,monthly,401395,841183,598527,450692,339864,2020-09-01
Greenwich,http://landregistry.data.gov.uk/id/region/greenwich,E09000011,2020-10,294,monthly,402076,849671,602543,453534,339358,2020-10-01
Greenwich,http://landregistry.data.gov.uk/id/region/greenwich,E09000011,2020-11,304,monthly,406533,861732,609729,459653,342677,2020-11-01
Greenwich,http://landregistry.data.gov.uk/id/region/greenwich,E09000011,2020-12,349,monthly,401288,853271,603139,455717,337448,2020-12-01
Greenwich,http://landregistry.data.gov.uk/id/region/greenwich,E09000011,2021-01,287,monthly,412326,870412,618033,467751,347152,2021-01-01
Greenwich,http://landregistry.data.gov.uk/id/region/greenwich,E09000011,2021-02,335,monthly,415436,869287,620371,470261,350427,2021-02-01
Greenwich,http://landregistry.data.gov.uk/id/region/greenwich,E09000011,2021-03,453,monthly,419101,865428,621266,472013,354976,2021-03-01
Greenwich,http://landregistry.data.gov.uk/id/region/greenwich,E09000011,2021-04,277,monthly,412420,848273,609336,463674,349928,2021-04-01
Greenwich,http://landregistry.data.gov.uk/id/region/greenwich,E09000011,2021-05,280,monthly,414873,854030,612691,466322,352072,2021-05-01
Greenwich,http://landregistry.data.gov.uk/id/region/greenwich,E09000011,2021-06,874,monthly,424681,876205,628132,481344,358741,2021-06-01
Greenwich,http://landregistry.data.gov.uk/id/region/greenwich,E09000011,2021-07,109,monthly,412914,851170,609449,465243,350057,2021-07-01
Greenwich,http://landregistry.data.gov.uk/id/region/greenwich,E09000011,2021-08,242,monthly,418924,875732,624481,473659,353619,2021-08-01
Greenwich,http://landregistry.data.gov.uk/id/region/greenwich,E09000011,2021-09,387,monthly,413121,870039,619391,466205,348532,2021-09-01
Greenwich,http://landregistry.data.gov.uk/id/region/greenwich,E09000011,2021-10,195,monthly,429676,926662,654408,489994,358978,2021-10-01
Greenwich,http://landregistry.data.gov.uk/id/region/greenwich,E09000011,2021-11,256,monthly,422162,911240,643290,481456,352640,2021-11-01
Greenwich,http://landregistry.data.gov.uk/id/region/greenwich,E09000011,2021-12,254,monthly,423351,924277,649242,484128,352513,2021-12-01
Greenwich,http://landregistry.data.gov.uk/id/region/greenwich,E09000011,2022-01,232,monthly,428441,930661,657851,492077,355944,2022-01-01
Greenwich,http://landregistry.data.gov.uk/id/region/greenwich,E09000011,2022-02,251,monthly,430668,933371,660724,495216,358092,2022-02-01
Greenwich,http://landregistry.data.gov.uk/id/region/greenwich,E09000011,2022-03,229,monthly,428862,928294,658921,492563,356735,2022-03-01
Greenwich,http://landregistry.data.gov.uk/id/region/greenwich,E09000011,2022-04,215,monthly,422002,912215,647172,485490,350765,2022-04-01
Greenwich,http://landregistry.data.gov.uk/id/region/greenwich,E09000011,2022-05,230,monthly,429867,931094,661850,496698,355556,2022-05-01
Greenwich,http://landregistry.data.gov.uk/id/region/greenwich,E09000011,2022-06,300,monthly,445904,963358,685638,516293,368376,2022-06-01
Greenwich,http://landregistry.data.gov.uk/id/region/greenwich,E09000011,2022-07,316,monthly,456233,982968,702044,529276,376272,2022-07-01
Greenwich,http://landregistry.data.gov.uk/id/region/greenwich,E09000011,2022-08,311,monthly,460269,990829,709301,535643,378467,2022-08-01
Greenwich,http://landregistry.data.gov.uk/id/region/greenwich,E09000011,2022-09,270,monthly,458587,988848,708312,535284,375864,2022-09-01
Greenwich,http://landregistry.data.gov.uk/id/region/greenwich,E09000011,2022-10,289,monthly,458245,992075,709684,536018,374555,2022-10-01
Greenwich,http://landregistry.data.gov.uk/id/region/greenwich,E09000011,2022-11,260,monthly,453260,983506,702390,530580,370148,2022-11-01
Greenwich,http://landregistry.data.gov.uk/id/region/greenwich,E09000011,2022-12,203,monthly,447100,970058,693756,523884,364678,2022-12-01
Greenwich,http://landregistry.data.gov.uk/id/region/greenwich,E09000011,2023-01,183,monthly,446654,970267,694211,522219,364777,2023-01-01
Greenwich,http://landregistry.data.gov.uk/id/region/greenwich,E09000011,2023-02,157,monthly,454628,986723,705354,529250,372709,2023-02-01
Greenwich,http://landregistry.data.gov.uk/id/region/greenwich,E09000011,2023-03,163,monthly,451106,981859,699755,522226,371342,2023-03-01
Greenwich,http://landregistry.data.gov.uk/id/region/greenwich,E09000011,2023-04,121,monthly,436725,948985,675375,503972,360641,2023-04-01
Greenwich,http://landregistry.data.gov.uk/id/region/greenwich,E09000011,2023-05,148,monthly,417382,901833,643396,480639,345596,2023-05-01
Greenwich,http://landregistry.data.gov.uk/id/region/greenwich,E09000011,2023-06,159,monthly,417883,898615,641476,482038,346061,2023-06-01
Greenwich,http://landregistry.data.gov.uk/id/region/greenwich,E09000011,2023-07,190,monthly,427423,918421,656811,494867,352954,2023-07-01
Greenwich,http://landregistry.data.gov.uk/id/region/greenwich,E09000011,2023-08,209,monthly,439990,949285,678477,511673,361760,2023-08-01
Greenwich,http://landregistry.data.gov.uk/id/region/greenwich,E09000011,2023-09,203,monthly,436194,943267,674404,508802,357561,2023-09-01
Greenwich,http://landregistry.data.gov.uk/id/region/greenwich,E09000011,2023-10,155,monthly,428554,924656,661833,498728,352042,2023-10-01
Greenwich,http://landregistry.data.gov.uk/id/region/greenwich,E09000011,2023-11,169,monthly,425440,918815,657249,493498,350249,2023-11-01
Greenwich,http://landregistry.data.gov.uk/id/region/greenwich,E09000011,2023-12,141,monthly,428601,922219,661311,495866,353702,2023-12-01
Greenwich,http://landregistry.data.gov.uk/id/region/greenwich,E09000011,2024-01,103,monthly,435266,934823,670204,503951,359244,2024-01-01
Greenwich,http://landregistry.data.gov.uk/id/region/greenwich,E09000011,2024-02,70,monthly,445848,950372,680933,513930,370036,2024-02-01
Greenwich,http://landregistry.data.gov.uk/id/region/greenwich,E09000011,2024-03,,monthly,450973,955646,683697,516843,376630,2024-03-01
Greenwich,http://landregistry.data.gov.uk/id/region/greenwich,E09000011,2024-04,,monthly,442117,930345,668449,504989,370474,2024-04-01
