"Name","URI","Region GSS code","Period","Sales volume","Reporting period","Average price All property types","Average price Detached houses","Average price Semi-detached houses","Average price Terraced houses","Average price Flats and maisonettes","Pivotable date"
Guildford,http://landregistry.data.gov.uk/id/region/guildford,E07000209,2004-01,225,monthly,242419,411817,228777,189806,160579,2004-01-01
Guildford,http://landregistry.data.gov.uk/id/region/guildford,E07000209,2004-02,207,monthly,241323,409366,227597,189387,160100,2004-02-01
Guildford,http://landregistry.data.gov.uk/id/region/guildford,E07000209,2004-03,256,monthly,240840,409100,227031,189343,159412,2004-03-01
Guildford,http://landregistry.data.gov.uk/id/region/guildford,E07000209,2004-04,311,monthly,243988,411606,230382,193056,161824,2004-04-01
Guildford,http://landregistry.data.gov.uk/id/region/guildford,E07000209,2004-05,278,monthly,247298,413663,233980,196966,164610,2004-05-01
Guildford,http://landregistry.data.gov.uk/id/region/guildford,E07000209,2004-06,295,monthly,253134,420956,239895,202214,169022,2004-06-01
Guildford,http://landregistry.data.gov.uk/id/region/guildford,E07000209,2004-07,316,monthly,255843,425338,242829,204358,170455,2004-07-01
Guildford,http://landregistry.data.gov.uk/id/region/guildford,E07000209,2004-08,284,monthly,260081,434590,246629,207242,172626,2004-08-01
Guildford,http://landregistry.data.gov.uk/id/region/guildford,E07000209,2004-09,285,monthly,260956,437811,247476,207559,172427,2004-09-01
Guildford,http://landregistry.data.gov.uk/id/region/guildford,E07000209,2004-10,205,monthly,261422,438244,247353,207876,173662,2004-10-01
Guildford,http://landregistry.data.gov.uk/id/region/guildford,E07000209,2004-11,190,monthly,259580,434227,245549,206496,172980,2004-11-01
Guildford,http://landregistry.data.gov.uk/id/region/guildford,E07000209,2004-12,238,monthly,257316,428708,243226,205115,172418,2004-12-01
Guildford,http://landregistry.data.gov.uk/id/region/guildford,E07000209,2005-01,140,monthly,257558,429629,243198,205640,172415,2005-01-01
Guildford,http://landregistry.data.gov.uk/id/region/guildford,E07000209,2005-02,113,monthly,254994,425627,240954,203436,170487,2005-02-01
Guildford,http://landregistry.data.gov.uk/id/region/guildford,E07000209,2005-03,165,monthly,254457,425171,240689,202961,169575,2005-03-01
Guildford,http://landregistry.data.gov.uk/id/region/guildford,E07000209,2005-04,224,monthly,253174,421311,240220,202046,168673,2005-04-01
Guildford,http://landregistry.data.gov.uk/id/region/guildford,E07000209,2005-05,204,monthly,254787,422927,241733,203775,169971,2005-05-01
Guildford,http://landregistry.data.gov.uk/id/region/guildford,E07000209,2005-06,252,monthly,259096,428676,246017,207853,172883,2005-06-01
Guildford,http://landregistry.data.gov.uk/id/region/guildford,E07000209,2005-07,308,monthly,261112,432900,248086,209382,173703,2005-07-01
Guildford,http://landregistry.data.gov.uk/id/region/guildford,E07000209,2005-08,257,monthly,263784,438413,250625,211621,174895,2005-08-01
Guildford,http://landregistry.data.gov.uk/id/region/guildford,E07000209,2005-09,274,monthly,262087,437531,248790,210030,173231,2005-09-01
Guildford,http://landregistry.data.gov.uk/id/region/guildford,E07000209,2005-10,229,monthly,260741,434636,246997,209242,173000,2005-10-01
Guildford,http://landregistry.data.gov.uk/id/region/guildford,E07000209,2005-11,248,monthly,257792,428552,244408,206991,171303,2005-11-01
Guildford,http://landregistry.data.gov.uk/id/region/guildford,E07000209,2005-12,292,monthly,258829,427953,245395,208137,172894,2005-12-01
Guildford,http://landregistry.data.gov.uk/id/region/guildford,E07000209,2006-01,206,monthly,258209,428130,244857,207866,171702,2006-01-01
Guildford,http://landregistry.data.gov.uk/id/region/guildford,E07000209,2006-02,213,monthly,261519,433159,247821,210952,174139,2006-02-01
Guildford,http://landregistry.data.gov.uk/id/region/guildford,E07000209,2006-03,247,monthly,263897,438432,250370,212946,174771,2006-03-01
Guildford,http://landregistry.data.gov.uk/id/region/guildford,E07000209,2006-04,246,monthly,266833,441692,253623,215618,176838,2006-04-01
Guildford,http://landregistry.data.gov.uk/id/region/guildford,E07000209,2006-05,259,monthly,274032,454254,260602,221209,181271,2006-05-01
Guildford,http://landregistry.data.gov.uk/id/region/guildford,E07000209,2006-06,301,monthly,274389,454976,260936,221394,181523,2006-06-01
Guildford,http://landregistry.data.gov.uk/id/region/guildford,E07000209,2006-07,305,monthly,282270,469086,268338,228075,186019,2006-07-01
Guildford,http://landregistry.data.gov.uk/id/region/guildford,E07000209,2006-08,335,monthly,281859,469100,267913,228232,185018,2006-08-01
Guildford,http://landregistry.data.gov.uk/id/region/guildford,E07000209,2006-09,322,monthly,287389,479831,273174,232737,187788,2006-09-01
Guildford,http://landregistry.data.gov.uk/id/region/guildford,E07000209,2006-10,238,monthly,284425,475154,270045,229937,186365,2006-10-01
Guildford,http://landregistry.data.gov.uk/id/region/guildford,E07000209,2006-11,252,monthly,284462,475110,270358,229763,186290,2006-11-01
Guildford,http://landregistry.data.gov.uk/id/region/guildford,E07000209,2006-12,286,monthly,285052,474561,270748,230657,187386,2006-12-01
Guildford,http://landregistry.data.gov.uk/id/region/guildford,E07000209,2007-01,235,monthly,290813,484701,276355,235370,190679,2007-01-01
Guildford,http://landregistry.data.gov.uk/id/region/guildford,E07000209,2007-02,212,monthly,296016,493707,280835,239193,194582,2007-02-01
Guildford,http://landregistry.data.gov.uk/id/region/guildford,E07000209,2007-03,276,monthly,300412,502495,285032,242626,196735,2007-03-01
Guildford,http://landregistry.data.gov.uk/id/region/guildford,E07000209,2007-04,221,monthly,304625,508183,288839,246976,199693,2007-04-01
Guildford,http://landregistry.data.gov.uk/id/region/guildford,E07000209,2007-05,274,monthly,308583,513233,292593,251037,202461,2007-05-01
Guildford,http://landregistry.data.gov.uk/id/region/guildford,E07000209,2007-06,319,monthly,313710,521170,297321,255448,206064,2007-06-01
Guildford,http://landregistry.data.gov.uk/id/region/guildford,E07000209,2007-07,274,monthly,319021,532931,302298,259110,208684,2007-07-01
Guildford,http://landregistry.data.gov.uk/id/region/guildford,E07000209,2007-08,350,monthly,320540,538121,303945,260449,208206,2007-08-01
Guildford,http://landregistry.data.gov.uk/id/region/guildford,E07000209,2007-09,285,monthly,322854,544192,305902,261810,209259,2007-09-01
Guildford,http://landregistry.data.gov.uk/id/region/guildford,E07000209,2007-10,280,monthly,317959,536403,300643,257602,206591,2007-10-01
Guildford,http://landregistry.data.gov.uk/id/region/guildford,E07000209,2007-11,257,monthly,318080,537227,300327,256940,207259,2007-11-01
Guildford,http://landregistry.data.gov.uk/id/region/guildford,E07000209,2007-12,145,monthly,317208,533514,299711,256576,207305,2007-12-01
Guildford,http://landregistry.data.gov.uk/id/region/guildford,E07000209,2008-01,133,monthly,320987,541429,303305,259076,209410,2008-01-01
Guildford,http://landregistry.data.gov.uk/id/region/guildford,E07000209,2008-02,155,monthly,315976,533568,298764,254877,205810,2008-02-01
Guildford,http://landregistry.data.gov.uk/id/region/guildford,E07000209,2008-03,124,monthly,313223,531346,296462,252449,202839,2008-03-01
Guildford,http://landregistry.data.gov.uk/id/region/guildford,E07000209,2008-04,186,monthly,306075,519419,290048,247198,197543,2008-04-01
Guildford,http://landregistry.data.gov.uk/id/region/guildford,E07000209,2008-05,129,monthly,310934,528088,294754,251586,200157,2008-05-01
Guildford,http://landregistry.data.gov.uk/id/region/guildford,E07000209,2008-06,134,monthly,308931,525454,292599,250037,198714,2008-06-01
Guildford,http://landregistry.data.gov.uk/id/region/guildford,E07000209,2008-07,137,monthly,312044,531800,295513,252172,200504,2008-07-01
Guildford,http://landregistry.data.gov.uk/id/region/guildford,E07000209,2008-08,135,monthly,305312,521659,288679,246287,196239,2008-08-01
Guildford,http://landregistry.data.gov.uk/id/region/guildford,E07000209,2008-09,130,monthly,297698,511996,280816,239277,190958,2008-09-01
Guildford,http://landregistry.data.gov.uk/id/region/guildford,E07000209,2008-10,140,monthly,283540,487425,267062,227533,182513,2008-10-01
Guildford,http://landregistry.data.gov.uk/id/region/guildford,E07000209,2008-11,95,monthly,277444,478036,261254,222287,178372,2008-11-01
Guildford,http://landregistry.data.gov.uk/id/region/guildford,E07000209,2008-12,118,monthly,265984,455978,250775,213825,171329,2008-12-01
Guildford,http://landregistry.data.gov.uk/id/region/guildford,E07000209,2009-01,75,monthly,262596,451479,247218,210787,169077,2009-01-01
Guildford,http://landregistry.data.gov.uk/id/region/guildford,E07000209,2009-02,73,monthly,257522,441093,242707,206938,166304,2009-02-01
Guildford,http://landregistry.data.gov.uk/id/region/guildford,E07000209,2009-03,108,monthly,261614,447833,246379,209984,169523,2009-03-01
Guildford,http://landregistry.data.gov.uk/id/region/guildford,E07000209,2009-04,129,monthly,259591,441276,245480,209501,168151,2009-04-01
Guildford,http://landregistry.data.gov.uk/id/region/guildford,E07000209,2009-05,145,monthly,260246,441605,246368,210833,168224,2009-05-01
Guildford,http://landregistry.data.gov.uk/id/region/guildford,E07000209,2009-06,168,monthly,265208,449943,251723,215650,170256,2009-06-01
Guildford,http://landregistry.data.gov.uk/id/region/guildford,E07000209,2009-07,229,monthly,272991,464725,259405,222197,173897,2009-07-01
Guildford,http://landregistry.data.gov.uk/id/region/guildford,E07000209,2009-08,173,monthly,279749,478591,265860,227799,176760,2009-08-01
Guildford,http://landregistry.data.gov.uk/id/region/guildford,E07000209,2009-09,174,monthly,285646,490124,271453,232426,179792,2009-09-01
Guildford,http://landregistry.data.gov.uk/id/region/guildford,E07000209,2009-10,234,monthly,293056,503357,278563,238476,184082,2009-10-01
Guildford,http://landregistry.data.gov.uk/id/region/guildford,E07000209,2009-11,184,monthly,293202,503590,278794,238923,183884,2009-11-01
Guildford,http://landregistry.data.gov.uk/id/region/guildford,E07000209,2009-12,241,monthly,293461,501778,279790,239874,184067,2009-12-01
Guildford,http://landregistry.data.gov.uk/id/region/guildford,E07000209,2010-01,134,monthly,296566,508978,283171,242792,184318,2010-01-01
Guildford,http://landregistry.data.gov.uk/id/region/guildford,E07000209,2010-02,151,monthly,301570,518731,288858,246983,185776,2010-02-01
Guildford,http://landregistry.data.gov.uk/id/region/guildford,E07000209,2010-03,147,monthly,305963,530549,292503,250115,187141,2010-03-01
Guildford,http://landregistry.data.gov.uk/id/region/guildford,E07000209,2010-04,124,monthly,303724,525663,290492,248357,186223,2010-04-01
Guildford,http://landregistry.data.gov.uk/id/region/guildford,E07000209,2010-05,143,monthly,305003,527294,291382,249536,187721,2010-05-01
Guildford,http://landregistry.data.gov.uk/id/region/guildford,E07000209,2010-06,230,monthly,308607,532974,295106,252922,189611,2010-06-01
Guildford,http://landregistry.data.gov.uk/id/region/guildford,E07000209,2010-07,207,monthly,311036,540458,296969,254706,189670,2010-07-01
Guildford,http://landregistry.data.gov.uk/id/region/guildford,E07000209,2010-08,178,monthly,314023,547046,300364,256607,190286,2010-08-01
Guildford,http://landregistry.data.gov.uk/id/region/guildford,E07000209,2010-09,188,monthly,311300,545101,297463,253968,187475,2010-09-01
Guildford,http://landregistry.data.gov.uk/id/region/guildford,E07000209,2010-10,148,monthly,309600,540889,296228,252593,186760,2010-10-01
Guildford,http://landregistry.data.gov.uk/id/region/guildford,E07000209,2010-11,125,monthly,304894,533562,291316,248447,184080,2010-11-01
Guildford,http://landregistry.data.gov.uk/id/region/guildford,E07000209,2010-12,166,monthly,303374,529774,290385,247032,183374,2010-12-01
Guildford,http://landregistry.data.gov.uk/id/region/guildford,E07000209,2011-01,110,monthly,302750,531798,288828,245983,182601,2011-01-01
Guildford,http://landregistry.data.gov.uk/id/region/guildford,E07000209,2011-02,137,monthly,306536,542054,291287,248563,184368,2011-02-01
Guildford,http://landregistry.data.gov.uk/id/region/guildford,E07000209,2011-03,148,monthly,308448,550072,291846,249356,184757,2011-03-01
Guildford,http://landregistry.data.gov.uk/id/region/guildford,E07000209,2011-04,137,monthly,310173,551918,293675,251030,186040,2011-04-01
Guildford,http://landregistry.data.gov.uk/id/region/guildford,E07000209,2011-05,141,monthly,310163,545816,294717,252079,187465,2011-05-01
Guildford,http://landregistry.data.gov.uk/id/region/guildford,E07000209,2011-06,166,monthly,310902,540765,296895,253893,188939,2011-06-01
Guildford,http://landregistry.data.gov.uk/id/region/guildford,E07000209,2011-07,183,monthly,313589,543624,299685,256495,191017,2011-07-01
Guildford,http://landregistry.data.gov.uk/id/region/guildford,E07000209,2011-08,224,monthly,314145,547901,300540,256860,189382,2011-08-01
Guildford,http://landregistry.data.gov.uk/id/region/guildford,E07000209,2011-09,195,monthly,312925,549942,298763,255281,187469,2011-09-01
Guildford,http://landregistry.data.gov.uk/id/region/guildford,E07000209,2011-10,152,monthly,309686,546023,296288,252030,184438,2011-10-01
Guildford,http://landregistry.data.gov.uk/id/region/guildford,E07000209,2011-11,178,monthly,312379,551317,298140,253630,186843,2011-11-01
Guildford,http://landregistry.data.gov.uk/id/region/guildford,E07000209,2011-12,188,monthly,310054,543288,296873,252188,186269,2011-12-01
Guildford,http://landregistry.data.gov.uk/id/region/guildford,E07000209,2012-01,134,monthly,315511,550583,302805,257589,189402,2012-01-01
Guildford,http://landregistry.data.gov.uk/id/region/guildford,E07000209,2012-02,137,monthly,314771,549533,302520,257624,188014,2012-02-01
Guildford,http://landregistry.data.gov.uk/id/region/guildford,E07000209,2012-03,168,monthly,314225,548192,301877,257675,187598,2012-03-01
Guildford,http://landregistry.data.gov.uk/id/region/guildford,E07000209,2012-04,112,monthly,315419,549952,302350,258631,189066,2012-04-01
Guildford,http://landregistry.data.gov.uk/id/region/guildford,E07000209,2012-05,153,monthly,317042,550043,304223,260476,190743,2012-05-01
Guildford,http://landregistry.data.gov.uk/id/region/guildford,E07000209,2012-06,171,monthly,325054,564319,311742,267883,194970,2012-06-01
Guildford,http://landregistry.data.gov.uk/id/region/guildford,E07000209,2012-07,194,monthly,326592,568324,313108,269293,195244,2012-07-01
Guildford,http://landregistry.data.gov.uk/id/region/guildford,E07000209,2012-08,213,monthly,329028,573279,315693,271910,195730,2012-08-01
Guildford,http://landregistry.data.gov.uk/id/region/guildford,E07000209,2012-09,160,monthly,326950,571357,313628,269729,194041,2012-09-01
Guildford,http://landregistry.data.gov.uk/id/region/guildford,E07000209,2012-10,213,monthly,324157,565300,311283,267692,192485,2012-10-01
Guildford,http://landregistry.data.gov.uk/id/region/guildford,E07000209,2012-11,156,monthly,326935,570095,313754,269974,194333,2012-11-01
Guildford,http://landregistry.data.gov.uk/id/region/guildford,E07000209,2012-12,182,monthly,330714,576158,317520,273275,196594,2012-12-01
Guildford,http://landregistry.data.gov.uk/id/region/guildford,E07000209,2013-01,159,monthly,329000,574914,316199,271470,194722,2013-01-01
Guildford,http://landregistry.data.gov.uk/id/region/guildford,E07000209,2013-02,118,monthly,325038,569350,312468,267781,191954,2013-02-01
Guildford,http://landregistry.data.gov.uk/id/region/guildford,E07000209,2013-03,127,monthly,323194,567540,310457,265460,190962,2013-03-01
Guildford,http://landregistry.data.gov.uk/id/region/guildford,E07000209,2013-04,147,monthly,326168,572129,312856,268442,193084,2013-04-01
Guildford,http://landregistry.data.gov.uk/id/region/guildford,E07000209,2013-05,181,monthly,327245,573216,313816,269332,194195,2013-05-01
Guildford,http://landregistry.data.gov.uk/id/region/guildford,E07000209,2013-06,188,monthly,327629,572509,314594,270480,194186,2013-06-01
Guildford,http://landregistry.data.gov.uk/id/region/guildford,E07000209,2013-07,222,monthly,331439,579250,318265,273718,196329,2013-07-01
Guildford,http://landregistry.data.gov.uk/id/region/guildford,E07000209,2013-08,231,monthly,333033,581960,320200,275427,196681,2013-08-01
Guildford,http://landregistry.data.gov.uk/id/region/guildford,E07000209,2013-09,203,monthly,335712,588759,322359,277126,197915,2013-09-01
Guildford,http://landregistry.data.gov.uk/id/region/guildford,E07000209,2013-10,203,monthly,336366,590207,323405,277132,198132,2013-10-01
Guildford,http://landregistry.data.gov.uk/id/region/guildford,E07000209,2013-11,231,monthly,336612,590185,323829,277202,198430,2013-11-01
Guildford,http://landregistry.data.gov.uk/id/region/guildford,E07000209,2013-12,231,monthly,338921,590399,327029,279506,200590,2013-12-01
Guildford,http://landregistry.data.gov.uk/id/region/guildford,E07000209,2014-01,181,monthly,342905,596885,330892,282866,203111,2014-01-01
Guildford,http://landregistry.data.gov.uk/id/region/guildford,E07000209,2014-02,198,monthly,344392,599900,332457,283709,203958,2014-02-01
Guildford,http://landregistry.data.gov.uk/id/region/guildford,E07000209,2014-03,174,monthly,352406,614681,340411,290196,208158,2014-03-01
Guildford,http://landregistry.data.gov.uk/id/region/guildford,E07000209,2014-04,172,monthly,353368,615582,341468,291533,208648,2014-04-01
Guildford,http://landregistry.data.gov.uk/id/region/guildford,E07000209,2014-05,219,monthly,359575,624701,347575,297517,212452,2014-05-01
Guildford,http://landregistry.data.gov.uk/id/region/guildford,E07000209,2014-06,218,monthly,361787,627902,349967,299599,213704,2014-06-01
Guildford,http://landregistry.data.gov.uk/id/region/guildford,E07000209,2014-07,241,monthly,370259,642478,358781,306886,218176,2014-07-01
Guildford,http://landregistry.data.gov.uk/id/region/guildford,E07000209,2014-08,248,monthly,376614,654753,365216,311923,221337,2014-08-01
Guildford,http://landregistry.data.gov.uk/id/region/guildford,E07000209,2014-09,195,monthly,375659,654237,363930,311087,220573,2014-09-01
Guildford,http://landregistry.data.gov.uk/id/region/guildford,E07000209,2014-10,225,monthly,376883,656141,364970,311549,221802,2014-10-01
Guildford,http://landregistry.data.gov.uk/id/region/guildford,E07000209,2014-11,221,monthly,374835,652362,362867,309461,220996,2014-11-01
Guildford,http://landregistry.data.gov.uk/id/region/guildford,E07000209,2014-12,204,monthly,375756,653574,363878,309838,221837,2014-12-01
Guildford,http://landregistry.data.gov.uk/id/region/guildford,E07000209,2015-01,141,monthly,375945,653888,364258,309848,221900,2015-01-01
Guildford,http://landregistry.data.gov.uk/id/region/guildford,E07000209,2015-02,154,monthly,377645,656721,365602,311405,223100,2015-02-01
Guildford,http://landregistry.data.gov.uk/id/region/guildford,E07000209,2015-03,153,monthly,382212,665301,370215,314779,225645,2015-03-01
Guildford,http://landregistry.data.gov.uk/id/region/guildford,E07000209,2015-04,142,monthly,385301,671022,373035,317667,227215,2015-04-01
Guildford,http://landregistry.data.gov.uk/id/region/guildford,E07000209,2015-05,163,monthly,389604,677261,377889,321150,229817,2015-05-01
Guildford,http://landregistry.data.gov.uk/id/region/guildford,E07000209,2015-06,204,monthly,393138,682724,381699,325099,231205,2015-06-01
Guildford,http://landregistry.data.gov.uk/id/region/guildford,E07000209,2015-07,233,monthly,397631,689449,386559,328899,233882,2015-07-01
Guildford,http://landregistry.data.gov.uk/id/region/guildford,E07000209,2015-08,230,monthly,406588,705740,395371,336792,238389,2015-08-01
Guildford,http://landregistry.data.gov.uk/id/region/guildford,E07000209,2015-09,240,monthly,409971,714393,397897,338827,240236,2015-09-01
Guildford,http://landregistry.data.gov.uk/id/region/guildford,E07000209,2015-10,199,monthly,412297,719843,400215,340665,240967,2015-10-01
Guildford,http://landregistry.data.gov.uk/id/region/guildford,E07000209,2015-11,205,monthly,412643,721358,400573,340475,241055,2015-11-01
Guildford,http://landregistry.data.gov.uk/id/region/guildford,E07000209,2015-12,245,monthly,416735,726923,405453,343884,243412,2015-12-01
Guildford,http://landregistry.data.gov.uk/id/region/guildford,E07000209,2016-01,171,monthly,421488,734200,411019,347257,246267,2016-01-01
Guildford,http://landregistry.data.gov.uk/id/region/guildford,E07000209,2016-02,155,monthly,427304,744784,416756,351820,249560,2016-02-01
Guildford,http://landregistry.data.gov.uk/id/region/guildford,E07000209,2016-03,279,monthly,432324,755675,420673,355362,252709,2016-03-01
Guildford,http://landregistry.data.gov.uk/id/region/guildford,E07000209,2016-04,106,monthly,428384,747104,416479,352865,250971,2016-04-01
Guildford,http://landregistry.data.gov.uk/id/region/guildford,E07000209,2016-05,149,monthly,420465,728659,409021,346999,247842,2016-05-01
Guildford,http://landregistry.data.gov.uk/id/region/guildford,E07000209,2016-06,156,monthly,420033,723526,409322,347703,248291,2016-06-01
Guildford,http://landregistry.data.gov.uk/id/region/guildford,E07000209,2016-07,191,monthly,430698,742589,419519,356488,254464,2016-07-01
Guildford,http://landregistry.data.gov.uk/id/region/guildford,E07000209,2016-08,194,monthly,445392,770082,433334,368452,262672,2016-08-01
Guildford,http://landregistry.data.gov.uk/id/region/guildford,E07000209,2016-09,202,monthly,446905,773379,435261,369103,263286,2016-09-01
Guildford,http://landregistry.data.gov.uk/id/region/guildford,E07000209,2016-10,163,monthly,449676,779508,437617,369959,265554,2016-10-01
Guildford,http://landregistry.data.gov.uk/id/region/guildford,E07000209,2016-11,176,monthly,450422,783526,438160,369031,265935,2016-11-01
Guildford,http://landregistry.data.gov.uk/id/region/guildford,E07000209,2016-12,167,monthly,455227,792448,442140,372314,269520,2016-12-01
Guildford,http://landregistry.data.gov.uk/id/region/guildford,E07000209,2017-01,126,monthly,448152,780736,435242,366628,265006,2017-01-01
Guildford,http://landregistry.data.gov.uk/id/region/guildford,E07000209,2017-02,156,monthly,439106,762889,425881,359285,261048,2017-02-01
Guildford,http://landregistry.data.gov.uk/id/region/guildford,E07000209,2017-03,171,monthly,431430,749854,418481,352540,256584,2017-03-01
Guildford,http://landregistry.data.gov.uk/id/region/guildford,E07000209,2017-04,176,monthly,440865,766456,427048,359864,262823,2017-04-01
Guildford,http://landregistry.data.gov.uk/id/region/guildford,E07000209,2017-05,169,monthly,445883,773447,432901,363711,265911,2017-05-01
Guildford,http://landregistry.data.gov.uk/id/region/guildford,E07000209,2017-06,168,monthly,453378,783635,440310,370793,270977,2017-06-01
Guildford,http://landregistry.data.gov.uk/id/region/guildford,E07000209,2017-07,191,monthly,451393,777415,439134,369352,270312,2017-07-01
Guildford,http://landregistry.data.gov.uk/id/region/guildford,E07000209,2017-08,245,monthly,454433,784024,441809,372780,271185,2017-08-01
Guildford,http://landregistry.data.gov.uk/id/region/guildford,E07000209,2017-09,176,monthly,454297,786497,441784,372163,270080,2017-09-01
Guildford,http://landregistry.data.gov.uk/id/region/guildford,E07000209,2017-10,157,monthly,444675,771389,432785,364293,263349,2017-10-01
Guildford,http://landregistry.data.gov.uk/id/region/guildford,E07000209,2017-11,136,monthly,442865,768198,431559,362200,262205,2017-11-01
Guildford,http://landregistry.data.gov.uk/id/region/guildford,E07000209,2017-12,154,monthly,436813,756742,426199,357335,258552,2017-12-01
Guildford,http://landregistry.data.gov.uk/id/region/guildford,E07000209,2018-01,104,monthly,442203,765601,431601,361563,261944,2018-01-01
Guildford,http://landregistry.data.gov.uk/id/region/guildford,E07000209,2018-02,139,monthly,438574,759827,427911,358342,259759,2018-02-01
Guildford,http://landregistry.data.gov.uk/id/region/guildford,E07000209,2018-03,145,monthly,441493,764698,431131,361045,261212,2018-03-01
Guildford,http://landregistry.data.gov.uk/id/region/guildford,E07000209,2018-04,129,monthly,436458,755500,426732,358047,257576,2018-04-01
Guildford,http://landregistry.data.gov.uk/id/region/guildford,E07000209,2018-05,157,monthly,439712,761941,431197,361699,257871,2018-05-01
Guildford,http://landregistry.data.gov.uk/id/region/guildford,E07000209,2018-06,170,monthly,439667,762986,431723,361299,257172,2018-06-01
Guildford,http://landregistry.data.gov.uk/id/region/guildford,E07000209,2018-07,197,monthly,447320,779567,439003,367236,260743,2018-07-01
Guildford,http://landregistry.data.gov.uk/id/region/guildford,E07000209,2018-08,240,monthly,453464,791552,444648,372316,264108,2018-08-01
Guildford,http://landregistry.data.gov.uk/id/region/guildford,E07000209,2018-09,166,monthly,452108,791401,443228,371661,262382,2018-09-01
Guildford,http://landregistry.data.gov.uk/id/region/guildford,E07000209,2018-10,184,monthly,447389,783359,438505,366968,259967,2018-10-01
Guildford,http://landregistry.data.gov.uk/id/region/guildford,E07000209,2018-11,181,monthly,442005,776792,433405,362052,255881,2018-11-01
Guildford,http://landregistry.data.gov.uk/id/region/guildford,E07000209,2018-12,148,monthly,438682,768656,430345,358551,254980,2018-12-01
Guildford,http://landregistry.data.gov.uk/id/region/guildford,E07000209,2019-01,111,monthly,448083,786143,440093,366035,259788,2019-01-01
Guildford,http://landregistry.data.gov.uk/id/region/guildford,E07000209,2019-02,119,monthly,447622,783510,439653,365328,260426,2019-02-01
Guildford,http://landregistry.data.gov.uk/id/region/guildford,E07000209,2019-03,139,monthly,451617,791157,444131,369124,261998,2019-03-01
Guildford,http://landregistry.data.gov.uk/id/region/guildford,E07000209,2019-04,144,monthly,441385,771397,434430,362207,255896,2019-04-01
Guildford,http://landregistry.data.gov.uk/id/region/guildford,E07000209,2019-05,122,monthly,437071,762657,430910,359776,252788,2019-05-01
Guildford,http://landregistry.data.gov.uk/id/region/guildford,E07000209,2019-06,151,monthly,437482,762919,431601,360553,252778,2019-06-01
Guildford,http://landregistry.data.gov.uk/id/region/guildford,E07000209,2019-07,145,monthly,444521,774569,438609,366242,257151,2019-07-01
Guildford,http://landregistry.data.gov.uk/id/region/guildford,E07000209,2019-08,186,monthly,447345,780516,441559,368870,258002,2019-08-01
Guildford,http://landregistry.data.gov.uk/id/region/guildford,E07000209,2019-09,161,monthly,450686,787258,443884,372168,260036,2019-09-01
Guildford,http://landregistry.data.gov.uk/id/region/guildford,E07000209,2019-10,165,monthly,444098,776498,438008,366194,255629,2019-10-01
Guildford,http://landregistry.data.gov.uk/id/region/guildford,E07000209,2019-11,184,monthly,446246,781776,440557,366709,256420,2019-11-01
Guildford,http://landregistry.data.gov.uk/id/region/guildford,E07000209,2019-12,144,monthly,445400,781285,440487,365474,255084,2019-12-01
Guildford,http://landregistry.data.gov.uk/id/region/guildford,E07000209,2020-01,139,monthly,448661,786833,443803,368751,256651,2020-01-01
Guildford,http://landregistry.data.gov.uk/id/region/guildford,E07000209,2020-02,132,monthly,447296,784347,442137,368311,255790,2020-02-01
Guildford,http://landregistry.data.gov.uk/id/region/guildford,E07000209,2020-03,123,monthly,446550,782891,441451,367490,255522,2020-03-01
Guildford,http://landregistry.data.gov.uk/id/region/guildford,E07000209,2020-04,60,monthly,456453,805394,450646,375560,259164,2020-04-01
Guildford,http://landregistry.data.gov.uk/id/region/guildford,E07000209,2020-05,61,monthly,454859,803015,449355,373435,258249,2020-05-01
Guildford,http://landregistry.data.gov.uk/id/region/guildford,E07000209,2020-06,110,monthly,447682,789308,443042,368560,253408,2020-06-01
Guildford,http://landregistry.data.gov.uk/id/region/guildford,E07000209,2020-07,133,monthly,436641,765555,432570,359881,248677,2020-07-01
Guildford,http://landregistry.data.gov.uk/id/region/guildford,E07000209,2020-08,134,monthly,444970,781693,441087,367703,251856,2020-08-01
Guildford,http://landregistry.data.gov.uk/id/region/guildford,E07000209,2020-09,156,monthly,457868,807770,453424,377804,258141,2020-09-01
Guildford,http://landregistry.data.gov.uk/id/region/guildford,E07000209,2020-10,184,monthly,461385,815953,457089,380999,258781,2020-10-01
Guildford,http://landregistry.data.gov.uk/id/region/guildford,E07000209,2020-11,200,monthly,466186,824624,461321,385365,261630,2020-11-01
Guildford,http://landregistry.data.gov.uk/id/region/guildford,E07000209,2020-12,218,monthly,469114,829638,464137,388587,262977,2020-12-01
Guildford,http://landregistry.data.gov.uk/id/region/guildford,E07000209,2021-01,204,monthly,474793,836416,469593,393705,267740,2021-01-01
Guildford,http://landregistry.data.gov.uk/id/region/guildford,E07000209,2021-02,215,monthly,471736,825662,466663,392250,268093,2021-02-01
Guildford,http://landregistry.data.gov.uk/id/region/guildford,E07000209,2021-03,454,monthly,465342,809210,460174,387705,266989,2021-03-01
Guildford,http://landregistry.data.gov.uk/id/region/guildford,E07000209,2021-04,204,monthly,461027,802205,455622,384275,264353,2021-04-01
Guildford,http://landregistry.data.gov.uk/id/region/guildford,E07000209,2021-05,159,monthly,456848,796858,451344,380257,261278,2021-05-01
Guildford,http://landregistry.data.gov.uk/id/region/guildford,E07000209,2021-06,521,monthly,466391,812976,460351,389333,266669,2021-06-01
Guildford,http://landregistry.data.gov.uk/id/region/guildford,E07000209,2021-07,80,monthly,459424,804935,453217,382083,261433,2021-07-01
Guildford,http://landregistry.data.gov.uk/id/region/guildford,E07000209,2021-08,179,monthly,464773,818839,458896,385018,262427,2021-08-01
Guildford,http://landregistry.data.gov.uk/id/region/guildford,E07000209,2021-09,349,monthly,469366,831080,464022,386989,263172,2021-09-01
Guildford,http://landregistry.data.gov.uk/id/region/guildford,E07000209,2021-10,123,monthly,488050,867249,482785,401104,272454,2021-10-01
Guildford,http://landregistry.data.gov.uk/id/region/guildford,E07000209,2021-11,178,monthly,489808,871272,484609,402324,272985,2021-11-01
Guildford,http://landregistry.data.gov.uk/id/region/guildford,E07000209,2021-12,182,monthly,484989,865587,480050,397495,268973,2021-12-01
Guildford,http://landregistry.data.gov.uk/id/region/guildford,E07000209,2022-01,168,monthly,481327,856611,477659,395791,266364,2022-01-01
Guildford,http://landregistry.data.gov.uk/id/region/guildford,E07000209,2022-02,165,monthly,488194,867479,484896,401636,270614,2022-02-01
Guildford,http://landregistry.data.gov.uk/id/region/guildford,E07000209,2022-03,201,monthly,490475,872760,487825,402902,271006,2022-03-01
Guildford,http://landregistry.data.gov.uk/id/region/guildford,E07000209,2022-04,176,monthly,495300,880345,492143,408177,273856,2022-04-01
Guildford,http://landregistry.data.gov.uk/id/region/guildford,E07000209,2022-05,146,monthly,497745,884323,495015,411354,273963,2022-05-01
Guildford,http://landregistry.data.gov.uk/id/region/guildford,E07000209,2022-06,163,monthly,498743,884652,495901,413205,274796,2022-06-01
Guildford,http://landregistry.data.gov.uk/id/region/guildford,E07000209,2022-07,233,monthly,510890,905780,509076,423612,280196,2022-07-01
Guildford,http://landregistry.data.gov.uk/id/region/guildford,E07000209,2022-08,252,monthly,517784,916965,516472,430540,283082,2022-08-01
Guildford,http://landregistry.data.gov.uk/id/region/guildford,E07000209,2022-09,227,monthly,528091,935884,527369,439854,286905,2022-09-01
Guildford,http://landregistry.data.gov.uk/id/region/guildford,E07000209,2022-10,178,monthly,520706,923336,520118,433494,282541,2022-10-01
Guildford,http://landregistry.data.gov.uk/id/region/guildford,E07000209,2022-11,215,monthly,522108,927528,521588,433782,282754,2022-11-01
Guildford,http://landregistry.data.gov.uk/id/region/guildford,E07000209,2022-12,153,monthly,516068,915510,516037,428753,279825,2022-12-01
Guildford,http://landregistry.data.gov.uk/id/region/guildford,E07000209,2023-01,114,monthly,513299,910982,513085,426094,278565,2023-01-01
Guildford,http://landregistry.data.gov.uk/id/region/guildford,E07000209,2023-02,109,monthly,504026,894709,503522,417762,274249,2023-02-01
Guildford,http://landregistry.data.gov.uk/id/region/guildford,E07000209,2023-03,111,monthly,507397,904234,506520,418400,275884,2023-03-01
Guildford,http://landregistry.data.gov.uk/id/region/guildford,E07000209,2023-04,114,monthly,511374,911580,510047,420996,278662,2023-04-01
Guildford,http://landregistry.data.gov.uk/id/region/guildford,E07000209,2023-05,108,monthly,520755,926821,519180,428552,284728,2023-05-01
Guildford,http://landregistry.data.gov.uk/id/region/guildford,E07000209,2023-06,104,monthly,524398,932605,522124,432956,286841,2023-06-01
Guildford,http://landregistry.data.gov.uk/id/region/guildford,E07000209,2023-07,143,monthly,527675,937259,526525,436832,287606,2023-07-01
Guildford,http://landregistry.data.gov.uk/id/region/guildford,E07000209,2023-08,178,monthly,517578,921572,517254,429327,279962,2023-08-01
Guildford,http://landregistry.data.gov.uk/id/region/guildford,E07000209,2023-09,130,monthly,516079,918984,516807,428544,278011,2023-09-01
Guildford,http://landregistry.data.gov.uk/id/region/guildford,E07000209,2023-10,108,monthly,511603,910547,512809,424253,275729,2023-10-01
Guildford,http://landregistry.data.gov.uk/id/region/guildford,E07000209,2023-11,133,monthly,509922,906908,511132,421829,275661,2023-11-01
Guildford,http://landregistry.data.gov.uk/id/region/guildford,E07000209,2023-12,116,monthly,499920,885902,502026,413018,271257,2023-12-01
Guildford,http://landregistry.data.gov.uk/id/region/guildford,E07000209,2024-01,78,monthly,493610,874301,495608,408508,267716,2024-01-01
Guildford,http://landregistry.data.gov.uk/id/region/guildford,E07000209,2024-02,36,monthly,487183,860412,490223,403780,264150,2024-02-01
Guildford,http://landregistry.data.gov.uk/id/region/guildford,E07000209,2024-03,,monthly,482483,851202,484894,399210,262809,2024-03-01
Guildford,http://landregistry.data.gov.uk/id/region/guildford,E07000209,2024-04,,monthly,475536,835362,478749,392718,260407,2024-04-01
