"Name","URI","Region GSS code","Period","Sales volume","Reporting period","Average price All property types","Average price Detached houses","Average price Semi-detached houses","Average price Terraced houses","Average price Flats and maisonettes","Pivotable date"
Hammersmith and Fulham,http://landregistry.data.gov.uk/id/region/hammersmith-and-fulham,E09000013,2004-01,306,monthly,328761,507176,498559,413817,303649,2004-01-01
Hammersmith and Fulham,http://landregistry.data.gov.uk/id/region/hammersmith-and-fulham,E09000013,2004-02,276,monthly,327738,502499,498891,413034,302416,2004-02-01
Hammersmith and Fulham,http://landregistry.data.gov.uk/id/region/hammersmith-and-fulham,E09000013,2004-03,336,monthly,331533,509222,505049,418402,305589,2004-03-01
Hammersmith and Fulham,http://landregistry.data.gov.uk/id/region/hammersmith-and-fulham,E09000013,2004-04,359,monthly,340684,517735,518078,431161,313573,2004-04-01
Hammersmith and Fulham,http://landregistry.data.gov.uk/id/region/hammersmith-and-fulham,E09000013,2004-05,317,monthly,347520,522900,523412,439694,320064,2004-05-01
Hammersmith and Fulham,http://landregistry.data.gov.uk/id/region/hammersmith-and-fulham,E09000013,2004-06,345,monthly,349700,522431,526261,442360,322134,2004-06-01
Hammersmith and Fulham,http://landregistry.data.gov.uk/id/region/hammersmith-and-fulham,E09000013,2004-07,408,monthly,355963,532887,537145,450880,327620,2004-07-01
Hammersmith and Fulham,http://landregistry.data.gov.uk/id/region/hammersmith-and-fulham,E09000013,2004-08,337,monthly,358497,539532,545167,454948,329484,2004-08-01
Hammersmith and Fulham,http://landregistry.data.gov.uk/id/region/hammersmith-and-fulham,E09000013,2004-09,299,monthly,357918,541520,546569,455014,328554,2004-09-01
Hammersmith and Fulham,http://landregistry.data.gov.uk/id/region/hammersmith-and-fulham,E09000013,2004-10,253,monthly,348945,526263,529719,441604,321219,2004-10-01
Hammersmith and Fulham,http://landregistry.data.gov.uk/id/region/hammersmith-and-fulham,E09000013,2004-11,225,monthly,338637,509048,511837,427409,312264,2004-11-01
Hammersmith and Fulham,http://landregistry.data.gov.uk/id/region/hammersmith-and-fulham,E09000013,2004-12,231,monthly,334676,498001,502246,420992,309306,2004-12-01
Hammersmith and Fulham,http://landregistry.data.gov.uk/id/region/hammersmith-and-fulham,E09000013,2005-01,196,monthly,336816,499862,506239,425447,310549,2005-01-01
Hammersmith and Fulham,http://landregistry.data.gov.uk/id/region/hammersmith-and-fulham,E09000013,2005-02,160,monthly,346280,515822,524785,439086,318479,2005-02-01
Hammersmith and Fulham,http://landregistry.data.gov.uk/id/region/hammersmith-and-fulham,E09000013,2005-03,214,monthly,349363,519626,531900,444423,320682,2005-03-01
Hammersmith and Fulham,http://landregistry.data.gov.uk/id/region/hammersmith-and-fulham,E09000013,2005-04,263,monthly,362157,538140,552132,460842,332348,2005-04-01
Hammersmith and Fulham,http://landregistry.data.gov.uk/id/region/hammersmith-and-fulham,E09000013,2005-05,260,monthly,360542,532077,545650,457973,331325,2005-05-01
Hammersmith and Fulham,http://landregistry.data.gov.uk/id/region/hammersmith-and-fulham,E09000013,2005-06,282,monthly,369193,546489,558695,470218,338730,2005-06-01
Hammersmith and Fulham,http://landregistry.data.gov.uk/id/region/hammersmith-and-fulham,E09000013,2005-07,337,monthly,369952,550822,560937,471689,339173,2005-07-01
Hammersmith and Fulham,http://landregistry.data.gov.uk/id/region/hammersmith-and-fulham,E09000013,2005-08,329,monthly,379162,568726,576104,484439,347141,2005-08-01
Hammersmith and Fulham,http://landregistry.data.gov.uk/id/region/hammersmith-and-fulham,E09000013,2005-09,316,monthly,374904,568048,571587,479234,343078,2005-09-01
Hammersmith and Fulham,http://landregistry.data.gov.uk/id/region/hammersmith-and-fulham,E09000013,2005-10,274,monthly,368196,556701,559801,469991,337267,2005-10-01
Hammersmith and Fulham,http://landregistry.data.gov.uk/id/region/hammersmith-and-fulham,E09000013,2005-11,269,monthly,367354,554704,558132,468763,336572,2005-11-01
Hammersmith and Fulham,http://landregistry.data.gov.uk/id/region/hammersmith-and-fulham,E09000013,2005-12,289,monthly,366988,548335,554026,467034,336882,2005-12-01
Hammersmith and Fulham,http://landregistry.data.gov.uk/id/region/hammersmith-and-fulham,E09000013,2006-01,266,monthly,374797,562069,567094,478683,343284,2006-01-01
Hammersmith and Fulham,http://landregistry.data.gov.uk/id/region/hammersmith-and-fulham,E09000013,2006-02,240,monthly,367483,548819,555507,470126,336262,2006-02-01
Hammersmith and Fulham,http://landregistry.data.gov.uk/id/region/hammersmith-and-fulham,E09000013,2006-03,326,monthly,378032,569226,574703,485452,345037,2006-03-01
Hammersmith and Fulham,http://landregistry.data.gov.uk/id/region/hammersmith-and-fulham,E09000013,2006-04,341,monthly,381058,571215,577199,489694,347689,2006-04-01
Hammersmith and Fulham,http://landregistry.data.gov.uk/id/region/hammersmith-and-fulham,E09000013,2006-05,336,monthly,394582,591154,597992,507239,359953,2006-05-01
Hammersmith and Fulham,http://landregistry.data.gov.uk/id/region/hammersmith-and-fulham,E09000013,2006-06,416,monthly,401934,598557,609709,516861,366583,2006-06-01
Hammersmith and Fulham,http://landregistry.data.gov.uk/id/region/hammersmith-and-fulham,E09000013,2006-07,413,monthly,409231,609173,622901,528218,372356,2006-07-01
Hammersmith and Fulham,http://landregistry.data.gov.uk/id/region/hammersmith-and-fulham,E09000013,2006-08,407,monthly,414495,617913,630762,536867,376346,2006-08-01
Hammersmith and Fulham,http://landregistry.data.gov.uk/id/region/hammersmith-and-fulham,E09000013,2006-09,328,monthly,417455,624719,635013,542242,378370,2006-09-01
Hammersmith and Fulham,http://landregistry.data.gov.uk/id/region/hammersmith-and-fulham,E09000013,2006-10,323,monthly,417621,625880,634399,540581,379336,2006-10-01
Hammersmith and Fulham,http://landregistry.data.gov.uk/id/region/hammersmith-and-fulham,E09000013,2006-11,347,monthly,412029,618087,626762,532765,374486,2006-11-01
Hammersmith and Fulham,http://landregistry.data.gov.uk/id/region/hammersmith-and-fulham,E09000013,2006-12,362,monthly,402320,601653,612764,519921,365777,2006-12-01
Hammersmith and Fulham,http://landregistry.data.gov.uk/id/region/hammersmith-and-fulham,E09000013,2007-01,284,monthly,407093,610541,621721,526793,369779,2007-01-01
Hammersmith and Fulham,http://landregistry.data.gov.uk/id/region/hammersmith-and-fulham,E09000013,2007-02,295,monthly,422518,634159,646366,545147,384306,2007-02-01
Hammersmith and Fulham,http://landregistry.data.gov.uk/id/region/hammersmith-and-fulham,E09000013,2007-03,362,monthly,443098,669944,679629,572718,402620,2007-03-01
Hammersmith and Fulham,http://landregistry.data.gov.uk/id/region/hammersmith-and-fulham,E09000013,2007-04,307,monthly,454434,683287,696817,589526,412201,2007-04-01
Hammersmith and Fulham,http://landregistry.data.gov.uk/id/region/hammersmith-and-fulham,E09000013,2007-05,347,monthly,460662,688104,704795,599136,417376,2007-05-01
Hammersmith and Fulham,http://landregistry.data.gov.uk/id/region/hammersmith-and-fulham,E09000013,2007-06,397,monthly,470556,699654,719247,611682,426481,2007-06-01
Hammersmith and Fulham,http://landregistry.data.gov.uk/id/region/hammersmith-and-fulham,E09000013,2007-07,391,monthly,485738,726947,743981,632410,439846,2007-07-01
Hammersmith and Fulham,http://landregistry.data.gov.uk/id/region/hammersmith-and-fulham,E09000013,2007-08,386,monthly,502895,758877,772460,657788,454257,2007-08-01
Hammersmith and Fulham,http://landregistry.data.gov.uk/id/region/hammersmith-and-fulham,E09000013,2007-09,296,monthly,512596,776971,789447,671110,462735,2007-09-01
Hammersmith and Fulham,http://landregistry.data.gov.uk/id/region/hammersmith-and-fulham,E09000013,2007-10,270,monthly,519192,787057,796917,676927,469722,2007-10-01
Hammersmith and Fulham,http://landregistry.data.gov.uk/id/region/hammersmith-and-fulham,E09000013,2007-11,259,monthly,510196,774090,783776,662592,462454,2007-11-01
Hammersmith and Fulham,http://landregistry.data.gov.uk/id/region/hammersmith-and-fulham,E09000013,2007-12,182,monthly,500711,755125,764995,648279,454673,2007-12-01
Hammersmith and Fulham,http://landregistry.data.gov.uk/id/region/hammersmith-and-fulham,E09000013,2008-01,187,monthly,487907,740597,747403,631825,442934,2008-01-01
Hammersmith and Fulham,http://landregistry.data.gov.uk/id/region/hammersmith-and-fulham,E09000013,2008-02,177,monthly,494452,756348,759284,640717,448659,2008-02-01
Hammersmith and Fulham,http://landregistry.data.gov.uk/id/region/hammersmith-and-fulham,E09000013,2008-03,160,monthly,500204,774806,771623,650422,452987,2008-03-01
Hammersmith and Fulham,http://landregistry.data.gov.uk/id/region/hammersmith-and-fulham,E09000013,2008-04,182,monthly,486032,758589,752245,634435,439261,2008-04-01
Hammersmith and Fulham,http://landregistry.data.gov.uk/id/region/hammersmith-and-fulham,E09000013,2008-05,142,monthly,484647,754036,752231,635135,437136,2008-05-01
Hammersmith and Fulham,http://landregistry.data.gov.uk/id/region/hammersmith-and-fulham,E09000013,2008-06,116,monthly,478043,738667,743457,627671,430769,2008-06-01
Hammersmith and Fulham,http://landregistry.data.gov.uk/id/region/hammersmith-and-fulham,E09000013,2008-07,153,monthly,485893,745400,759039,638545,437590,2008-07-01
Hammersmith and Fulham,http://landregistry.data.gov.uk/id/region/hammersmith-and-fulham,E09000013,2008-08,138,monthly,487355,745672,761805,640143,439008,2008-08-01
Hammersmith and Fulham,http://landregistry.data.gov.uk/id/region/hammersmith-and-fulham,E09000013,2008-09,97,monthly,474370,731968,739560,622213,427625,2008-09-01
Hammersmith and Fulham,http://landregistry.data.gov.uk/id/region/hammersmith-and-fulham,E09000013,2008-10,115,monthly,456204,704284,705664,595948,412195,2008-10-01
Hammersmith and Fulham,http://landregistry.data.gov.uk/id/region/hammersmith-and-fulham,E09000013,2008-11,81,monthly,427747,661586,660591,557939,386780,2008-11-01
Hammersmith and Fulham,http://landregistry.data.gov.uk/id/region/hammersmith-and-fulham,E09000013,2008-12,78,monthly,436520,670960,675673,570151,394436,2008-12-01
Hammersmith and Fulham,http://landregistry.data.gov.uk/id/region/hammersmith-and-fulham,E09000013,2009-01,71,monthly,437667,672662,678550,571198,395592,2009-01-01
Hammersmith and Fulham,http://landregistry.data.gov.uk/id/region/hammersmith-and-fulham,E09000013,2009-02,63,monthly,431609,660047,667633,562642,390367,2009-02-01
Hammersmith and Fulham,http://landregistry.data.gov.uk/id/region/hammersmith-and-fulham,E09000013,2009-03,90,monthly,408519,620778,629758,531336,369917,2009-03-01
Hammersmith and Fulham,http://landregistry.data.gov.uk/id/region/hammersmith-and-fulham,E09000013,2009-04,87,monthly,413985,624267,637430,539602,374415,2009-04-01
Hammersmith and Fulham,http://landregistry.data.gov.uk/id/region/hammersmith-and-fulham,E09000013,2009-05,129,monthly,412346,619860,634380,539622,372012,2009-05-01
Hammersmith and Fulham,http://landregistry.data.gov.uk/id/region/hammersmith-and-fulham,E09000013,2009-06,156,monthly,413659,622189,637271,543542,372185,2009-06-01
Hammersmith and Fulham,http://landregistry.data.gov.uk/id/region/hammersmith-and-fulham,E09000013,2009-07,209,monthly,420388,631860,650300,556298,376417,2009-07-01
Hammersmith and Fulham,http://landregistry.data.gov.uk/id/region/hammersmith-and-fulham,E09000013,2009-08,230,monthly,441605,668972,688347,586894,394070,2009-08-01
Hammersmith and Fulham,http://landregistry.data.gov.uk/id/region/hammersmith-and-fulham,E09000013,2009-09,243,monthly,459258,696160,718085,611996,409014,2009-09-01
Hammersmith and Fulham,http://landregistry.data.gov.uk/id/region/hammersmith-and-fulham,E09000013,2009-10,196,monthly,459307,699023,721899,612701,408611,2009-10-01
Hammersmith and Fulham,http://landregistry.data.gov.uk/id/region/hammersmith-and-fulham,E09000013,2009-11,205,monthly,459311,699359,718833,613439,408424,2009-11-01
Hammersmith and Fulham,http://landregistry.data.gov.uk/id/region/hammersmith-and-fulham,E09000013,2009-12,239,monthly,467825,713016,734195,625467,415624,2009-12-01
Hammersmith and Fulham,http://landregistry.data.gov.uk/id/region/hammersmith-and-fulham,E09000013,2010-01,184,monthly,484953,739669,761254,651490,429508,2010-01-01
Hammersmith and Fulham,http://landregistry.data.gov.uk/id/region/hammersmith-and-fulham,E09000013,2010-02,153,monthly,490933,755352,778627,662180,433395,2010-02-01
Hammersmith and Fulham,http://landregistry.data.gov.uk/id/region/hammersmith-and-fulham,E09000013,2010-03,203,monthly,486871,752338,773363,657772,429273,2010-03-01
Hammersmith and Fulham,http://landregistry.data.gov.uk/id/region/hammersmith-and-fulham,E09000013,2010-04,203,monthly,488087,755648,774958,658094,430902,2010-04-01
Hammersmith and Fulham,http://landregistry.data.gov.uk/id/region/hammersmith-and-fulham,E09000013,2010-05,197,monthly,493877,766046,779008,664357,436786,2010-05-01
Hammersmith and Fulham,http://landregistry.data.gov.uk/id/region/hammersmith-and-fulham,E09000013,2010-06,242,monthly,507768,788213,801896,684581,448398,2010-06-01
Hammersmith and Fulham,http://landregistry.data.gov.uk/id/region/hammersmith-and-fulham,E09000013,2010-07,278,monthly,516558,810621,818801,700532,454352,2010-07-01
Hammersmith and Fulham,http://landregistry.data.gov.uk/id/region/hammersmith-and-fulham,E09000013,2010-08,227,monthly,527536,827327,838668,718040,462855,2010-08-01
Hammersmith and Fulham,http://landregistry.data.gov.uk/id/region/hammersmith-and-fulham,E09000013,2010-09,235,monthly,529332,835517,844835,722774,463379,2010-09-01
Hammersmith and Fulham,http://landregistry.data.gov.uk/id/region/hammersmith-and-fulham,E09000013,2010-10,193,monthly,516386,811606,823824,703434,452750,2010-10-01
Hammersmith and Fulham,http://landregistry.data.gov.uk/id/region/hammersmith-and-fulham,E09000013,2010-11,183,monthly,498875,787612,795353,677722,438170,2010-11-01
Hammersmith and Fulham,http://landregistry.data.gov.uk/id/region/hammersmith-and-fulham,E09000013,2010-12,191,monthly,485906,766760,775784,659383,427050,2010-12-01
Hammersmith and Fulham,http://landregistry.data.gov.uk/id/region/hammersmith-and-fulham,E09000013,2011-01,181,monthly,485394,768245,780983,660331,425764,2011-01-01
Hammersmith and Fulham,http://landregistry.data.gov.uk/id/region/hammersmith-and-fulham,E09000013,2011-02,181,monthly,489560,775789,794488,667123,428700,2011-02-01
Hammersmith and Fulham,http://landregistry.data.gov.uk/id/region/hammersmith-and-fulham,E09000013,2011-03,233,monthly,501662,802202,817711,684988,438604,2011-03-01
Hammersmith and Fulham,http://landregistry.data.gov.uk/id/region/hammersmith-and-fulham,E09000013,2011-04,234,monthly,517488,830316,841338,705516,452898,2011-04-01
Hammersmith and Fulham,http://landregistry.data.gov.uk/id/region/hammersmith-and-fulham,E09000013,2011-05,204,monthly,529410,843776,848510,718575,464968,2011-05-01
Hammersmith and Fulham,http://landregistry.data.gov.uk/id/region/hammersmith-and-fulham,E09000013,2011-06,209,monthly,531488,839043,844253,718797,468052,2011-06-01
Hammersmith and Fulham,http://landregistry.data.gov.uk/id/region/hammersmith-and-fulham,E09000013,2011-07,247,monthly,521991,816979,825044,705687,459955,2011-07-01
Hammersmith and Fulham,http://landregistry.data.gov.uk/id/region/hammersmith-and-fulham,E09000013,2011-08,266,monthly,520571,821255,834436,709677,456061,2011-08-01
Hammersmith and Fulham,http://landregistry.data.gov.uk/id/region/hammersmith-and-fulham,E09000013,2011-09,233,monthly,525124,833837,849448,720054,458217,2011-09-01
Hammersmith and Fulham,http://landregistry.data.gov.uk/id/region/hammersmith-and-fulham,E09000013,2011-10,244,monthly,534270,857329,869686,733445,465662,2011-10-01
Hammersmith and Fulham,http://landregistry.data.gov.uk/id/region/hammersmith-and-fulham,E09000013,2011-11,253,monthly,538787,859508,875477,736671,470792,2011-11-01
Hammersmith and Fulham,http://landregistry.data.gov.uk/id/region/hammersmith-and-fulham,E09000013,2011-12,206,monthly,527140,839367,848911,716898,462301,2011-12-01
Hammersmith and Fulham,http://landregistry.data.gov.uk/id/region/hammersmith-and-fulham,E09000013,2012-01,185,monthly,509472,808149,819167,693949,446460,2012-01-01
Hammersmith and Fulham,http://landregistry.data.gov.uk/id/region/hammersmith-and-fulham,E09000013,2012-02,155,monthly,518105,825676,838757,709291,452560,2012-02-01
Hammersmith and Fulham,http://landregistry.data.gov.uk/id/region/hammersmith-and-fulham,E09000013,2012-03,225,monthly,530217,841714,863035,726366,462626,2012-03-01
Hammersmith and Fulham,http://landregistry.data.gov.uk/id/region/hammersmith-and-fulham,E09000013,2012-04,232,monthly,554482,878035,898752,757722,484464,2012-04-01
Hammersmith and Fulham,http://landregistry.data.gov.uk/id/region/hammersmith-and-fulham,E09000013,2012-05,209,monthly,552495,871311,885626,752501,483712,2012-05-01
Hammersmith and Fulham,http://landregistry.data.gov.uk/id/region/hammersmith-and-fulham,E09000013,2012-06,220,monthly,568853,896818,907882,778728,496888,2012-06-01
Hammersmith and Fulham,http://landregistry.data.gov.uk/id/region/hammersmith-and-fulham,E09000013,2012-07,265,monthly,580568,913462,928561,797539,506231,2012-07-01
Hammersmith and Fulham,http://landregistry.data.gov.uk/id/region/hammersmith-and-fulham,E09000013,2012-08,258,monthly,592532,935359,950439,818897,515080,2012-08-01
Hammersmith and Fulham,http://landregistry.data.gov.uk/id/region/hammersmith-and-fulham,E09000013,2012-09,222,monthly,588824,932710,947843,813789,511773,2012-09-01
Hammersmith and Fulham,http://landregistry.data.gov.uk/id/region/hammersmith-and-fulham,E09000013,2012-10,213,monthly,603876,958861,971221,833378,525236,2012-10-01
Hammersmith and Fulham,http://landregistry.data.gov.uk/id/region/hammersmith-and-fulham,E09000013,2012-11,216,monthly,594073,943570,956100,818629,517068,2012-11-01
Hammersmith and Fulham,http://landregistry.data.gov.uk/id/region/hammersmith-and-fulham,E09000013,2012-12,196,monthly,611487,975143,983960,843118,532062,2012-12-01
Hammersmith and Fulham,http://landregistry.data.gov.uk/id/region/hammersmith-and-fulham,E09000013,2013-01,213,monthly,601380,960927,976981,831319,522425,2013-01-01
Hammersmith and Fulham,http://landregistry.data.gov.uk/id/region/hammersmith-and-fulham,E09000013,2013-02,166,monthly,618330,991708,1008178,854439,537154,2013-02-01
Hammersmith and Fulham,http://landregistry.data.gov.uk/id/region/hammersmith-and-fulham,E09000013,2013-03,202,monthly,616967,989774,1006122,850832,536480,2013-03-01
Hammersmith and Fulham,http://landregistry.data.gov.uk/id/region/hammersmith-and-fulham,E09000013,2013-04,221,monthly,610841,980692,987891,842438,531285,2013-04-01
Hammersmith and Fulham,http://landregistry.data.gov.uk/id/region/hammersmith-and-fulham,E09000013,2013-05,225,monthly,619405,989889,998989,853644,538986,2013-05-01
Hammersmith and Fulham,http://landregistry.data.gov.uk/id/region/hammersmith-and-fulham,E09000013,2013-06,251,monthly,608411,969143,981644,840642,528774,2013-06-01
Hammersmith and Fulham,http://landregistry.data.gov.uk/id/region/hammersmith-and-fulham,E09000013,2013-07,342,monthly,626507,993131,1011989,867443,543961,2013-07-01
Hammersmith and Fulham,http://landregistry.data.gov.uk/id/region/hammersmith-and-fulham,E09000013,2013-08,306,monthly,625932,996124,1010880,869598,542561,2013-08-01
Hammersmith and Fulham,http://landregistry.data.gov.uk/id/region/hammersmith-and-fulham,E09000013,2013-09,306,monthly,656485,1050303,1062409,911762,569065,2013-09-01
Hammersmith and Fulham,http://landregistry.data.gov.uk/id/region/hammersmith-and-fulham,E09000013,2013-10,258,monthly,663808,1069872,1070611,919021,576324,2013-10-01
Hammersmith and Fulham,http://landregistry.data.gov.uk/id/region/hammersmith-and-fulham,E09000013,2013-11,254,monthly,663613,1067506,1067060,915930,577072,2013-11-01
Hammersmith and Fulham,http://landregistry.data.gov.uk/id/region/hammersmith-and-fulham,E09000013,2013-12,269,monthly,666670,1067016,1065625,916702,580919,2013-12-01
Hammersmith and Fulham,http://landregistry.data.gov.uk/id/region/hammersmith-and-fulham,E09000013,2014-01,289,monthly,666572,1069166,1069803,916306,580822,2014-01-01
Hammersmith and Fulham,http://landregistry.data.gov.uk/id/region/hammersmith-and-fulham,E09000013,2014-02,207,monthly,682454,1101023,1098137,936284,594983,2014-02-01
Hammersmith and Fulham,http://landregistry.data.gov.uk/id/region/hammersmith-and-fulham,E09000013,2014-03,186,monthly,681088,1103278,1098939,935478,593277,2014-03-01
Hammersmith and Fulham,http://landregistry.data.gov.uk/id/region/hammersmith-and-fulham,E09000013,2014-04,253,monthly,691362,1119227,1116547,950628,601999,2014-04-01
Hammersmith and Fulham,http://landregistry.data.gov.uk/id/region/hammersmith-and-fulham,E09000013,2014-05,240,monthly,696569,1122007,1124007,959328,606234,2014-05-01
Hammersmith and Fulham,http://landregistry.data.gov.uk/id/region/hammersmith-and-fulham,E09000013,2014-06,277,monthly,713339,1147530,1147963,983381,620664,2014-06-01
Hammersmith and Fulham,http://landregistry.data.gov.uk/id/region/hammersmith-and-fulham,E09000013,2014-07,288,monthly,740943,1190908,1189588,1023810,644218,2014-07-01
Hammersmith and Fulham,http://landregistry.data.gov.uk/id/region/hammersmith-and-fulham,E09000013,2014-08,296,monthly,762631,1228718,1225021,1056427,662504,2014-08-01
Hammersmith and Fulham,http://landregistry.data.gov.uk/id/region/hammersmith-and-fulham,E09000013,2014-09,233,monthly,773678,1249490,1247496,1072771,671824,2014-09-01
Hammersmith and Fulham,http://landregistry.data.gov.uk/id/region/hammersmith-and-fulham,E09000013,2014-10,232,monthly,763041,1234301,1229895,1053742,663483,2014-10-01
Hammersmith and Fulham,http://landregistry.data.gov.uk/id/region/hammersmith-and-fulham,E09000013,2014-11,182,monthly,746424,1209008,1203613,1028321,649542,2014-11-01
Hammersmith and Fulham,http://landregistry.data.gov.uk/id/region/hammersmith-and-fulham,E09000013,2014-12,187,monthly,735096,1190627,1181557,1009393,640426,2014-12-01
Hammersmith and Fulham,http://landregistry.data.gov.uk/id/region/hammersmith-and-fulham,E09000013,2015-01,160,monthly,732364,1187118,1179400,1006892,637756,2015-01-01
Hammersmith and Fulham,http://landregistry.data.gov.uk/id/region/hammersmith-and-fulham,E09000013,2015-02,148,monthly,735010,1186361,1180941,1009462,640380,2015-02-01
Hammersmith and Fulham,http://landregistry.data.gov.uk/id/region/hammersmith-and-fulham,E09000013,2015-03,162,monthly,743179,1198279,1191253,1020009,647806,2015-03-01
Hammersmith and Fulham,http://landregistry.data.gov.uk/id/region/hammersmith-and-fulham,E09000013,2015-04,192,monthly,751604,1211718,1204237,1031690,655128,2015-04-01
Hammersmith and Fulham,http://landregistry.data.gov.uk/id/region/hammersmith-and-fulham,E09000013,2015-05,223,monthly,763257,1233918,1220268,1046350,665644,2015-05-01
Hammersmith and Fulham,http://landregistry.data.gov.uk/id/region/hammersmith-and-fulham,E09000013,2015-06,255,monthly,770977,1252660,1241111,1063447,670638,2015-06-01
Hammersmith and Fulham,http://landregistry.data.gov.uk/id/region/hammersmith-and-fulham,E09000013,2015-07,262,monthly,772832,1254911,1242292,1066746,672089,2015-07-01
Hammersmith and Fulham,http://landregistry.data.gov.uk/id/region/hammersmith-and-fulham,E09000013,2015-08,218,monthly,780423,1267899,1256985,1080827,677758,2015-08-01
Hammersmith and Fulham,http://landregistry.data.gov.uk/id/region/hammersmith-and-fulham,E09000013,2015-09,237,monthly,779596,1264263,1254996,1076617,677812,2015-09-01
Hammersmith and Fulham,http://landregistry.data.gov.uk/id/region/hammersmith-and-fulham,E09000013,2015-10,229,monthly,766034,1243910,1234145,1057889,666005,2015-10-01
Hammersmith and Fulham,http://landregistry.data.gov.uk/id/region/hammersmith-and-fulham,E09000013,2015-11,186,monthly,762769,1243415,1232070,1052849,663251,2015-11-01
Hammersmith and Fulham,http://landregistry.data.gov.uk/id/region/hammersmith-and-fulham,E09000013,2015-12,176,monthly,771960,1266611,1243767,1065140,671361,2015-12-01
Hammersmith and Fulham,http://landregistry.data.gov.uk/id/region/hammersmith-and-fulham,E09000013,2016-01,152,monthly,770697,1265207,1243112,1062659,670429,2016-01-01
Hammersmith and Fulham,http://landregistry.data.gov.uk/id/region/hammersmith-and-fulham,E09000013,2016-02,184,monthly,773193,1274595,1251939,1066814,672355,2016-02-01
Hammersmith and Fulham,http://landregistry.data.gov.uk/id/region/hammersmith-and-fulham,E09000013,2016-03,427,monthly,765505,1255867,1244935,1056701,665496,2016-03-01
Hammersmith and Fulham,http://landregistry.data.gov.uk/id/region/hammersmith-and-fulham,E09000013,2016-04,133,monthly,778280,1289208,1257630,1072444,677145,2016-04-01
Hammersmith and Fulham,http://landregistry.data.gov.uk/id/region/hammersmith-and-fulham,E09000013,2016-05,145,monthly,774019,1276130,1235061,1061338,674950,2016-05-01
Hammersmith and Fulham,http://landregistry.data.gov.uk/id/region/hammersmith-and-fulham,E09000013,2016-06,176,monthly,778276,1292775,1231859,1063436,679697,2016-06-01
Hammersmith and Fulham,http://landregistry.data.gov.uk/id/region/hammersmith-and-fulham,E09000013,2016-07,206,monthly,759729,1253768,1204312,1039565,663126,2016-07-01
Hammersmith and Fulham,http://landregistry.data.gov.uk/id/region/hammersmith-and-fulham,E09000013,2016-08,149,monthly,749875,1241513,1192297,1028414,653884,2016-08-01
Hammersmith and Fulham,http://landregistry.data.gov.uk/id/region/hammersmith-and-fulham,E09000013,2016-09,166,monthly,730646,1207724,1161424,1002350,637047,2016-09-01
Hammersmith and Fulham,http://landregistry.data.gov.uk/id/region/hammersmith-and-fulham,E09000013,2016-10,160,monthly,720857,1189325,1145125,983665,629854,2016-10-01
Hammersmith and Fulham,http://landregistry.data.gov.uk/id/region/hammersmith-and-fulham,E09000013,2016-11,147,monthly,723130,1197225,1148039,983860,632574,2016-11-01
Hammersmith and Fulham,http://landregistry.data.gov.uk/id/region/hammersmith-and-fulham,E09000013,2016-12,158,monthly,736963,1224148,1167746,1000376,645279,2016-12-01
Hammersmith and Fulham,http://landregistry.data.gov.uk/id/region/hammersmith-and-fulham,E09000013,2017-01,162,monthly,755421,1260360,1194727,1026504,661182,2017-01-01
Hammersmith and Fulham,http://landregistry.data.gov.uk/id/region/hammersmith-and-fulham,E09000013,2017-02,157,monthly,764387,1269341,1203800,1033864,670087,2017-02-01
Hammersmith and Fulham,http://landregistry.data.gov.uk/id/region/hammersmith-and-fulham,E09000013,2017-03,174,monthly,751021,1247444,1180098,1013638,658813,2017-03-01
Hammersmith and Fulham,http://landregistry.data.gov.uk/id/region/hammersmith-and-fulham,E09000013,2017-04,184,monthly,773941,1288823,1214410,1041886,679483,2017-04-01
Hammersmith and Fulham,http://landregistry.data.gov.uk/id/region/hammersmith-and-fulham,E09000013,2017-05,174,monthly,755143,1257039,1183500,1014467,663435,2017-05-01
Hammersmith and Fulham,http://landregistry.data.gov.uk/id/region/hammersmith-and-fulham,E09000013,2017-06,200,monthly,755917,1252255,1179309,1015146,664269,2017-06-01
Hammersmith and Fulham,http://landregistry.data.gov.uk/id/region/hammersmith-and-fulham,E09000013,2017-07,197,monthly,751824,1234912,1170110,1009276,660794,2017-07-01
Hammersmith and Fulham,http://landregistry.data.gov.uk/id/region/hammersmith-and-fulham,E09000013,2017-08,162,monthly,781175,1282823,1219338,1055448,685159,2017-08-01
Hammersmith and Fulham,http://landregistry.data.gov.uk/id/region/hammersmith-and-fulham,E09000013,2017-09,151,monthly,758911,1246780,1192967,1027968,664987,2017-09-01
Hammersmith and Fulham,http://landregistry.data.gov.uk/id/region/hammersmith-and-fulham,E09000013,2017-10,191,monthly,750648,1241000,1187484,1020354,656913,2017-10-01
Hammersmith and Fulham,http://landregistry.data.gov.uk/id/region/hammersmith-and-fulham,E09000013,2017-11,198,monthly,741539,1231945,1172482,1006076,649330,2017-11-01
Hammersmith and Fulham,http://landregistry.data.gov.uk/id/region/hammersmith-and-fulham,E09000013,2017-12,200,monthly,742878,1234408,1172968,1007267,650651,2017-12-01
Hammersmith and Fulham,http://landregistry.data.gov.uk/id/region/hammersmith-and-fulham,E09000013,2018-01,171,monthly,724501,1199413,1140715,980659,634944,2018-01-01
Hammersmith and Fulham,http://landregistry.data.gov.uk/id/region/hammersmith-and-fulham,E09000013,2018-02,190,monthly,711087,1178890,1121592,962750,623102,2018-02-01
Hammersmith and Fulham,http://landregistry.data.gov.uk/id/region/hammersmith-and-fulham,E09000013,2018-03,230,monthly,728771,1204416,1150799,988938,638143,2018-03-01
Hammersmith and Fulham,http://landregistry.data.gov.uk/id/region/hammersmith-and-fulham,E09000013,2018-04,178,monthly,710090,1180437,1123997,967377,620990,2018-04-01
Hammersmith and Fulham,http://landregistry.data.gov.uk/id/region/hammersmith-and-fulham,E09000013,2018-05,204,monthly,712342,1184643,1134406,977015,621571,2018-05-01
Hammersmith and Fulham,http://landregistry.data.gov.uk/id/region/hammersmith-and-fulham,E09000013,2018-06,171,monthly,712979,1196913,1141726,978270,621933,2018-06-01
Hammersmith and Fulham,http://landregistry.data.gov.uk/id/region/hammersmith-and-fulham,E09000013,2018-07,214,monthly,736864,1246983,1185461,1013711,642151,2018-07-01
Hammersmith and Fulham,http://landregistry.data.gov.uk/id/region/hammersmith-and-fulham,E09000013,2018-08,183,monthly,738219,1254377,1188926,1015325,643351,2018-08-01
Hammersmith and Fulham,http://landregistry.data.gov.uk/id/region/hammersmith-and-fulham,E09000013,2018-09,184,monthly,730652,1238461,1179528,1009534,635829,2018-09-01
Hammersmith and Fulham,http://landregistry.data.gov.uk/id/region/hammersmith-and-fulham,E09000013,2018-10,187,monthly,739552,1250091,1192065,1018493,644251,2018-10-01
Hammersmith and Fulham,http://landregistry.data.gov.uk/id/region/hammersmith-and-fulham,E09000013,2018-11,163,monthly,730542,1243714,1183037,1008265,635885,2018-11-01
Hammersmith and Fulham,http://landregistry.data.gov.uk/id/region/hammersmith-and-fulham,E09000013,2018-12,153,monthly,733107,1255840,1181997,1004707,639561,2018-12-01
Hammersmith and Fulham,http://landregistry.data.gov.uk/id/region/hammersmith-and-fulham,E09000013,2019-01,110,monthly,722045,1237108,1165407,990540,629699,2019-01-01
Hammersmith and Fulham,http://landregistry.data.gov.uk/id/region/hammersmith-and-fulham,E09000013,2019-02,113,monthly,716796,1215428,1150410,978313,626165,2019-02-01
Hammersmith and Fulham,http://landregistry.data.gov.uk/id/region/hammersmith-and-fulham,E09000013,2019-03,129,monthly,716606,1214399,1152430,983356,624942,2019-03-01
Hammersmith and Fulham,http://landregistry.data.gov.uk/id/region/hammersmith-and-fulham,E09000013,2019-04,129,monthly,713944,1210126,1149853,983188,621984,2019-04-01
Hammersmith and Fulham,http://landregistry.data.gov.uk/id/region/hammersmith-and-fulham,E09000013,2019-05,144,monthly,716896,1223171,1158148,994628,623208,2019-05-01
Hammersmith and Fulham,http://landregistry.data.gov.uk/id/region/hammersmith-and-fulham,E09000013,2019-06,131,monthly,711778,1213913,1150590,990225,618274,2019-06-01
Hammersmith and Fulham,http://landregistry.data.gov.uk/id/region/hammersmith-and-fulham,E09000013,2019-07,190,monthly,724849,1231720,1168573,1007269,629866,2019-07-01
Hammersmith and Fulham,http://landregistry.data.gov.uk/id/region/hammersmith-and-fulham,E09000013,2019-08,199,monthly,727956,1236557,1174598,1014868,631986,2019-08-01
Hammersmith and Fulham,http://landregistry.data.gov.uk/id/region/hammersmith-and-fulham,E09000013,2019-09,169,monthly,732634,1240223,1182233,1022733,635813,2019-09-01
Hammersmith and Fulham,http://landregistry.data.gov.uk/id/region/hammersmith-and-fulham,E09000013,2019-10,244,monthly,711960,1201420,1156923,994795,617617,2019-10-01
Hammersmith and Fulham,http://landregistry.data.gov.uk/id/region/hammersmith-and-fulham,E09000013,2019-11,185,monthly,704862,1198580,1150039,983694,611608,2019-11-01
Hammersmith and Fulham,http://landregistry.data.gov.uk/id/region/hammersmith-and-fulham,E09000013,2019-12,164,monthly,713207,1218411,1170029,994448,618929,2019-12-01
Hammersmith and Fulham,http://landregistry.data.gov.uk/id/region/hammersmith-and-fulham,E09000013,2020-01,178,monthly,722760,1235948,1182135,1007666,627278,2020-01-01
Hammersmith and Fulham,http://landregistry.data.gov.uk/id/region/hammersmith-and-fulham,E09000013,2020-02,172,monthly,736873,1253168,1211417,1027050,639172,2020-02-01
Hammersmith and Fulham,http://landregistry.data.gov.uk/id/region/hammersmith-and-fulham,E09000013,2020-03,199,monthly,719974,1219676,1187683,1003410,624386,2020-03-01
Hammersmith and Fulham,http://landregistry.data.gov.uk/id/region/hammersmith-and-fulham,E09000013,2020-04,125,monthly,695343,1184484,1159964,975495,601278,2020-04-01
Hammersmith and Fulham,http://landregistry.data.gov.uk/id/region/hammersmith-and-fulham,E09000013,2020-05,95,monthly,679448,1155592,1131718,949496,588456,2020-05-01
Hammersmith and Fulham,http://landregistry.data.gov.uk/id/region/hammersmith-and-fulham,E09000013,2020-06,103,monthly,721282,1231125,1190857,1010840,624145,2020-06-01
Hammersmith and Fulham,http://landregistry.data.gov.uk/id/region/hammersmith-and-fulham,E09000013,2020-07,160,monthly,757948,1290579,1240733,1059880,656596,2020-07-01
Hammersmith and Fulham,http://landregistry.data.gov.uk/id/region/hammersmith-and-fulham,E09000013,2020-08,152,monthly,766633,1307861,1258374,1079703,662224,2020-08-01
Hammersmith and Fulham,http://landregistry.data.gov.uk/id/region/hammersmith-and-fulham,E09000013,2020-09,196,monthly,745127,1273089,1235658,1054649,642209,2020-09-01
Hammersmith and Fulham,http://landregistry.data.gov.uk/id/region/hammersmith-and-fulham,E09000013,2020-10,181,monthly,724327,1250897,1201142,1031364,622806,2020-10-01
Hammersmith and Fulham,http://landregistry.data.gov.uk/id/region/hammersmith-and-fulham,E09000013,2020-11,170,monthly,739331,1280094,1217552,1053653,635612,2020-11-01
Hammersmith and Fulham,http://landregistry.data.gov.uk/id/region/hammersmith-and-fulham,E09000013,2020-12,199,monthly,714709,1240624,1172793,1019305,614329,2020-12-01
Hammersmith and Fulham,http://landregistry.data.gov.uk/id/region/hammersmith-and-fulham,E09000013,2021-01,196,monthly,724393,1243860,1183998,1027126,624160,2021-01-01
Hammersmith and Fulham,http://landregistry.data.gov.uk/id/region/hammersmith-and-fulham,E09000013,2021-02,207,monthly,711179,1217037,1158115,1001997,614296,2021-02-01
Hammersmith and Fulham,http://landregistry.data.gov.uk/id/region/hammersmith-and-fulham,E09000013,2021-03,415,monthly,733799,1247380,1183968,1025450,635893,2021-03-01
Hammersmith and Fulham,http://landregistry.data.gov.uk/id/region/hammersmith-and-fulham,E09000013,2021-04,229,monthly,752453,1288007,1214267,1049685,652395,2021-04-01
Hammersmith and Fulham,http://landregistry.data.gov.uk/id/region/hammersmith-and-fulham,E09000013,2021-05,185,monthly,754168,1290873,1217460,1052341,653822,2021-05-01
Hammersmith and Fulham,http://landregistry.data.gov.uk/id/region/hammersmith-and-fulham,E09000013,2021-06,650,monthly,746941,1276419,1207196,1047411,646490,2021-06-01
Hammersmith and Fulham,http://landregistry.data.gov.uk/id/region/hammersmith-and-fulham,E09000013,2021-07,57,monthly,795901,1367280,1300246,1118631,688117,2021-07-01
Hammersmith and Fulham,http://landregistry.data.gov.uk/id/region/hammersmith-and-fulham,E09000013,2021-08,124,monthly,833918,1462349,1386437,1181656,718608,2021-08-01
Hammersmith and Fulham,http://landregistry.data.gov.uk/id/region/hammersmith-and-fulham,E09000013,2021-09,273,monthly,846406,1503079,1420701,1201721,728627,2021-09-01
Hammersmith and Fulham,http://landregistry.data.gov.uk/id/region/hammersmith-and-fulham,E09000013,2021-10,106,monthly,784000,1417459,1326560,1118093,673659,2021-10-01
Hammersmith and Fulham,http://landregistry.data.gov.uk/id/region/hammersmith-and-fulham,E09000013,2021-11,222,monthly,749791,1355324,1266498,1066712,644812,2021-11-01
Hammersmith and Fulham,http://landregistry.data.gov.uk/id/region/hammersmith-and-fulham,E09000013,2021-12,182,monthly,738950,1345520,1252071,1054921,634674,2021-12-01
Hammersmith and Fulham,http://landregistry.data.gov.uk/id/region/hammersmith-and-fulham,E09000013,2022-01,157,monthly,749567,1361289,1272587,1073893,643014,2022-01-01
Hammersmith and Fulham,http://landregistry.data.gov.uk/id/region/hammersmith-and-fulham,E09000013,2022-02,173,monthly,758210,1373813,1284222,1086044,650911,2022-02-01
Hammersmith and Fulham,http://landregistry.data.gov.uk/id/region/hammersmith-and-fulham,E09000013,2022-03,213,monthly,753408,1374170,1286330,1078940,646717,2022-03-01
Hammersmith and Fulham,http://landregistry.data.gov.uk/id/region/hammersmith-and-fulham,E09000013,2022-04,187,monthly,756418,1379012,1290725,1083709,649177,2022-04-01
Hammersmith and Fulham,http://landregistry.data.gov.uk/id/region/hammersmith-and-fulham,E09000013,2022-05,194,monthly,759706,1389572,1304378,1094192,650074,2022-05-01
Hammersmith and Fulham,http://landregistry.data.gov.uk/id/region/hammersmith-and-fulham,E09000013,2022-06,183,monthly,786039,1429991,1346296,1133096,672389,2022-06-01
Hammersmith and Fulham,http://landregistry.data.gov.uk/id/region/hammersmith-and-fulham,E09000013,2022-07,216,monthly,794833,1438907,1360757,1150710,678450,2022-07-01
Hammersmith and Fulham,http://landregistry.data.gov.uk/id/region/hammersmith-and-fulham,E09000013,2022-08,229,monthly,814346,1466527,1390867,1183663,693779,2022-08-01
Hammersmith and Fulham,http://landregistry.data.gov.uk/id/region/hammersmith-and-fulham,E09000013,2022-09,186,monthly,808025,1461134,1385810,1181510,686166,2022-09-01
Hammersmith and Fulham,http://landregistry.data.gov.uk/id/region/hammersmith-and-fulham,E09000013,2022-10,176,monthly,791348,1438512,1359394,1157089,671957,2022-10-01
Hammersmith and Fulham,http://landregistry.data.gov.uk/id/region/hammersmith-and-fulham,E09000013,2022-11,174,monthly,765790,1404974,1321578,1118449,650492,2022-11-01
Hammersmith and Fulham,http://landregistry.data.gov.uk/id/region/hammersmith-and-fulham,E09000013,2022-12,174,monthly,765775,1407711,1321201,1116057,651182,2022-12-01
Hammersmith and Fulham,http://landregistry.data.gov.uk/id/region/hammersmith-and-fulham,E09000013,2023-01,125,monthly,819308,1512389,1420422,1192431,697056,2023-01-01
Hammersmith and Fulham,http://landregistry.data.gov.uk/id/region/hammersmith-and-fulham,E09000013,2023-02,162,monthly,861251,1589041,1488768,1252565,733067,2023-02-01
Hammersmith and Fulham,http://landregistry.data.gov.uk/id/region/hammersmith-and-fulham,E09000013,2023-03,196,monthly,911481,1688708,1577998,1322388,776754,2023-03-01
Hammersmith and Fulham,http://landregistry.data.gov.uk/id/region/hammersmith-and-fulham,E09000013,2023-04,131,monthly,913549,1690228,1578210,1324083,779000,2023-04-01
Hammersmith and Fulham,http://landregistry.data.gov.uk/id/region/hammersmith-and-fulham,E09000013,2023-05,108,monthly,912161,1684554,1571169,1318887,778927,2023-05-01
Hammersmith and Fulham,http://landregistry.data.gov.uk/id/region/hammersmith-and-fulham,E09000013,2023-06,161,monthly,880028,1621606,1512800,1276428,750282,2023-06-01
Hammersmith and Fulham,http://landregistry.data.gov.uk/id/region/hammersmith-and-fulham,E09000013,2023-07,172,monthly,852824,1570133,1465090,1242153,725466,2023-07-01
Hammersmith and Fulham,http://landregistry.data.gov.uk/id/region/hammersmith-and-fulham,E09000013,2023-08,175,monthly,815030,1499682,1408410,1195462,690534,2023-08-01
Hammersmith and Fulham,http://landregistry.data.gov.uk/id/region/hammersmith-and-fulham,E09000013,2023-09,180,monthly,805877,1484516,1391828,1185325,681754,2023-09-01
Hammersmith and Fulham,http://landregistry.data.gov.uk/id/region/hammersmith-and-fulham,E09000013,2023-10,118,monthly,777113,1428604,1337358,1141568,657974,2023-10-01
Hammersmith and Fulham,http://landregistry.data.gov.uk/id/region/hammersmith-and-fulham,E09000013,2023-11,116,monthly,769306,1419478,1322193,1125178,652919,2023-11-01
Hammersmith and Fulham,http://landregistry.data.gov.uk/id/region/hammersmith-and-fulham,E09000013,2023-12,101,monthly,754549,1382922,1293262,1099524,641772,2023-12-01
Hammersmith and Fulham,http://landregistry.data.gov.uk/id/region/hammersmith-and-fulham,E09000013,2024-01,71,monthly,749241,1368271,1279559,1094001,636663,2024-01-01
Hammersmith and Fulham,http://landregistry.data.gov.uk/id/region/hammersmith-and-fulham,E09000013,2024-02,70,monthly,752834,1360923,1274646,1096448,640411,2024-02-01
Hammersmith and Fulham,http://landregistry.data.gov.uk/id/region/hammersmith-and-fulham,E09000013,2024-03,,monthly,746959,1332032,1252912,1080935,637145,2024-03-01
Hammersmith and Fulham,http://landregistry.data.gov.uk/id/region/hammersmith-and-fulham,E09000013,2024-04,,monthly,766538,1355429,1282520,1102388,655579,2024-04-01
