"Name","URI","Region GSS code","Period","Sales volume","Reporting period","Average price All property types","Average price Detached houses","Average price Semi-detached houses","Average price Terraced houses","Average price Flats and maisonettes","Pivotable date"
Harrow,http://landregistry.data.gov.uk/id/region/harrow,E09000015,2004-01,317,monthly,243354,536421,289118,225558,189209,2004-01-01
Harrow,http://landregistry.data.gov.uk/id/region/harrow,E09000015,2004-02,283,monthly,245389,540890,291295,227758,190817,2004-02-01
Harrow,http://landregistry.data.gov.uk/id/region/harrow,E09000015,2004-03,344,monthly,243904,539657,289291,226756,189476,2004-03-01
Harrow,http://landregistry.data.gov.uk/id/region/harrow,E09000015,2004-04,362,monthly,243283,533846,288157,227122,189150,2004-04-01
Harrow,http://landregistry.data.gov.uk/id/region/harrow,E09000015,2004-05,345,monthly,247296,535054,292162,231625,193048,2004-05-01
Harrow,http://landregistry.data.gov.uk/id/region/harrow,E09000015,2004-06,416,monthly,254110,545155,299886,238179,198912,2004-06-01
Harrow,http://landregistry.data.gov.uk/id/region/harrow,E09000015,2004-07,431,monthly,257768,552241,304833,241675,201400,2004-07-01
Harrow,http://landregistry.data.gov.uk/id/region/harrow,E09000015,2004-08,348,monthly,259562,561160,307047,243255,202335,2004-08-01
Harrow,http://landregistry.data.gov.uk/id/region/harrow,E09000015,2004-09,305,monthly,256244,556827,303811,240097,199059,2004-09-01
Harrow,http://landregistry.data.gov.uk/id/region/harrow,E09000015,2004-10,287,monthly,258933,562294,305840,242454,202024,2004-10-01
Harrow,http://landregistry.data.gov.uk/id/region/harrow,E09000015,2004-11,266,monthly,256766,555367,302953,240599,200657,2004-11-01
Harrow,http://landregistry.data.gov.uk/id/region/harrow,E09000015,2004-12,297,monthly,260893,560937,307140,244981,204370,2004-12-01
Harrow,http://landregistry.data.gov.uk/id/region/harrow,E09000015,2005-01,158,monthly,257111,554483,302372,241705,201322,2005-01-01
Harrow,http://landregistry.data.gov.uk/id/region/harrow,E09000015,2005-02,190,monthly,257059,557359,302588,241605,200873,2005-02-01
Harrow,http://landregistry.data.gov.uk/id/region/harrow,E09000015,2005-03,254,monthly,251164,547164,295686,236373,195836,2005-03-01
Harrow,http://landregistry.data.gov.uk/id/region/harrow,E09000015,2005-04,247,monthly,252761,549462,297954,238414,196638,2005-04-01
Harrow,http://landregistry.data.gov.uk/id/region/harrow,E09000015,2005-05,237,monthly,252667,545042,297518,238890,196846,2005-05-01
Harrow,http://landregistry.data.gov.uk/id/region/harrow,E09000015,2005-06,273,monthly,255996,549632,300940,242565,199704,2005-06-01
Harrow,http://landregistry.data.gov.uk/id/region/harrow,E09000015,2005-07,293,monthly,257427,552263,302959,244098,200549,2005-07-01
Harrow,http://landregistry.data.gov.uk/id/region/harrow,E09000015,2005-08,356,monthly,257613,554306,303146,244645,200349,2005-08-01
Harrow,http://landregistry.data.gov.uk/id/region/harrow,E09000015,2005-09,304,monthly,257170,556129,303389,244272,199229,2005-09-01
Harrow,http://landregistry.data.gov.uk/id/region/harrow,E09000015,2005-10,315,monthly,256085,552734,301530,243236,198855,2005-10-01
Harrow,http://landregistry.data.gov.uk/id/region/harrow,E09000015,2005-11,316,monthly,255039,548873,300515,242406,197965,2005-11-01
Harrow,http://landregistry.data.gov.uk/id/region/harrow,E09000015,2005-12,340,monthly,253900,542025,298112,241348,198162,2005-12-01
Harrow,http://landregistry.data.gov.uk/id/region/harrow,E09000015,2006-01,242,monthly,253829,544677,298057,241544,197678,2006-01-01
Harrow,http://landregistry.data.gov.uk/id/region/harrow,E09000015,2006-02,295,monthly,255883,549446,299890,243250,199721,2006-02-01
Harrow,http://landregistry.data.gov.uk/id/region/harrow,E09000015,2006-03,365,monthly,258052,558155,303238,245561,200364,2006-03-01
Harrow,http://landregistry.data.gov.uk/id/region/harrow,E09000015,2006-04,317,monthly,259436,558548,304703,247147,201629,2006-04-01
Harrow,http://landregistry.data.gov.uk/id/region/harrow,E09000015,2006-05,360,monthly,262515,566266,308450,250161,203798,2006-05-01
Harrow,http://landregistry.data.gov.uk/id/region/harrow,E09000015,2006-06,391,monthly,263327,568013,309211,251033,204486,2006-06-01
Harrow,http://landregistry.data.gov.uk/id/region/harrow,E09000015,2006-07,371,monthly,264668,572319,311318,252687,204888,2006-07-01
Harrow,http://landregistry.data.gov.uk/id/region/harrow,E09000015,2006-08,413,monthly,266525,577173,313910,255252,205584,2006-08-01
Harrow,http://landregistry.data.gov.uk/id/region/harrow,E09000015,2006-09,399,monthly,271094,589262,319854,259429,208690,2006-09-01
Harrow,http://landregistry.data.gov.uk/id/region/harrow,E09000015,2006-10,403,monthly,275403,599067,324663,263242,212290,2006-10-01
Harrow,http://landregistry.data.gov.uk/id/region/harrow,E09000015,2006-11,369,monthly,276450,601388,326164,264035,213053,2006-11-01
Harrow,http://landregistry.data.gov.uk/id/region/harrow,E09000015,2006-12,370,monthly,278194,603210,327732,266019,214688,2006-12-01
Harrow,http://landregistry.data.gov.uk/id/region/harrow,E09000015,2007-01,293,monthly,280501,609764,330643,268276,216188,2007-01-01
Harrow,http://landregistry.data.gov.uk/id/region/harrow,E09000015,2007-02,352,monthly,282077,614177,331970,269109,217875,2007-02-01
Harrow,http://landregistry.data.gov.uk/id/region/harrow,E09000015,2007-03,343,monthly,281473,615940,331519,268804,216854,2007-03-01
Harrow,http://landregistry.data.gov.uk/id/region/harrow,E09000015,2007-04,301,monthly,285297,621874,335617,273189,219902,2007-04-01
Harrow,http://landregistry.data.gov.uk/id/region/harrow,E09000015,2007-05,328,monthly,288255,626144,338644,276753,222290,2007-05-01
Harrow,http://landregistry.data.gov.uk/id/region/harrow,E09000015,2007-06,362,monthly,292148,632950,342887,280404,225640,2007-06-01
Harrow,http://landregistry.data.gov.uk/id/region/harrow,E09000015,2007-07,358,monthly,292860,639601,344184,280785,225654,2007-07-01
Harrow,http://landregistry.data.gov.uk/id/region/harrow,E09000015,2007-08,428,monthly,297849,654428,351046,286266,228350,2007-08-01
Harrow,http://landregistry.data.gov.uk/id/region/harrow,E09000015,2007-09,323,monthly,303734,671572,358427,291516,232455,2007-09-01
Harrow,http://landregistry.data.gov.uk/id/region/harrow,E09000015,2007-10,365,monthly,305423,676222,359523,292802,234282,2007-10-01
Harrow,http://landregistry.data.gov.uk/id/region/harrow,E09000015,2007-11,296,monthly,307271,681882,361250,293461,236276,2007-11-01
Harrow,http://landregistry.data.gov.uk/id/region/harrow,E09000015,2007-12,235,monthly,305018,671870,358105,291365,235196,2007-12-01
Harrow,http://landregistry.data.gov.uk/id/region/harrow,E09000015,2008-01,238,monthly,305837,676340,359246,291855,235641,2008-01-01
Harrow,http://landregistry.data.gov.uk/id/region/harrow,E09000015,2008-02,220,monthly,304970,675064,358870,291215,234526,2008-02-01
Harrow,http://landregistry.data.gov.uk/id/region/harrow,E09000015,2008-03,180,monthly,304807,681077,359939,291714,233063,2008-03-01
Harrow,http://landregistry.data.gov.uk/id/region/harrow,E09000015,2008-04,221,monthly,307941,690620,364169,295553,234773,2008-04-01
Harrow,http://landregistry.data.gov.uk/id/region/harrow,E09000015,2008-05,199,monthly,306896,689939,362855,294911,233776,2008-05-01
Harrow,http://landregistry.data.gov.uk/id/region/harrow,E09000015,2008-06,249,monthly,303930,683722,358830,292119,231688,2008-06-01
Harrow,http://landregistry.data.gov.uk/id/region/harrow,E09000015,2008-07,161,monthly,298900,674134,353750,287124,227447,2008-07-01
Harrow,http://landregistry.data.gov.uk/id/region/harrow,E09000015,2008-08,169,monthly,293193,663735,347217,281709,222836,2008-08-01
Harrow,http://landregistry.data.gov.uk/id/region/harrow,E09000015,2008-09,131,monthly,288110,657418,341106,276283,218896,2008-09-01
Harrow,http://landregistry.data.gov.uk/id/region/harrow,E09000015,2008-10,147,monthly,283282,646354,334345,271153,215856,2008-10-01
Harrow,http://landregistry.data.gov.uk/id/region/harrow,E09000015,2008-11,113,monthly,271284,622078,320347,259646,206466,2008-11-01
Harrow,http://landregistry.data.gov.uk/id/region/harrow,E09000015,2008-12,124,monthly,266652,608056,315588,255943,202580,2008-12-01
Harrow,http://landregistry.data.gov.uk/id/region/harrow,E09000015,2009-01,101,monthly,260775,595054,309115,249957,198012,2009-01-01
Harrow,http://landregistry.data.gov.uk/id/region/harrow,E09000015,2009-02,87,monthly,262042,593648,310425,250316,199744,2009-02-01
Harrow,http://landregistry.data.gov.uk/id/region/harrow,E09000015,2009-03,94,monthly,258325,584144,305289,245772,197799,2009-03-01
Harrow,http://landregistry.data.gov.uk/id/region/harrow,E09000015,2009-04,114,monthly,253662,568491,300397,241971,193981,2009-04-01
Harrow,http://landregistry.data.gov.uk/id/region/harrow,E09000015,2009-05,112,monthly,253717,566511,300607,243059,193601,2009-05-01
Harrow,http://landregistry.data.gov.uk/id/region/harrow,E09000015,2009-06,158,monthly,254539,567688,302084,244875,193467,2009-06-01
Harrow,http://landregistry.data.gov.uk/id/region/harrow,E09000015,2009-07,218,monthly,258644,578223,307770,249712,195550,2009-07-01
Harrow,http://landregistry.data.gov.uk/id/region/harrow,E09000015,2009-08,197,monthly,265098,597692,316379,256477,199179,2009-08-01
Harrow,http://landregistry.data.gov.uk/id/region/harrow,E09000015,2009-09,200,monthly,271563,614979,325053,263119,203044,2009-09-01
Harrow,http://landregistry.data.gov.uk/id/region/harrow,E09000015,2009-10,195,monthly,271793,617758,325873,263482,202642,2009-10-01
Harrow,http://landregistry.data.gov.uk/id/region/harrow,E09000015,2009-11,203,monthly,271765,617118,325814,264450,202205,2009-11-01
Harrow,http://landregistry.data.gov.uk/id/region/harrow,E09000015,2009-12,253,monthly,274511,620268,329328,267798,204058,2009-12-01
Harrow,http://landregistry.data.gov.uk/id/region/harrow,E09000015,2010-01,127,monthly,279519,634654,336336,273562,206542,2010-01-01
Harrow,http://landregistry.data.gov.uk/id/region/harrow,E09000015,2010-02,154,monthly,281609,642540,340503,275590,206914,2010-02-01
Harrow,http://landregistry.data.gov.uk/id/region/harrow,E09000015,2010-03,184,monthly,285076,658427,345346,278605,208635,2010-03-01
Harrow,http://landregistry.data.gov.uk/id/region/harrow,E09000015,2010-04,152,monthly,288144,663718,348917,281386,211252,2010-04-01
Harrow,http://landregistry.data.gov.uk/id/region/harrow,E09000015,2010-05,185,monthly,291560,670264,352257,284650,214390,2010-05-01
Harrow,http://landregistry.data.gov.uk/id/region/harrow,E09000015,2010-06,223,monthly,290749,667445,351585,284493,213374,2010-06-01
Harrow,http://landregistry.data.gov.uk/id/region/harrow,E09000015,2010-07,208,monthly,294287,681706,356028,288272,215117,2010-07-01
Harrow,http://landregistry.data.gov.uk/id/region/harrow,E09000015,2010-08,188,monthly,296892,689983,360721,291109,215765,2010-08-01
Harrow,http://landregistry.data.gov.uk/id/region/harrow,E09000015,2010-09,195,monthly,298265,698090,362816,292415,216062,2010-09-01
Harrow,http://landregistry.data.gov.uk/id/region/harrow,E09000015,2010-10,231,monthly,300140,700601,365533,294054,217455,2010-10-01
Harrow,http://landregistry.data.gov.uk/id/region/harrow,E09000015,2010-11,226,monthly,298913,699696,363505,292088,217079,2010-11-01
Harrow,http://landregistry.data.gov.uk/id/region/harrow,E09000015,2010-12,172,monthly,300839,702545,366199,293510,218672,2010-12-01
Harrow,http://landregistry.data.gov.uk/id/region/harrow,E09000015,2011-01,137,monthly,296317,697465,360094,288734,215397,2011-01-01
Harrow,http://landregistry.data.gov.uk/id/region/harrow,E09000015,2011-02,153,monthly,297450,707041,361152,289446,215924,2011-02-01
Harrow,http://landregistry.data.gov.uk/id/region/harrow,E09000015,2011-03,138,monthly,295634,710381,358224,287535,214354,2011-03-01
Harrow,http://landregistry.data.gov.uk/id/region/harrow,E09000015,2011-04,148,monthly,297676,713404,360770,289493,216001,2011-04-01
Harrow,http://landregistry.data.gov.uk/id/region/harrow,E09000015,2011-05,146,monthly,294993,696677,356980,287424,215211,2011-05-01
Harrow,http://landregistry.data.gov.uk/id/region/harrow,E09000015,2011-06,196,monthly,295228,686484,357697,288131,216018,2011-06-01
Harrow,http://landregistry.data.gov.uk/id/region/harrow,E09000015,2011-07,212,monthly,292704,676098,354848,286181,214272,2011-07-01
Harrow,http://landregistry.data.gov.uk/id/region/harrow,E09000015,2011-08,221,monthly,294175,685362,358295,288055,213504,2011-08-01
Harrow,http://landregistry.data.gov.uk/id/region/harrow,E09000015,2011-09,223,monthly,295736,696281,360589,289762,213545,2011-09-01
Harrow,http://landregistry.data.gov.uk/id/region/harrow,E09000015,2011-10,188,monthly,297763,704722,363990,291364,214255,2011-10-01
Harrow,http://landregistry.data.gov.uk/id/region/harrow,E09000015,2011-11,201,monthly,300745,712185,366877,293717,217085,2011-11-01
Harrow,http://landregistry.data.gov.uk/id/region/harrow,E09000015,2011-12,193,monthly,299313,702034,365181,292153,216815,2011-12-01
Harrow,http://landregistry.data.gov.uk/id/region/harrow,E09000015,2012-01,163,monthly,299885,699826,366291,293165,217139,2012-01-01
Harrow,http://landregistry.data.gov.uk/id/region/harrow,E09000015,2012-02,167,monthly,298115,697198,364727,292249,214976,2012-02-01
Harrow,http://landregistry.data.gov.uk/id/region/harrow,E09000015,2012-03,199,monthly,295844,691883,361497,290287,213291,2012-03-01
Harrow,http://landregistry.data.gov.uk/id/region/harrow,E09000015,2012-04,125,monthly,298046,696763,363040,292404,215487,2012-04-01
Harrow,http://landregistry.data.gov.uk/id/region/harrow,E09000015,2012-05,164,monthly,296495,687865,360949,290992,214856,2012-05-01
Harrow,http://landregistry.data.gov.uk/id/region/harrow,E09000015,2012-06,192,monthly,304640,706484,370973,300299,220167,2012-06-01
Harrow,http://landregistry.data.gov.uk/id/region/harrow,E09000015,2012-07,191,monthly,303114,704563,369346,299418,218550,2012-07-01
Harrow,http://landregistry.data.gov.uk/id/region/harrow,E09000015,2012-08,206,monthly,310417,722910,378631,307660,223074,2012-08-01
Harrow,http://landregistry.data.gov.uk/id/region/harrow,E09000015,2012-09,229,monthly,310984,727630,379790,307893,223106,2012-09-01
Harrow,http://landregistry.data.gov.uk/id/region/harrow,E09000015,2012-10,223,monthly,317282,740655,387204,314239,227855,2012-10-01
Harrow,http://landregistry.data.gov.uk/id/region/harrow,E09000015,2012-11,213,monthly,313280,730997,382152,310089,225168,2012-11-01
Harrow,http://landregistry.data.gov.uk/id/region/harrow,E09000015,2012-12,192,monthly,310752,723810,379017,307801,223393,2012-12-01
Harrow,http://landregistry.data.gov.uk/id/region/harrow,E09000015,2013-01,169,monthly,306539,717572,375438,303200,219486,2013-01-01
Harrow,http://landregistry.data.gov.uk/id/region/harrow,E09000015,2013-02,166,monthly,309376,727443,379079,305463,221396,2013-02-01
Harrow,http://landregistry.data.gov.uk/id/region/harrow,E09000015,2013-03,164,monthly,310967,733543,381407,306272,222471,2013-03-01
Harrow,http://landregistry.data.gov.uk/id/region/harrow,E09000015,2013-04,185,monthly,310669,731378,379740,306804,222691,2013-04-01
Harrow,http://landregistry.data.gov.uk/id/region/harrow,E09000015,2013-05,206,monthly,312444,733690,381770,308597,224168,2013-05-01
Harrow,http://landregistry.data.gov.uk/id/region/harrow,E09000015,2013-06,208,monthly,315396,737593,385483,312329,226178,2013-06-01
Harrow,http://landregistry.data.gov.uk/id/region/harrow,E09000015,2013-07,239,monthly,321904,752391,393652,319074,230662,2013-07-01
Harrow,http://landregistry.data.gov.uk/id/region/harrow,E09000015,2013-08,247,monthly,324906,758266,397739,322807,232419,2013-08-01
Harrow,http://landregistry.data.gov.uk/id/region/harrow,E09000015,2013-09,234,monthly,326113,765455,399397,323649,232971,2013-09-01
Harrow,http://landregistry.data.gov.uk/id/region/harrow,E09000015,2013-10,272,monthly,327432,768440,401411,324589,233870,2013-10-01
Harrow,http://landregistry.data.gov.uk/id/region/harrow,E09000015,2013-11,261,monthly,330422,775061,405209,327279,236078,2013-11-01
Harrow,http://landregistry.data.gov.uk/id/region/harrow,E09000015,2013-12,223,monthly,336604,781952,412442,333697,241183,2013-12-01
Harrow,http://landregistry.data.gov.uk/id/region/harrow,E09000015,2014-01,233,monthly,338590,785679,415159,335259,242697,2014-01-01
Harrow,http://landregistry.data.gov.uk/id/region/harrow,E09000015,2014-02,204,monthly,338070,784545,414468,334403,242466,2014-02-01
Harrow,http://landregistry.data.gov.uk/id/region/harrow,E09000015,2014-03,228,monthly,339747,790243,416492,335699,243608,2014-03-01
Harrow,http://landregistry.data.gov.uk/id/region/harrow,E09000015,2014-04,201,monthly,345558,802940,423114,341990,247831,2014-04-01
Harrow,http://landregistry.data.gov.uk/id/region/harrow,E09000015,2014-05,210,monthly,352324,815329,430880,349399,252898,2014-05-01
Harrow,http://landregistry.data.gov.uk/id/region/harrow,E09000015,2014-06,268,monthly,355958,822129,435542,353623,255315,2014-06-01
Harrow,http://landregistry.data.gov.uk/id/region/harrow,E09000015,2014-07,251,monthly,361408,833595,442937,359479,258859,2014-07-01
Harrow,http://landregistry.data.gov.uk/id/region/harrow,E09000015,2014-08,245,monthly,365767,845464,449380,364260,261214,2014-08-01
Harrow,http://landregistry.data.gov.uk/id/region/harrow,E09000015,2014-09,248,monthly,374181,867248,460216,372546,266861,2014-09-01
Harrow,http://landregistry.data.gov.uk/id/region/harrow,E09000015,2014-10,263,monthly,379166,878264,466327,376772,270755,2014-10-01
Harrow,http://landregistry.data.gov.uk/id/region/harrow,E09000015,2014-11,234,monthly,386887,896862,475651,383751,276545,2014-11-01
Harrow,http://landregistry.data.gov.uk/id/region/harrow,E09000015,2014-12,218,monthly,391894,906976,481222,388094,280728,2014-12-01
Harrow,http://landregistry.data.gov.uk/id/region/harrow,E09000015,2015-01,217,monthly,390705,904728,479415,386632,280083,2015-01-01
Harrow,http://landregistry.data.gov.uk/id/region/harrow,E09000015,2015-02,199,monthly,390585,903981,478058,385743,280820,2015-02-01
Harrow,http://landregistry.data.gov.uk/id/region/harrow,E09000015,2015-03,197,monthly,387555,895991,474517,382390,278778,2015-03-01
Harrow,http://landregistry.data.gov.uk/id/region/harrow,E09000015,2015-04,212,monthly,393544,909894,481898,388974,282780,2015-04-01
Harrow,http://landregistry.data.gov.uk/id/region/harrow,E09000015,2015-05,224,monthly,396812,912804,487023,392889,284765,2015-05-01
Harrow,http://landregistry.data.gov.uk/id/region/harrow,E09000015,2015-06,309,monthly,401895,926417,494659,399624,287027,2015-06-01
Harrow,http://landregistry.data.gov.uk/id/region/harrow,E09000015,2015-07,433,monthly,406672,935233,501100,404818,290206,2015-07-01
Harrow,http://landregistry.data.gov.uk/id/region/harrow,E09000015,2015-08,258,monthly,418115,963135,515767,417130,297654,2015-08-01
Harrow,http://landregistry.data.gov.uk/id/region/harrow,E09000015,2015-09,290,monthly,424056,980578,522910,422436,301928,2015-09-01
Harrow,http://landregistry.data.gov.uk/id/region/harrow,E09000015,2015-10,258,monthly,428842,992919,529990,427593,304635,2015-10-01
Harrow,http://landregistry.data.gov.uk/id/region/harrow,E09000015,2015-11,257,monthly,428610,994752,530008,427069,304298,2015-11-01
Harrow,http://landregistry.data.gov.uk/id/region/harrow,E09000015,2015-12,253,monthly,435864,1008100,539058,433977,309811,2015-12-01
Harrow,http://landregistry.data.gov.uk/id/region/harrow,E09000015,2016-01,222,monthly,437028,1009465,540866,434295,310948,2016-01-01
Harrow,http://landregistry.data.gov.uk/id/region/harrow,E09000015,2016-02,182,monthly,444319,1028676,550638,441084,315865,2016-02-01
Harrow,http://landregistry.data.gov.uk/id/region/harrow,E09000015,2016-03,462,monthly,447038,1040816,553817,443681,317477,2016-03-01
Harrow,http://landregistry.data.gov.uk/id/region/harrow,E09000015,2016-04,112,monthly,451488,1047497,557435,448297,321551,2016-04-01
Harrow,http://landregistry.data.gov.uk/id/region/harrow,E09000015,2016-05,136,monthly,451186,1033510,553782,447542,323796,2016-05-01
Harrow,http://landregistry.data.gov.uk/id/region/harrow,E09000015,2016-06,197,monthly,449362,1018210,550234,445502,323921,2016-06-01
Harrow,http://landregistry.data.gov.uk/id/region/harrow,E09000015,2016-07,191,monthly,454260,1030023,556664,450281,327265,2016-07-01
Harrow,http://landregistry.data.gov.uk/id/region/harrow,E09000015,2016-08,186,monthly,461109,1050414,566574,457680,330978,2016-08-01
Harrow,http://landregistry.data.gov.uk/id/region/harrow,E09000015,2016-09,145,monthly,461614,1051962,568512,458060,330856,2016-09-01
Harrow,http://landregistry.data.gov.uk/id/region/harrow,E09000015,2016-10,166,monthly,465172,1060987,572753,459870,334113,2016-10-01
Harrow,http://landregistry.data.gov.uk/id/region/harrow,E09000015,2016-11,173,monthly,459735,1052914,565970,452897,330581,2016-11-01
Harrow,http://landregistry.data.gov.uk/id/region/harrow,E09000015,2016-12,197,monthly,464037,1063793,569974,456101,334527,2016-12-01
Harrow,http://landregistry.data.gov.uk/id/region/harrow,E09000015,2017-01,164,monthly,457832,1049250,561800,450297,330164,2017-01-01
Harrow,http://landregistry.data.gov.uk/id/region/harrow,E09000015,2017-02,170,monthly,465420,1061545,569593,457055,336945,2017-02-01
Harrow,http://landregistry.data.gov.uk/id/region/harrow,E09000015,2017-03,197,monthly,466479,1062514,570403,457603,338234,2017-03-01
Harrow,http://landregistry.data.gov.uk/id/region/harrow,E09000015,2017-04,149,monthly,476522,1087247,581551,466497,346233,2017-04-01
Harrow,http://landregistry.data.gov.uk/id/region/harrow,E09000015,2017-05,150,monthly,474678,1079455,579942,464215,345107,2017-05-01
Harrow,http://landregistry.data.gov.uk/id/region/harrow,E09000015,2017-06,182,monthly,473769,1071049,577776,463953,345132,2017-06-01
Harrow,http://landregistry.data.gov.uk/id/region/harrow,E09000015,2017-07,200,monthly,466812,1048090,570208,457509,340100,2017-07-01
Harrow,http://landregistry.data.gov.uk/id/region/harrow,E09000015,2017-08,192,monthly,467853,1053401,571679,460261,339826,2017-08-01
Harrow,http://landregistry.data.gov.uk/id/region/harrow,E09000015,2017-09,168,monthly,470769,1066877,576836,462948,340808,2017-09-01
Harrow,http://landregistry.data.gov.uk/id/region/harrow,E09000015,2017-10,156,monthly,479341,1091739,588315,471466,346148,2017-10-01
Harrow,http://landregistry.data.gov.uk/id/region/harrow,E09000015,2017-11,197,monthly,475681,1083416,585146,467469,343119,2017-11-01
Harrow,http://landregistry.data.gov.uk/id/region/harrow,E09000015,2017-12,177,monthly,474005,1077546,583464,466784,341523,2017-12-01
Harrow,http://landregistry.data.gov.uk/id/region/harrow,E09000015,2018-01,172,monthly,473778,1074236,583024,466524,341658,2018-01-01
Harrow,http://landregistry.data.gov.uk/id/region/harrow,E09000015,2018-02,148,monthly,474510,1074096,583108,467303,342579,2018-02-01
Harrow,http://landregistry.data.gov.uk/id/region/harrow,E09000015,2018-03,185,monthly,472443,1067314,581201,465194,340935,2018-03-01
Harrow,http://landregistry.data.gov.uk/id/region/harrow,E09000015,2018-04,144,monthly,465391,1049523,573813,460191,334549,2018-04-01
Harrow,http://landregistry.data.gov.uk/id/region/harrow,E09000015,2018-05,147,monthly,462891,1045565,572292,458694,331552,2018-05-01
Harrow,http://landregistry.data.gov.uk/id/region/harrow,E09000015,2018-06,250,monthly,465051,1053120,576704,460560,332350,2018-06-01
Harrow,http://landregistry.data.gov.uk/id/region/harrow,E09000015,2018-07,203,monthly,464941,1059644,576468,460049,332040,2018-07-01
Harrow,http://landregistry.data.gov.uk/id/region/harrow,E09000015,2018-08,225,monthly,464558,1063267,575990,459929,331347,2018-08-01
Harrow,http://landregistry.data.gov.uk/id/region/harrow,E09000015,2018-09,193,monthly,461838,1060931,572606,457658,328954,2018-09-01
Harrow,http://landregistry.data.gov.uk/id/region/harrow,E09000015,2018-10,200,monthly,464810,1069181,576259,460208,331173,2018-10-01
Harrow,http://landregistry.data.gov.uk/id/region/harrow,E09000015,2018-11,167,monthly,458657,1060619,570191,454162,325784,2018-11-01
Harrow,http://landregistry.data.gov.uk/id/region/harrow,E09000015,2018-12,202,monthly,461958,1063746,574515,456979,328553,2018-12-01
Harrow,http://landregistry.data.gov.uk/id/region/harrow,E09000015,2019-01,169,monthly,453365,1045295,564503,448255,322191,2019-01-01
Harrow,http://landregistry.data.gov.uk/id/region/harrow,E09000015,2019-02,168,monthly,454375,1041184,563956,448487,324385,2019-02-01
Harrow,http://landregistry.data.gov.uk/id/region/harrow,E09000015,2019-03,261,monthly,445148,1020733,552159,440121,317586,2019-03-01
Harrow,http://landregistry.data.gov.uk/id/region/harrow,E09000015,2019-04,213,monthly,446508,1019857,553438,442856,318453,2019-04-01
Harrow,http://landregistry.data.gov.uk/id/region/harrow,E09000015,2019-05,215,monthly,443602,1013320,551512,441737,315079,2019-05-01
Harrow,http://landregistry.data.gov.uk/id/region/harrow,E09000015,2019-06,204,monthly,447901,1021323,557531,446807,317702,2019-06-01
Harrow,http://landregistry.data.gov.uk/id/region/harrow,E09000015,2019-07,185,monthly,446311,1014834,555605,445043,316804,2019-07-01
Harrow,http://landregistry.data.gov.uk/id/region/harrow,E09000015,2019-08,217,monthly,449408,1020908,559515,448714,318831,2019-08-01
Harrow,http://landregistry.data.gov.uk/id/region/harrow,E09000015,2019-09,206,monthly,452714,1030818,561925,452306,321567,2019-09-01
Harrow,http://landregistry.data.gov.uk/id/region/harrow,E09000015,2019-10,187,monthly,453833,1037769,565572,453224,321295,2019-10-01
Harrow,http://landregistry.data.gov.uk/id/region/harrow,E09000015,2019-11,207,monthly,450924,1039419,563858,449768,318198,2019-11-01
Harrow,http://landregistry.data.gov.uk/id/region/harrow,E09000015,2019-12,186,monthly,447358,1037984,562535,446410,313988,2019-12-01
Harrow,http://landregistry.data.gov.uk/id/region/harrow,E09000015,2020-01,185,monthly,447369,1036156,562539,447436,313746,2020-01-01
Harrow,http://landregistry.data.gov.uk/id/region/harrow,E09000015,2020-02,155,monthly,450310,1043583,566176,451001,315696,2020-02-01
Harrow,http://landregistry.data.gov.uk/id/region/harrow,E09000015,2020-03,167,monthly,450637,1042304,565546,451142,316465,2020-03-01
Harrow,http://landregistry.data.gov.uk/id/region/harrow,E09000015,2020-04,70,monthly,453073,1062702,568419,454489,317152,2020-04-01
Harrow,http://landregistry.data.gov.uk/id/region/harrow,E09000015,2020-05,65,monthly,450447,1056929,563721,450445,316176,2020-05-01
Harrow,http://landregistry.data.gov.uk/id/region/harrow,E09000015,2020-06,122,monthly,447250,1049465,562535,448919,312530,2020-06-01
Harrow,http://landregistry.data.gov.uk/id/region/harrow,E09000015,2020-07,124,monthly,452451,1050899,569436,454358,316560,2020-07-01
Harrow,http://landregistry.data.gov.uk/id/region/harrow,E09000015,2020-08,133,monthly,456652,1062626,578107,461280,317502,2020-08-01
Harrow,http://landregistry.data.gov.uk/id/region/harrow,E09000015,2020-09,174,monthly,461021,1078713,584026,466319,319911,2020-09-01
Harrow,http://landregistry.data.gov.uk/id/region/harrow,E09000015,2020-10,181,monthly,460240,1082184,585675,467284,317734,2020-10-01
Harrow,http://landregistry.data.gov.uk/id/region/harrow,E09000015,2020-11,171,monthly,464760,1094820,591977,472761,320312,2020-11-01
Harrow,http://landregistry.data.gov.uk/id/region/harrow,E09000015,2020-12,166,monthly,470542,1107758,599957,479664,323835,2020-12-01
Harrow,http://landregistry.data.gov.uk/id/region/harrow,E09000015,2021-01,199,monthly,476996,1115723,606092,484653,329796,2021-01-01
Harrow,http://landregistry.data.gov.uk/id/region/harrow,E09000015,2021-02,275,monthly,486050,1124072,614264,492186,338493,2021-02-01
Harrow,http://landregistry.data.gov.uk/id/region/harrow,E09000015,2021-03,409,monthly,492327,1125035,618203,496646,345902,2021-03-01
Harrow,http://landregistry.data.gov.uk/id/region/harrow,E09000015,2021-04,227,monthly,495348,1131085,620408,499211,348986,2021-04-01
Harrow,http://landregistry.data.gov.uk/id/region/harrow,E09000015,2021-05,158,monthly,490683,1125218,614751,494489,345193,2021-05-01
Harrow,http://landregistry.data.gov.uk/id/region/harrow,E09000015,2021-06,581,monthly,489379,1124933,612955,494970,343297,2021-06-01
Harrow,http://landregistry.data.gov.uk/id/region/harrow,E09000015,2021-07,53,monthly,488002,1140051,612091,491699,341172,2021-07-01
Harrow,http://landregistry.data.gov.uk/id/region/harrow,E09000015,2021-08,117,monthly,489088,1157394,616565,492454,339493,2021-08-01
Harrow,http://landregistry.data.gov.uk/id/region/harrow,E09000015,2021-09,295,monthly,490451,1172860,620686,492588,338867,2021-09-01
Harrow,http://landregistry.data.gov.uk/id/region/harrow,E09000015,2021-10,108,monthly,485078,1162680,617859,488449,332739,2021-10-01
Harrow,http://landregistry.data.gov.uk/id/region/harrow,E09000015,2021-11,145,monthly,490070,1175276,624183,493537,336097,2021-11-01
Harrow,http://landregistry.data.gov.uk/id/region/harrow,E09000015,2021-12,161,monthly,499114,1201948,638127,503004,340718,2021-12-01
Harrow,http://landregistry.data.gov.uk/id/region/harrow,E09000015,2022-01,143,monthly,506705,1216089,648404,512041,345422,2022-01-01
Harrow,http://landregistry.data.gov.uk/id/region/harrow,E09000015,2022-02,130,monthly,512403,1227063,656165,518026,349587,2022-02-01
Harrow,http://landregistry.data.gov.uk/id/region/harrow,E09000015,2022-03,178,monthly,503709,1209379,646070,508940,343064,2022-03-01
Harrow,http://landregistry.data.gov.uk/id/region/harrow,E09000015,2022-04,168,monthly,500302,1198947,641386,506744,340504,2022-04-01
Harrow,http://landregistry.data.gov.uk/id/region/harrow,E09000015,2022-05,167,monthly,502280,1202907,645131,510181,340292,2022-05-01
Harrow,http://landregistry.data.gov.uk/id/region/harrow,E09000015,2022-06,223,monthly,529589,1266452,679442,539348,358711,2022-06-01
Harrow,http://landregistry.data.gov.uk/id/region/harrow,E09000015,2022-07,223,monthly,542391,1295952,696668,553275,366468,2022-07-01
Harrow,http://landregistry.data.gov.uk/id/region/harrow,E09000015,2022-08,186,monthly,545508,1300843,701092,558148,367627,2022-08-01
Harrow,http://landregistry.data.gov.uk/id/region/harrow,E09000015,2022-09,206,monthly,529441,1263285,681378,542316,355739,2022-09-01
Harrow,http://landregistry.data.gov.uk/id/region/harrow,E09000015,2022-10,159,monthly,525775,1255626,677212,539039,352517,2022-10-01
Harrow,http://landregistry.data.gov.uk/id/region/harrow,E09000015,2022-11,172,monthly,526833,1262270,678777,539859,352775,2022-11-01
Harrow,http://landregistry.data.gov.uk/id/region/harrow,E09000015,2022-12,140,monthly,527648,1262289,680301,541065,353014,2022-12-01
Harrow,http://landregistry.data.gov.uk/id/region/harrow,E09000015,2023-01,110,monthly,527199,1261998,679991,539343,353151,2023-01-01
Harrow,http://landregistry.data.gov.uk/id/region/harrow,E09000015,2023-02,115,monthly,519724,1242961,670263,530329,348946,2023-02-01
Harrow,http://landregistry.data.gov.uk/id/region/harrow,E09000015,2023-03,159,monthly,512532,1231293,661790,520438,344249,2023-03-01
Harrow,http://landregistry.data.gov.uk/id/region/harrow,E09000015,2023-04,89,monthly,500850,1204497,646018,507499,337027,2023-04-01
Harrow,http://landregistry.data.gov.uk/id/region/harrow,E09000015,2023-05,105,monthly,498825,1198030,642565,505147,336336,2023-05-01
Harrow,http://landregistry.data.gov.uk/id/region/harrow,E09000015,2023-06,127,monthly,496023,1190729,637298,503521,334823,2023-06-01
Harrow,http://landregistry.data.gov.uk/id/region/harrow,E09000015,2023-07,115,monthly,501749,1200077,645416,511054,338078,2023-07-01
Harrow,http://landregistry.data.gov.uk/id/region/harrow,E09000015,2023-08,170,monthly,505419,1213324,651476,515974,339035,2023-08-01
Harrow,http://landregistry.data.gov.uk/id/region/harrow,E09000015,2023-09,126,monthly,508669,1220865,657203,520406,340080,2023-09-01
Harrow,http://landregistry.data.gov.uk/id/region/harrow,E09000015,2023-10,112,monthly,515824,1238004,667230,527086,344742,2023-10-01
Harrow,http://landregistry.data.gov.uk/id/region/harrow,E09000015,2023-11,110,monthly,511718,1227211,662557,521619,342272,2023-11-01
Harrow,http://landregistry.data.gov.uk/id/region/harrow,E09000015,2023-12,94,monthly,507683,1210989,658109,516516,340202,2023-12-01
Harrow,http://landregistry.data.gov.uk/id/region/harrow,E09000015,2024-01,69,monthly,502358,1196656,651044,512381,336376,2024-01-01
Harrow,http://landregistry.data.gov.uk/id/region/harrow,E09000015,2024-02,42,monthly,515466,1221034,668691,525804,345553,2024-02-01
Harrow,http://landregistry.data.gov.uk/id/region/harrow,E09000015,2024-03,,monthly,508756,1203715,658603,518205,342251,2024-03-01
Harrow,http://landregistry.data.gov.uk/id/region/harrow,E09000015,2024-04,,monthly,513235,1207362,665371,521768,345910,2024-04-01
