"Name","URI","Region GSS code","Period","Sales volume","Reporting period","Average price All property types","Average price Detached houses","Average price Semi-detached houses","Average price Terraced houses","Average price Flats and maisonettes","Pivotable date"
Inner London,http://landregistry.data.gov.uk/id/region/inner-london,E13000001,2004-01,4937,monthly,238239,529248,358044,264791,226258,2004-01-01
Inner London,http://landregistry.data.gov.uk/id/region/inner-london,E13000001,2004-02,4523,monthly,239296,533668,359749,266329,227132,2004-02-01
Inner London,http://landregistry.data.gov.uk/id/region/inner-london,E13000001,2004-03,5569,monthly,241306,541469,363054,269978,228461,2004-03-01
Inner London,http://landregistry.data.gov.uk/id/region/inner-london,E13000001,2004-04,5944,monthly,243660,540665,365489,273368,230506,2004-04-01
Inner London,http://landregistry.data.gov.uk/id/region/inner-london,E13000001,2004-05,5242,monthly,246541,540239,368404,276186,233455,2004-05-01
Inner London,http://landregistry.data.gov.uk/id/region/inner-london,E13000001,2004-06,6263,monthly,249365,543022,372135,278710,236377,2004-06-01
Inner London,http://landregistry.data.gov.uk/id/region/inner-london,E13000001,2004-07,7012,monthly,253340,553190,378568,283598,239971,2004-07-01
Inner London,http://landregistry.data.gov.uk/id/region/inner-london,E13000001,2004-08,5988,monthly,256614,563724,384680,288258,242679,2004-08-01
Inner London,http://landregistry.data.gov.uk/id/region/inner-london,E13000001,2004-09,5373,monthly,258547,572156,390084,291925,243891,2004-09-01
Inner London,http://landregistry.data.gov.uk/id/region/inner-london,E13000001,2004-10,4655,monthly,256051,565793,385302,288902,241648,2004-10-01
Inner London,http://landregistry.data.gov.uk/id/region/inner-london,E13000001,2004-11,4031,monthly,255566,562194,382550,287433,241589,2004-11-01
Inner London,http://landregistry.data.gov.uk/id/region/inner-london,E13000001,2004-12,4149,monthly,252858,549129,375523,283862,239351,2004-12-01
Inner London,http://landregistry.data.gov.uk/id/region/inner-london,E13000001,2005-01,3219,monthly,253536,548845,375535,284790,239983,2005-01-01
Inner London,http://landregistry.data.gov.uk/id/region/inner-london,E13000001,2005-02,3143,monthly,253301,549329,376658,285874,239253,2005-02-01
Inner London,http://landregistry.data.gov.uk/id/region/inner-london,E13000001,2005-03,3717,monthly,254701,554057,379579,287637,240474,2005-03-01
Inner London,http://landregistry.data.gov.uk/id/region/inner-london,E13000001,2005-04,4188,monthly,257293,556291,383462,290687,242896,2005-04-01
Inner London,http://landregistry.data.gov.uk/id/region/inner-london,E13000001,2005-05,4302,monthly,257978,555804,383771,290918,243757,2005-05-01
Inner London,http://landregistry.data.gov.uk/id/region/inner-london,E13000001,2005-06,4870,monthly,259661,558704,386454,293884,244995,2005-06-01
Inner London,http://landregistry.data.gov.uk/id/region/inner-london,E13000001,2005-07,5431,monthly,260764,565409,389988,296219,245589,2005-07-01
Inner London,http://landregistry.data.gov.uk/id/region/inner-london,E13000001,2005-08,5302,monthly,263219,573199,393674,299438,247750,2005-08-01
Inner London,http://landregistry.data.gov.uk/id/region/inner-london,E13000001,2005-09,5459,monthly,263543,578002,395346,300107,247893,2005-09-01
Inner London,http://landregistry.data.gov.uk/id/region/inner-london,E13000001,2005-10,4836,monthly,261045,569950,390214,297123,245653,2005-10-01
Inner London,http://landregistry.data.gov.uk/id/region/inner-london,E13000001,2005-11,4811,monthly,259643,563540,387019,296244,244159,2005-11-01
Inner London,http://landregistry.data.gov.uk/id/region/inner-london,E13000001,2005-12,5219,monthly,261627,560133,385375,296951,246748,2005-12-01
Inner London,http://landregistry.data.gov.uk/id/region/inner-london,E13000001,2006-01,4459,monthly,264926,568727,390752,301182,249676,2006-01-01
Inner London,http://landregistry.data.gov.uk/id/region/inner-london,E13000001,2006-02,4352,monthly,265721,570078,391639,301056,250760,2006-02-01
Inner London,http://landregistry.data.gov.uk/id/region/inner-london,E13000001,2006-03,5587,monthly,267544,580597,397542,304425,251891,2006-03-01
Inner London,http://landregistry.data.gov.uk/id/region/inner-london,E13000001,2006-04,5014,monthly,270595,585001,400608,307313,255014,2006-04-01
Inner London,http://landregistry.data.gov.uk/id/region/inner-london,E13000001,2006-05,5366,monthly,275878,599743,409598,313965,259725,2006-05-01
Inner London,http://landregistry.data.gov.uk/id/region/inner-london,E13000001,2006-06,6414,monthly,280741,608913,416519,319755,264241,2006-06-01
Inner London,http://landregistry.data.gov.uk/id/region/inner-london,E13000001,2006-07,6596,monthly,284717,621718,425605,325766,267380,2006-07-01
Inner London,http://landregistry.data.gov.uk/id/region/inner-london,E13000001,2006-08,6549,monthly,288587,629379,431531,331076,270737,2006-08-01
Inner London,http://landregistry.data.gov.uk/id/region/inner-london,E13000001,2006-09,6312,monthly,290734,637053,435972,333788,272610,2006-09-01
Inner London,http://landregistry.data.gov.uk/id/region/inner-london,E13000001,2006-10,5810,monthly,293114,640676,437204,335403,275286,2006-10-01
Inner London,http://landregistry.data.gov.uk/id/region/inner-london,E13000001,2006-11,5890,monthly,293277,641486,437676,335439,275475,2006-11-01
Inner London,http://landregistry.data.gov.uk/id/region/inner-london,E13000001,2006-12,5868,monthly,296269,650262,442364,338110,278499,2006-12-01
Inner London,http://landregistry.data.gov.uk/id/region/inner-london,E13000001,2007-01,5211,monthly,300576,658855,448813,343089,282532,2007-01-01
Inner London,http://landregistry.data.gov.uk/id/region/inner-london,E13000001,2007-02,4711,monthly,306776,671716,457459,348826,288768,2007-02-01
Inner London,http://landregistry.data.gov.uk/id/region/inner-london,E13000001,2007-03,5695,monthly,312079,680044,464854,355308,293656,2007-03-01
Inner London,http://landregistry.data.gov.uk/id/region/inner-london,E13000001,2007-04,4938,monthly,317362,693302,474258,362499,298238,2007-04-01
Inner London,http://landregistry.data.gov.uk/id/region/inner-london,E13000001,2007-05,5304,monthly,323398,702878,482367,369897,303815,2007-05-01
Inner London,http://landregistry.data.gov.uk/id/region/inner-london,E13000001,2007-06,6160,monthly,329352,714145,489914,376173,309613,2007-06-01
Inner London,http://landregistry.data.gov.uk/id/region/inner-london,E13000001,2007-07,6403,monthly,336860,731400,500392,383664,316994,2007-07-01
Inner London,http://landregistry.data.gov.uk/id/region/inner-london,E13000001,2007-08,6398,monthly,344875,752734,513202,393845,324189,2007-08-01
Inner London,http://landregistry.data.gov.uk/id/region/inner-london,E13000001,2007-09,5319,monthly,351132,771029,524191,401283,329909,2007-09-01
Inner London,http://landregistry.data.gov.uk/id/region/inner-london,E13000001,2007-10,5043,monthly,352419,772351,523944,401966,331422,2007-10-01
Inner London,http://landregistry.data.gov.uk/id/region/inner-london,E13000001,2007-11,4950,monthly,349987,771787,521988,398308,329305,2007-11-01
Inner London,http://landregistry.data.gov.uk/id/region/inner-london,E13000001,2007-12,3823,monthly,347492,759418,514369,393743,327615,2007-12-01
Inner London,http://landregistry.data.gov.uk/id/region/inner-london,E13000001,2008-01,3339,monthly,345989,759234,512331,392258,326116,2008-01-01
Inner London,http://landregistry.data.gov.uk/id/region/inner-london,E13000001,2008-02,3326,monthly,346036,757924,510568,391303,326479,2008-02-01
Inner London,http://landregistry.data.gov.uk/id/region/inner-london,E13000001,2008-03,3197,monthly,344576,759246,511089,390952,324612,2008-03-01
Inner London,http://landregistry.data.gov.uk/id/region/inner-london,E13000001,2008-04,3134,monthly,343547,758825,510229,389193,323761,2008-04-01
Inner London,http://landregistry.data.gov.uk/id/region/inner-london,E13000001,2008-05,3238,monthly,343643,758965,510961,390504,323536,2008-05-01
Inner London,http://landregistry.data.gov.uk/id/region/inner-london,E13000001,2008-06,2967,monthly,342310,755393,509419,390705,321851,2008-06-01
Inner London,http://landregistry.data.gov.uk/id/region/inner-london,E13000001,2008-07,2610,monthly,343200,758000,510801,391142,322828,2008-07-01
Inner London,http://landregistry.data.gov.uk/id/region/inner-london,E13000001,2008-08,2383,monthly,337539,747563,503096,383486,317771,2008-08-01
Inner London,http://landregistry.data.gov.uk/id/region/inner-london,E13000001,2008-09,1994,monthly,334087,744432,497236,377183,315108,2008-09-01
Inner London,http://landregistry.data.gov.uk/id/region/inner-london,E13000001,2008-10,1959,monthly,323442,717878,479195,363180,305646,2008-10-01
Inner London,http://landregistry.data.gov.uk/id/region/inner-london,E13000001,2008-11,1581,monthly,314977,697370,465575,354053,297592,2008-11-01
Inner London,http://landregistry.data.gov.uk/id/region/inner-london,E13000001,2008-12,1642,monthly,303759,669904,448652,340951,287138,2008-12-01
Inner London,http://landregistry.data.gov.uk/id/region/inner-london,E13000001,2009-01,1270,monthly,297825,661392,441723,334794,281326,2009-01-01
Inner London,http://landregistry.data.gov.uk/id/region/inner-london,E13000001,2009-02,1290,monthly,294734,654495,437967,330623,278486,2009-02-01
Inner London,http://landregistry.data.gov.uk/id/region/inner-london,E13000001,2009-03,1687,monthly,294522,652290,436447,329632,278512,2009-03-01
Inner London,http://landregistry.data.gov.uk/id/region/inner-london,E13000001,2009-04,1691,monthly,291934,636695,432786,328521,275565,2009-04-01
Inner London,http://landregistry.data.gov.uk/id/region/inner-london,E13000001,2009-05,1993,monthly,292880,635145,431763,329411,276624,2009-05-01
Inner London,http://landregistry.data.gov.uk/id/region/inner-london,E13000001,2009-06,2496,monthly,296092,644120,438742,336084,278637,2009-06-01
Inner London,http://landregistry.data.gov.uk/id/region/inner-london,E13000001,2009-07,3302,monthly,303349,667357,451966,346611,284649,2009-07-01
Inner London,http://landregistry.data.gov.uk/id/region/inner-london,E13000001,2009-08,3172,monthly,307409,684129,462241,354385,287316,2009-08-01
Inner London,http://landregistry.data.gov.uk/id/region/inner-london,E13000001,2009-09,3335,monthly,314011,698288,472793,361037,293751,2009-09-01
Inner London,http://landregistry.data.gov.uk/id/region/inner-london,E13000001,2009-10,3371,monthly,317738,707013,479006,364917,297333,2009-10-01
Inner London,http://landregistry.data.gov.uk/id/region/inner-london,E13000001,2009-11,3297,monthly,320248,706410,479366,367765,299852,2009-11-01
Inner London,http://landregistry.data.gov.uk/id/region/inner-london,E13000001,2009-12,3815,monthly,318631,700559,476714,367224,297968,2009-12-01
Inner London,http://landregistry.data.gov.uk/id/region/inner-london,E13000001,2010-01,2750,monthly,324531,712553,485973,375409,303070,2010-01-01
Inner London,http://landregistry.data.gov.uk/id/region/inner-london,E13000001,2010-02,2624,monthly,331100,734270,500724,383977,308698,2010-02-01
Inner London,http://landregistry.data.gov.uk/id/region/inner-london,E13000001,2010-03,3091,monthly,336741,751773,510457,390184,313973,2010-03-01
Inner London,http://landregistry.data.gov.uk/id/region/inner-london,E13000001,2010-04,3018,monthly,337575,753857,511639,390685,314885,2010-04-01
Inner London,http://landregistry.data.gov.uk/id/region/inner-london,E13000001,2010-05,2990,monthly,338198,755660,511780,391973,315332,2010-05-01
Inner London,http://landregistry.data.gov.uk/id/region/inner-london,E13000001,2010-06,3666,monthly,341405,765472,518881,397338,317755,2010-06-01
Inner London,http://landregistry.data.gov.uk/id/region/inner-london,E13000001,2010-07,4121,monthly,345792,788782,529200,404739,320986,2010-07-01
Inner London,http://landregistry.data.gov.uk/id/region/inner-london,E13000001,2010-08,3637,monthly,349397,798050,537107,408908,324256,2010-08-01
Inner London,http://landregistry.data.gov.uk/id/region/inner-london,E13000001,2010-09,3488,monthly,349993,803042,538099,410424,324555,2010-09-01
Inner London,http://landregistry.data.gov.uk/id/region/inner-london,E13000001,2010-10,3265,monthly,345968,785554,528943,403464,321605,2010-10-01
Inner London,http://landregistry.data.gov.uk/id/region/inner-london,E13000001,2010-11,3286,monthly,341157,776775,520235,396543,317541,2010-11-01
Inner London,http://landregistry.data.gov.uk/id/region/inner-london,E13000001,2010-12,3129,monthly,340006,774225,518570,393610,316919,2010-12-01
Inner London,http://landregistry.data.gov.uk/id/region/inner-london,E13000001,2011-01,2716,monthly,341638,787609,524627,396865,317874,2011-01-01
Inner London,http://landregistry.data.gov.uk/id/region/inner-london,E13000001,2011-02,2429,monthly,344710,800728,531340,400328,320687,2011-02-01
Inner London,http://landregistry.data.gov.uk/id/region/inner-london,E13000001,2011-03,2909,monthly,347737,815837,533853,402696,323918,2011-03-01
Inner London,http://landregistry.data.gov.uk/id/region/inner-london,E13000001,2011-04,3021,monthly,354441,824729,539332,408323,331030,2011-04-01
Inner London,http://landregistry.data.gov.uk/id/region/inner-london,E13000001,2011-05,2731,monthly,353002,810107,533077,406778,329884,2011-05-01
Inner London,http://landregistry.data.gov.uk/id/region/inner-london,E13000001,2011-06,3401,monthly,352698,799196,533788,407603,329262,2011-06-01
Inner London,http://landregistry.data.gov.uk/id/region/inner-london,E13000001,2011-07,3663,monthly,352137,795644,534464,407572,328507,2011-07-01
Inner London,http://landregistry.data.gov.uk/id/region/inner-london,E13000001,2011-08,3870,monthly,360017,825580,554043,419390,334688,2011-08-01
Inner London,http://landregistry.data.gov.uk/id/region/inner-london,E13000001,2011-09,3749,monthly,363437,840200,560828,424591,337404,2011-09-01
Inner London,http://landregistry.data.gov.uk/id/region/inner-london,E13000001,2011-10,3190,monthly,360135,838118,558664,421508,333959,2011-10-01
Inner London,http://landregistry.data.gov.uk/id/region/inner-london,E13000001,2011-11,3253,monthly,357548,824292,547695,415362,332803,2011-11-01
Inner London,http://landregistry.data.gov.uk/id/region/inner-london,E13000001,2011-12,3249,monthly,355727,815442,544735,411867,331552,2011-12-01
Inner London,http://landregistry.data.gov.uk/id/region/inner-london,E13000001,2012-01,2785,monthly,358560,822490,550063,415984,333904,2012-01-01
Inner London,http://landregistry.data.gov.uk/id/region/inner-london,E13000001,2012-02,2781,monthly,358014,829625,554394,418213,332315,2012-02-01
Inner London,http://landregistry.data.gov.uk/id/region/inner-london,E13000001,2012-03,3688,monthly,358499,833203,556226,420220,332260,2012-03-01
Inner London,http://landregistry.data.gov.uk/id/region/inner-london,E13000001,2012-04,2635,monthly,360811,834183,555829,421660,334899,2012-04-01
Inner London,http://landregistry.data.gov.uk/id/region/inner-london,E13000001,2012-05,3207,monthly,368180,845934,566008,429634,341973,2012-05-01
Inner London,http://landregistry.data.gov.uk/id/region/inner-london,E13000001,2012-06,3474,monthly,376259,861291,576377,439448,349454,2012-06-01
Inner London,http://landregistry.data.gov.uk/id/region/inner-london,E13000001,2012-07,3910,monthly,380455,878448,587181,447190,352406,2012-07-01
Inner London,http://landregistry.data.gov.uk/id/region/inner-london,E13000001,2012-08,3812,monthly,383888,889136,593338,452799,355123,2012-08-01
Inner London,http://landregistry.data.gov.uk/id/region/inner-london,E13000001,2012-09,3513,monthly,384885,895848,596637,454823,355738,2012-09-01
Inner London,http://landregistry.data.gov.uk/id/region/inner-london,E13000001,2012-10,3351,monthly,385802,891399,594730,454360,357140,2012-10-01
Inner London,http://landregistry.data.gov.uk/id/region/inner-london,E13000001,2012-11,3461,monthly,384930,884938,590037,451610,356925,2012-11-01
Inner London,http://landregistry.data.gov.uk/id/region/inner-london,E13000001,2012-12,3126,monthly,388966,896029,596373,455948,360760,2012-12-01
Inner London,http://landregistry.data.gov.uk/id/region/inner-london,E13000001,2013-01,3070,monthly,390038,901920,599926,458331,361373,2013-01-01
Inner London,http://landregistry.data.gov.uk/id/region/inner-london,E13000001,2013-02,2762,monthly,395422,921886,612316,465071,366073,2013-02-01
Inner London,http://landregistry.data.gov.uk/id/region/inner-london,E13000001,2013-03,3148,monthly,393128,917434,608879,462122,363990,2013-03-01
Inner London,http://landregistry.data.gov.uk/id/region/inner-london,E13000001,2013-04,3198,monthly,399722,930637,617167,467689,370710,2013-04-01
Inner London,http://landregistry.data.gov.uk/id/region/inner-london,E13000001,2013-05,3903,monthly,402136,931247,618584,469701,373243,2013-05-01
Inner London,http://landregistry.data.gov.uk/id/region/inner-london,E13000001,2013-06,3968,monthly,409238,941909,628631,477258,380075,2013-06-01
Inner London,http://landregistry.data.gov.uk/id/region/inner-london,E13000001,2013-07,4787,monthly,414525,954461,637791,485024,384550,2013-07-01
Inner London,http://landregistry.data.gov.uk/id/region/inner-london,E13000001,2013-08,4678,monthly,421121,975123,650959,495040,389982,2013-08-01
Inner London,http://landregistry.data.gov.uk/id/region/inner-london,E13000001,2013-09,4439,monthly,431676,1009070,669753,508586,399352,2013-09-01
Inner London,http://landregistry.data.gov.uk/id/region/inner-london,E13000001,2013-10,4287,monthly,435061,1017442,675732,510323,403030,2013-10-01
Inner London,http://landregistry.data.gov.uk/id/region/inner-london,E13000001,2013-11,4709,monthly,439723,1018892,677861,512794,408294,2013-11-01
Inner London,http://landregistry.data.gov.uk/id/region/inner-london,E13000001,2013-12,4606,monthly,445132,1016700,682187,515746,414355,2013-12-01
Inner London,http://landregistry.data.gov.uk/id/region/inner-london,E13000001,2014-01,4157,monthly,452766,1038746,694557,525492,421190,2014-01-01
Inner London,http://landregistry.data.gov.uk/id/region/inner-london,E13000001,2014-02,3766,monthly,460081,1059431,705072,532161,428340,2014-02-01
Inner London,http://landregistry.data.gov.uk/id/region/inner-london,E13000001,2014-03,3925,monthly,462876,1071131,708789,535191,430869,2014-03-01
Inner London,http://landregistry.data.gov.uk/id/region/inner-london,E13000001,2014-04,4150,monthly,470731,1086551,719952,545217,438013,2014-04-01
Inner London,http://landregistry.data.gov.uk/id/region/inner-london,E13000001,2014-05,4190,monthly,482728,1115575,742258,561351,448605,2014-05-01
Inner London,http://landregistry.data.gov.uk/id/region/inner-london,E13000001,2014-06,4325,monthly,493876,1140833,759416,576390,458526,2014-06-01
Inner London,http://landregistry.data.gov.uk/id/region/inner-london,E13000001,2014-07,4568,monthly,503943,1165003,776042,589965,467463,2014-07-01
Inner London,http://landregistry.data.gov.uk/id/region/inner-london,E13000001,2014-08,4461,monthly,511626,1187410,789985,601786,473932,2014-08-01
Inner London,http://landregistry.data.gov.uk/id/region/inner-london,E13000001,2014-09,4045,monthly,518513,1208926,804267,611407,479887,2014-09-01
Inner London,http://landregistry.data.gov.uk/id/region/inner-london,E13000001,2014-10,4115,monthly,518899,1207841,802871,609858,480715,2014-10-01
Inner London,http://landregistry.data.gov.uk/id/region/inner-london,E13000001,2014-11,3409,monthly,514369,1195530,794451,603003,476876,2014-11-01
Inner London,http://landregistry.data.gov.uk/id/region/inner-london,E13000001,2014-12,3790,monthly,512011,1184839,787972,598313,475180,2014-12-01
Inner London,http://landregistry.data.gov.uk/id/region/inner-london,E13000001,2015-01,3099,monthly,512581,1185929,789913,598570,475772,2015-01-01
Inner London,http://landregistry.data.gov.uk/id/region/inner-london,E13000001,2015-02,2908,monthly,514883,1191088,792917,600257,478130,2015-02-01
Inner London,http://landregistry.data.gov.uk/id/region/inner-london,E13000001,2015-03,3473,monthly,514288,1188436,792121,599566,477606,2015-03-01
Inner London,http://landregistry.data.gov.uk/id/region/inner-london,E13000001,2015-04,3362,monthly,516626,1194014,794393,604171,479362,2015-04-01
Inner London,http://landregistry.data.gov.uk/id/region/inner-london,E13000001,2015-05,3580,monthly,522777,1201232,803075,610774,485262,2015-05-01
Inner London,http://landregistry.data.gov.uk/id/region/inner-london,E13000001,2015-06,4346,monthly,529292,1222960,818137,621464,490416,2015-06-01
Inner London,http://landregistry.data.gov.uk/id/region/inner-london,E13000001,2015-07,4549,monthly,538073,1245260,836457,632137,498337,2015-07-01
Inner London,http://landregistry.data.gov.uk/id/region/inner-london,E13000001,2015-08,4150,monthly,543936,1268904,852354,643580,502470,2015-08-01
Inner London,http://landregistry.data.gov.uk/id/region/inner-london,E13000001,2015-09,4023,monthly,552796,1296632,867071,653817,510661,2015-09-01
Inner London,http://landregistry.data.gov.uk/id/region/inner-london,E13000001,2015-10,4100,monthly,551523,1298104,865708,654145,509017,2015-10-01
Inner London,http://landregistry.data.gov.uk/id/region/inner-london,E13000001,2015-11,3519,monthly,553908,1299573,864035,655676,511677,2015-11-01
Inner London,http://landregistry.data.gov.uk/id/region/inner-london,E13000001,2015-12,3605,monthly,553855,1298193,865798,656529,511372,2015-12-01
Inner London,http://landregistry.data.gov.uk/id/region/inner-london,E13000001,2016-01,3006,monthly,563206,1318157,882454,666422,520244,2016-01-01
Inner London,http://landregistry.data.gov.uk/id/region/inner-london,E13000001,2016-02,3091,monthly,565405,1335103,894767,670519,521652,2016-02-01
Inner London,http://landregistry.data.gov.uk/id/region/inner-london,E13000001,2016-03,7045,monthly,573538,1355898,907035,679202,529391,2016-03-01
Inner London,http://landregistry.data.gov.uk/id/region/inner-london,E13000001,2016-04,2285,monthly,570187,1350257,902456,676985,525859,2016-04-01
Inner London,http://landregistry.data.gov.uk/id/region/inner-london,E13000001,2016-05,2492,monthly,571469,1337494,898616,678162,527336,2016-05-01
Inner London,http://landregistry.data.gov.uk/id/region/inner-london,E13000001,2016-06,3400,monthly,566684,1321553,890629,674479,522484,2016-06-01
Inner London,http://landregistry.data.gov.uk/id/region/inner-london,E13000001,2016-07,3529,monthly,571652,1332538,901562,681643,526700,2016-07-01
Inner London,http://landregistry.data.gov.uk/id/region/inner-london,E13000001,2016-08,3073,monthly,571709,1340728,905346,682230,526504,2016-08-01
Inner London,http://landregistry.data.gov.uk/id/region/inner-london,E13000001,2016-09,2980,monthly,575680,1349112,913246,686453,530247,2016-09-01
Inner London,http://landregistry.data.gov.uk/id/region/inner-london,E13000001,2016-10,3132,monthly,574414,1344861,907012,680187,530306,2016-10-01
Inner London,http://landregistry.data.gov.uk/id/region/inner-london,E13000001,2016-11,3118,monthly,577948,1349764,904279,679412,534967,2016-11-01
Inner London,http://landregistry.data.gov.uk/id/region/inner-london,E13000001,2016-12,3439,monthly,577117,1346439,897001,674942,535181,2016-12-01
Inner London,http://landregistry.data.gov.uk/id/region/inner-london,E13000001,2017-01,2836,monthly,579471,1350726,897741,678193,537324,2017-01-01
Inner London,http://landregistry.data.gov.uk/id/region/inner-london,E13000001,2017-02,2787,monthly,582285,1347727,896440,679694,540466,2017-02-01
Inner London,http://landregistry.data.gov.uk/id/region/inner-london,E13000001,2017-03,3332,monthly,582411,1355638,900954,681079,540149,2017-03-01
Inner London,http://landregistry.data.gov.uk/id/region/inner-london,E13000001,2017-04,2960,monthly,584782,1358216,898260,680420,543278,2017-04-01
Inner London,http://landregistry.data.gov.uk/id/region/inner-london,E13000001,2017-05,3261,monthly,584443,1359237,901742,679769,542917,2017-05-01
Inner London,http://landregistry.data.gov.uk/id/region/inner-london,E13000001,2017-06,3826,monthly,586942,1358354,903064,680942,545709,2017-06-01
Inner London,http://landregistry.data.gov.uk/id/region/inner-london,E13000001,2017-07,3398,monthly,589999,1365001,914055,686636,547921,2017-07-01
Inner London,http://landregistry.data.gov.uk/id/region/inner-london,E13000001,2017-08,3413,monthly,592845,1381085,924059,695308,549200,2017-08-01
Inner London,http://landregistry.data.gov.uk/id/region/inner-london,E13000001,2017-09,3190,monthly,593486,1388241,928042,697697,549338,2017-09-01
Inner London,http://landregistry.data.gov.uk/id/region/inner-london,E13000001,2017-10,2978,monthly,588513,1378726,919532,691775,544761,2017-10-01
Inner London,http://landregistry.data.gov.uk/id/region/inner-london,E13000001,2017-11,2780,monthly,581921,1352410,906109,681129,539417,2017-11-01
Inner London,http://landregistry.data.gov.uk/id/region/inner-london,E13000001,2017-12,3153,monthly,578215,1340439,896512,674683,536553,2017-12-01
Inner London,http://landregistry.data.gov.uk/id/region/inner-london,E13000001,2018-01,2646,monthly,578599,1337573,897397,673385,537308,2018-01-01
Inner London,http://landregistry.data.gov.uk/id/region/inner-london,E13000001,2018-02,2605,monthly,580096,1356384,902871,674646,538706,2018-02-01
Inner London,http://landregistry.data.gov.uk/id/region/inner-london,E13000001,2018-03,2848,monthly,577904,1342993,901679,674351,536258,2018-03-01
Inner London,http://landregistry.data.gov.uk/id/region/inner-london,E13000001,2018-04,2542,monthly,577545,1350499,907395,678484,534910,2018-04-01
Inner London,http://landregistry.data.gov.uk/id/region/inner-london,E13000001,2018-05,2831,monthly,577204,1346830,911985,682979,533584,2018-05-01
Inner London,http://landregistry.data.gov.uk/id/region/inner-london,E13000001,2018-06,3264,monthly,579055,1362453,921786,687546,534668,2018-06-01
Inner London,http://landregistry.data.gov.uk/id/region/inner-london,E13000001,2018-07,3148,monthly,579120,1370594,922542,690395,534182,2018-07-01
Inner London,http://landregistry.data.gov.uk/id/region/inner-london,E13000001,2018-08,3412,monthly,578411,1369274,919412,690142,533462,2018-08-01
Inner London,http://landregistry.data.gov.uk/id/region/inner-london,E13000001,2018-09,2934,monthly,576272,1364385,915990,688436,531336,2018-09-01
Inner London,http://landregistry.data.gov.uk/id/region/inner-london,E13000001,2018-10,3012,monthly,574335,1353907,914361,684352,529860,2018-10-01
Inner London,http://landregistry.data.gov.uk/id/region/inner-london,E13000001,2018-11,3090,monthly,573282,1360397,916185,683415,528724,2018-11-01
Inner London,http://landregistry.data.gov.uk/id/region/inner-london,E13000001,2018-12,2816,monthly,572244,1365444,913122,679902,528189,2018-12-01
Inner London,http://landregistry.data.gov.uk/id/region/inner-london,E13000001,2019-01,2258,monthly,566764,1358119,905486,673901,522995,2019-01-01
Inner London,http://landregistry.data.gov.uk/id/region/inner-london,E13000001,2019-02,2197,monthly,560574,1342586,894130,666056,517416,2019-02-01
Inner London,http://landregistry.data.gov.uk/id/region/inner-london,E13000001,2019-03,2587,monthly,559929,1333709,894392,668279,516248,2019-03-01
Inner London,http://landregistry.data.gov.uk/id/region/inner-london,E13000001,2019-04,2217,monthly,563060,1338262,896946,672907,519019,2019-04-01
Inner London,http://landregistry.data.gov.uk/id/region/inner-london,E13000001,2019-05,2657,monthly,565501,1344459,904522,679289,520444,2019-05-01
Inner London,http://landregistry.data.gov.uk/id/region/inner-london,E13000001,2019-06,2672,monthly,565273,1349934,906689,678676,520219,2019-06-01
Inner London,http://landregistry.data.gov.uk/id/region/inner-london,E13000001,2019-07,3464,monthly,569492,1358234,916584,684816,523803,2019-07-01
Inner London,http://landregistry.data.gov.uk/id/region/inner-london,E13000001,2019-08,3382,monthly,571513,1369262,924852,690824,524775,2019-08-01
Inner London,http://landregistry.data.gov.uk/id/region/inner-london,E13000001,2019-09,2962,monthly,576361,1384502,932039,698566,528835,2019-09-01
Inner London,http://landregistry.data.gov.uk/id/region/inner-london,E13000001,2019-10,2968,monthly,571840,1384296,931633,694944,524087,2019-10-01
Inner London,http://landregistry.data.gov.uk/id/region/inner-london,E13000001,2019-11,2953,monthly,571212,1383821,930750,691334,524090,2019-11-01
Inner London,http://landregistry.data.gov.uk/id/region/inner-london,E13000001,2019-12,2837,monthly,573692,1383080,934985,694536,526342,2019-12-01
Inner London,http://landregistry.data.gov.uk/id/region/inner-london,E13000001,2020-01,2527,monthly,578737,1382399,935387,698794,531600,2020-01-01
Inner London,http://landregistry.data.gov.uk/id/region/inner-london,E13000001,2020-02,2399,monthly,582532,1389205,939783,705366,534648,2020-02-01
Inner London,http://landregistry.data.gov.uk/id/region/inner-london,E13000001,2020-03,2743,monthly,583473,1402653,945310,706510,535330,2020-03-01
Inner London,http://landregistry.data.gov.uk/id/region/inner-london,E13000001,2020-04,1365,monthly,581268,1422263,946310,706916,532386,2020-04-01
Inner London,http://landregistry.data.gov.uk/id/region/inner-london,E13000001,2020-05,1210,monthly,579964,1414932,947908,703856,531431,2020-05-01
Inner London,http://landregistry.data.gov.uk/id/region/inner-london,E13000001,2020-06,1649,monthly,578333,1398590,947645,706321,528949,2020-06-01
Inner London,http://landregistry.data.gov.uk/id/region/inner-london,E13000001,2020-07,2388,monthly,582013,1383757,952850,711782,532231,2020-07-01
Inner London,http://landregistry.data.gov.uk/id/region/inner-london,E13000001,2020-08,2385,monthly,589985,1414697,971057,726330,538289,2020-08-01
Inner London,http://landregistry.data.gov.uk/id/region/inner-london,E13000001,2020-09,2874,monthly,595698,1443846,988984,736148,542603,2020-09-01
Inner London,http://landregistry.data.gov.uk/id/region/inner-london,E13000001,2020-10,3034,monthly,594123,1452175,996216,740559,539482,2020-10-01
Inner London,http://landregistry.data.gov.uk/id/region/inner-london,E13000001,2020-11,2868,monthly,592960,1447012,994945,741935,537817,2020-11-01
Inner London,http://landregistry.data.gov.uk/id/region/inner-london,E13000001,2020-12,3595,monthly,589504,1438275,988424,739846,534229,2020-12-01
Inner London,http://landregistry.data.gov.uk/id/region/inner-london,E13000001,2021-01,2987,monthly,591110,1433053,984963,738255,536659,2021-01-01
Inner London,http://landregistry.data.gov.uk/id/region/inner-london,E13000001,2021-02,3484,monthly,587097,1403707,965749,726915,534838,2021-02-01
Inner London,http://landregistry.data.gov.uk/id/region/inner-london,E13000001,2021-03,6497,monthly,589529,1385634,955696,722372,539225,2021-03-01
Inner London,http://landregistry.data.gov.uk/id/region/inner-london,E13000001,2021-04,3341,monthly,584133,1370848,942393,713194,535012,2021-04-01
Inner London,http://landregistry.data.gov.uk/id/region/inner-london,E13000001,2021-05,2844,monthly,581271,1372068,940432,710288,532147,2021-05-01
Inner London,http://landregistry.data.gov.uk/id/region/inner-london,E13000001,2021-06,10914,monthly,577876,1362689,934830,711671,527771,2021-06-01
Inner London,http://landregistry.data.gov.uk/id/region/inner-london,E13000001,2021-07,1087,monthly,587782,1390263,938977,717648,538598,2021-07-01
Inner London,http://landregistry.data.gov.uk/id/region/inner-london,E13000001,2021-08,2250,monthly,602292,1445193,965484,737524,551215,2021-08-01
Inner London,http://landregistry.data.gov.uk/id/region/inner-london,E13000001,2021-09,4694,monthly,604471,1472457,977013,740456,552835,2021-09-01
Inner London,http://landregistry.data.gov.uk/id/region/inner-london,E13000001,2021-10,1835,monthly,601065,1494626,993653,744905,546963,2021-10-01
Inner London,http://landregistry.data.gov.uk/id/region/inner-london,E13000001,2021-11,2565,monthly,599080,1494719,992240,740680,545493,2021-11-01
Inner London,http://landregistry.data.gov.uk/id/region/inner-london,E13000001,2021-12,3038,monthly,602130,1509460,996673,742695,548655,2021-12-01
Inner London,http://landregistry.data.gov.uk/id/region/inner-london,E13000001,2022-01,2416,monthly,608557,1519146,1008049,753443,553878,2022-01-01
Inner London,http://landregistry.data.gov.uk/id/region/inner-london,E13000001,2022-02,2636,monthly,607394,1511005,1009215,754592,552296,2022-02-01
Inner London,http://landregistry.data.gov.uk/id/region/inner-london,E13000001,2022-03,3350,monthly,607474,1523007,1014215,756966,551698,2022-03-01
Inner London,http://landregistry.data.gov.uk/id/region/inner-london,E13000001,2022-04,3004,monthly,606686,1515721,1009279,757267,550774,2022-04-01
Inner London,http://landregistry.data.gov.uk/id/region/inner-london,E13000001,2022-05,3075,monthly,604552,1520981,1013031,761275,546708,2022-05-01
Inner London,http://landregistry.data.gov.uk/id/region/inner-london,E13000001,2022-06,3277,monthly,610085,1523997,1021514,771648,550859,2022-06-01
Inner London,http://landregistry.data.gov.uk/id/region/inner-london,E13000001,2022-07,3672,monthly,616968,1544047,1039548,783911,555878,2022-07-01
Inner London,http://landregistry.data.gov.uk/id/region/inner-london,E13000001,2022-08,3717,monthly,627934,1569973,1060349,799483,565253,2022-08-01
Inner London,http://landregistry.data.gov.uk/id/region/inner-london,E13000001,2022-09,3636,monthly,630057,1588479,1070008,804931,566154,2022-09-01
Inner London,http://landregistry.data.gov.uk/id/region/inner-london,E13000001,2022-10,3309,monthly,623594,1572620,1060743,798291,559856,2022-10-01
Inner London,http://landregistry.data.gov.uk/id/region/inner-london,E13000001,2022-11,3135,monthly,618571,1568857,1053664,792700,555029,2022-11-01
Inner London,http://landregistry.data.gov.uk/id/region/inner-london,E13000001,2022-12,2815,monthly,612625,1556260,1047337,786082,549293,2022-12-01
Inner London,http://landregistry.data.gov.uk/id/region/inner-london,E13000001,2023-01,2030,monthly,616569,1572328,1050860,789082,553453,2023-01-01
Inner London,http://landregistry.data.gov.uk/id/region/inner-london,E13000001,2023-02,1901,monthly,612993,1556965,1043597,782711,550793,2023-02-01
Inner London,http://landregistry.data.gov.uk/id/region/inner-london,E13000001,2023-03,2231,monthly,611185,1550123,1038148,776414,550320,2023-03-01
Inner London,http://landregistry.data.gov.uk/id/region/inner-london,E13000001,2023-04,1623,monthly,607976,1542960,1036189,770838,547714,2023-04-01
Inner London,http://landregistry.data.gov.uk/id/region/inner-london,E13000001,2023-05,1766,monthly,607656,1524523,1027159,768424,548335,2023-05-01
Inner London,http://landregistry.data.gov.uk/id/region/inner-london,E13000001,2023-06,2263,monthly,608887,1527769,1028578,772374,548828,2023-06-01
Inner London,http://landregistry.data.gov.uk/id/region/inner-london,E13000001,2023-07,2449,monthly,605132,1523147,1032509,774005,543412,2023-07-01
Inner London,http://landregistry.data.gov.uk/id/region/inner-london,E13000001,2023-08,2611,monthly,602865,1539950,1043716,776915,539241,2023-08-01
Inner London,http://landregistry.data.gov.uk/id/region/inner-london,E13000001,2023-09,2660,monthly,605775,1550897,1058648,786356,540028,2023-09-01
Inner London,http://landregistry.data.gov.uk/id/region/inner-london,E13000001,2023-10,2234,monthly,604686,1536719,1050569,781395,540238,2023-10-01
Inner London,http://landregistry.data.gov.uk/id/region/inner-london,E13000001,2023-11,2098,monthly,601084,1527221,1043306,774591,537612,2023-11-01
Inner London,http://landregistry.data.gov.uk/id/region/inner-london,E13000001,2023-12,1847,monthly,592395,1495160,1024493,758410,531308,2023-12-01
Inner London,http://landregistry.data.gov.uk/id/region/inner-london,E13000001,2024-01,1193,monthly,586200,1474174,1012507,752493,525293,2024-01-01
Inner London,http://landregistry.data.gov.uk/id/region/inner-london,E13000001,2024-02,799,monthly,580302,1433940,994883,743464,520702,2024-02-01
Inner London,http://landregistry.data.gov.uk/id/region/inner-london,E13000001,2024-03,,monthly,572051,1396483,976759,731602,513773,2024-03-01
Inner London,http://landregistry.data.gov.uk/id/region/inner-london,E13000001,2024-04,,monthly,574168,1375390,976024,728507,517338,2024-04-01
