"Name","URI","Region GSS code","Period","Sales volume","Reporting period","Average price All property types","Average price Detached houses","Average price Semi-detached houses","Average price Terraced houses","Average price Flats and maisonettes","Pivotable date"
Islington,http://landregistry.data.gov.uk/id/region/islington,E09000019,2004-01,234,monthly,274778,663286,433606,368480,253718,2004-01-01
Islington,http://landregistry.data.gov.uk/id/region/islington,E09000019,2004-02,216,monthly,275434,666188,435419,369992,254179,2004-02-01
Islington,http://landregistry.data.gov.uk/id/region/islington,E09000019,2004-03,263,monthly,277706,672231,439930,373691,256088,2004-03-01
Islington,http://landregistry.data.gov.uk/id/region/islington,E09000019,2004-04,313,monthly,282088,676652,447308,381049,259881,2004-04-01
Islington,http://landregistry.data.gov.uk/id/region/islington,E09000019,2004-05,239,monthly,285108,670799,450053,385461,262669,2004-05-01
Islington,http://landregistry.data.gov.uk/id/region/islington,E09000019,2004-06,272,monthly,282674,660792,445549,382099,260458,2004-06-01
Islington,http://landregistry.data.gov.uk/id/region/islington,E09000019,2004-07,348,monthly,287037,672447,453832,388627,264340,2004-07-01
Islington,http://landregistry.data.gov.uk/id/region/islington,E09000019,2004-08,253,monthly,292355,693570,463907,395975,269165,2004-08-01
Islington,http://landregistry.data.gov.uk/id/region/islington,E09000019,2004-09,251,monthly,295199,705156,469890,400438,271642,2004-09-01
Islington,http://landregistry.data.gov.uk/id/region/islington,E09000019,2004-10,223,monthly,292817,695424,461367,394546,270007,2004-10-01
Islington,http://landregistry.data.gov.uk/id/region/islington,E09000019,2004-11,184,monthly,292578,690473,458140,392828,270092,2004-11-01
Islington,http://landregistry.data.gov.uk/id/region/islington,E09000019,2004-12,179,monthly,293591,684944,455144,392427,271440,2004-12-01
Islington,http://landregistry.data.gov.uk/id/region/islington,E09000019,2005-01,139,monthly,293762,683760,456203,394454,271279,2005-01-01
Islington,http://landregistry.data.gov.uk/id/region/islington,E09000019,2005-02,154,monthly,288181,666459,448856,388522,265842,2005-02-01
Islington,http://landregistry.data.gov.uk/id/region/islington,E09000019,2005-03,181,monthly,288641,665422,451759,390647,265964,2005-03-01
Islington,http://landregistry.data.gov.uk/id/region/islington,E09000019,2005-04,233,monthly,288103,657567,450583,389719,265520,2005-04-01
Islington,http://landregistry.data.gov.uk/id/region/islington,E09000019,2005-05,233,monthly,291803,666806,454823,394260,269037,2005-05-01
Islington,http://landregistry.data.gov.uk/id/region/islington,E09000019,2005-06,261,monthly,295461,678607,461798,400920,272081,2005-06-01
Islington,http://landregistry.data.gov.uk/id/region/islington,E09000019,2005-07,300,monthly,298333,688556,467645,405905,274507,2005-07-01
Islington,http://landregistry.data.gov.uk/id/region/islington,E09000019,2005-08,307,monthly,302706,703964,475589,413051,278295,2005-08-01
Islington,http://landregistry.data.gov.uk/id/region/islington,E09000019,2005-09,325,monthly,303348,703606,476182,413808,278916,2005-09-01
Islington,http://landregistry.data.gov.uk/id/region/islington,E09000019,2005-10,275,monthly,303764,700881,474021,413351,279532,2005-10-01
Islington,http://landregistry.data.gov.uk/id/region/islington,E09000019,2005-11,265,monthly,295605,674418,459552,401546,272189,2005-11-01
Islington,http://landregistry.data.gov.uk/id/region/islington,E09000019,2005-12,342,monthly,291277,662443,450202,394414,268473,2005-12-01
Islington,http://landregistry.data.gov.uk/id/region/islington,E09000019,2006-01,224,monthly,294170,670831,456874,400067,270795,2006-01-01
Islington,http://landregistry.data.gov.uk/id/region/islington,E09000019,2006-02,241,monthly,303689,689929,472083,413769,279440,2006-02-01
Islington,http://landregistry.data.gov.uk/id/region/islington,E09000019,2006-03,310,monthly,310486,704998,484774,424462,285418,2006-03-01
Islington,http://landregistry.data.gov.uk/id/region/islington,E09000019,2006-04,261,monthly,318786,724804,498258,436356,292936,2006-04-01
Islington,http://landregistry.data.gov.uk/id/region/islington,E09000019,2006-05,306,monthly,323469,738251,506470,443337,297111,2006-05-01
Islington,http://landregistry.data.gov.uk/id/region/islington,E09000019,2006-06,398,monthly,324999,739445,509177,445921,298425,2006-06-01
Islington,http://landregistry.data.gov.uk/id/region/islington,E09000019,2006-07,367,monthly,318535,725235,500748,439367,292043,2006-07-01
Islington,http://landregistry.data.gov.uk/id/region/islington,E09000019,2006-08,403,monthly,322125,735232,508119,446788,294854,2006-08-01
Islington,http://landregistry.data.gov.uk/id/region/islington,E09000019,2006-09,460,monthly,326007,751290,516858,453944,298021,2006-09-01
Islington,http://landregistry.data.gov.uk/id/region/islington,E09000019,2006-10,340,monthly,336427,772136,530943,466224,308000,2006-10-01
Islington,http://landregistry.data.gov.uk/id/region/islington,E09000019,2006-11,335,monthly,327602,750120,517054,453181,300065,2006-11-01
Islington,http://landregistry.data.gov.uk/id/region/islington,E09000019,2006-12,330,monthly,329443,750159,518799,455634,301801,2006-12-01
Islington,http://landregistry.data.gov.uk/id/region/islington,E09000019,2007-01,298,monthly,333999,764185,526994,462425,305859,2007-01-01
Islington,http://landregistry.data.gov.uk/id/region/islington,E09000019,2007-02,247,monthly,349878,801867,550447,482299,320762,2007-02-01
Islington,http://landregistry.data.gov.uk/id/region/islington,E09000019,2007-03,367,monthly,354272,816029,558198,488611,324735,2007-03-01
Islington,http://landregistry.data.gov.uk/id/region/islington,E09000019,2007-04,294,monthly,359539,828894,567562,498574,329125,2007-04-01
Islington,http://landregistry.data.gov.uk/id/region/islington,E09000019,2007-05,268,monthly,369616,850710,583502,514497,338048,2007-05-01
Islington,http://landregistry.data.gov.uk/id/region/islington,E09000019,2007-06,347,monthly,390211,896725,615568,543031,356917,2007-06-01
Islington,http://landregistry.data.gov.uk/id/region/islington,E09000019,2007-07,352,monthly,399124,920351,631788,556621,364839,2007-07-01
Islington,http://landregistry.data.gov.uk/id/region/islington,E09000019,2007-08,408,monthly,411567,957370,655135,577788,375535,2007-08-01
Islington,http://landregistry.data.gov.uk/id/region/islington,E09000019,2007-09,343,monthly,415463,969665,663469,584139,378904,2007-09-01
Islington,http://landregistry.data.gov.uk/id/region/islington,E09000019,2007-10,274,monthly,419155,975956,664885,585618,382933,2007-10-01
Islington,http://landregistry.data.gov.uk/id/region/islington,E09000019,2007-11,286,monthly,412009,958802,652277,572358,376932,2007-11-01
Islington,http://landregistry.data.gov.uk/id/region/islington,E09000019,2007-12,222,monthly,413153,960884,650553,571730,378393,2007-12-01
Islington,http://landregistry.data.gov.uk/id/region/islington,E09000019,2008-01,205,monthly,408031,954283,643896,564673,373657,2008-01-01
Islington,http://landregistry.data.gov.uk/id/region/islington,E09000019,2008-02,225,monthly,407776,955479,642261,563509,373526,2008-02-01
Islington,http://landregistry.data.gov.uk/id/region/islington,E09000019,2008-03,206,monthly,402113,947578,635415,557083,368103,2008-03-01
Islington,http://landregistry.data.gov.uk/id/region/islington,E09000019,2008-04,194,monthly,402948,949018,636508,559180,368778,2008-04-01
Islington,http://landregistry.data.gov.uk/id/region/islington,E09000019,2008-05,214,monthly,399480,942198,635120,557130,365273,2008-05-01
Islington,http://landregistry.data.gov.uk/id/region/islington,E09000019,2008-06,205,monthly,391881,925059,626086,548641,358074,2008-06-01
Islington,http://landregistry.data.gov.uk/id/region/islington,E09000019,2008-07,186,monthly,394994,929942,636358,554830,360675,2008-07-01
Islington,http://landregistry.data.gov.uk/id/region/islington,E09000019,2008-08,217,monthly,384846,908051,622360,542608,351176,2008-08-01
Islington,http://landregistry.data.gov.uk/id/region/islington,E09000019,2008-09,166,monthly,385328,910252,621035,541745,351793,2008-09-01
Islington,http://landregistry.data.gov.uk/id/region/islington,E09000019,2008-10,146,monthly,368259,871375,589280,515430,336489,2008-10-01
Islington,http://landregistry.data.gov.uk/id/region/islington,E09000019,2008-11,177,monthly,354036,835683,564229,492493,323825,2008-11-01
Islington,http://landregistry.data.gov.uk/id/region/islington,E09000019,2008-12,133,monthly,341817,806208,546644,477299,312449,2008-12-01
Islington,http://landregistry.data.gov.uk/id/region/islington,E09000019,2009-01,93,monthly,329224,780737,528272,459802,300895,2009-01-01
Islington,http://landregistry.data.gov.uk/id/region/islington,E09000019,2009-02,120,monthly,332314,784729,533293,464108,303704,2009-02-01
Islington,http://landregistry.data.gov.uk/id/region/islington,E09000019,2009-03,132,monthly,326811,767636,522902,454419,298883,2009-03-01
Islington,http://landregistry.data.gov.uk/id/region/islington,E09000019,2009-04,134,monthly,331763,776378,531808,462641,303223,2009-04-01
Islington,http://landregistry.data.gov.uk/id/region/islington,E09000019,2009-05,127,monthly,328389,769744,529207,461823,299570,2009-05-01
Islington,http://landregistry.data.gov.uk/id/region/islington,E09000019,2009-06,171,monthly,331470,781201,537508,469999,301800,2009-06-01
Islington,http://landregistry.data.gov.uk/id/region/islington,E09000019,2009-07,283,monthly,339509,804595,556355,487584,308196,2009-07-01
Islington,http://landregistry.data.gov.uk/id/region/islington,E09000019,2009-08,242,monthly,355363,844989,584783,512816,322220,2009-08-01
Islington,http://landregistry.data.gov.uk/id/region/islington,E09000019,2009-09,260,monthly,368899,878690,609791,534662,334142,2009-09-01
Islington,http://landregistry.data.gov.uk/id/region/islington,E09000019,2009-10,248,monthly,371504,886785,615426,538588,336456,2009-10-01
Islington,http://landregistry.data.gov.uk/id/region/islington,E09000019,2009-11,271,monthly,367154,882439,608700,534308,332232,2009-11-01
Islington,http://landregistry.data.gov.uk/id/region/islington,E09000019,2009-12,268,monthly,361012,870319,600132,526344,326516,2009-12-01
Islington,http://landregistry.data.gov.uk/id/region/islington,E09000019,2010-01,183,monthly,368461,888772,615693,543167,332449,2010-01-01
Islington,http://landregistry.data.gov.uk/id/region/islington,E09000019,2010-02,187,monthly,382429,926464,644919,567067,344531,2010-02-01
Islington,http://landregistry.data.gov.uk/id/region/islington,E09000019,2010-03,229,monthly,389436,939433,656920,578599,350743,2010-03-01
Islington,http://landregistry.data.gov.uk/id/region/islington,E09000019,2010-04,205,monthly,393892,950285,663948,583529,354987,2010-04-01
Islington,http://landregistry.data.gov.uk/id/region/islington,E09000019,2010-05,229,monthly,393357,948496,660164,581653,354695,2010-05-01
Islington,http://landregistry.data.gov.uk/id/region/islington,E09000019,2010-06,259,monthly,400083,968999,674651,594846,360258,2010-06-01
Islington,http://landregistry.data.gov.uk/id/region/islington,E09000019,2010-07,273,monthly,403080,989178,685076,604439,362150,2010-07-01
Islington,http://landregistry.data.gov.uk/id/region/islington,E09000019,2010-08,287,monthly,405537,1000669,694809,612248,363710,2010-08-01
Islington,http://landregistry.data.gov.uk/id/region/islington,E09000019,2010-09,247,monthly,412468,1023990,708894,624815,369590,2010-09-01
Islington,http://landregistry.data.gov.uk/id/region/islington,E09000019,2010-10,229,monthly,407174,1004420,697038,613791,365304,2010-10-01
Islington,http://landregistry.data.gov.uk/id/region/islington,E09000019,2010-11,264,monthly,412746,1018695,703819,618769,370791,2010-11-01
Islington,http://landregistry.data.gov.uk/id/region/islington,E09000019,2010-12,210,monthly,407998,1006645,697156,610513,366654,2010-12-01
Islington,http://landregistry.data.gov.uk/id/region/islington,E09000019,2011-01,199,monthly,416960,1030502,714193,624905,374546,2011-01-01
Islington,http://landregistry.data.gov.uk/id/region/islington,E09000019,2011-02,153,monthly,408596,1006591,699960,611635,367230,2011-02-01
Islington,http://landregistry.data.gov.uk/id/region/islington,E09000019,2011-03,198,monthly,411201,1018651,704524,616112,369496,2011-03-01
Islington,http://landregistry.data.gov.uk/id/region/islington,E09000019,2011-04,175,monthly,428175,1056096,731083,639562,385117,2011-04-01
Islington,http://landregistry.data.gov.uk/id/region/islington,E09000019,2011-05,170,monthly,424732,1041684,722008,633285,382271,2011-05-01
Islington,http://landregistry.data.gov.uk/id/region/islington,E09000019,2011-06,214,monthly,425166,1033922,719984,632469,382962,2011-06-01
Islington,http://landregistry.data.gov.uk/id/region/islington,E09000019,2011-07,245,monthly,417268,1010763,706118,621592,375726,2011-07-01
Islington,http://landregistry.data.gov.uk/id/region/islington,E09000019,2011-08,269,monthly,431157,1053314,738239,648597,387063,2011-08-01
Islington,http://landregistry.data.gov.uk/id/region/islington,E09000019,2011-09,284,monthly,439120,1083346,757592,664763,393430,2011-09-01
Islington,http://landregistry.data.gov.uk/id/region/islington,E09000019,2011-10,195,monthly,431861,1074896,750269,655265,386584,2011-10-01
Islington,http://landregistry.data.gov.uk/id/region/islington,E09000019,2011-11,229,monthly,429756,1069095,742721,648046,385401,2011-11-01
Islington,http://landregistry.data.gov.uk/id/region/islington,E09000019,2011-12,246,monthly,425253,1055610,733278,638716,381796,2011-12-01
Islington,http://landregistry.data.gov.uk/id/region/islington,E09000019,2012-01,213,monthly,428084,1067163,740179,645512,383895,2012-01-01
Islington,http://landregistry.data.gov.uk/id/region/islington,E09000019,2012-02,224,monthly,433723,1089604,755561,659050,388060,2012-02-01
Islington,http://landregistry.data.gov.uk/id/region/islington,E09000019,2012-03,221,monthly,435820,1088949,759577,662032,389827,2012-03-01
Islington,http://landregistry.data.gov.uk/id/region/islington,E09000019,2012-04,194,monthly,440525,1092522,763147,666601,394408,2012-04-01
Islington,http://landregistry.data.gov.uk/id/region/islington,E09000019,2012-05,234,monthly,453351,1107266,781469,683180,406304,2012-05-01
Islington,http://landregistry.data.gov.uk/id/region/islington,E09000019,2012-06,274,monthly,454417,1113516,783236,689482,406674,2012-06-01
Islington,http://landregistry.data.gov.uk/id/region/islington,E09000019,2012-07,291,monthly,435077,1070573,754039,663842,388865,2012-07-01
Islington,http://landregistry.data.gov.uk/id/region/islington,E09000019,2012-08,292,monthly,423993,1060092,738748,653179,378132,2012-08-01
Islington,http://landregistry.data.gov.uk/id/region/islington,E09000019,2012-09,251,monthly,429896,1070809,751155,662042,383412,2012-09-01
Islington,http://landregistry.data.gov.uk/id/region/islington,E09000019,2012-10,231,monthly,446416,1111696,777416,685543,398407,2012-10-01
Islington,http://landregistry.data.gov.uk/id/region/islington,E09000019,2012-11,225,monthly,461722,1141758,802628,706333,412421,2012-11-01
Islington,http://landregistry.data.gov.uk/id/region/islington,E09000019,2012-12,187,monthly,462059,1156616,801940,707281,412659,2012-12-01
Islington,http://landregistry.data.gov.uk/id/region/islington,E09000019,2013-01,167,monthly,477205,1192977,835350,732273,425903,2013-01-01
Islington,http://landregistry.data.gov.uk/id/region/islington,E09000019,2013-02,165,monthly,467113,1169235,821823,717887,416723,2013-02-01
Islington,http://landregistry.data.gov.uk/id/region/islington,E09000019,2013-03,226,monthly,473635,1174653,836228,726635,422686,2013-03-01
Islington,http://landregistry.data.gov.uk/id/region/islington,E09000019,2013-04,166,monthly,475031,1179086,837251,730583,423725,2013-04-01
Islington,http://landregistry.data.gov.uk/id/region/islington,E09000019,2013-05,238,monthly,479123,1186966,843429,736805,427397,2013-05-01
Islington,http://landregistry.data.gov.uk/id/region/islington,E09000019,2013-06,278,monthly,485856,1202854,856254,750011,433052,2013-06-01
Islington,http://landregistry.data.gov.uk/id/region/islington,E09000019,2013-07,320,monthly,491034,1211044,865278,759550,437492,2013-07-01
Islington,http://landregistry.data.gov.uk/id/region/islington,E09000019,2013-08,316,monthly,505021,1250831,893254,785876,449356,2013-08-01
Islington,http://landregistry.data.gov.uk/id/region/islington,E09000019,2013-09,250,monthly,510600,1268279,903145,792927,454509,2013-09-01
Islington,http://landregistry.data.gov.uk/id/region/islington,E09000019,2013-10,278,monthly,515581,1285804,910776,798304,459225,2013-10-01
Islington,http://landregistry.data.gov.uk/id/region/islington,E09000019,2013-11,300,monthly,529150,1316276,931143,814479,471924,2013-11-01
Islington,http://landregistry.data.gov.uk/id/region/islington,E09000019,2013-12,294,monthly,539846,1336380,945176,828142,481858,2013-12-01
Islington,http://landregistry.data.gov.uk/id/region/islington,E09000019,2014-01,220,monthly,548119,1359013,959265,838984,489465,2014-01-01
Islington,http://landregistry.data.gov.uk/id/region/islington,E09000019,2014-02,206,monthly,551565,1371900,963074,840913,492945,2014-02-01
Islington,http://landregistry.data.gov.uk/id/region/islington,E09000019,2014-03,214,monthly,557872,1399018,977393,851832,498366,2014-03-01
Islington,http://landregistry.data.gov.uk/id/region/islington,E09000019,2014-04,225,monthly,558630,1400494,979473,853776,498949,2014-04-01
Islington,http://landregistry.data.gov.uk/id/region/islington,E09000019,2014-05,264,monthly,570688,1426491,1000418,874535,509458,2014-05-01
Islington,http://landregistry.data.gov.uk/id/region/islington,E09000019,2014-06,262,monthly,581267,1454642,1018178,892175,518740,2014-06-01
Islington,http://landregistry.data.gov.uk/id/region/islington,E09000019,2014-07,310,monthly,599523,1507008,1050891,923391,534652,2014-07-01
Islington,http://landregistry.data.gov.uk/id/region/islington,E09000019,2014-08,249,monthly,610837,1546519,1073391,944168,544325,2014-08-01
Islington,http://landregistry.data.gov.uk/id/region/islington,E09000019,2014-09,228,monthly,620725,1566630,1091752,959512,553132,2014-09-01
Islington,http://landregistry.data.gov.uk/id/region/islington,E09000019,2014-10,223,monthly,616689,1554206,1082225,949034,550037,2014-10-01
Islington,http://landregistry.data.gov.uk/id/region/islington,E09000019,2014-11,187,monthly,601115,1507421,1052678,921243,536610,2014-11-01
Islington,http://landregistry.data.gov.uk/id/region/islington,E09000019,2014-12,288,monthly,605026,1514765,1055792,923255,540589,2014-12-01
Islington,http://landregistry.data.gov.uk/id/region/islington,E09000019,2015-01,174,monthly,616322,1545531,1077515,941274,550575,2015-01-01
Islington,http://landregistry.data.gov.uk/id/region/islington,E09000019,2015-02,168,monthly,636242,1603393,1114067,972893,568199,2015-02-01
Islington,http://landregistry.data.gov.uk/id/region/islington,E09000019,2015-03,235,monthly,630006,1595743,1105802,963812,562606,2015-03-01
Islington,http://landregistry.data.gov.uk/id/region/islington,E09000019,2015-04,209,monthly,641172,1620463,1121139,980088,572734,2015-04-01
Islington,http://landregistry.data.gov.uk/id/region/islington,E09000019,2015-05,172,monthly,644322,1624607,1125368,982693,575861,2015-05-01
Islington,http://landregistry.data.gov.uk/id/region/islington,E09000019,2015-06,215,monthly,651604,1644745,1140583,998654,581702,2015-06-01
Islington,http://landregistry.data.gov.uk/id/region/islington,E09000019,2015-07,214,monthly,646180,1635270,1135801,992024,576582,2015-07-01
Islington,http://landregistry.data.gov.uk/id/region/islington,E09000019,2015-08,222,monthly,646005,1636621,1136872,994592,576037,2015-08-01
Islington,http://landregistry.data.gov.uk/id/region/islington,E09000019,2015-09,194,monthly,657610,1663201,1152132,1009103,586883,2015-09-01
Islington,http://landregistry.data.gov.uk/id/region/islington,E09000019,2015-10,184,monthly,656970,1655548,1145429,1006050,586653,2015-10-01
Islington,http://landregistry.data.gov.uk/id/region/islington,E09000019,2015-11,197,monthly,652896,1644691,1136843,998742,583172,2015-11-01
Islington,http://landregistry.data.gov.uk/id/region/islington,E09000019,2015-12,198,monthly,638445,1615766,1116461,977925,570028,2015-12-01
Islington,http://landregistry.data.gov.uk/id/region/islington,E09000019,2016-01,170,monthly,638496,1622649,1123059,979456,569800,2016-01-01
Islington,http://landregistry.data.gov.uk/id/region/islington,E09000019,2016-02,172,monthly,628362,1602339,1110418,964553,560608,2016-02-01
Islington,http://landregistry.data.gov.uk/id/region/islington,E09000019,2016-03,529,monthly,646021,1642979,1139306,989805,576641,2016-03-01
Islington,http://landregistry.data.gov.uk/id/region/islington,E09000019,2016-04,163,monthly,640534,1633145,1127058,980220,571913,2016-04-01
Islington,http://landregistry.data.gov.uk/id/region/islington,E09000019,2016-05,141,monthly,645784,1632748,1126471,984156,577273,2016-05-01
Islington,http://landregistry.data.gov.uk/id/region/islington,E09000019,2016-06,153,monthly,632660,1603313,1103321,962623,565737,2016-06-01
Islington,http://landregistry.data.gov.uk/id/region/islington,E09000019,2016-07,221,monthly,648907,1641164,1133582,988797,580063,2016-07-01
Islington,http://landregistry.data.gov.uk/id/region/islington,E09000019,2016-08,161,monthly,657819,1672395,1152581,1003997,587760,2016-08-01
Islington,http://landregistry.data.gov.uk/id/region/islington,E09000019,2016-09,163,monthly,647014,1643457,1134424,988137,578017,2016-09-01
Islington,http://landregistry.data.gov.uk/id/region/islington,E09000019,2016-10,156,monthly,634621,1604614,1105868,962059,567981,2016-10-01
Islington,http://landregistry.data.gov.uk/id/region/islington,E09000019,2016-11,148,monthly,637573,1615232,1110163,963155,571071,2016-11-01
Islington,http://landregistry.data.gov.uk/id/region/islington,E09000019,2016-12,163,monthly,647853,1641931,1125468,976080,580650,2016-12-01
Islington,http://landregistry.data.gov.uk/id/region/islington,E09000019,2017-01,133,monthly,639571,1622608,1109956,964945,573055,2017-01-01
Islington,http://landregistry.data.gov.uk/id/region/islington,E09000019,2017-02,115,monthly,622393,1571184,1070085,933852,558311,2017-02-01
Islington,http://landregistry.data.gov.uk/id/region/islington,E09000019,2017-03,158,monthly,621583,1569614,1063440,930994,557811,2017-03-01
Islington,http://landregistry.data.gov.uk/id/region/islington,E09000019,2017-04,127,monthly,638977,1618481,1091061,955538,573586,2017-04-01
Islington,http://landregistry.data.gov.uk/id/region/islington,E09000019,2017-05,116,monthly,659548,1665312,1125488,984290,592274,2017-05-01
Islington,http://landregistry.data.gov.uk/id/region/islington,E09000019,2017-06,173,monthly,665437,1675098,1131276,993268,597575,2017-06-01
Islington,http://landregistry.data.gov.uk/id/region/islington,E09000019,2017-07,151,monthly,667847,1673570,1133862,996092,599838,2017-07-01
Islington,http://landregistry.data.gov.uk/id/region/islington,E09000019,2017-08,167,monthly,673655,1691810,1147455,1013588,604100,2017-08-01
Islington,http://landregistry.data.gov.uk/id/region/islington,E09000019,2017-09,160,monthly,670683,1684735,1147428,1011292,601176,2017-09-01
Islington,http://landregistry.data.gov.uk/id/region/islington,E09000019,2017-10,127,monthly,657949,1660895,1130979,996747,589235,2017-10-01
Islington,http://landregistry.data.gov.uk/id/region/islington,E09000019,2017-11,132,monthly,644362,1628370,1108731,973126,577374,2017-11-01
Islington,http://landregistry.data.gov.uk/id/region/islington,E09000019,2017-12,135,monthly,639371,1616452,1098872,964352,573037,2017-12-01
Islington,http://landregistry.data.gov.uk/id/region/islington,E09000019,2018-01,120,monthly,652264,1643977,1119808,980933,584903,2018-01-01
Islington,http://landregistry.data.gov.uk/id/region/islington,E09000019,2018-02,117,monthly,646991,1640149,1112652,974471,579975,2018-02-01
Islington,http://landregistry.data.gov.uk/id/region/islington,E09000019,2018-03,133,monthly,651933,1656588,1122156,983730,584144,2018-03-01
Islington,http://landregistry.data.gov.uk/id/region/islington,E09000019,2018-04,124,monthly,637412,1628431,1099304,966312,570467,2018-04-01
Islington,http://landregistry.data.gov.uk/id/region/islington,E09000019,2018-05,131,monthly,651023,1671634,1128318,991995,581870,2018-05-01
Islington,http://landregistry.data.gov.uk/id/region/islington,E09000019,2018-06,119,monthly,655134,1682715,1142133,998589,585421,2018-06-01
Islington,http://landregistry.data.gov.uk/id/region/islington,E09000019,2018-07,159,monthly,677798,1747148,1187552,1034964,605342,2018-07-01
Islington,http://landregistry.data.gov.uk/id/region/islington,E09000019,2018-08,190,monthly,667866,1712671,1172250,1019478,596510,2018-08-01
Islington,http://landregistry.data.gov.uk/id/region/islington,E09000019,2018-09,188,monthly,660512,1703614,1164000,1012240,589320,2018-09-01
Islington,http://landregistry.data.gov.uk/id/region/islington,E09000019,2018-10,154,monthly,634991,1633598,1117017,969489,567081,2018-10-01
Islington,http://landregistry.data.gov.uk/id/region/islington,E09000019,2018-11,171,monthly,635088,1645803,1120875,969992,567053,2018-11-01
Islington,http://landregistry.data.gov.uk/id/region/islington,E09000019,2018-12,146,monthly,623384,1606448,1092475,946149,557534,2018-12-01
Islington,http://landregistry.data.gov.uk/id/region/islington,E09000019,2019-01,128,monthly,635328,1642163,1115174,965667,567995,2019-01-01
Islington,http://landregistry.data.gov.uk/id/region/islington,E09000019,2019-02,156,monthly,627072,1621390,1098584,951950,560812,2019-02-01
Islington,http://landregistry.data.gov.uk/id/region/islington,E09000019,2019-03,167,monthly,628268,1632742,1106861,959097,561089,2019-03-01
Islington,http://landregistry.data.gov.uk/id/region/islington,E09000019,2019-04,132,monthly,620615,1615810,1095851,951365,553762,2019-04-01
Islington,http://landregistry.data.gov.uk/id/region/islington,E09000019,2019-05,147,monthly,626484,1628355,1107782,965233,558420,2019-05-01
Islington,http://landregistry.data.gov.uk/id/region/islington,E09000019,2019-06,172,monthly,626400,1623913,1107121,966571,558186,2019-06-01
Islington,http://landregistry.data.gov.uk/id/region/islington,E09000019,2019-07,189,monthly,630553,1625815,1111834,972530,561980,2019-07-01
Islington,http://landregistry.data.gov.uk/id/region/islington,E09000019,2019-08,184,monthly,642986,1665129,1137534,996872,572421,2019-08-01
Islington,http://landregistry.data.gov.uk/id/region/islington,E09000019,2019-09,138,monthly,653913,1699484,1158561,1016717,581787,2019-09-01
Islington,http://landregistry.data.gov.uk/id/region/islington,E09000019,2019-10,177,monthly,641507,1670453,1142992,997926,570616,2019-10-01
Islington,http://landregistry.data.gov.uk/id/region/islington,E09000019,2019-11,160,monthly,627326,1632635,1117922,971844,558459,2019-11-01
Islington,http://landregistry.data.gov.uk/id/region/islington,E09000019,2019-12,124,monthly,641376,1661697,1140568,988577,571585,2019-12-01
Islington,http://landregistry.data.gov.uk/id/region/islington,E09000019,2020-01,120,monthly,665846,1722962,1183914,1028222,593174,2020-01-01
Islington,http://landregistry.data.gov.uk/id/region/islington,E09000019,2020-02,174,monthly,668759,1725845,1197148,1037292,595152,2020-02-01
Islington,http://landregistry.data.gov.uk/id/region/islington,E09000019,2020-03,234,monthly,650972,1679438,1174530,1015442,578555,2020-03-01
Islington,http://landregistry.data.gov.uk/id/region/islington,E09000019,2020-04,82,monthly,640673,1654599,1167446,1005569,568556,2020-04-01
Islington,http://landregistry.data.gov.uk/id/region/islington,E09000019,2020-05,64,monthly,631826,1628665,1150123,986396,561338,2020-05-01
Islington,http://landregistry.data.gov.uk/id/region/islington,E09000019,2020-06,69,monthly,640918,1654086,1169613,1004315,568949,2020-06-01
Islington,http://landregistry.data.gov.uk/id/region/islington,E09000019,2020-07,114,monthly,654876,1691500,1189134,1025922,581429,2020-07-01
Islington,http://landregistry.data.gov.uk/id/region/islington,E09000019,2020-08,112,monthly,677679,1766898,1239420,1073593,600178,2020-08-01
Islington,http://landregistry.data.gov.uk/id/region/islington,E09000019,2020-09,192,monthly,686855,1804007,1263712,1095465,607367,2020-09-01
Islington,http://landregistry.data.gov.uk/id/region/islington,E09000019,2020-10,164,monthly,684552,1809910,1265551,1099992,604313,2020-10-01
Islington,http://landregistry.data.gov.uk/id/region/islington,E09000019,2020-11,165,monthly,668830,1763775,1232716,1075486,590396,2020-11-01
Islington,http://landregistry.data.gov.uk/id/region/islington,E09000019,2020-12,261,monthly,662766,1749639,1219372,1066292,585000,2020-12-01
Islington,http://landregistry.data.gov.uk/id/region/islington,E09000019,2021-01,155,monthly,669819,1756681,1224940,1069648,592232,2021-01-01
Islington,http://landregistry.data.gov.uk/id/region/islington,E09000019,2021-02,189,monthly,681568,1768925,1233458,1079618,603823,2021-02-01
Islington,http://landregistry.data.gov.uk/id/region/islington,E09000019,2021-03,333,monthly,686817,1755400,1226552,1076858,610016,2021-03-01
Islington,http://landregistry.data.gov.uk/id/region/islington,E09000019,2021-04,193,monthly,668732,1699855,1185787,1044389,594587,2021-04-01
Islington,http://landregistry.data.gov.uk/id/region/islington,E09000019,2021-05,145,monthly,655242,1664917,1161915,1022801,582661,2021-05-01
Islington,http://landregistry.data.gov.uk/id/region/islington,E09000019,2021-06,652,monthly,647783,1642938,1146858,1015481,575497,2021-06-01
Islington,http://landregistry.data.gov.uk/id/region/islington,E09000019,2021-07,38,monthly,658962,1689014,1183228,1035173,584945,2021-07-01
Islington,http://landregistry.data.gov.uk/id/region/islington,E09000019,2021-08,107,monthly,679542,1784473,1244224,1077944,601576,2021-08-01
Islington,http://landregistry.data.gov.uk/id/region/islington,E09000019,2021-09,282,monthly,684909,1821508,1267624,1089124,605806,2021-09-01
Islington,http://landregistry.data.gov.uk/id/region/islington,E09000019,2021-10,97,monthly,703390,1897324,1306358,1123763,621396,2021-10-01
Islington,http://landregistry.data.gov.uk/id/region/islington,E09000019,2021-11,124,monthly,702022,1887800,1300033,1119615,620478,2021-11-01
Islington,http://landregistry.data.gov.uk/id/region/islington,E09000019,2021-12,154,monthly,711513,1938724,1327848,1140493,628003,2021-12-01
Islington,http://landregistry.data.gov.uk/id/region/islington,E09000019,2022-01,114,monthly,683079,1859279,1278891,1099998,602234,2022-01-01
Islington,http://landregistry.data.gov.uk/id/region/islington,E09000019,2022-02,151,monthly,681656,1850567,1272261,1095802,601358,2022-02-01
Islington,http://landregistry.data.gov.uk/id/region/islington,E09000019,2022-03,179,monthly,686609,1858105,1282500,1101332,606077,2022-03-01
Islington,http://landregistry.data.gov.uk/id/region/islington,E09000019,2022-04,169,monthly,703534,1893106,1308661,1128664,621092,2022-04-01
Islington,http://landregistry.data.gov.uk/id/region/islington,E09000019,2022-05,185,monthly,707370,1910994,1323980,1142324,623309,2022-05-01
Islington,http://landregistry.data.gov.uk/id/region/islington,E09000019,2022-06,178,monthly,688713,1849306,1285084,1113332,606793,2022-06-01
Islington,http://landregistry.data.gov.uk/id/region/islington,E09000019,2022-07,188,monthly,680811,1842739,1279636,1107489,598727,2022-07-01
Islington,http://landregistry.data.gov.uk/id/region/islington,E09000019,2022-08,228,monthly,695244,1887554,1310503,1137768,610440,2022-08-01
Islington,http://landregistry.data.gov.uk/id/region/islington,E09000019,2022-09,188,monthly,708777,1949372,1350136,1170150,620683,2022-09-01
Islington,http://landregistry.data.gov.uk/id/region/islington,E09000019,2022-10,215,monthly,704571,1934626,1338688,1161613,617270,2022-10-01
Islington,http://landregistry.data.gov.uk/id/region/islington,E09000019,2022-11,181,monthly,693106,1902033,1314901,1139309,607712,2022-11-01
Islington,http://landregistry.data.gov.uk/id/region/islington,E09000019,2022-12,150,monthly,682086,1866004,1290101,1117654,598590,2022-12-01
Islington,http://landregistry.data.gov.uk/id/region/islington,E09000019,2023-01,104,monthly,679326,1860685,1287762,1111857,596294,2023-01-01
Islington,http://landregistry.data.gov.uk/id/region/islington,E09000019,2023-02,105,monthly,663739,1822868,1260729,1086072,582558,2023-02-01
Islington,http://landregistry.data.gov.uk/id/region/islington,E09000019,2023-03,139,monthly,668271,1843983,1272618,1089690,587032,2023-03-01
Islington,http://landregistry.data.gov.uk/id/region/islington,E09000019,2023-04,94,monthly,677528,1873025,1291072,1103872,595289,2023-04-01
Islington,http://landregistry.data.gov.uk/id/region/islington,E09000019,2023-05,111,monthly,691049,1899026,1311705,1122113,607876,2023-05-01
Islington,http://landregistry.data.gov.uk/id/region/islington,E09000019,2023-06,130,monthly,687233,1885947,1304926,1120750,603750,2023-06-01
Islington,http://landregistry.data.gov.uk/id/region/islington,E09000019,2023-07,155,monthly,692982,1906770,1323121,1137009,607598,2023-07-01
Islington,http://landregistry.data.gov.uk/id/region/islington,E09000019,2023-08,175,monthly,694548,1924200,1337625,1149431,607219,2023-08-01
Islington,http://landregistry.data.gov.uk/id/region/islington,E09000019,2023-09,154,monthly,702999,1954057,1358552,1167751,613847,2023-09-01
Islington,http://landregistry.data.gov.uk/id/region/islington,E09000019,2023-10,147,monthly,706094,1962864,1364102,1170439,616940,2023-10-01
Islington,http://landregistry.data.gov.uk/id/region/islington,E09000019,2023-11,145,monthly,695478,1931256,1341082,1147846,608488,2023-11-01
Islington,http://landregistry.data.gov.uk/id/region/islington,E09000019,2023-12,137,monthly,693597,1921154,1335113,1139938,607641,2023-12-01
Islington,http://landregistry.data.gov.uk/id/region/islington,E09000019,2024-01,60,monthly,672212,1860173,1293007,1106333,588681,2024-01-01
Islington,http://landregistry.data.gov.uk/id/region/islington,E09000019,2024-02,56,monthly,671403,1854484,1295291,1105048,587946,2024-02-01
Islington,http://landregistry.data.gov.uk/id/region/islington,E09000019,2024-03,,monthly,676468,1862517,1306450,1109213,593071,2024-03-01
Islington,http://landregistry.data.gov.uk/id/region/islington,E09000019,2024-04,,monthly,668635,1829502,1292351,1093069,586748,2024-04-01
