"Name","URI","Region GSS code","Period","Sales volume","Reporting period","Average price All property types","Average price Detached houses","Average price Semi-detached houses","Average price Terraced houses","Average price Flats and maisonettes","Pivotable date"
Kensington and Chelsea,http://landregistry.data.gov.uk/id/region/kensington-and-chelsea,E09000020,2004-01,340,monthly,495894,1186143,1204092,810769,445679,2004-01-01
Kensington and Chelsea,http://landregistry.data.gov.uk/id/region/kensington-and-chelsea,E09000020,2004-02,308,monthly,506469,1212556,1238610,834787,454275,2004-02-01
Kensington and Chelsea,http://landregistry.data.gov.uk/id/region/kensington-and-chelsea,E09000020,2004-03,354,monthly,504555,1205659,1235245,834688,452073,2004-03-01
Kensington and Chelsea,http://landregistry.data.gov.uk/id/region/kensington-and-chelsea,E09000020,2004-04,401,monthly,490464,1160365,1199672,813251,439243,2004-04-01
Kensington and Chelsea,http://landregistry.data.gov.uk/id/region/kensington-and-chelsea,E09000020,2004-05,360,monthly,488594,1132377,1179285,803404,438453,2004-05-01
Kensington and Chelsea,http://landregistry.data.gov.uk/id/region/kensington-and-chelsea,E09000020,2004-06,363,monthly,492778,1135549,1190540,810621,442171,2004-06-01
Kensington and Chelsea,http://landregistry.data.gov.uk/id/region/kensington-and-chelsea,E09000020,2004-07,423,monthly,534860,1239072,1299152,882181,479626,2004-07-01
Kensington and Chelsea,http://landregistry.data.gov.uk/id/region/kensington-and-chelsea,E09000020,2004-08,317,monthly,547674,1287582,1345291,911710,490046,2004-08-01
Kensington and Chelsea,http://landregistry.data.gov.uk/id/region/kensington-and-chelsea,E09000020,2004-09,340,monthly,559286,1325327,1382161,934316,500008,2004-09-01
Kensington and Chelsea,http://landregistry.data.gov.uk/id/region/kensington-and-chelsea,E09000020,2004-10,275,monthly,523246,1233265,1283485,870370,468266,2004-10-01
Kensington and Chelsea,http://landregistry.data.gov.uk/id/region/kensington-and-chelsea,E09000020,2004-11,247,monthly,517540,1213619,1262650,857321,463609,2004-11-01
Kensington and Chelsea,http://landregistry.data.gov.uk/id/region/kensington-and-chelsea,E09000020,2004-12,278,monthly,484880,1124667,1171559,800131,434769,2004-12-01
Kensington and Chelsea,http://landregistry.data.gov.uk/id/region/kensington-and-chelsea,E09000020,2005-01,257,monthly,477958,1108969,1158832,793635,427968,2005-01-01
Kensington and Chelsea,http://landregistry.data.gov.uk/id/region/kensington-and-chelsea,E09000020,2005-02,189,monthly,480086,1124313,1180809,806959,428587,2005-02-01
Kensington and Chelsea,http://landregistry.data.gov.uk/id/region/kensington-and-chelsea,E09000020,2005-03,274,monthly,489291,1147898,1211527,825671,436439,2005-03-01
Kensington and Chelsea,http://landregistry.data.gov.uk/id/region/kensington-and-chelsea,E09000020,2005-04,294,monthly,507964,1185335,1263154,858245,452944,2005-04-01
Kensington and Chelsea,http://landregistry.data.gov.uk/id/region/kensington-and-chelsea,E09000020,2005-05,274,monthly,518054,1188634,1265693,864202,463531,2005-05-01
Kensington and Chelsea,http://landregistry.data.gov.uk/id/region/kensington-and-chelsea,E09000020,2005-06,315,monthly,527082,1212082,1282961,880070,471520,2005-06-01
Kensington and Chelsea,http://landregistry.data.gov.uk/id/region/kensington-and-chelsea,E09000020,2005-07,327,monthly,540566,1248056,1315327,902481,483589,2005-07-01
Kensington and Chelsea,http://landregistry.data.gov.uk/id/region/kensington-and-chelsea,E09000020,2005-08,286,monthly,529996,1235206,1293089,888508,473607,2005-08-01
Kensington and Chelsea,http://landregistry.data.gov.uk/id/region/kensington-and-chelsea,E09000020,2005-09,331,monthly,542761,1277578,1335656,914920,484287,2005-09-01
Kensington and Chelsea,http://landregistry.data.gov.uk/id/region/kensington-and-chelsea,E09000020,2005-10,231,monthly,532195,1253221,1306090,896836,474912,2005-10-01
Kensington and Chelsea,http://landregistry.data.gov.uk/id/region/kensington-and-chelsea,E09000020,2005-11,273,monthly,540675,1265865,1330711,912561,482287,2005-11-01
Kensington and Chelsea,http://landregistry.data.gov.uk/id/region/kensington-and-chelsea,E09000020,2005-12,299,monthly,555847,1283239,1350948,931474,496806,2005-12-01
Kensington and Chelsea,http://landregistry.data.gov.uk/id/region/kensington-and-chelsea,E09000020,2006-01,319,monthly,565247,1307906,1385229,953151,504392,2006-01-01
Kensington and Chelsea,http://landregistry.data.gov.uk/id/region/kensington-and-chelsea,E09000020,2006-02,233,monthly,569195,1338637,1404489,966644,506987,2006-02-01
Kensington and Chelsea,http://landregistry.data.gov.uk/id/region/kensington-and-chelsea,E09000020,2006-03,371,monthly,570415,1364415,1429907,978853,506639,2006-03-01
Kensington and Chelsea,http://landregistry.data.gov.uk/id/region/kensington-and-chelsea,E09000020,2006-04,347,monthly,581164,1401334,1450481,994770,516567,2006-04-01
Kensington and Chelsea,http://landregistry.data.gov.uk/id/region/kensington-and-chelsea,E09000020,2006-05,338,monthly,590768,1442039,1475975,1011331,525051,2006-05-01
Kensington and Chelsea,http://landregistry.data.gov.uk/id/region/kensington-and-chelsea,E09000020,2006-06,400,monthly,599841,1474804,1505406,1031035,532483,2006-06-01
Kensington and Chelsea,http://landregistry.data.gov.uk/id/region/kensington-and-chelsea,E09000020,2006-07,366,monthly,606796,1495741,1530298,1050157,537622,2006-07-01
Kensington and Chelsea,http://landregistry.data.gov.uk/id/region/kensington-and-chelsea,E09000020,2006-08,355,monthly,609829,1483719,1537201,1056534,540186,2006-08-01
Kensington and Chelsea,http://landregistry.data.gov.uk/id/region/kensington-and-chelsea,E09000020,2006-09,394,monthly,603462,1477923,1521647,1045560,534522,2006-09-01
Kensington and Chelsea,http://landregistry.data.gov.uk/id/region/kensington-and-chelsea,E09000020,2006-10,360,monthly,604626,1475089,1521900,1044009,536063,2006-10-01
Kensington and Chelsea,http://landregistry.data.gov.uk/id/region/kensington-and-chelsea,E09000020,2006-11,350,monthly,630206,1533477,1586251,1087406,558853,2006-11-01
Kensington and Chelsea,http://landregistry.data.gov.uk/id/region/kensington-and-chelsea,E09000020,2006-12,375,monthly,644541,1572387,1626176,1116479,570951,2006-12-01
Kensington and Chelsea,http://landregistry.data.gov.uk/id/region/kensington-and-chelsea,E09000020,2007-01,397,monthly,682118,1667696,1728253,1184369,603798,2007-01-01
Kensington and Chelsea,http://landregistry.data.gov.uk/id/region/kensington-and-chelsea,E09000020,2007-02,317,monthly,695308,1703080,1767720,1208743,615116,2007-02-01
Kensington and Chelsea,http://landregistry.data.gov.uk/id/region/kensington-and-chelsea,E09000020,2007-03,352,monthly,712066,1726926,1814009,1242406,629617,2007-03-01
Kensington and Chelsea,http://landregistry.data.gov.uk/id/region/kensington-and-chelsea,E09000020,2007-04,311,monthly,718862,1747349,1835465,1260746,634929,2007-04-01
Kensington and Chelsea,http://landregistry.data.gov.uk/id/region/kensington-and-chelsea,E09000020,2007-05,320,monthly,718509,1742837,1832502,1260724,634567,2007-05-01
Kensington and Chelsea,http://landregistry.data.gov.uk/id/region/kensington-and-chelsea,E09000020,2007-06,327,monthly,723633,1760730,1849022,1269359,639109,2007-06-01
Kensington and Chelsea,http://landregistry.data.gov.uk/id/region/kensington-and-chelsea,E09000020,2007-07,372,monthly,746127,1821158,1913999,1312650,658545,2007-07-01
Kensington and Chelsea,http://landregistry.data.gov.uk/id/region/kensington-and-chelsea,E09000020,2007-08,328,monthly,779957,1909637,2004414,1374781,688106,2007-08-01
Kensington and Chelsea,http://landregistry.data.gov.uk/id/region/kensington-and-chelsea,E09000020,2007-09,275,monthly,830950,2047777,2147684,1470628,732421,2007-09-01
Kensington and Chelsea,http://landregistry.data.gov.uk/id/region/kensington-and-chelsea,E09000020,2007-10,226,monthly,808270,1988514,2076719,1426566,712886,2007-10-01
Kensington and Chelsea,http://landregistry.data.gov.uk/id/region/kensington-and-chelsea,E09000020,2007-11,299,monthly,777268,1930235,2007895,1375916,685055,2007-11-01
Kensington and Chelsea,http://landregistry.data.gov.uk/id/region/kensington-and-chelsea,E09000020,2007-12,168,monthly,767083,1891318,1960336,1340446,677979,2007-12-01
Kensington and Chelsea,http://landregistry.data.gov.uk/id/region/kensington-and-chelsea,E09000020,2008-01,186,monthly,810781,2014308,2082228,1421944,716013,2008-01-01
Kensington and Chelsea,http://landregistry.data.gov.uk/id/region/kensington-and-chelsea,E09000020,2008-02,149,monthly,832753,2062789,2132440,1459647,735558,2008-02-01
Kensington and Chelsea,http://landregistry.data.gov.uk/id/region/kensington-and-chelsea,E09000020,2008-03,133,monthly,808429,2009098,2080632,1429118,712758,2008-03-01
Kensington and Chelsea,http://landregistry.data.gov.uk/id/region/kensington-and-chelsea,E09000020,2008-04,186,monthly,762673,1906525,1982039,1358194,671264,2008-04-01
Kensington and Chelsea,http://landregistry.data.gov.uk/id/region/kensington-and-chelsea,E09000020,2008-05,162,monthly,760593,1906698,1991358,1365145,668229,2008-05-01
Kensington and Chelsea,http://landregistry.data.gov.uk/id/region/kensington-and-chelsea,E09000020,2008-06,133,monthly,766472,1919172,2008316,1380173,672932,2008-06-01
Kensington and Chelsea,http://landregistry.data.gov.uk/id/region/kensington-and-chelsea,E09000020,2008-07,164,monthly,822508,2059032,2177640,1491158,720989,2008-07-01
Kensington and Chelsea,http://landregistry.data.gov.uk/id/region/kensington-and-chelsea,E09000020,2008-08,117,monthly,806857,2016218,2131512,1461362,707454,2008-08-01
Kensington and Chelsea,http://landregistry.data.gov.uk/id/region/kensington-and-chelsea,E09000020,2008-09,155,monthly,811950,2040055,2144731,1467204,712243,2008-09-01
Kensington and Chelsea,http://landregistry.data.gov.uk/id/region/kensington-and-chelsea,E09000020,2008-10,117,monthly,754939,1882350,1959677,1344057,664496,2008-10-01
Kensington and Chelsea,http://landregistry.data.gov.uk/id/region/kensington-and-chelsea,E09000020,2008-11,90,monthly,754636,1887592,1969333,1347125,663783,2008-11-01
Kensington and Chelsea,http://landregistry.data.gov.uk/id/region/kensington-and-chelsea,E09000020,2008-12,105,monthly,725424,1807143,1891472,1296765,637930,2008-12-01
Kensington and Chelsea,http://landregistry.data.gov.uk/id/region/kensington-and-chelsea,E09000020,2009-01,78,monthly,668546,1670345,1738923,1193842,588061,2009-01-01
Kensington and Chelsea,http://landregistry.data.gov.uk/id/region/kensington-and-chelsea,E09000020,2009-02,95,monthly,627150,1529937,1612648,1109019,552984,2009-02-01
Kensington and Chelsea,http://landregistry.data.gov.uk/id/region/kensington-and-chelsea,E09000020,2009-03,121,monthly,598430,1440725,1531940,1053335,528222,2009-03-01
Kensington and Chelsea,http://landregistry.data.gov.uk/id/region/kensington-and-chelsea,E09000020,2009-04,137,monthly,622563,1475998,1586211,1091987,550041,2009-04-01
Kensington and Chelsea,http://landregistry.data.gov.uk/id/region/kensington-and-chelsea,E09000020,2009-05,137,monthly,664598,1552788,1688812,1166115,587185,2009-05-01
Kensington and Chelsea,http://landregistry.data.gov.uk/id/region/kensington-and-chelsea,E09000020,2009-06,173,monthly,719453,1665191,1826764,1264292,635453,2009-06-01
Kensington and Chelsea,http://landregistry.data.gov.uk/id/region/kensington-and-chelsea,E09000020,2009-07,232,monthly,770240,1778955,1967799,1364785,678952,2009-07-01
Kensington and Chelsea,http://landregistry.data.gov.uk/id/region/kensington-and-chelsea,E09000020,2009-08,187,monthly,782459,1868348,2031684,1407554,687066,2009-08-01
Kensington and Chelsea,http://landregistry.data.gov.uk/id/region/kensington-and-chelsea,E09000020,2009-09,228,monthly,763330,1836686,1996807,1382562,669104,2009-09-01
Kensington and Chelsea,http://landregistry.data.gov.uk/id/region/kensington-and-chelsea,E09000020,2009-10,229,monthly,736741,1786180,1942304,1342113,644842,2009-10-01
Kensington and Chelsea,http://landregistry.data.gov.uk/id/region/kensington-and-chelsea,E09000020,2009-11,226,monthly,753693,1797441,1966612,1364734,660733,2009-11-01
Kensington and Chelsea,http://landregistry.data.gov.uk/id/region/kensington-and-chelsea,E09000020,2009-12,176,monthly,755047,1796146,1970898,1366720,661979,2009-12-01
Kensington and Chelsea,http://landregistry.data.gov.uk/id/region/kensington-and-chelsea,E09000020,2010-01,202,monthly,794620,1909621,2076506,1445219,695861,2010-01-01
Kensington and Chelsea,http://landregistry.data.gov.uk/id/region/kensington-and-chelsea,E09000020,2010-02,151,monthly,778622,1941252,2069090,1429997,680080,2010-02-01
Kensington and Chelsea,http://landregistry.data.gov.uk/id/region/kensington-and-chelsea,E09000020,2010-03,207,monthly,820954,2074806,2193385,1518912,715711,2010-03-01
Kensington and Chelsea,http://landregistry.data.gov.uk/id/region/kensington-and-chelsea,E09000020,2010-04,221,monthly,818816,2085501,2188760,1510020,714363,2010-04-01
Kensington and Chelsea,http://landregistry.data.gov.uk/id/region/kensington-and-chelsea,E09000020,2010-05,181,monthly,855775,2196905,2275438,1569879,747526,2010-05-01
Kensington and Chelsea,http://landregistry.data.gov.uk/id/region/kensington-and-chelsea,E09000020,2010-06,224,monthly,821510,2134296,2185877,1508382,717406,2010-06-01
Kensington and Chelsea,http://landregistry.data.gov.uk/id/region/kensington-and-chelsea,E09000020,2010-07,253,monthly,845614,2261295,2271190,1569514,736470,2010-07-01
Kensington and Chelsea,http://landregistry.data.gov.uk/id/region/kensington-and-chelsea,E09000020,2010-08,198,monthly,826390,2205785,2228637,1535855,719487,2010-08-01
Kensington and Chelsea,http://landregistry.data.gov.uk/id/region/kensington-and-chelsea,E09000020,2010-09,218,monthly,863878,2316743,2343106,1615352,751018,2010-09-01
Kensington and Chelsea,http://landregistry.data.gov.uk/id/region/kensington-and-chelsea,E09000020,2010-10,197,monthly,859065,2252626,2324205,1597728,747852,2010-10-01
Kensington and Chelsea,http://landregistry.data.gov.uk/id/region/kensington-and-chelsea,E09000020,2010-11,177,monthly,877861,2307764,2373648,1630829,764415,2010-11-01
Kensington and Chelsea,http://landregistry.data.gov.uk/id/region/kensington-and-chelsea,E09000020,2010-12,201,monthly,884674,2324536,2394260,1640346,770676,2010-12-01
Kensington and Chelsea,http://landregistry.data.gov.uk/id/region/kensington-and-chelsea,E09000020,2011-01,182,monthly,860460,2289839,2343593,1615521,747373,2011-01-01
Kensington and Chelsea,http://landregistry.data.gov.uk/id/region/kensington-and-chelsea,E09000020,2011-02,164,monthly,844014,2253803,2320512,1608791,730391,2011-02-01
Kensington and Chelsea,http://landregistry.data.gov.uk/id/region/kensington-and-chelsea,E09000020,2011-03,235,monthly,879557,2384970,2440291,1695090,759071,2011-03-01
Kensington and Chelsea,http://landregistry.data.gov.uk/id/region/kensington-and-chelsea,E09000020,2011-04,266,monthly,959520,2597469,2656958,1840548,828992,2011-04-01
Kensington and Chelsea,http://landregistry.data.gov.uk/id/region/kensington-and-chelsea,E09000020,2011-05,158,monthly,939202,2496679,2550680,1769607,815209,2011-05-01
Kensington and Chelsea,http://landregistry.data.gov.uk/id/region/kensington-and-chelsea,E09000020,2011-06,187,monthly,911740,2372353,2433439,1686007,794995,2011-06-01
Kensington and Chelsea,http://landregistry.data.gov.uk/id/region/kensington-and-chelsea,E09000020,2011-07,245,monthly,877358,2250850,2319904,1610583,766423,2011-07-01
Kensington and Chelsea,http://landregistry.data.gov.uk/id/region/kensington-and-chelsea,E09000020,2011-08,235,monthly,912819,2376203,2458006,1701867,794268,2011-08-01
Kensington and Chelsea,http://landregistry.data.gov.uk/id/region/kensington-and-chelsea,E09000020,2011-09,238,monthly,931099,2464620,2543549,1760155,807375,2011-09-01
Kensington and Chelsea,http://landregistry.data.gov.uk/id/region/kensington-and-chelsea,E09000020,2011-10,184,monthly,916676,2451059,2518904,1736645,794352,2011-10-01
Kensington and Chelsea,http://landregistry.data.gov.uk/id/region/kensington-and-chelsea,E09000020,2011-11,202,monthly,950767,2538855,2610531,1800445,823992,2011-11-01
Kensington and Chelsea,http://landregistry.data.gov.uk/id/region/kensington-and-chelsea,E09000020,2011-12,167,monthly,919569,2419479,2486067,1709529,800588,2011-12-01
Kensington and Chelsea,http://landregistry.data.gov.uk/id/region/kensington-and-chelsea,E09000020,2012-01,187,monthly,929644,2432661,2510481,1722795,809964,2012-01-01
Kensington and Chelsea,http://landregistry.data.gov.uk/id/region/kensington-and-chelsea,E09000020,2012-02,167,monthly,933654,2439950,2544926,1740888,812232,2012-02-01
Kensington and Chelsea,http://landregistry.data.gov.uk/id/region/kensington-and-chelsea,E09000020,2012-03,159,monthly,941251,2465018,2593211,1773726,816673,2012-03-01
Kensington and Chelsea,http://landregistry.data.gov.uk/id/region/kensington-and-chelsea,E09000020,2012-04,170,monthly,970715,2531714,2664509,1827750,842459,2012-04-01
Kensington and Chelsea,http://landregistry.data.gov.uk/id/region/kensington-and-chelsea,E09000020,2012-05,190,monthly,974635,2522159,2636025,1813840,848323,2012-05-01
Kensington and Chelsea,http://landregistry.data.gov.uk/id/region/kensington-and-chelsea,E09000020,2012-06,190,monthly,1030803,2664242,2777250,1922360,896839,2012-06-01
Kensington and Chelsea,http://landregistry.data.gov.uk/id/region/kensington-and-chelsea,E09000020,2012-07,234,monthly,1032875,2676680,2795065,1936328,897503,2012-07-01
Kensington and Chelsea,http://landregistry.data.gov.uk/id/region/kensington-and-chelsea,E09000020,2012-08,173,monthly,1042777,2717037,2826607,1960918,905413,2012-08-01
Kensington and Chelsea,http://landregistry.data.gov.uk/id/region/kensington-and-chelsea,E09000020,2012-09,196,monthly,1058206,2769462,2884911,1998646,917800,2012-09-01
Kensington and Chelsea,http://landregistry.data.gov.uk/id/region/kensington-and-chelsea,E09000020,2012-10,181,monthly,1077366,2817967,2931729,2029285,935031,2012-10-01
Kensington and Chelsea,http://landregistry.data.gov.uk/id/region/kensington-and-chelsea,E09000020,2012-11,184,monthly,1071778,2807272,2925396,2025586,929410,2012-11-01
Kensington and Chelsea,http://landregistry.data.gov.uk/id/region/kensington-and-chelsea,E09000020,2012-12,189,monthly,1044834,2738951,2838774,1962853,907345,2012-12-01
Kensington and Chelsea,http://landregistry.data.gov.uk/id/region/kensington-and-chelsea,E09000020,2013-01,181,monthly,1067550,2812426,2945153,2028131,924500,2013-01-01
Kensington and Chelsea,http://landregistry.data.gov.uk/id/region/kensington-and-chelsea,E09000020,2013-02,145,monthly,1060810,2789629,2939350,2022518,917904,2013-02-01
Kensington and Chelsea,http://landregistry.data.gov.uk/id/region/kensington-and-chelsea,E09000020,2013-03,206,monthly,1076419,2820873,2983409,2055794,931138,2013-03-01
Kensington and Chelsea,http://landregistry.data.gov.uk/id/region/kensington-and-chelsea,E09000020,2013-04,174,monthly,1043141,2719547,2853274,1976166,904282,2013-04-01
Kensington and Chelsea,http://landregistry.data.gov.uk/id/region/kensington-and-chelsea,E09000020,2013-05,221,monthly,1086593,2821813,2967623,2052698,942619,2013-05-01
Kensington and Chelsea,http://landregistry.data.gov.uk/id/region/kensington-and-chelsea,E09000020,2013-06,219,monthly,1122471,2916835,3084139,2126856,972954,2013-06-01
Kensington and Chelsea,http://landregistry.data.gov.uk/id/region/kensington-and-chelsea,E09000020,2013-07,280,monthly,1159559,3011267,3191671,2207026,1003990,2013-07-01
Kensington and Chelsea,http://landregistry.data.gov.uk/id/region/kensington-and-chelsea,E09000020,2013-08,249,monthly,1189245,3091143,3265541,2259652,1030156,2013-08-01
Kensington and Chelsea,http://landregistry.data.gov.uk/id/region/kensington-and-chelsea,E09000020,2013-09,258,monthly,1217729,3180438,3351380,2322257,1053851,2013-09-01
Kensington and Chelsea,http://landregistry.data.gov.uk/id/region/kensington-and-chelsea,E09000020,2013-10,221,monthly,1172514,3056330,3197747,2215847,1017098,2013-10-01
Kensington and Chelsea,http://landregistry.data.gov.uk/id/region/kensington-and-chelsea,E09000020,2013-11,262,monthly,1168770,3038242,3164295,2202917,1014616,2013-11-01
Kensington and Chelsea,http://landregistry.data.gov.uk/id/region/kensington-and-chelsea,E09000020,2013-12,230,monthly,1154073,2965194,3075253,2147848,1005153,2013-12-01
Kensington and Chelsea,http://landregistry.data.gov.uk/id/region/kensington-and-chelsea,E09000020,2014-01,280,monthly,1204771,3114757,3232850,2251085,1048193,2014-01-01
Kensington and Chelsea,http://landregistry.data.gov.uk/id/region/kensington-and-chelsea,E09000020,2014-02,222,monthly,1198222,3128248,3225116,2236255,1042502,2014-02-01
Kensington and Chelsea,http://landregistry.data.gov.uk/id/region/kensington-and-chelsea,E09000020,2014-03,222,monthly,1209578,3182329,3264750,2259398,1051867,2014-03-01
Kensington and Chelsea,http://landregistry.data.gov.uk/id/region/kensington-and-chelsea,E09000020,2014-04,267,monthly,1231111,3234424,3330050,2303188,1070257,2014-04-01
Kensington and Chelsea,http://landregistry.data.gov.uk/id/region/kensington-and-chelsea,E09000020,2014-05,269,monthly,1263468,3300209,3416737,2366518,1098178,2014-05-01
Kensington and Chelsea,http://landregistry.data.gov.uk/id/region/kensington-and-chelsea,E09000020,2014-06,213,monthly,1297755,3381868,3491268,2423148,1128760,2014-06-01
Kensington and Chelsea,http://landregistry.data.gov.uk/id/region/kensington-and-chelsea,E09000020,2014-07,251,monthly,1345616,3503801,3598668,2504070,1171232,2014-07-01
Kensington and Chelsea,http://landregistry.data.gov.uk/id/region/kensington-and-chelsea,E09000020,2014-08,217,monthly,1347030,3508994,3595724,2502739,1172844,2014-08-01
Kensington and Chelsea,http://landregistry.data.gov.uk/id/region/kensington-and-chelsea,E09000020,2014-09,208,monthly,1344464,3519675,3614778,2515569,1168881,2014-09-01
Kensington and Chelsea,http://landregistry.data.gov.uk/id/region/kensington-and-chelsea,E09000020,2014-10,228,monthly,1334423,3498384,3585908,2488985,1160851,2014-10-01
Kensington and Chelsea,http://landregistry.data.gov.uk/id/region/kensington-and-chelsea,E09000020,2014-11,158,monthly,1365050,3595369,3672499,2550857,1187015,2014-11-01
Kensington and Chelsea,http://landregistry.data.gov.uk/id/region/kensington-and-chelsea,E09000020,2014-12,169,monthly,1319380,3470885,3528796,2449864,1148804,2014-12-01
Kensington and Chelsea,http://landregistry.data.gov.uk/id/region/kensington-and-chelsea,E09000020,2015-01,187,monthly,1313357,3456728,3516644,2437411,1143655,2015-01-01
Kensington and Chelsea,http://landregistry.data.gov.uk/id/region/kensington-and-chelsea,E09000020,2015-02,180,monthly,1287616,3377765,3444471,2377496,1122383,2015-02-01
Kensington and Chelsea,http://landregistry.data.gov.uk/id/region/kensington-and-chelsea,E09000020,2015-03,195,monthly,1306557,3406184,3478158,2397600,1140402,2015-03-01
Kensington and Chelsea,http://landregistry.data.gov.uk/id/region/kensington-and-chelsea,E09000020,2015-04,156,monthly,1291645,3380906,3449754,2377276,1126669,2015-04-01
Kensington and Chelsea,http://landregistry.data.gov.uk/id/region/kensington-and-chelsea,E09000020,2015-05,170,monthly,1306192,3395239,3461201,2389991,1140833,2015-05-01
Kensington and Chelsea,http://landregistry.data.gov.uk/id/region/kensington-and-chelsea,E09000020,2015-06,182,monthly,1293028,3385913,3460187,2388622,1127021,2015-06-01
Kensington and Chelsea,http://landregistry.data.gov.uk/id/region/kensington-and-chelsea,E09000020,2015-07,201,monthly,1328276,3452792,3535456,2445007,1158664,2015-07-01
Kensington and Chelsea,http://landregistry.data.gov.uk/id/region/kensington-and-chelsea,E09000020,2015-08,169,monthly,1316116,3430761,3507234,2430578,1147261,2015-08-01
Kensington and Chelsea,http://landregistry.data.gov.uk/id/region/kensington-and-chelsea,E09000020,2015-09,190,monthly,1353679,3543533,3620538,2502602,1179691,2015-09-01
Kensington and Chelsea,http://landregistry.data.gov.uk/id/region/kensington-and-chelsea,E09000020,2015-10,171,monthly,1268780,3339871,3406246,2353701,1104878,2015-10-01
Kensington and Chelsea,http://landregistry.data.gov.uk/id/region/kensington-and-chelsea,E09000020,2015-11,160,monthly,1295078,3423538,3492091,2408465,1127135,2015-11-01
Kensington and Chelsea,http://landregistry.data.gov.uk/id/region/kensington-and-chelsea,E09000020,2015-12,217,monthly,1264909,3331471,3370525,2333605,1102804,2015-12-01
Kensington and Chelsea,http://landregistry.data.gov.uk/id/region/kensington-and-chelsea,E09000020,2016-01,170,monthly,1335351,3503152,3543755,2450955,1165475,2016-01-01
Kensington and Chelsea,http://landregistry.data.gov.uk/id/region/kensington-and-chelsea,E09000020,2016-02,141,monthly,1294603,3419344,3448388,2377303,1129727,2016-02-01
Kensington and Chelsea,http://landregistry.data.gov.uk/id/region/kensington-and-chelsea,E09000020,2016-03,491,monthly,1319174,3506112,3558219,2441511,1149185,2016-03-01
Kensington and Chelsea,http://landregistry.data.gov.uk/id/region/kensington-and-chelsea,E09000020,2016-04,95,monthly,1303324,3457225,3465741,2394043,1137308,2016-04-01
Kensington and Chelsea,http://landregistry.data.gov.uk/id/region/kensington-and-chelsea,E09000020,2016-05,90,monthly,1282708,3346269,3339313,2328971,1122281,2016-05-01
Kensington and Chelsea,http://landregistry.data.gov.uk/id/region/kensington-and-chelsea,E09000020,2016-06,124,monthly,1246352,3209285,3172270,2228897,1094038,2016-06-01
Kensington and Chelsea,http://landregistry.data.gov.uk/id/region/kensington-and-chelsea,E09000020,2016-07,105,monthly,1229599,3155487,3139360,2202894,1078930,2016-07-01
Kensington and Chelsea,http://landregistry.data.gov.uk/id/region/kensington-and-chelsea,E09000020,2016-08,96,monthly,1206813,3105572,3100329,2169487,1058127,2016-08-01
Kensington and Chelsea,http://landregistry.data.gov.uk/id/region/kensington-and-chelsea,E09000020,2016-09,114,monthly,1226681,3143122,3147908,2203139,1075783,2016-09-01
Kensington and Chelsea,http://landregistry.data.gov.uk/id/region/kensington-and-chelsea,E09000020,2016-10,104,monthly,1217676,3125850,3129562,2182776,1068270,2016-10-01
Kensington and Chelsea,http://landregistry.data.gov.uk/id/region/kensington-and-chelsea,E09000020,2016-11,125,monthly,1295310,3337104,3325855,2314150,1137139,2016-11-01
Kensington and Chelsea,http://landregistry.data.gov.uk/id/region/kensington-and-chelsea,E09000020,2016-12,172,monthly,1357231,3507088,3479151,2418493,1192124,2016-12-01
Kensington and Chelsea,http://landregistry.data.gov.uk/id/region/kensington-and-chelsea,E09000020,2017-01,136,monthly,1394421,3603860,3566232,2485222,1224772,2017-01-01
Kensington and Chelsea,http://landregistry.data.gov.uk/id/region/kensington-and-chelsea,E09000020,2017-02,109,monthly,1412255,3634341,3596209,2505970,1241586,2017-02-01
Kensington and Chelsea,http://landregistry.data.gov.uk/id/region/kensington-and-chelsea,E09000020,2017-03,152,monthly,1380049,3551830,3510287,2440281,1214101,2017-03-01
Kensington and Chelsea,http://landregistry.data.gov.uk/id/region/kensington-and-chelsea,E09000020,2017-04,124,monthly,1399839,3597728,3563861,2466760,1232301,2017-04-01
Kensington and Chelsea,http://landregistry.data.gov.uk/id/region/kensington-and-chelsea,E09000020,2017-05,125,monthly,1388174,3548612,3518610,2431640,1223572,2017-05-01
Kensington and Chelsea,http://landregistry.data.gov.uk/id/region/kensington-and-chelsea,E09000020,2017-06,171,monthly,1341276,3404895,3384343,2341965,1183090,2017-06-01
Kensington and Chelsea,http://landregistry.data.gov.uk/id/region/kensington-and-chelsea,E09000020,2017-07,123,monthly,1304186,3296033,3272980,2268740,1151310,2017-07-01
Kensington and Chelsea,http://landregistry.data.gov.uk/id/region/kensington-and-chelsea,E09000020,2017-08,124,monthly,1257578,3195586,3188367,2210365,1107751,2017-08-01
Kensington and Chelsea,http://landregistry.data.gov.uk/id/region/kensington-and-chelsea,E09000020,2017-09,137,monthly,1270090,3246533,3248335,2250527,1116827,2017-09-01
Kensington and Chelsea,http://landregistry.data.gov.uk/id/region/kensington-and-chelsea,E09000020,2017-10,111,monthly,1278113,3286083,3289142,2274512,1122804,2017-10-01
Kensington and Chelsea,http://landregistry.data.gov.uk/id/region/kensington-and-chelsea,E09000020,2017-11,115,monthly,1344311,3450628,3438290,2381222,1182155,2017-11-01
Kensington and Chelsea,http://landregistry.data.gov.uk/id/region/kensington-and-chelsea,E09000020,2017-12,138,monthly,1364185,3506863,3488808,2413499,1199904,2017-12-01
Kensington and Chelsea,http://landregistry.data.gov.uk/id/region/kensington-and-chelsea,E09000020,2018-01,129,monthly,1463378,3755824,3742693,2589000,1287157,2018-01-01
Kensington and Chelsea,http://landregistry.data.gov.uk/id/region/kensington-and-chelsea,E09000020,2018-02,89,monthly,1378878,3558403,3543361,2444973,1212271,2018-02-01
Kensington and Chelsea,http://landregistry.data.gov.uk/id/region/kensington-and-chelsea,E09000020,2018-03,125,monthly,1392610,3604732,3560344,2468656,1224557,2018-03-01
Kensington and Chelsea,http://landregistry.data.gov.uk/id/region/kensington-and-chelsea,E09000020,2018-04,117,monthly,1325081,3433936,3389538,2355078,1164467,2018-04-01
Kensington and Chelsea,http://landregistry.data.gov.uk/id/region/kensington-and-chelsea,E09000020,2018-05,86,monthly,1301729,3383750,3326064,2314241,1143877,2018-05-01
Kensington and Chelsea,http://landregistry.data.gov.uk/id/region/kensington-and-chelsea,E09000020,2018-06,133,monthly,1306556,3383152,3387634,2335552,1146411,2018-06-01
Kensington and Chelsea,http://landregistry.data.gov.uk/id/region/kensington-and-chelsea,E09000020,2018-07,119,monthly,1334876,3475622,3502662,2402798,1169146,2018-07-01
Kensington and Chelsea,http://landregistry.data.gov.uk/id/region/kensington-and-chelsea,E09000020,2018-08,103,monthly,1418032,3682121,3768069,2579568,1238688,2018-08-01
Kensington and Chelsea,http://landregistry.data.gov.uk/id/region/kensington-and-chelsea,E09000020,2018-09,117,monthly,1388037,3619891,3681236,2527277,1212251,2018-09-01
Kensington and Chelsea,http://landregistry.data.gov.uk/id/region/kensington-and-chelsea,E09000020,2018-10,133,monthly,1347602,3504972,3572219,2453111,1177019,2018-10-01
Kensington and Chelsea,http://landregistry.data.gov.uk/id/region/kensington-and-chelsea,E09000020,2018-11,91,monthly,1363248,3556651,3619401,2479156,1190907,2018-11-01
Kensington and Chelsea,http://landregistry.data.gov.uk/id/region/kensington-and-chelsea,E09000020,2018-12,84,monthly,1345598,3490180,3568505,2435551,1176840,2018-12-01
Kensington and Chelsea,http://landregistry.data.gov.uk/id/region/kensington-and-chelsea,E09000020,2019-01,117,monthly,1285331,3341820,3396544,2318183,1125109,2019-01-01
Kensington and Chelsea,http://landregistry.data.gov.uk/id/region/kensington-and-chelsea,E09000020,2019-02,94,monthly,1259858,3361484,3304649,2259709,1104176,2019-02-01
Kensington and Chelsea,http://landregistry.data.gov.uk/id/region/kensington-and-chelsea,E09000020,2019-03,107,monthly,1218617,3303855,3202712,2191343,1067301,2019-03-01
Kensington and Chelsea,http://landregistry.data.gov.uk/id/region/kensington-and-chelsea,E09000020,2019-04,102,monthly,1263627,3436180,3327222,2280540,1105706,2019-04-01
Kensington and Chelsea,http://landregistry.data.gov.uk/id/region/kensington-and-chelsea,E09000020,2019-05,114,monthly,1227527,3283304,3230390,2219281,1073789,2019-05-01
Kensington and Chelsea,http://landregistry.data.gov.uk/id/region/kensington-and-chelsea,E09000020,2019-06,115,monthly,1285970,3445562,3382888,2324461,1124963,2019-06-01
Kensington and Chelsea,http://landregistry.data.gov.uk/id/region/kensington-and-chelsea,E09000020,2019-07,140,monthly,1266252,3348703,3319468,2285109,1108311,2019-07-01
Kensington and Chelsea,http://landregistry.data.gov.uk/id/region/kensington-and-chelsea,E09000020,2019-08,132,monthly,1244923,3394657,3267742,2247289,1089330,2019-08-01
Kensington and Chelsea,http://landregistry.data.gov.uk/id/region/kensington-and-chelsea,E09000020,2019-09,124,monthly,1208646,3340897,3179130,2195369,1055874,2019-09-01
Kensington and Chelsea,http://landregistry.data.gov.uk/id/region/kensington-and-chelsea,E09000020,2019-10,118,monthly,1175169,3331990,3127042,2147854,1024712,2019-10-01
Kensington and Chelsea,http://landregistry.data.gov.uk/id/region/kensington-and-chelsea,E09000020,2019-11,116,monthly,1171530,3220623,3127858,2143720,1021388,2019-11-01
Kensington and Chelsea,http://landregistry.data.gov.uk/id/region/kensington-and-chelsea,E09000020,2019-12,125,monthly,1224031,3262991,3283892,2242371,1066981,2019-12-01
Kensington and Chelsea,http://landregistry.data.gov.uk/id/region/kensington-and-chelsea,E09000020,2020-01,147,monthly,1250691,3284735,3349201,2289585,1090546,2020-01-01
Kensington and Chelsea,http://landregistry.data.gov.uk/id/region/kensington-and-chelsea,E09000020,2020-02,107,monthly,1318987,3483640,3581336,2433567,1147495,2020-02-01
Kensington and Chelsea,http://landregistry.data.gov.uk/id/region/kensington-and-chelsea,E09000020,2020-03,139,monthly,1337948,3579798,3663943,2478143,1162581,2020-03-01
Kensington and Chelsea,http://landregistry.data.gov.uk/id/region/kensington-and-chelsea,E09000020,2020-04,84,monthly,1356897,3701764,3756393,2547147,1174414,2020-04-01
Kensington and Chelsea,http://landregistry.data.gov.uk/id/region/kensington-and-chelsea,E09000020,2020-05,65,monthly,1355073,3703978,3735890,2546439,1172566,2020-05-01
Kensington and Chelsea,http://landregistry.data.gov.uk/id/region/kensington-and-chelsea,E09000020,2020-06,63,monthly,1301783,3514590,3557021,2440393,1127500,2020-06-01
Kensington and Chelsea,http://landregistry.data.gov.uk/id/region/kensington-and-chelsea,E09000020,2020-07,110,monthly,1322671,3501149,3586500,2450249,1149552,2020-07-01
Kensington and Chelsea,http://landregistry.data.gov.uk/id/region/kensington-and-chelsea,E09000020,2020-08,75,monthly,1325974,3493382,3632069,2461431,1151604,2020-08-01
Kensington and Chelsea,http://landregistry.data.gov.uk/id/region/kensington-and-chelsea,E09000020,2020-09,142,monthly,1340058,3571750,3719638,2506514,1161038,2020-09-01
Kensington and Chelsea,http://landregistry.data.gov.uk/id/region/kensington-and-chelsea,E09000020,2020-10,140,monthly,1291719,3442163,3584903,2419182,1118769,2020-10-01
Kensington and Chelsea,http://landregistry.data.gov.uk/id/region/kensington-and-chelsea,E09000020,2020-11,125,monthly,1307371,3460548,3589605,2442984,1133291,2020-11-01
Kensington and Chelsea,http://landregistry.data.gov.uk/id/region/kensington-and-chelsea,E09000020,2020-12,131,monthly,1337640,3532067,3657686,2495372,1160161,2020-12-01
Kensington and Chelsea,http://landregistry.data.gov.uk/id/region/kensington-and-chelsea,E09000020,2021-01,124,monthly,1332931,3506355,3636026,2478216,1157230,2021-01-01
Kensington and Chelsea,http://landregistry.data.gov.uk/id/region/kensington-and-chelsea,E09000020,2021-02,147,monthly,1265660,3327948,3451316,2348646,1099275,2021-02-01
Kensington and Chelsea,http://landregistry.data.gov.uk/id/region/kensington-and-chelsea,E09000020,2021-03,289,monthly,1225002,3190381,3318244,2261503,1065663,2021-03-01
Kensington and Chelsea,http://landregistry.data.gov.uk/id/region/kensington-and-chelsea,E09000020,2021-04,129,monthly,1199168,3162316,3260805,2221166,1041915,2021-04-01
Kensington and Chelsea,http://landregistry.data.gov.uk/id/region/kensington-and-chelsea,E09000020,2021-05,130,monthly,1225991,3246828,3336941,2271822,1065012,2021-05-01
Kensington and Chelsea,http://landregistry.data.gov.uk/id/region/kensington-and-chelsea,E09000020,2021-06,431,monthly,1200563,3199233,3272209,2236211,1041173,2021-06-01
Kensington and Chelsea,http://landregistry.data.gov.uk/id/region/kensington-and-chelsea,E09000020,2021-07,50,monthly,1325339,3595004,3663546,2483106,1146812,2021-07-01
Kensington and Chelsea,http://landregistry.data.gov.uk/id/region/kensington-and-chelsea,E09000020,2021-08,129,monthly,1445012,3983358,4076832,2738483,1245296,2021-08-01
Kensington and Chelsea,http://landregistry.data.gov.uk/id/region/kensington-and-chelsea,E09000020,2021-09,221,monthly,1516322,4227750,4323732,2887733,1304326,2021-09-01
Kensington and Chelsea,http://landregistry.data.gov.uk/id/region/kensington-and-chelsea,E09000020,2021-10,96,monthly,1527966,4285679,4382319,2918747,1312881,2021-10-01
Kensington and Chelsea,http://landregistry.data.gov.uk/id/region/kensington-and-chelsea,E09000020,2021-11,126,monthly,1450392,4086063,4163840,2772148,1245930,2021-11-01
Kensington and Chelsea,http://landregistry.data.gov.uk/id/region/kensington-and-chelsea,E09000020,2021-12,142,monthly,1411429,3964352,4043975,2689197,1213732,2021-12-01
Kensington and Chelsea,http://landregistry.data.gov.uk/id/region/kensington-and-chelsea,E09000020,2022-01,152,monthly,1373667,3830614,3933665,2619522,1181050,2022-01-01
Kensington and Chelsea,http://landregistry.data.gov.uk/id/region/kensington-and-chelsea,E09000020,2022-02,125,monthly,1373796,3777274,3898203,2606639,1183442,2022-02-01
Kensington and Chelsea,http://landregistry.data.gov.uk/id/region/kensington-and-chelsea,E09000020,2022-03,208,monthly,1440007,4008258,4141717,2756114,1236611,2022-03-01
Kensington and Chelsea,http://landregistry.data.gov.uk/id/region/kensington-and-chelsea,E09000020,2022-04,164,monthly,1511820,4163910,4343404,2910760,1296025,2022-04-01
Kensington and Chelsea,http://landregistry.data.gov.uk/id/region/kensington-and-chelsea,E09000020,2022-05,158,monthly,1518273,4239440,4406416,2941931,1298359,2022-05-01
Kensington and Chelsea,http://landregistry.data.gov.uk/id/region/kensington-and-chelsea,E09000020,2022-06,166,monthly,1521173,4187433,4406092,2956730,1299813,2022-06-01
Kensington and Chelsea,http://landregistry.data.gov.uk/id/region/kensington-and-chelsea,E09000020,2022-07,179,monthly,1503622,4169297,4371393,2915619,1285580,2022-07-01
Kensington and Chelsea,http://landregistry.data.gov.uk/id/region/kensington-and-chelsea,E09000020,2022-08,171,monthly,1515182,4198634,4398793,2935599,1295863,2022-08-01
Kensington and Chelsea,http://landregistry.data.gov.uk/id/region/kensington-and-chelsea,E09000020,2022-09,183,monthly,1527910,4336354,4459778,2960605,1306195,2022-09-01
Kensington and Chelsea,http://landregistry.data.gov.uk/id/region/kensington-and-chelsea,E09000020,2022-10,152,monthly,1403285,3971726,4084078,2723837,1199118,2022-10-01
Kensington and Chelsea,http://landregistry.data.gov.uk/id/region/kensington-and-chelsea,E09000020,2022-11,138,monthly,1379493,3917610,4022820,2689137,1177079,2022-11-01
Kensington and Chelsea,http://landregistry.data.gov.uk/id/region/kensington-and-chelsea,E09000020,2022-12,142,monthly,1303814,3666653,3781408,2538923,1113145,2022-12-01
Kensington and Chelsea,http://landregistry.data.gov.uk/id/region/kensington-and-chelsea,E09000020,2023-01,121,monthly,1365198,3907898,3997372,2663416,1164359,2023-01-01
Kensington and Chelsea,http://landregistry.data.gov.uk/id/region/kensington-and-chelsea,E09000020,2023-02,94,monthly,1343552,3830472,3929255,2609118,1147622,2023-02-01
Kensington and Chelsea,http://landregistry.data.gov.uk/id/region/kensington-and-chelsea,E09000020,2023-03,132,monthly,1380880,3967940,4065776,2680379,1179384,2023-03-01
Kensington and Chelsea,http://landregistry.data.gov.uk/id/region/kensington-and-chelsea,E09000020,2023-04,95,monthly,1346704,3846717,3946731,2602524,1151966,2023-04-01
Kensington and Chelsea,http://landregistry.data.gov.uk/id/region/kensington-and-chelsea,E09000020,2023-05,108,monthly,1368508,3866059,3989076,2645874,1170689,2023-05-01
Kensington and Chelsea,http://landregistry.data.gov.uk/id/region/kensington-and-chelsea,E09000020,2023-06,149,monthly,1402055,3948315,4083505,2718777,1198327,2023-06-01
Kensington and Chelsea,http://landregistry.data.gov.uk/id/region/kensington-and-chelsea,E09000020,2023-07,137,monthly,1391128,3925031,4068609,2698581,1188724,2023-07-01
Kensington and Chelsea,http://landregistry.data.gov.uk/id/region/kensington-and-chelsea,E09000020,2023-08,138,monthly,1394669,3985826,4121266,2718682,1189527,2023-08-01
Kensington and Chelsea,http://landregistry.data.gov.uk/id/region/kensington-and-chelsea,E09000020,2023-09,154,monthly,1348024,3837957,3979626,2624837,1150203,2023-09-01
Kensington and Chelsea,http://landregistry.data.gov.uk/id/region/kensington-and-chelsea,E09000020,2023-10,110,monthly,1395439,3926947,4093301,2705554,1192575,2023-10-01
Kensington and Chelsea,http://landregistry.data.gov.uk/id/region/kensington-and-chelsea,E09000020,2023-11,100,monthly,1316266,3676483,3836517,2535643,1127415,2023-11-01
Kensington and Chelsea,http://landregistry.data.gov.uk/id/region/kensington-and-chelsea,E09000020,2023-12,99,monthly,1257279,3467648,3633188,2398480,1080499,2023-12-01
Kensington and Chelsea,http://landregistry.data.gov.uk/id/region/kensington-and-chelsea,E09000020,2024-01,73,monthly,1241404,3404758,3576688,2369995,1066717,2024-01-01
Kensington and Chelsea,http://landregistry.data.gov.uk/id/region/kensington-and-chelsea,E09000020,2024-02,42,monthly,1231736,3336688,3504876,2333950,1061127,2024-02-01
Kensington and Chelsea,http://landregistry.data.gov.uk/id/region/kensington-and-chelsea,E09000020,2024-03,,monthly,1205838,3246538,3422231,2271285,1040584,2024-03-01
Kensington and Chelsea,http://landregistry.data.gov.uk/id/region/kensington-and-chelsea,E09000020,2024-04,,monthly,1109723,2958622,3110296,2075243,959925,2024-04-01
