"Name","URI","Region GSS code","Period","Sales volume","Reporting period","Average price All property types","Average price Detached houses","Average price Semi-detached houses","Average price Terraced houses","Average price Flats and maisonettes","Pivotable date"
Kingston upon Thames,http://landregistry.data.gov.uk/id/region/kingston-upon-thames,E09000021,2004-01,304,monthly,235488,450021,295574,215203,184955,2004-01-01
Kingston upon Thames,http://landregistry.data.gov.uk/id/region/kingston-upon-thames,E09000021,2004-02,296,monthly,237659,453772,297902,217431,186659,2004-02-01
Kingston upon Thames,http://landregistry.data.gov.uk/id/region/kingston-upon-thames,E09000021,2004-03,353,monthly,239521,457736,299673,219409,187963,2004-03-01
Kingston upon Thames,http://landregistry.data.gov.uk/id/region/kingston-upon-thames,E09000021,2004-04,410,monthly,242238,458749,302526,222871,190192,2004-04-01
Kingston upon Thames,http://landregistry.data.gov.uk/id/region/kingston-upon-thames,E09000021,2004-05,361,monthly,245145,458799,305506,226339,192796,2004-05-01
Kingston upon Thames,http://landregistry.data.gov.uk/id/region/kingston-upon-thames,E09000021,2004-06,345,monthly,247341,459806,308189,228602,194685,2004-06-01
Kingston upon Thames,http://landregistry.data.gov.uk/id/region/kingston-upon-thames,E09000021,2004-07,422,monthly,251907,468659,314701,232957,197907,2004-07-01
Kingston upon Thames,http://landregistry.data.gov.uk/id/region/kingston-upon-thames,E09000021,2004-08,318,monthly,254989,477718,318758,235806,199993,2004-08-01
Kingston upon Thames,http://landregistry.data.gov.uk/id/region/kingston-upon-thames,E09000021,2004-09,303,monthly,253122,477315,317385,234110,197933,2004-09-01
Kingston upon Thames,http://landregistry.data.gov.uk/id/region/kingston-upon-thames,E09000021,2004-10,297,monthly,252908,475510,315657,233500,198560,2004-10-01
Kingston upon Thames,http://landregistry.data.gov.uk/id/region/kingston-upon-thames,E09000021,2004-11,230,monthly,248400,465374,309784,229337,195239,2004-11-01
Kingston upon Thames,http://landregistry.data.gov.uk/id/region/kingston-upon-thames,E09000021,2004-12,259,monthly,248371,461844,308538,229520,195829,2004-12-01
Kingston upon Thames,http://landregistry.data.gov.uk/id/region/kingston-upon-thames,E09000021,2005-01,163,monthly,245040,456130,303988,226582,193253,2005-01-01
Kingston upon Thames,http://landregistry.data.gov.uk/id/region/kingston-upon-thames,E09000021,2005-02,170,monthly,244935,457246,304399,226337,192915,2005-02-01
Kingston upon Thames,http://landregistry.data.gov.uk/id/region/kingston-upon-thames,E09000021,2005-03,224,monthly,246080,460339,306167,227585,193547,2005-03-01
Kingston upon Thames,http://landregistry.data.gov.uk/id/region/kingston-upon-thames,E09000021,2005-04,290,monthly,247395,461047,308495,229305,194275,2005-04-01
Kingston upon Thames,http://landregistry.data.gov.uk/id/region/kingston-upon-thames,E09000021,2005-05,247,monthly,254013,471379,316041,235863,199740,2005-05-01
Kingston upon Thames,http://landregistry.data.gov.uk/id/region/kingston-upon-thames,E09000021,2005-06,285,monthly,252876,467422,314335,235375,198892,2005-06-01
Kingston upon Thames,http://landregistry.data.gov.uk/id/region/kingston-upon-thames,E09000021,2005-07,297,monthly,256554,475795,319698,239074,201264,2005-07-01
Kingston upon Thames,http://landregistry.data.gov.uk/id/region/kingston-upon-thames,E09000021,2005-08,361,monthly,253237,471277,315793,236487,198256,2005-08-01
Kingston upon Thames,http://landregistry.data.gov.uk/id/region/kingston-upon-thames,E09000021,2005-09,315,monthly,256960,481564,321233,240013,200581,2005-09-01
Kingston upon Thames,http://landregistry.data.gov.uk/id/region/kingston-upon-thames,E09000021,2005-10,303,monthly,252041,471534,314140,235240,197223,2005-10-01
Kingston upon Thames,http://landregistry.data.gov.uk/id/region/kingston-upon-thames,E09000021,2005-11,273,monthly,253615,473195,316379,236705,198456,2005-11-01
Kingston upon Thames,http://landregistry.data.gov.uk/id/region/kingston-upon-thames,E09000021,2005-12,286,monthly,251130,464485,312076,234299,197327,2005-12-01
Kingston upon Thames,http://landregistry.data.gov.uk/id/region/kingston-upon-thames,E09000021,2006-01,283,monthly,255200,473329,317349,238564,200166,2006-01-01
Kingston upon Thames,http://landregistry.data.gov.uk/id/region/kingston-upon-thames,E09000021,2006-02,298,monthly,253180,469362,314226,236550,198981,2006-02-01
Kingston upon Thames,http://landregistry.data.gov.uk/id/region/kingston-upon-thames,E09000021,2006-03,318,monthly,254284,475033,316642,238018,199007,2006-03-01
Kingston upon Thames,http://landregistry.data.gov.uk/id/region/kingston-upon-thames,E09000021,2006-04,297,monthly,254843,474598,316898,238864,199643,2006-04-01
Kingston upon Thames,http://landregistry.data.gov.uk/id/region/kingston-upon-thames,E09000021,2006-05,339,monthly,258061,481825,321105,242011,201885,2006-05-01
Kingston upon Thames,http://landregistry.data.gov.uk/id/region/kingston-upon-thames,E09000021,2006-06,350,monthly,264705,493852,329110,248323,207200,2006-06-01
Kingston upon Thames,http://landregistry.data.gov.uk/id/region/kingston-upon-thames,E09000021,2006-07,400,monthly,266619,498701,332369,250368,208070,2006-07-01
Kingston upon Thames,http://landregistry.data.gov.uk/id/region/kingston-upon-thames,E09000021,2006-08,438,monthly,271132,507181,338417,255246,211111,2006-08-01
Kingston upon Thames,http://landregistry.data.gov.uk/id/region/kingston-upon-thames,E09000021,2006-09,405,monthly,270980,508936,338800,254919,210617,2006-09-01
Kingston upon Thames,http://landregistry.data.gov.uk/id/region/kingston-upon-thames,E09000021,2006-10,384,monthly,275061,516822,343481,258479,214078,2006-10-01
Kingston upon Thames,http://landregistry.data.gov.uk/id/region/kingston-upon-thames,E09000021,2006-11,352,monthly,274154,515371,342522,257498,213329,2006-11-01
Kingston upon Thames,http://landregistry.data.gov.uk/id/region/kingston-upon-thames,E09000021,2006-12,361,monthly,277785,520715,346321,261324,216440,2006-12-01
Kingston upon Thames,http://landregistry.data.gov.uk/id/region/kingston-upon-thames,E09000021,2007-01,262,monthly,278832,523309,348115,262293,216986,2007-01-01
Kingston upon Thames,http://landregistry.data.gov.uk/id/region/kingston-upon-thames,E09000021,2007-02,294,monthly,284563,534282,354758,266965,221870,2007-02-01
Kingston upon Thames,http://landregistry.data.gov.uk/id/region/kingston-upon-thames,E09000021,2007-03,348,monthly,289235,544423,361261,271620,224963,2007-03-01
Kingston upon Thames,http://landregistry.data.gov.uk/id/region/kingston-upon-thames,E09000021,2007-04,344,monthly,294524,553097,367071,277326,229202,2007-04-01
Kingston upon Thames,http://landregistry.data.gov.uk/id/region/kingston-upon-thames,E09000021,2007-05,350,monthly,299721,560693,372966,282982,233358,2007-05-01
Kingston upon Thames,http://landregistry.data.gov.uk/id/region/kingston-upon-thames,E09000021,2007-06,354,monthly,304342,568881,378401,287274,237140,2007-06-01
Kingston upon Thames,http://landregistry.data.gov.uk/id/region/kingston-upon-thames,E09000021,2007-07,396,monthly,310981,584196,387658,293181,241829,2007-07-01
Kingston upon Thames,http://landregistry.data.gov.uk/id/region/kingston-upon-thames,E09000021,2007-08,388,monthly,316737,598571,396030,299230,245312,2007-08-01
Kingston upon Thames,http://landregistry.data.gov.uk/id/region/kingston-upon-thames,E09000021,2007-09,341,monthly,321174,610146,402417,302739,248430,2007-09-01
Kingston upon Thames,http://landregistry.data.gov.uk/id/region/kingston-upon-thames,E09000021,2007-10,341,monthly,324522,617020,405490,305528,251543,2007-10-01
Kingston upon Thames,http://landregistry.data.gov.uk/id/region/kingston-upon-thames,E09000021,2007-11,303,monthly,324972,619735,405658,304910,252287,2007-11-01
Kingston upon Thames,http://landregistry.data.gov.uk/id/region/kingston-upon-thames,E09000021,2007-12,189,monthly,325149,616895,404664,305284,253068,2007-12-01
Kingston upon Thames,http://landregistry.data.gov.uk/id/region/kingston-upon-thames,E09000021,2008-01,159,monthly,321799,613035,400882,301925,250191,2008-01-01
Kingston upon Thames,http://landregistry.data.gov.uk/id/region/kingston-upon-thames,E09000021,2008-02,163,monthly,321374,612923,401042,301772,249461,2008-02-01
Kingston upon Thames,http://landregistry.data.gov.uk/id/region/kingston-upon-thames,E09000021,2008-03,160,monthly,317365,608541,397214,298536,245435,2008-03-01
Kingston upon Thames,http://landregistry.data.gov.uk/id/region/kingston-upon-thames,E09000021,2008-04,179,monthly,318958,612922,399836,301002,245902,2008-04-01
Kingston upon Thames,http://landregistry.data.gov.uk/id/region/kingston-upon-thames,E09000021,2008-05,182,monthly,315910,606917,396225,298500,243333,2008-05-01
Kingston upon Thames,http://landregistry.data.gov.uk/id/region/kingston-upon-thames,E09000021,2008-06,157,monthly,320612,615948,402501,302975,246795,2008-06-01
Kingston upon Thames,http://landregistry.data.gov.uk/id/region/kingston-upon-thames,E09000021,2008-07,161,monthly,317350,609542,399495,299440,244061,2008-07-01
Kingston upon Thames,http://landregistry.data.gov.uk/id/region/kingston-upon-thames,E09000021,2008-08,139,monthly,313744,603963,395266,295521,241247,2008-08-01
Kingston upon Thames,http://landregistry.data.gov.uk/id/region/kingston-upon-thames,E09000021,2008-09,111,monthly,305354,591900,384654,286978,234674,2008-09-01
Kingston upon Thames,http://landregistry.data.gov.uk/id/region/kingston-upon-thames,E09000021,2008-10,124,monthly,297327,575479,373037,278506,229547,2008-10-01
Kingston upon Thames,http://landregistry.data.gov.uk/id/region/kingston-upon-thames,E09000021,2008-11,72,monthly,291456,565162,365441,272857,225064,2008-11-01
Kingston upon Thames,http://landregistry.data.gov.uk/id/region/kingston-upon-thames,E09000021,2008-12,80,monthly,283509,547308,355494,265845,218984,2008-12-01
Kingston upon Thames,http://landregistry.data.gov.uk/id/region/kingston-upon-thames,E09000021,2009-01,90,monthly,275113,533234,345329,257717,212254,2009-01-01
Kingston upon Thames,http://landregistry.data.gov.uk/id/region/kingston-upon-thames,E09000021,2009-02,68,monthly,261903,505804,328700,244799,202629,2009-02-01
Kingston upon Thames,http://landregistry.data.gov.uk/id/region/kingston-upon-thames,E09000021,2009-03,90,monthly,251763,485210,315685,234649,195384,2009-03-01
Kingston upon Thames,http://landregistry.data.gov.uk/id/region/kingston-upon-thames,E09000021,2009-04,112,monthly,248155,473191,311235,232109,192883,2009-04-01
Kingston upon Thames,http://landregistry.data.gov.uk/id/region/kingston-upon-thames,E09000021,2009-05,157,monthly,253003,481097,317149,237815,196328,2009-05-01
Kingston upon Thames,http://landregistry.data.gov.uk/id/region/kingston-upon-thames,E09000021,2009-06,121,monthly,255067,484687,320091,240776,197229,2009-06-01
Kingston upon Thames,http://landregistry.data.gov.uk/id/region/kingston-upon-thames,E09000021,2009-07,222,monthly,261318,499213,329295,247320,200514,2009-07-01
Kingston upon Thames,http://landregistry.data.gov.uk/id/region/kingston-upon-thames,E09000021,2009-08,175,monthly,268167,515557,339358,254036,204305,2009-08-01
Kingston upon Thames,http://landregistry.data.gov.uk/id/region/kingston-upon-thames,E09000021,2009-09,204,monthly,277842,535847,352308,263165,211022,2009-09-01
Kingston upon Thames,http://landregistry.data.gov.uk/id/region/kingston-upon-thames,E09000021,2009-10,195,monthly,282397,546136,358353,267447,214118,2009-10-01
Kingston upon Thames,http://landregistry.data.gov.uk/id/region/kingston-upon-thames,E09000021,2009-11,211,monthly,283163,548001,358764,269123,214472,2009-11-01
Kingston upon Thames,http://landregistry.data.gov.uk/id/region/kingston-upon-thames,E09000021,2009-12,221,monthly,283400,546893,359124,270330,214348,2009-12-01
Kingston upon Thames,http://landregistry.data.gov.uk/id/region/kingston-upon-thames,E09000021,2010-01,167,monthly,289691,560126,368448,276876,217900,2010-01-01
Kingston upon Thames,http://landregistry.data.gov.uk/id/region/kingston-upon-thames,E09000021,2010-02,168,monthly,286628,555331,366358,273674,214529,2010-02-01
Kingston upon Thames,http://landregistry.data.gov.uk/id/region/kingston-upon-thames,E09000021,2010-03,181,monthly,295871,576290,378625,281510,221050,2010-03-01
Kingston upon Thames,http://landregistry.data.gov.uk/id/region/kingston-upon-thames,E09000021,2010-04,191,monthly,295162,573447,376876,280685,221148,2010-04-01
Kingston upon Thames,http://landregistry.data.gov.uk/id/region/kingston-upon-thames,E09000021,2010-05,152,monthly,306282,594272,389884,291106,230192,2010-05-01
Kingston upon Thames,http://landregistry.data.gov.uk/id/region/kingston-upon-thames,E09000021,2010-06,234,monthly,302788,587128,385722,288366,227227,2010-06-01
Kingston upon Thames,http://landregistry.data.gov.uk/id/region/kingston-upon-thames,E09000021,2010-07,223,monthly,310333,606623,395549,295974,232038,2010-07-01
Kingston upon Thames,http://landregistry.data.gov.uk/id/region/kingston-upon-thames,E09000021,2010-08,236,monthly,313366,614062,401182,299056,233226,2010-08-01
Kingston upon Thames,http://landregistry.data.gov.uk/id/region/kingston-upon-thames,E09000021,2010-09,213,monthly,318736,628484,408799,304129,236444,2010-09-01
Kingston upon Thames,http://landregistry.data.gov.uk/id/region/kingston-upon-thames,E09000021,2010-10,183,monthly,312668,615119,401695,298252,231828,2010-10-01
Kingston upon Thames,http://landregistry.data.gov.uk/id/region/kingston-upon-thames,E09000021,2010-11,190,monthly,309684,610605,396949,294834,230123,2010-11-01
Kingston upon Thames,http://landregistry.data.gov.uk/id/region/kingston-upon-thames,E09000021,2010-12,200,monthly,310512,611279,398486,295196,230811,2010-12-01
Kingston upon Thames,http://landregistry.data.gov.uk/id/region/kingston-upon-thames,E09000021,2011-01,138,monthly,315323,624929,404875,299095,234096,2011-01-01
Kingston upon Thames,http://landregistry.data.gov.uk/id/region/kingston-upon-thames,E09000021,2011-02,142,monthly,311584,622053,400377,295110,230859,2011-02-01
Kingston upon Thames,http://landregistry.data.gov.uk/id/region/kingston-upon-thames,E09000021,2011-03,138,monthly,307489,619753,394361,291039,227599,2011-03-01
Kingston upon Thames,http://landregistry.data.gov.uk/id/region/kingston-upon-thames,E09000021,2011-04,165,monthly,301401,606591,385859,285327,223478,2011-04-01
Kingston upon Thames,http://landregistry.data.gov.uk/id/region/kingston-upon-thames,E09000021,2011-05,171,monthly,307574,610529,392969,291426,229212,2011-05-01
Kingston upon Thames,http://landregistry.data.gov.uk/id/region/kingston-upon-thames,E09000021,2011-06,215,monthly,306942,601016,392544,291236,229259,2011-06-01
Kingston upon Thames,http://landregistry.data.gov.uk/id/region/kingston-upon-thames,E09000021,2011-07,219,monthly,311674,606871,398792,295920,232981,2011-07-01
Kingston upon Thames,http://landregistry.data.gov.uk/id/region/kingston-upon-thames,E09000021,2011-08,235,monthly,313480,615891,403585,298369,232292,2011-08-01
Kingston upon Thames,http://landregistry.data.gov.uk/id/region/kingston-upon-thames,E09000021,2011-09,192,monthly,316079,626740,407509,300999,233280,2011-09-01
Kingston upon Thames,http://landregistry.data.gov.uk/id/region/kingston-upon-thames,E09000021,2011-10,190,monthly,318089,634108,411670,302838,233732,2011-10-01
Kingston upon Thames,http://landregistry.data.gov.uk/id/region/kingston-upon-thames,E09000021,2011-11,211,monthly,315898,629495,407618,299991,233026,2011-11-01
Kingston upon Thames,http://landregistry.data.gov.uk/id/region/kingston-upon-thames,E09000021,2011-12,223,monthly,319354,630888,411346,303087,236568,2011-12-01
Kingston upon Thames,http://landregistry.data.gov.uk/id/region/kingston-upon-thames,E09000021,2012-01,150,monthly,317886,625440,409700,302216,235412,2012-01-01
Kingston upon Thames,http://landregistry.data.gov.uk/id/region/kingston-upon-thames,E09000021,2012-02,143,monthly,317949,627425,410572,302777,234697,2012-02-01
Kingston upon Thames,http://landregistry.data.gov.uk/id/region/kingston-upon-thames,E09000021,2012-03,210,monthly,311914,616246,402836,297283,229984,2012-03-01
Kingston upon Thames,http://landregistry.data.gov.uk/id/region/kingston-upon-thames,E09000021,2012-04,147,monthly,312482,616540,402154,297700,231147,2012-04-01
Kingston upon Thames,http://landregistry.data.gov.uk/id/region/kingston-upon-thames,E09000021,2012-05,179,monthly,318792,623990,409194,304158,236587,2012-05-01
Kingston upon Thames,http://landregistry.data.gov.uk/id/region/kingston-upon-thames,E09000021,2012-06,191,monthly,322872,630938,414257,309478,239163,2012-06-01
Kingston upon Thames,http://landregistry.data.gov.uk/id/region/kingston-upon-thames,E09000021,2012-07,210,monthly,325938,638058,418451,312837,241020,2012-07-01
Kingston upon Thames,http://landregistry.data.gov.uk/id/region/kingston-upon-thames,E09000021,2012-08,260,monthly,329394,645670,423347,317186,242832,2012-08-01
Kingston upon Thames,http://landregistry.data.gov.uk/id/region/kingston-upon-thames,E09000021,2012-09,199,monthly,332547,654913,428085,319683,244787,2012-09-01
Kingston upon Thames,http://landregistry.data.gov.uk/id/region/kingston-upon-thames,E09000021,2012-10,212,monthly,336853,662213,433391,324059,248071,2012-10-01
Kingston upon Thames,http://landregistry.data.gov.uk/id/region/kingston-upon-thames,E09000021,2012-11,237,monthly,332016,653306,427152,319316,244494,2012-11-01
Kingston upon Thames,http://landregistry.data.gov.uk/id/region/kingston-upon-thames,E09000021,2012-12,209,monthly,336288,661240,432520,323874,247546,2012-12-01
Kingston upon Thames,http://landregistry.data.gov.uk/id/region/kingston-upon-thames,E09000021,2013-01,160,monthly,335602,663153,433593,322906,246018,2013-01-01
Kingston upon Thames,http://landregistry.data.gov.uk/id/region/kingston-upon-thames,E09000021,2013-02,150,monthly,337033,668038,436104,323541,246848,2013-02-01
Kingston upon Thames,http://landregistry.data.gov.uk/id/region/kingston-upon-thames,E09000021,2013-03,172,monthly,337695,670047,436698,322632,247922,2013-03-01
Kingston upon Thames,http://landregistry.data.gov.uk/id/region/kingston-upon-thames,E09000021,2013-04,164,monthly,341148,674664,438507,326374,251523,2013-04-01
Kingston upon Thames,http://landregistry.data.gov.uk/id/region/kingston-upon-thames,E09000021,2013-05,219,monthly,346125,682843,444161,331101,255648,2013-05-01
Kingston upon Thames,http://landregistry.data.gov.uk/id/region/kingston-upon-thames,E09000021,2013-06,234,monthly,342178,673985,439601,328361,252245,2013-06-01
Kingston upon Thames,http://landregistry.data.gov.uk/id/region/kingston-upon-thames,E09000021,2013-07,286,monthly,341029,671203,439157,327550,250936,2013-07-01
Kingston upon Thames,http://landregistry.data.gov.uk/id/region/kingston-upon-thames,E09000021,2013-08,303,monthly,341751,672670,440801,328868,250952,2013-08-01
Kingston upon Thames,http://landregistry.data.gov.uk/id/region/kingston-upon-thames,E09000021,2013-09,259,monthly,350119,692289,451657,336688,256867,2013-09-01
Kingston upon Thames,http://landregistry.data.gov.uk/id/region/kingston-upon-thames,E09000021,2013-10,294,monthly,354994,702797,458158,340847,260480,2013-10-01
Kingston upon Thames,http://landregistry.data.gov.uk/id/region/kingston-upon-thames,E09000021,2013-11,279,monthly,358743,709205,462477,344320,263573,2013-11-01
Kingston upon Thames,http://landregistry.data.gov.uk/id/region/kingston-upon-thames,E09000021,2013-12,244,monthly,362452,711216,466916,348340,266755,2013-12-01
Kingston upon Thames,http://landregistry.data.gov.uk/id/region/kingston-upon-thames,E09000021,2014-01,232,monthly,369306,725686,475903,354858,271670,2014-01-01
Kingston upon Thames,http://landregistry.data.gov.uk/id/region/kingston-upon-thames,E09000021,2014-02,217,monthly,376687,742587,485749,361810,276789,2014-02-01
Kingston upon Thames,http://landregistry.data.gov.uk/id/region/kingston-upon-thames,E09000021,2014-03,205,monthly,384835,759751,496006,369435,282700,2014-03-01
Kingston upon Thames,http://landregistry.data.gov.uk/id/region/kingston-upon-thames,E09000021,2014-04,247,monthly,391613,772193,504098,376463,287757,2014-04-01
Kingston upon Thames,http://landregistry.data.gov.uk/id/region/kingston-upon-thames,E09000021,2014-05,223,monthly,395975,777040,508856,381485,291216,2014-05-01
Kingston upon Thames,http://landregistry.data.gov.uk/id/region/kingston-upon-thames,E09000021,2014-06,245,monthly,404272,791830,519463,390058,297260,2014-06-01
Kingston upon Thames,http://landregistry.data.gov.uk/id/region/kingston-upon-thames,E09000021,2014-07,306,monthly,414460,810992,533790,400556,304259,2014-07-01
Kingston upon Thames,http://landregistry.data.gov.uk/id/region/kingston-upon-thames,E09000021,2014-08,299,monthly,426372,837058,550973,412605,312114,2014-08-01
Kingston upon Thames,http://landregistry.data.gov.uk/id/region/kingston-upon-thames,E09000021,2014-09,299,monthly,427663,843060,554207,413893,312351,2014-09-01
Kingston upon Thames,http://landregistry.data.gov.uk/id/region/kingston-upon-thames,E09000021,2014-10,298,monthly,425277,838967,550837,410848,310877,2014-10-01
Kingston upon Thames,http://landregistry.data.gov.uk/id/region/kingston-upon-thames,E09000021,2014-11,245,monthly,427596,844015,553463,412430,312849,2014-11-01
Kingston upon Thames,http://landregistry.data.gov.uk/id/region/kingston-upon-thames,E09000021,2014-12,242,monthly,429222,846390,554494,413222,314648,2014-12-01
Kingston upon Thames,http://landregistry.data.gov.uk/id/region/kingston-upon-thames,E09000021,2015-01,184,monthly,426903,841557,551574,410529,313098,2015-01-01
Kingston upon Thames,http://landregistry.data.gov.uk/id/region/kingston-upon-thames,E09000021,2015-02,190,monthly,421760,830737,544098,404468,310046,2015-02-01
Kingston upon Thames,http://landregistry.data.gov.uk/id/region/kingston-upon-thames,E09000021,2015-03,181,monthly,424484,835643,547725,406406,312381,2015-03-01
Kingston upon Thames,http://landregistry.data.gov.uk/id/region/kingston-upon-thames,E09000021,2015-04,210,monthly,430152,847879,554781,412626,316251,2015-04-01
Kingston upon Thames,http://landregistry.data.gov.uk/id/region/kingston-upon-thames,E09000021,2015-05,202,monthly,428175,841587,552308,411115,314839,2015-05-01
Kingston upon Thames,http://landregistry.data.gov.uk/id/region/kingston-upon-thames,E09000021,2015-06,236,monthly,429603,845130,555118,414284,314788,2015-06-01
Kingston upon Thames,http://landregistry.data.gov.uk/id/region/kingston-upon-thames,E09000021,2015-07,261,monthly,434523,852548,561986,419175,318352,2015-07-01
Kingston upon Thames,http://landregistry.data.gov.uk/id/region/kingston-upon-thames,E09000021,2015-08,236,monthly,449426,883240,582200,434391,328478,2015-08-01
Kingston upon Thames,http://landregistry.data.gov.uk/id/region/kingston-upon-thames,E09000021,2015-09,210,monthly,450685,889381,584050,434641,329356,2015-09-01
Kingston upon Thames,http://landregistry.data.gov.uk/id/region/kingston-upon-thames,E09000021,2015-10,265,monthly,450729,892085,585033,434967,328712,2015-10-01
Kingston upon Thames,http://landregistry.data.gov.uk/id/region/kingston-upon-thames,E09000021,2015-11,222,monthly,449013,890467,583253,433137,327203,2015-11-01
Kingston upon Thames,http://landregistry.data.gov.uk/id/region/kingston-upon-thames,E09000021,2015-12,229,monthly,460578,912006,598555,444389,335617,2015-12-01
Kingston upon Thames,http://landregistry.data.gov.uk/id/region/kingston-upon-thames,E09000021,2016-01,170,monthly,465254,919829,605682,448017,339104,2016-01-01
Kingston upon Thames,http://landregistry.data.gov.uk/id/region/kingston-upon-thames,E09000021,2016-02,209,monthly,468323,927585,610198,450296,341256,2016-02-01
Kingston upon Thames,http://landregistry.data.gov.uk/id/region/kingston-upon-thames,E09000021,2016-03,416,monthly,470972,934605,613294,452173,343411,2016-03-01
Kingston upon Thames,http://landregistry.data.gov.uk/id/region/kingston-upon-thames,E09000021,2016-04,115,monthly,478030,946534,619169,460098,349520,2016-04-01
Kingston upon Thames,http://landregistry.data.gov.uk/id/region/kingston-upon-thames,E09000021,2016-05,129,monthly,488828,959349,630076,471206,359049,2016-05-01
Kingston upon Thames,http://landregistry.data.gov.uk/id/region/kingston-upon-thames,E09000021,2016-06,165,monthly,495559,968086,636643,478346,364922,2016-06-01
Kingston upon Thames,http://landregistry.data.gov.uk/id/region/kingston-upon-thames,E09000021,2016-07,203,monthly,497134,971191,639986,479137,365868,2016-07-01
Kingston upon Thames,http://landregistry.data.gov.uk/id/region/kingston-upon-thames,E09000021,2016-08,176,monthly,491205,962985,633282,473314,360894,2016-08-01
Kingston upon Thames,http://landregistry.data.gov.uk/id/region/kingston-upon-thames,E09000021,2016-09,143,monthly,482733,945610,623979,464566,354362,2016-09-01
Kingston upon Thames,http://landregistry.data.gov.uk/id/region/kingston-upon-thames,E09000021,2016-10,149,monthly,484221,950149,625754,464221,356036,2016-10-01
Kingston upon Thames,http://landregistry.data.gov.uk/id/region/kingston-upon-thames,E09000021,2016-11,152,monthly,486864,958785,629016,465231,358304,2016-11-01
Kingston upon Thames,http://landregistry.data.gov.uk/id/region/kingston-upon-thames,E09000021,2016-12,188,monthly,490878,967895,632769,468428,361924,2016-12-01
Kingston upon Thames,http://landregistry.data.gov.uk/id/region/kingston-upon-thames,E09000021,2017-01,121,monthly,487327,961174,627595,465943,359156,2017-01-01
Kingston upon Thames,http://landregistry.data.gov.uk/id/region/kingston-upon-thames,E09000021,2017-02,141,monthly,491493,966501,631055,469496,363303,2017-02-01
Kingston upon Thames,http://landregistry.data.gov.uk/id/region/kingston-upon-thames,E09000021,2017-03,181,monthly,485291,954330,622453,463162,359078,2017-03-01
Kingston upon Thames,http://landregistry.data.gov.uk/id/region/kingston-upon-thames,E09000021,2017-04,133,monthly,490757,965938,627950,467285,363998,2017-04-01
Kingston upon Thames,http://landregistry.data.gov.uk/id/region/kingston-upon-thames,E09000021,2017-05,184,monthly,490578,962704,627963,466452,364262,2017-05-01
Kingston upon Thames,http://landregistry.data.gov.uk/id/region/kingston-upon-thames,E09000021,2017-06,178,monthly,498756,974244,637736,474869,370725,2017-06-01
Kingston upon Thames,http://landregistry.data.gov.uk/id/region/kingston-upon-thames,E09000021,2017-07,196,monthly,495344,963276,634271,471589,368230,2017-07-01
Kingston upon Thames,http://landregistry.data.gov.uk/id/region/kingston-upon-thames,E09000021,2017-08,221,monthly,493796,963107,633445,471614,365870,2017-08-01
Kingston upon Thames,http://landregistry.data.gov.uk/id/region/kingston-upon-thames,E09000021,2017-09,154,monthly,497972,976602,641036,475273,367833,2017-09-01
Kingston upon Thames,http://landregistry.data.gov.uk/id/region/kingston-upon-thames,E09000021,2017-10,156,monthly,498162,981177,642360,475407,367258,2017-10-01
Kingston upon Thames,http://landregistry.data.gov.uk/id/region/kingston-upon-thames,E09000021,2017-11,188,monthly,492822,970606,636133,470000,363202,2017-11-01
Kingston upon Thames,http://landregistry.data.gov.uk/id/region/kingston-upon-thames,E09000021,2017-12,154,monthly,485525,955603,626581,464085,357543,2017-12-01
Kingston upon Thames,http://landregistry.data.gov.uk/id/region/kingston-upon-thames,E09000021,2018-01,140,monthly,489984,962395,632757,468697,360710,2018-01-01
Kingston upon Thames,http://landregistry.data.gov.uk/id/region/kingston-upon-thames,E09000021,2018-02,120,monthly,492696,969871,637346,471875,361899,2018-02-01
Kingston upon Thames,http://landregistry.data.gov.uk/id/region/kingston-upon-thames,E09000021,2018-03,181,monthly,494430,970838,641003,474007,362671,2018-03-01
Kingston upon Thames,http://landregistry.data.gov.uk/id/region/kingston-upon-thames,E09000021,2018-04,128,monthly,493941,970113,641606,475579,360973,2018-04-01
Kingston upon Thames,http://landregistry.data.gov.uk/id/region/kingston-upon-thames,E09000021,2018-05,165,monthly,501516,984118,652364,483796,365840,2018-05-01
Kingston upon Thames,http://landregistry.data.gov.uk/id/region/kingston-upon-thames,E09000021,2018-06,183,monthly,511260,1006411,666409,492365,372358,2018-06-01
Kingston upon Thames,http://landregistry.data.gov.uk/id/region/kingston-upon-thames,E09000021,2018-07,181,monthly,510219,1009415,665159,490733,371307,2018-07-01
Kingston upon Thames,http://landregistry.data.gov.uk/id/region/kingston-upon-thames,E09000021,2018-08,218,monthly,505055,1001898,658808,486034,367022,2018-08-01
Kingston upon Thames,http://landregistry.data.gov.uk/id/region/kingston-upon-thames,E09000021,2018-09,169,monthly,495582,984591,646323,477435,359855,2018-09-01
Kingston upon Thames,http://landregistry.data.gov.uk/id/region/kingston-upon-thames,E09000021,2018-10,227,monthly,492323,977738,642176,474410,357437,2018-10-01
Kingston upon Thames,http://landregistry.data.gov.uk/id/region/kingston-upon-thames,E09000021,2018-11,201,monthly,491682,980348,641885,473408,356511,2018-11-01
Kingston upon Thames,http://landregistry.data.gov.uk/id/region/kingston-upon-thames,E09000021,2018-12,181,monthly,485688,967725,634581,467133,352195,2018-12-01
Kingston upon Thames,http://landregistry.data.gov.uk/id/region/kingston-upon-thames,E09000021,2019-01,153,monthly,482032,961816,630446,463051,349351,2019-01-01
Kingston upon Thames,http://landregistry.data.gov.uk/id/region/kingston-upon-thames,E09000021,2019-02,166,monthly,475365,947305,621856,456256,344700,2019-02-01
Kingston upon Thames,http://landregistry.data.gov.uk/id/region/kingston-upon-thames,E09000021,2019-03,191,monthly,474572,946121,620982,456529,343567,2019-03-01
Kingston upon Thames,http://landregistry.data.gov.uk/id/region/kingston-upon-thames,E09000021,2019-04,143,monthly,474337,943755,619850,458022,343166,2019-04-01
Kingston upon Thames,http://landregistry.data.gov.uk/id/region/kingston-upon-thames,E09000021,2019-05,170,monthly,472454,936929,617661,457734,341314,2019-05-01
Kingston upon Thames,http://landregistry.data.gov.uk/id/region/kingston-upon-thames,E09000021,2019-06,161,monthly,484123,957961,632899,469357,349814,2019-06-01
Kingston upon Thames,http://landregistry.data.gov.uk/id/region/kingston-upon-thames,E09000021,2019-07,215,monthly,501485,990581,656907,485990,362068,2019-07-01
Kingston upon Thames,http://landregistry.data.gov.uk/id/region/kingston-upon-thames,E09000021,2019-08,219,monthly,506260,1001455,663867,490943,364949,2019-08-01
Kingston upon Thames,http://landregistry.data.gov.uk/id/region/kingston-upon-thames,E09000021,2019-09,165,monthly,502671,997237,658537,488211,362020,2019-09-01
Kingston upon Thames,http://landregistry.data.gov.uk/id/region/kingston-upon-thames,E09000021,2019-10,212,monthly,486686,968423,639406,472045,349772,2019-10-01
Kingston upon Thames,http://landregistry.data.gov.uk/id/region/kingston-upon-thames,E09000021,2019-11,214,monthly,490723,978199,645200,475446,352531,2019-11-01
Kingston upon Thames,http://landregistry.data.gov.uk/id/region/kingston-upon-thames,E09000021,2019-12,178,monthly,489050,976644,643707,473565,350981,2019-12-01
Kingston upon Thames,http://landregistry.data.gov.uk/id/region/kingston-upon-thames,E09000021,2020-01,139,monthly,489836,977484,645037,475602,350946,2020-01-01
Kingston upon Thames,http://landregistry.data.gov.uk/id/region/kingston-upon-thames,E09000021,2020-02,156,monthly,485528,973853,641497,472572,346234,2020-02-01
Kingston upon Thames,http://landregistry.data.gov.uk/id/region/kingston-upon-thames,E09000021,2020-03,156,monthly,485856,976777,644395,473361,345087,2020-03-01
Kingston upon Thames,http://landregistry.data.gov.uk/id/region/kingston-upon-thames,E09000021,2020-04,74,monthly,487345,987347,647316,476770,344505,2020-04-01
Kingston upon Thames,http://landregistry.data.gov.uk/id/region/kingston-upon-thames,E09000021,2020-05,55,monthly,485279,980517,643292,473706,344057,2020-05-01
Kingston upon Thames,http://landregistry.data.gov.uk/id/region/kingston-upon-thames,E09000021,2020-06,88,monthly,480479,968770,638517,470734,339660,2020-06-01
Kingston upon Thames,http://landregistry.data.gov.uk/id/region/kingston-upon-thames,E09000021,2020-07,155,monthly,486150,974246,645689,475596,344511,2020-07-01
Kingston upon Thames,http://landregistry.data.gov.uk/id/region/kingston-upon-thames,E09000021,2020-08,159,monthly,499763,1005738,667026,490773,352099,2020-08-01
Kingston upon Thames,http://landregistry.data.gov.uk/id/region/kingston-upon-thames,E09000021,2020-09,162,monthly,502063,1015953,671416,493102,352851,2020-09-01
Kingston upon Thames,http://landregistry.data.gov.uk/id/region/kingston-upon-thames,E09000021,2020-10,191,monthly,497516,1012525,667841,490377,347778,2020-10-01
Kingston upon Thames,http://landregistry.data.gov.uk/id/region/kingston-upon-thames,E09000021,2020-11,213,monthly,492856,1004469,661934,486964,343860,2020-11-01
Kingston upon Thames,http://landregistry.data.gov.uk/id/region/kingston-upon-thames,E09000021,2020-12,222,monthly,495841,1011801,666198,490801,345437,2020-12-01
Kingston upon Thames,http://landregistry.data.gov.uk/id/region/kingston-upon-thames,E09000021,2021-01,192,monthly,499640,1012522,668309,492940,350169,2021-01-01
Kingston upon Thames,http://landregistry.data.gov.uk/id/region/kingston-upon-thames,E09000021,2021-02,281,monthly,501047,1006122,666595,492856,353589,2021-02-01
Kingston upon Thames,http://landregistry.data.gov.uk/id/region/kingston-upon-thames,E09000021,2021-03,404,monthly,506584,1005839,669575,496298,360654,2021-03-01
Kingston upon Thames,http://landregistry.data.gov.uk/id/region/kingston-upon-thames,E09000021,2021-04,225,monthly,504776,1002291,666015,493955,359999,2021-04-01
Kingston upon Thames,http://landregistry.data.gov.uk/id/region/kingston-upon-thames,E09000021,2021-05,190,monthly,503994,1002948,665669,493133,358987,2021-05-01
Kingston upon Thames,http://landregistry.data.gov.uk/id/region/kingston-upon-thames,E09000021,2021-06,609,monthly,508889,1013340,672463,500129,361524,2021-06-01
Kingston upon Thames,http://landregistry.data.gov.uk/id/region/kingston-upon-thames,E09000021,2021-07,72,monthly,499732,1002469,660381,490351,354565,2021-07-01
Kingston upon Thames,http://landregistry.data.gov.uk/id/region/kingston-upon-thames,E09000021,2021-08,151,monthly,506534,1028987,672562,497089,356976,2021-08-01
Kingston upon Thames,http://landregistry.data.gov.uk/id/region/kingston-upon-thames,E09000021,2021-09,337,monthly,507403,1040139,676380,497028,355998,2021-09-01
Kingston upon Thames,http://landregistry.data.gov.uk/id/region/kingston-upon-thames,E09000021,2021-10,135,monthly,526964,1088369,707577,516585,366947,2021-10-01
Kingston upon Thames,http://landregistry.data.gov.uk/id/region/kingston-upon-thames,E09000021,2021-11,162,monthly,529285,1093840,711235,518795,368328,2021-11-01
Kingston upon Thames,http://landregistry.data.gov.uk/id/region/kingston-upon-thames,E09000021,2021-12,165,monthly,525368,1092586,708212,515192,364069,2021-12-01
Kingston upon Thames,http://landregistry.data.gov.uk/id/region/kingston-upon-thames,E09000021,2022-01,167,monthly,523909,1087256,707412,515233,362359,2022-01-01
Kingston upon Thames,http://landregistry.data.gov.uk/id/region/kingston-upon-thames,E09000021,2022-02,167,monthly,525294,1087125,709104,516797,363845,2022-02-01
Kingston upon Thames,http://landregistry.data.gov.uk/id/region/kingston-upon-thames,E09000021,2022-03,191,monthly,532067,1103134,719697,523169,367898,2022-03-01
Kingston upon Thames,http://landregistry.data.gov.uk/id/region/kingston-upon-thames,E09000021,2022-04,149,monthly,536339,1109938,724724,528723,370765,2022-04-01
Kingston upon Thames,http://landregistry.data.gov.uk/id/region/kingston-upon-thames,E09000021,2022-05,209,monthly,541118,1121845,732778,534933,372433,2022-05-01
Kingston upon Thames,http://landregistry.data.gov.uk/id/region/kingston-upon-thames,E09000021,2022-06,202,monthly,542345,1120395,733791,537736,373236,2022-06-01
Kingston upon Thames,http://landregistry.data.gov.uk/id/region/kingston-upon-thames,E09000021,2022-07,212,monthly,559050,1154544,757482,555463,383744,2022-07-01
Kingston upon Thames,http://landregistry.data.gov.uk/id/region/kingston-upon-thames,E09000021,2022-08,252,monthly,567150,1169498,769731,565332,388082,2022-08-01
Kingston upon Thames,http://landregistry.data.gov.uk/id/region/kingston-upon-thames,E09000021,2022-09,219,monthly,578905,1198220,787061,577589,394803,2022-09-01
Kingston upon Thames,http://landregistry.data.gov.uk/id/region/kingston-upon-thames,E09000021,2022-10,217,monthly,573976,1188769,781490,573007,390714,2022-10-01
Kingston upon Thames,http://landregistry.data.gov.uk/id/region/kingston-upon-thames,E09000021,2022-11,173,monthly,567180,1178615,772875,565982,385519,2022-11-01
Kingston upon Thames,http://landregistry.data.gov.uk/id/region/kingston-upon-thames,E09000021,2022-12,149,monthly,559659,1161041,762895,558992,380251,2022-12-01
Kingston upon Thames,http://landregistry.data.gov.uk/id/region/kingston-upon-thames,E09000021,2023-01,119,monthly,558024,1161341,761009,556143,379173,2023-01-01
Kingston upon Thames,http://landregistry.data.gov.uk/id/region/kingston-upon-thames,E09000021,2023-02,110,monthly,555020,1154899,756768,552059,377703,2023-02-01
Kingston upon Thames,http://landregistry.data.gov.uk/id/region/kingston-upon-thames,E09000021,2023-03,150,monthly,556595,1163179,759600,551272,379000,2023-03-01
Kingston upon Thames,http://landregistry.data.gov.uk/id/region/kingston-upon-thames,E09000021,2023-04,103,monthly,550731,1150419,750268,544539,375957,2023-04-01
Kingston upon Thames,http://landregistry.data.gov.uk/id/region/kingston-upon-thames,E09000021,2023-05,111,monthly,549653,1143271,747152,543323,376411,2023-05-01
Kingston upon Thames,http://landregistry.data.gov.uk/id/region/kingston-upon-thames,E09000021,2023-06,157,monthly,546647,1134805,741229,541891,374660,2023-06-01
Kingston upon Thames,http://landregistry.data.gov.uk/id/region/kingston-upon-thames,E09000021,2023-07,137,monthly,540997,1121255,734367,538058,369929,2023-07-01
Kingston upon Thames,http://landregistry.data.gov.uk/id/region/kingston-upon-thames,E09000021,2023-08,185,monthly,545951,1136921,743706,544284,371237,2023-08-01
Kingston upon Thames,http://landregistry.data.gov.uk/id/region/kingston-upon-thames,E09000021,2023-09,143,monthly,546679,1138670,746848,546188,370395,2023-09-01
Kingston upon Thames,http://landregistry.data.gov.uk/id/region/kingston-upon-thames,E09000021,2023-10,140,monthly,551537,1146507,754237,550626,373785,2023-10-01
Kingston upon Thames,http://landregistry.data.gov.uk/id/region/kingston-upon-thames,E09000021,2023-11,122,monthly,540507,1123033,739297,538045,366943,2023-11-01
Kingston upon Thames,http://landregistry.data.gov.uk/id/region/kingston-upon-thames,E09000021,2023-12,109,monthly,536162,1108718,733290,532524,365017,2023-12-01
Kingston upon Thames,http://landregistry.data.gov.uk/id/region/kingston-upon-thames,E09000021,2024-01,79,monthly,530590,1095397,725829,528361,360786,2024-01-01
Kingston upon Thames,http://landregistry.data.gov.uk/id/region/kingston-upon-thames,E09000021,2024-02,52,monthly,537550,1099758,733848,536133,366833,2024-02-01
Kingston upon Thames,http://landregistry.data.gov.uk/id/region/kingston-upon-thames,E09000021,2024-03,,monthly,527760,1075577,717410,525679,362151,2024-03-01
Kingston upon Thames,http://landregistry.data.gov.uk/id/region/kingston-upon-thames,E09000021,2024-04,,monthly,532281,1074771,723378,528985,366980,2024-04-01
