"Name","URI","Region GSS code","Period","Sales volume","Reporting period","Average price All property types","Average price Detached houses","Average price Semi-detached houses","Average price Terraced houses","Average price Flats and maisonettes","Pivotable date"
Lambeth,http://landregistry.data.gov.uk/id/region/lambeth,E09000022,2004-01,409,monthly,212766,433242,345891,265939,194581,2004-01-01
Lambeth,http://landregistry.data.gov.uk/id/region/lambeth,E09000022,2004-02,425,monthly,211752,430345,344853,265282,193437,2004-02-01
Lambeth,http://landregistry.data.gov.uk/id/region/lambeth,E09000022,2004-03,470,monthly,213243,433726,347039,267598,194670,2004-03-01
Lambeth,http://landregistry.data.gov.uk/id/region/lambeth,E09000022,2004-04,552,monthly,213974,430667,347454,269268,195202,2004-04-01
Lambeth,http://landregistry.data.gov.uk/id/region/lambeth,E09000022,2004-05,472,monthly,216127,431187,349366,272124,197242,2004-05-01
Lambeth,http://landregistry.data.gov.uk/id/region/lambeth,E09000022,2004-06,663,monthly,220817,437612,356827,278088,201527,2004-06-01
Lambeth,http://landregistry.data.gov.uk/id/region/lambeth,E09000022,2004-07,656,monthly,223564,444394,362493,282013,203829,2004-07-01
Lambeth,http://landregistry.data.gov.uk/id/region/lambeth,E09000022,2004-08,649,monthly,230938,460295,375181,291540,210441,2004-08-01
Lambeth,http://landregistry.data.gov.uk/id/region/lambeth,E09000022,2004-09,465,monthly,233753,469467,381283,295707,212730,2004-09-01
Lambeth,http://landregistry.data.gov.uk/id/region/lambeth,E09000022,2004-10,442,monthly,230775,460374,373882,290764,210505,2004-10-01
Lambeth,http://landregistry.data.gov.uk/id/region/lambeth,E09000022,2004-11,390,monthly,227754,453083,367970,286547,207929,2004-11-01
Lambeth,http://landregistry.data.gov.uk/id/region/lambeth,E09000022,2004-12,364,monthly,227204,446398,364043,284946,207886,2004-12-01
Lambeth,http://landregistry.data.gov.uk/id/region/lambeth,E09000022,2005-01,291,monthly,226726,445431,363025,284925,207309,2005-01-01
Lambeth,http://landregistry.data.gov.uk/id/region/lambeth,E09000022,2005-02,295,monthly,224800,440703,361285,283144,205320,2005-02-01
Lambeth,http://landregistry.data.gov.uk/id/region/lambeth,E09000022,2005-03,335,monthly,220863,434824,356557,279201,201348,2005-03-01
Lambeth,http://landregistry.data.gov.uk/id/region/lambeth,E09000022,2005-04,397,monthly,221561,434799,358567,280570,201829,2005-04-01
Lambeth,http://landregistry.data.gov.uk/id/region/lambeth,E09000022,2005-05,372,monthly,222759,437912,359099,282023,202999,2005-05-01
Lambeth,http://landregistry.data.gov.uk/id/region/lambeth,E09000022,2005-06,431,monthly,227386,445436,366093,288434,207112,2005-06-01
Lambeth,http://landregistry.data.gov.uk/id/region/lambeth,E09000022,2005-07,511,monthly,233889,459862,377435,297085,212878,2005-07-01
Lambeth,http://landregistry.data.gov.uk/id/region/lambeth,E09000022,2005-08,565,monthly,235728,464940,380736,299974,214385,2005-08-01
Lambeth,http://landregistry.data.gov.uk/id/region/lambeth,E09000022,2005-09,515,monthly,237332,469997,383926,302180,215756,2005-09-01
Lambeth,http://landregistry.data.gov.uk/id/region/lambeth,E09000022,2005-10,494,monthly,231104,456690,372503,293905,210256,2005-10-01
Lambeth,http://landregistry.data.gov.uk/id/region/lambeth,E09000022,2005-11,443,monthly,232129,456880,374016,295247,211200,2005-11-01
Lambeth,http://landregistry.data.gov.uk/id/region/lambeth,E09000022,2005-12,534,monthly,231958,453088,371777,294243,211368,2005-12-01
Lambeth,http://landregistry.data.gov.uk/id/region/lambeth,E09000022,2006-01,397,monthly,236766,463457,380534,301169,215484,2006-01-01
Lambeth,http://landregistry.data.gov.uk/id/region/lambeth,E09000022,2006-02,372,monthly,234359,457550,377034,298228,213250,2006-02-01
Lambeth,http://landregistry.data.gov.uk/id/region/lambeth,E09000022,2006-03,540,monthly,235911,464563,382504,301636,214124,2006-03-01
Lambeth,http://landregistry.data.gov.uk/id/region/lambeth,E09000022,2006-04,498,monthly,237767,468363,385266,304205,215772,2006-04-01
Lambeth,http://landregistry.data.gov.uk/id/region/lambeth,E09000022,2006-05,497,monthly,246459,487095,399626,315299,223643,2006-05-01
Lambeth,http://landregistry.data.gov.uk/id/region/lambeth,E09000022,2006-06,549,monthly,249296,490448,403518,318668,226330,2006-06-01
Lambeth,http://landregistry.data.gov.uk/id/region/lambeth,E09000022,2006-07,659,monthly,254318,500879,413012,326257,230532,2006-07-01
Lambeth,http://landregistry.data.gov.uk/id/region/lambeth,E09000022,2006-08,684,monthly,257563,508233,418916,331893,233074,2006-08-01
Lambeth,http://landregistry.data.gov.uk/id/region/lambeth,E09000022,2006-09,661,monthly,261648,520381,426849,337780,236528,2006-09-01
Lambeth,http://landregistry.data.gov.uk/id/region/lambeth,E09000022,2006-10,586,monthly,262571,521474,427086,337879,237696,2006-10-01
Lambeth,http://landregistry.data.gov.uk/id/region/lambeth,E09000022,2006-11,611,monthly,261967,520049,426137,336665,237256,2006-11-01
Lambeth,http://landregistry.data.gov.uk/id/region/lambeth,E09000022,2006-12,566,monthly,263085,519599,427485,338201,238284,2006-12-01
Lambeth,http://landregistry.data.gov.uk/id/region/lambeth,E09000022,2007-01,532,monthly,267255,529354,435300,344025,241886,2007-01-01
Lambeth,http://landregistry.data.gov.uk/id/region/lambeth,E09000022,2007-02,460,monthly,272416,537998,442658,349526,246844,2007-02-01
Lambeth,http://landregistry.data.gov.uk/id/region/lambeth,E09000022,2007-03,533,monthly,279673,552873,454590,359469,253263,2007-03-01
Lambeth,http://landregistry.data.gov.uk/id/region/lambeth,E09000022,2007-04,464,monthly,283835,559031,461129,366003,256798,2007-04-01
Lambeth,http://landregistry.data.gov.uk/id/region/lambeth,E09000022,2007-05,497,monthly,290461,570102,471477,375481,262617,2007-05-01
Lambeth,http://landregistry.data.gov.uk/id/region/lambeth,E09000022,2007-06,697,monthly,300121,588349,486875,387765,271411,2007-06-01
Lambeth,http://landregistry.data.gov.uk/id/region/lambeth,E09000022,2007-07,623,monthly,305754,602311,497669,395166,276395,2007-07-01
Lambeth,http://landregistry.data.gov.uk/id/region/lambeth,E09000022,2007-08,655,monthly,315086,626008,515486,409100,284292,2007-08-01
Lambeth,http://landregistry.data.gov.uk/id/region/lambeth,E09000022,2007-09,482,monthly,318371,636082,523064,413700,287074,2007-09-01
Lambeth,http://landregistry.data.gov.uk/id/region/lambeth,E09000022,2007-10,532,monthly,320251,637444,522586,414487,289282,2007-10-01
Lambeth,http://landregistry.data.gov.uk/id/region/lambeth,E09000022,2007-11,462,monthly,316462,630528,515891,407980,286221,2007-11-01
Lambeth,http://landregistry.data.gov.uk/id/region/lambeth,E09000022,2007-12,370,monthly,309138,613831,501234,397421,279959,2007-12-01
Lambeth,http://landregistry.data.gov.uk/id/region/lambeth,E09000022,2008-01,359,monthly,307930,614603,500283,395899,278800,2008-01-01
Lambeth,http://landregistry.data.gov.uk/id/region/lambeth,E09000022,2008-02,338,monthly,303089,606266,493448,390182,274280,2008-02-01
Lambeth,http://landregistry.data.gov.uk/id/region/lambeth,E09000022,2008-03,319,monthly,304300,607921,496797,393067,275070,2008-03-01
Lambeth,http://landregistry.data.gov.uk/id/region/lambeth,E09000022,2008-04,286,monthly,305630,609715,499860,396546,275901,2008-04-01
Lambeth,http://landregistry.data.gov.uk/id/region/lambeth,E09000022,2008-05,289,monthly,302761,603651,495583,393769,273115,2008-05-01
Lambeth,http://landregistry.data.gov.uk/id/region/lambeth,E09000022,2008-06,270,monthly,296606,594392,486765,386358,267382,2008-06-01
Lambeth,http://landregistry.data.gov.uk/id/region/lambeth,E09000022,2008-07,260,monthly,295052,592468,485948,384360,265909,2008-07-01
Lambeth,http://landregistry.data.gov.uk/id/region/lambeth,E09000022,2008-08,218,monthly,296707,598311,489812,386600,267327,2008-08-01
Lambeth,http://landregistry.data.gov.uk/id/region/lambeth,E09000022,2008-09,186,monthly,302407,613584,497597,392871,272719,2008-09-01
Lambeth,http://landregistry.data.gov.uk/id/region/lambeth,E09000022,2008-10,153,monthly,289367,586097,473652,374532,261327,2008-10-01
Lambeth,http://landregistry.data.gov.uk/id/region/lambeth,E09000022,2008-11,131,monthly,275678,555530,449101,355961,249224,2008-11-01
Lambeth,http://landregistry.data.gov.uk/id/region/lambeth,E09000022,2008-12,151,monthly,266183,534398,434750,344703,240419,2008-12-01
Lambeth,http://landregistry.data.gov.uk/id/region/lambeth,E09000022,2009-01,104,monthly,262814,533553,430968,340141,237315,2009-01-01
Lambeth,http://landregistry.data.gov.uk/id/region/lambeth,E09000022,2009-02,92,monthly,262924,535354,432108,339905,237420,2009-02-01
Lambeth,http://landregistry.data.gov.uk/id/region/lambeth,E09000022,2009-03,129,monthly,255001,519338,418476,328652,230462,2009-03-01
Lambeth,http://landregistry.data.gov.uk/id/region/lambeth,E09000022,2009-04,128,monthly,247238,497617,404456,319211,223404,2009-04-01
Lambeth,http://landregistry.data.gov.uk/id/region/lambeth,E09000022,2009-05,146,monthly,251968,504967,411988,326861,227319,2009-05-01
Lambeth,http://landregistry.data.gov.uk/id/region/lambeth,E09000022,2009-06,153,monthly,258178,517497,422985,336588,232472,2009-06-01
Lambeth,http://landregistry.data.gov.uk/id/region/lambeth,E09000022,2009-07,240,monthly,270535,546867,447126,355473,242716,2009-07-01
Lambeth,http://landregistry.data.gov.uk/id/region/lambeth,E09000022,2009-08,246,monthly,273198,555779,453947,360633,244571,2009-08-01
Lambeth,http://landregistry.data.gov.uk/id/region/lambeth,E09000022,2009-09,252,monthly,276691,564339,461587,366442,247316,2009-09-01
Lambeth,http://landregistry.data.gov.uk/id/region/lambeth,E09000022,2009-10,295,monthly,282901,577459,472653,374994,252755,2009-10-01
Lambeth,http://landregistry.data.gov.uk/id/region/lambeth,E09000022,2009-11,281,monthly,284628,583898,475478,378321,254032,2009-11-01
Lambeth,http://landregistry.data.gov.uk/id/region/lambeth,E09000022,2009-12,298,monthly,281970,578085,471703,375498,251463,2009-12-01
Lambeth,http://landregistry.data.gov.uk/id/region/lambeth,E09000022,2010-01,265,monthly,285833,590039,479981,382895,254270,2010-01-01
Lambeth,http://landregistry.data.gov.uk/id/region/lambeth,E09000022,2010-02,208,monthly,286760,592719,484767,385447,254635,2010-02-01
Lambeth,http://landregistry.data.gov.uk/id/region/lambeth,E09000022,2010-03,251,monthly,295041,611141,498543,396150,262092,2010-03-01
Lambeth,http://landregistry.data.gov.uk/id/region/lambeth,E09000022,2010-04,250,monthly,294294,607143,496500,394045,261735,2010-04-01
Lambeth,http://landregistry.data.gov.uk/id/region/lambeth,E09000022,2010-05,299,monthly,297315,613388,499786,397086,264739,2010-05-01
Lambeth,http://landregistry.data.gov.uk/id/region/lambeth,E09000022,2010-06,313,monthly,298001,616142,502855,399754,264841,2010-06-01
Lambeth,http://landregistry.data.gov.uk/id/region/lambeth,E09000022,2010-07,390,monthly,303699,634164,515378,409515,269242,2010-07-01
Lambeth,http://landregistry.data.gov.uk/id/region/lambeth,E09000022,2010-08,353,monthly,308883,647951,527054,418402,273248,2010-08-01
Lambeth,http://landregistry.data.gov.uk/id/region/lambeth,E09000022,2010-09,301,monthly,307119,648964,525829,417068,271331,2010-09-01
Lambeth,http://landregistry.data.gov.uk/id/region/lambeth,E09000022,2010-10,317,monthly,302451,637987,517152,409901,267434,2010-10-01
Lambeth,http://landregistry.data.gov.uk/id/region/lambeth,E09000022,2010-11,284,monthly,294153,622657,502231,397257,260438,2010-11-01
Lambeth,http://landregistry.data.gov.uk/id/region/lambeth,E09000022,2010-12,261,monthly,292465,617797,500371,394496,259013,2010-12-01
Lambeth,http://landregistry.data.gov.uk/id/region/lambeth,E09000022,2011-01,267,monthly,290340,613556,497953,391946,256999,2011-01-01
Lambeth,http://landregistry.data.gov.uk/id/region/lambeth,E09000022,2011-02,223,monthly,293481,619323,503670,395647,259909,2011-02-01
Lambeth,http://landregistry.data.gov.uk/id/region/lambeth,E09000022,2011-03,249,monthly,293607,625072,504344,396085,259901,2011-03-01
Lambeth,http://landregistry.data.gov.uk/id/region/lambeth,E09000022,2011-04,310,monthly,298551,636106,511866,402021,264502,2011-04-01
Lambeth,http://landregistry.data.gov.uk/id/region/lambeth,E09000022,2011-05,273,monthly,300056,633893,511422,403458,266192,2011-05-01
Lambeth,http://landregistry.data.gov.uk/id/region/lambeth,E09000022,2011-06,305,monthly,304481,636088,517073,408590,270468,2011-06-01
Lambeth,http://landregistry.data.gov.uk/id/region/lambeth,E09000022,2011-07,342,monthly,304624,632967,516711,409167,270564,2011-07-01
Lambeth,http://landregistry.data.gov.uk/id/region/lambeth,E09000022,2011-08,352,monthly,312600,657784,537088,423377,276375,2011-08-01
Lambeth,http://landregistry.data.gov.uk/id/region/lambeth,E09000022,2011-09,364,monthly,313959,666282,542539,427174,276902,2011-09-01
Lambeth,http://landregistry.data.gov.uk/id/region/lambeth,E09000022,2011-10,296,monthly,316450,677409,550407,431249,278694,2011-10-01
Lambeth,http://landregistry.data.gov.uk/id/region/lambeth,E09000022,2011-11,297,monthly,310605,661281,537646,421172,274211,2011-11-01
Lambeth,http://landregistry.data.gov.uk/id/region/lambeth,E09000022,2011-12,308,monthly,309605,657215,534196,418479,273750,2011-12-01
Lambeth,http://landregistry.data.gov.uk/id/region/lambeth,E09000022,2012-01,257,monthly,308274,655349,533582,417999,272168,2012-01-01
Lambeth,http://landregistry.data.gov.uk/id/region/lambeth,E09000022,2012-02,263,monthly,313346,671572,545897,427811,275728,2012-02-01
Lambeth,http://landregistry.data.gov.uk/id/region/lambeth,E09000022,2012-03,404,monthly,314537,674108,548832,429961,276590,2012-03-01
Lambeth,http://landregistry.data.gov.uk/id/region/lambeth,E09000022,2012-04,238,monthly,318902,680660,553077,434915,280857,2012-04-01
Lambeth,http://landregistry.data.gov.uk/id/region/lambeth,E09000022,2012-05,317,monthly,323925,686400,557851,440016,285925,2012-05-01
Lambeth,http://landregistry.data.gov.uk/id/region/lambeth,E09000022,2012-06,305,monthly,333273,707190,574248,455063,293612,2012-06-01
Lambeth,http://landregistry.data.gov.uk/id/region/lambeth,E09000022,2012-07,382,monthly,335266,714353,580210,459364,294854,2012-07-01
Lambeth,http://landregistry.data.gov.uk/id/region/lambeth,E09000022,2012-08,394,monthly,338402,727141,589201,466761,296672,2012-08-01
Lambeth,http://landregistry.data.gov.uk/id/region/lambeth,E09000022,2012-09,402,monthly,334410,718927,582874,461149,293161,2012-09-01
Lambeth,http://landregistry.data.gov.uk/id/region/lambeth,E09000022,2012-10,358,monthly,338429,725659,588300,466188,296895,2012-10-01
Lambeth,http://landregistry.data.gov.uk/id/region/lambeth,E09000022,2012-11,328,monthly,334410,714833,579948,459958,293613,2012-11-01
Lambeth,http://landregistry.data.gov.uk/id/region/lambeth,E09000022,2012-12,291,monthly,336416,723968,585037,463343,295113,2012-12-01
Lambeth,http://landregistry.data.gov.uk/id/region/lambeth,E09000022,2013-01,296,monthly,331660,715617,580304,457480,290588,2013-01-01
Lambeth,http://landregistry.data.gov.uk/id/region/lambeth,E09000022,2013-02,270,monthly,340893,735641,598034,469981,298627,2013-02-01
Lambeth,http://landregistry.data.gov.uk/id/region/lambeth,E09000022,2013-03,308,monthly,346215,743447,606255,475688,303666,2013-03-01
Lambeth,http://landregistry.data.gov.uk/id/region/lambeth,E09000022,2013-04,336,monthly,351136,752206,612598,482740,308029,2013-04-01
Lambeth,http://landregistry.data.gov.uk/id/region/lambeth,E09000022,2013-05,416,monthly,346608,739217,603804,476355,304147,2013-05-01
Lambeth,http://landregistry.data.gov.uk/id/region/lambeth,E09000022,2013-06,408,monthly,351150,748687,613406,484658,307673,2013-06-01
Lambeth,http://landregistry.data.gov.uk/id/region/lambeth,E09000022,2013-07,450,monthly,361265,768549,631629,499567,316347,2013-07-01
Lambeth,http://landregistry.data.gov.uk/id/region/lambeth,E09000022,2013-08,478,monthly,367315,784739,645067,510182,321084,2013-08-01
Lambeth,http://landregistry.data.gov.uk/id/region/lambeth,E09000022,2013-09,438,monthly,377423,808498,661356,523217,330152,2013-09-01
Lambeth,http://landregistry.data.gov.uk/id/region/lambeth,E09000022,2013-10,442,monthly,387491,833592,678397,535824,339213,2013-10-01
Lambeth,http://landregistry.data.gov.uk/id/region/lambeth,E09000022,2013-11,547,monthly,394045,845709,686240,542524,345555,2013-11-01
Lambeth,http://landregistry.data.gov.uk/id/region/lambeth,E09000022,2013-12,546,monthly,400387,856170,696027,550319,351368,2013-12-01
Lambeth,http://landregistry.data.gov.uk/id/region/lambeth,E09000022,2014-01,464,monthly,395104,847221,687800,542711,346743,2014-01-01
Lambeth,http://landregistry.data.gov.uk/id/region/lambeth,E09000022,2014-02,380,monthly,406243,875877,707978,557570,356501,2014-02-01
Lambeth,http://landregistry.data.gov.uk/id/region/lambeth,E09000022,2014-03,381,monthly,401811,869564,700918,551310,352522,2014-03-01
Lambeth,http://landregistry.data.gov.uk/id/region/lambeth,E09000022,2014-04,372,monthly,413723,892774,720976,568537,362885,2014-04-01
Lambeth,http://landregistry.data.gov.uk/id/region/lambeth,E09000022,2014-05,398,monthly,423948,910635,738385,583411,371772,2014-05-01
Lambeth,http://landregistry.data.gov.uk/id/region/lambeth,E09000022,2014-06,395,monthly,435515,935473,758655,600142,381802,2014-06-01
Lambeth,http://landregistry.data.gov.uk/id/region/lambeth,E09000022,2014-07,524,monthly,446019,962189,778818,615806,390782,2014-07-01
Lambeth,http://landregistry.data.gov.uk/id/region/lambeth,E09000022,2014-08,481,monthly,449302,976800,788125,622509,393238,2014-08-01
Lambeth,http://landregistry.data.gov.uk/id/region/lambeth,E09000022,2014-09,416,monthly,462535,1007896,813376,642056,404592,2014-09-01
Lambeth,http://landregistry.data.gov.uk/id/region/lambeth,E09000022,2014-10,394,monthly,463981,1010752,815252,642436,406094,2014-10-01
Lambeth,http://landregistry.data.gov.uk/id/region/lambeth,E09000022,2014-11,347,monthly,457791,994284,802214,631951,401003,2014-11-01
Lambeth,http://landregistry.data.gov.uk/id/region/lambeth,E09000022,2014-12,421,monthly,447526,968318,781379,615606,392399,2014-12-01
Lambeth,http://landregistry.data.gov.uk/id/region/lambeth,E09000022,2015-01,351,monthly,441235,954842,771265,606966,386857,2015-01-01
Lambeth,http://landregistry.data.gov.uk/id/region/lambeth,E09000022,2015-02,346,monthly,438618,952023,768652,603228,384508,2015-02-01
Lambeth,http://landregistry.data.gov.uk/id/region/lambeth,E09000022,2015-03,370,monthly,443179,963718,776717,608753,388692,2015-03-01
Lambeth,http://landregistry.data.gov.uk/id/region/lambeth,E09000022,2015-04,340,monthly,445243,969170,779542,612158,390435,2015-04-01
Lambeth,http://landregistry.data.gov.uk/id/region/lambeth,E09000022,2015-05,338,monthly,459887,998227,803626,631623,403454,2015-05-01
Lambeth,http://landregistry.data.gov.uk/id/region/lambeth,E09000022,2015-06,424,monthly,467797,1018760,821155,646196,409643,2015-06-01
Lambeth,http://landregistry.data.gov.uk/id/region/lambeth,E09000022,2015-07,487,monthly,484640,1054344,851585,669865,424302,2015-07-01
Lambeth,http://landregistry.data.gov.uk/id/region/lambeth,E09000022,2015-08,477,monthly,499510,1089465,878333,692442,436959,2015-08-01
Lambeth,http://landregistry.data.gov.uk/id/region/lambeth,E09000022,2015-09,424,monthly,508248,1110226,892122,703073,444888,2015-09-01
Lambeth,http://landregistry.data.gov.uk/id/region/lambeth,E09000022,2015-10,404,monthly,499211,1090795,874748,690254,437081,2015-10-01
Lambeth,http://landregistry.data.gov.uk/id/region/lambeth,E09000022,2015-11,343,monthly,487265,1065080,854233,673288,426677,2015-11-01
Lambeth,http://landregistry.data.gov.uk/id/region/lambeth,E09000022,2015-12,343,monthly,484535,1061869,851332,669832,424153,2015-12-01
Lambeth,http://landregistry.data.gov.uk/id/region/lambeth,E09000022,2016-01,372,monthly,491178,1079890,867874,679644,429674,2016-01-01
Lambeth,http://landregistry.data.gov.uk/id/region/lambeth,E09000022,2016-02,317,monthly,501992,1106658,889567,694692,439013,2016-02-01
Lambeth,http://landregistry.data.gov.uk/id/region/lambeth,E09000022,2016-03,628,monthly,512536,1125599,906346,708185,448502,2016-03-01
Lambeth,http://landregistry.data.gov.uk/id/region/lambeth,E09000022,2016-04,213,monthly,514092,1127183,904508,709292,450204,2016-04-01
Lambeth,http://landregistry.data.gov.uk/id/region/lambeth,E09000022,2016-05,228,monthly,510867,1109972,891253,702335,448113,2016-05-01
Lambeth,http://landregistry.data.gov.uk/id/region/lambeth,E09000022,2016-06,331,monthly,509850,1110837,887973,699909,447426,2016-06-01
Lambeth,http://landregistry.data.gov.uk/id/region/lambeth,E09000022,2016-07,382,monthly,522676,1139097,911040,717883,458594,2016-07-01
Lambeth,http://landregistry.data.gov.uk/id/region/lambeth,E09000022,2016-08,298,monthly,529867,1160586,925730,728365,464696,2016-08-01
Lambeth,http://landregistry.data.gov.uk/id/region/lambeth,E09000022,2016-09,309,monthly,530361,1159277,928028,729124,465076,2016-09-01
Lambeth,http://landregistry.data.gov.uk/id/region/lambeth,E09000022,2016-10,308,monthly,521630,1136815,909943,713033,458202,2016-10-01
Lambeth,http://landregistry.data.gov.uk/id/region/lambeth,E09000022,2016-11,299,monthly,517641,1129204,901170,704912,455194,2016-11-01
Lambeth,http://landregistry.data.gov.uk/id/region/lambeth,E09000022,2016-12,277,monthly,512058,1118389,889166,695251,450697,2016-12-01
Lambeth,http://landregistry.data.gov.uk/id/region/lambeth,E09000022,2017-01,247,monthly,509710,1112656,883269,692478,448632,2017-01-01
Lambeth,http://landregistry.data.gov.uk/id/region/lambeth,E09000022,2017-02,253,monthly,507254,1102410,875264,686798,447003,2017-02-01
Lambeth,http://landregistry.data.gov.uk/id/region/lambeth,E09000022,2017-03,330,monthly,509025,1105903,876354,687812,448867,2017-03-01
Lambeth,http://landregistry.data.gov.uk/id/region/lambeth,E09000022,2017-04,288,monthly,509498,1108744,875786,686916,449572,2017-04-01
Lambeth,http://landregistry.data.gov.uk/id/region/lambeth,E09000022,2017-05,400,monthly,518127,1123486,889396,696818,457524,2017-05-01
Lambeth,http://landregistry.data.gov.uk/id/region/lambeth,E09000022,2017-06,367,monthly,524987,1132923,898746,705840,463716,2017-06-01
Lambeth,http://landregistry.data.gov.uk/id/region/lambeth,E09000022,2017-07,308,monthly,532804,1146638,912983,716492,470579,2017-07-01
Lambeth,http://landregistry.data.gov.uk/id/region/lambeth,E09000022,2017-08,341,monthly,531315,1147416,914275,719479,468310,2017-08-01
Lambeth,http://landregistry.data.gov.uk/id/region/lambeth,E09000022,2017-09,359,monthly,530268,1147863,915758,719882,466971,2017-09-01
Lambeth,http://landregistry.data.gov.uk/id/region/lambeth,E09000022,2017-10,338,monthly,523673,1140574,908571,713118,460647,2017-10-01
Lambeth,http://landregistry.data.gov.uk/id/region/lambeth,E09000022,2017-11,254,monthly,516202,1124166,895690,701461,454311,2017-11-01
Lambeth,http://landregistry.data.gov.uk/id/region/lambeth,E09000022,2017-12,351,monthly,509180,1109739,883495,692203,448084,2017-12-01
Lambeth,http://landregistry.data.gov.uk/id/region/lambeth,E09000022,2018-01,264,monthly,514176,1116040,891313,697883,452701,2018-01-01
Lambeth,http://landregistry.data.gov.uk/id/region/lambeth,E09000022,2018-02,255,monthly,513042,1119757,891185,696746,451547,2018-02-01
Lambeth,http://landregistry.data.gov.uk/id/region/lambeth,E09000022,2018-03,301,monthly,510284,1114267,889351,693886,448892,2018-03-01
Lambeth,http://landregistry.data.gov.uk/id/region/lambeth,E09000022,2018-04,243,monthly,516207,1132548,902801,705621,453450,2018-04-01
Lambeth,http://landregistry.data.gov.uk/id/region/lambeth,E09000022,2018-05,278,monthly,518958,1145113,913753,713591,455047,2018-05-01
Lambeth,http://landregistry.data.gov.uk/id/region/lambeth,E09000022,2018-06,272,monthly,525075,1160437,927085,722473,460260,2018-06-01
Lambeth,http://landregistry.data.gov.uk/id/region/lambeth,E09000022,2018-07,282,monthly,512374,1138080,906569,706001,448908,2018-07-01
Lambeth,http://landregistry.data.gov.uk/id/region/lambeth,E09000022,2018-08,286,monthly,503646,1111910,888863,693791,441375,2018-08-01
Lambeth,http://landregistry.data.gov.uk/id/region/lambeth,E09000022,2018-09,252,monthly,496034,1097590,876864,684993,434407,2018-09-01
Lambeth,http://landregistry.data.gov.uk/id/region/lambeth,E09000022,2018-10,292,monthly,505388,1109305,889894,695130,443135,2018-10-01
Lambeth,http://landregistry.data.gov.uk/id/region/lambeth,E09000022,2018-11,311,monthly,512696,1131886,905583,706200,449293,2018-11-01
Lambeth,http://landregistry.data.gov.uk/id/region/lambeth,E09000022,2018-12,313,monthly,511105,1127423,900380,701257,448376,2018-12-01
Lambeth,http://landregistry.data.gov.uk/id/region/lambeth,E09000022,2019-01,227,monthly,501861,1112208,886887,689609,440017,2019-01-01
Lambeth,http://landregistry.data.gov.uk/id/region/lambeth,E09000022,2019-02,207,monthly,495661,1097199,874362,679495,434858,2019-02-01
Lambeth,http://landregistry.data.gov.uk/id/region/lambeth,E09000022,2019-03,245,monthly,497632,1105637,880972,685694,435950,2019-03-01
Lambeth,http://landregistry.data.gov.uk/id/region/lambeth,E09000022,2019-04,233,monthly,499728,1110020,884802,691077,437402,2019-04-01
Lambeth,http://landregistry.data.gov.uk/id/region/lambeth,E09000022,2019-05,333,monthly,495394,1097798,879167,688105,433093,2019-05-01
Lambeth,http://landregistry.data.gov.uk/id/region/lambeth,E09000022,2019-06,309,monthly,504433,1116981,895815,701635,440830,2019-06-01
Lambeth,http://landregistry.data.gov.uk/id/region/lambeth,E09000022,2019-07,343,monthly,510036,1125134,905675,708902,445834,2019-07-01
Lambeth,http://landregistry.data.gov.uk/id/region/lambeth,E09000022,2019-08,345,monthly,520054,1155826,927189,725780,453979,2019-08-01
Lambeth,http://landregistry.data.gov.uk/id/region/lambeth,E09000022,2019-09,305,monthly,518696,1152937,923856,724958,452661,2019-09-01
Lambeth,http://landregistry.data.gov.uk/id/region/lambeth,E09000022,2019-10,270,monthly,513236,1146240,918888,718246,447567,2019-10-01
Lambeth,http://landregistry.data.gov.uk/id/region/lambeth,E09000022,2019-11,291,monthly,516851,1151023,925660,721546,450989,2019-11-01
Lambeth,http://landregistry.data.gov.uk/id/region/lambeth,E09000022,2019-12,277,monthly,520579,1157810,932989,725991,454344,2019-12-01
Lambeth,http://landregistry.data.gov.uk/id/region/lambeth,E09000022,2020-01,220,monthly,523157,1163800,937662,730852,456399,2020-01-01
Lambeth,http://landregistry.data.gov.uk/id/region/lambeth,E09000022,2020-02,271,monthly,518259,1160594,932310,726434,451521,2020-02-01
Lambeth,http://landregistry.data.gov.uk/id/region/lambeth,E09000022,2020-03,271,monthly,515490,1162711,932929,724959,448487,2020-03-01
Lambeth,http://landregistry.data.gov.uk/id/region/lambeth,E09000022,2020-04,137,monthly,502562,1139786,911335,709485,436674,2020-04-01
Lambeth,http://landregistry.data.gov.uk/id/region/lambeth,E09000022,2020-05,129,monthly,507719,1141311,916026,713122,442017,2020-05-01
Lambeth,http://landregistry.data.gov.uk/id/region/lambeth,E09000022,2020-06,175,monthly,516100,1152482,929868,725920,449222,2020-06-01
Lambeth,http://landregistry.data.gov.uk/id/region/lambeth,E09000022,2020-07,296,monthly,535236,1192313,964155,752874,465891,2020-07-01
Lambeth,http://landregistry.data.gov.uk/id/region/lambeth,E09000022,2020-08,257,monthly,541163,1216618,982978,767935,469521,2020-08-01
Lambeth,http://landregistry.data.gov.uk/id/region/lambeth,E09000022,2020-09,265,monthly,544401,1237285,996627,777339,471140,2020-09-01
Lambeth,http://landregistry.data.gov.uk/id/region/lambeth,E09000022,2020-10,325,monthly,542103,1241835,996888,777929,468274,2020-10-01
Lambeth,http://landregistry.data.gov.uk/id/region/lambeth,E09000022,2020-11,334,monthly,541233,1238610,992219,776574,467674,2020-11-01
Lambeth,http://landregistry.data.gov.uk/id/region/lambeth,E09000022,2020-12,403,monthly,534366,1223809,978400,767823,461605,2020-12-01
Lambeth,http://landregistry.data.gov.uk/id/region/lambeth,E09000022,2021-01,284,monthly,539992,1223585,981647,771636,467533,2021-01-01
Lambeth,http://landregistry.data.gov.uk/id/region/lambeth,E09000022,2021-02,375,monthly,536179,1205341,969106,762404,465144,2021-02-01
Lambeth,http://landregistry.data.gov.uk/id/region/lambeth,E09000022,2021-03,756,monthly,547169,1212101,978296,770818,476407,2021-03-01
Lambeth,http://landregistry.data.gov.uk/id/region/lambeth,E09000022,2021-04,375,monthly,542638,1200260,967977,762991,472801,2021-04-01
Lambeth,http://landregistry.data.gov.uk/id/region/lambeth,E09000022,2021-05,298,monthly,547541,1211314,976058,769445,477171,2021-05-01
Lambeth,http://landregistry.data.gov.uk/id/region/lambeth,E09000022,2021-06,1255,monthly,534816,1183938,953660,755307,465444,2021-06-01
Lambeth,http://landregistry.data.gov.uk/id/region/lambeth,E09000022,2021-07,105,monthly,521628,1149858,928335,734824,454378,2021-07-01
Lambeth,http://landregistry.data.gov.uk/id/region/lambeth,E09000022,2021-08,216,monthly,518349,1161607,934319,734888,450197,2021-08-01
Lambeth,http://landregistry.data.gov.uk/id/region/lambeth,E09000022,2021-09,466,monthly,521396,1179457,946512,739773,452430,2021-09-01
Lambeth,http://landregistry.data.gov.uk/id/region/lambeth,E09000022,2021-10,168,monthly,532705,1236934,981631,761371,460587,2021-10-01
Lambeth,http://landregistry.data.gov.uk/id/region/lambeth,E09000022,2021-11,257,monthly,535165,1242593,985917,764317,462817,2021-11-01
Lambeth,http://landregistry.data.gov.uk/id/region/lambeth,E09000022,2021-12,303,monthly,535482,1261358,993473,767602,462273,2021-12-01
Lambeth,http://landregistry.data.gov.uk/id/region/lambeth,E09000022,2022-01,243,monthly,536276,1260750,997969,771531,462403,2022-01-01
Lambeth,http://landregistry.data.gov.uk/id/region/lambeth,E09000022,2022-02,277,monthly,540123,1265914,1002846,776125,466089,2022-02-01
Lambeth,http://landregistry.data.gov.uk/id/region/lambeth,E09000022,2022-03,317,monthly,532090,1246141,990396,764335,459113,2022-03-01
Lambeth,http://landregistry.data.gov.uk/id/region/lambeth,E09000022,2022-04,291,monthly,532479,1244146,988889,765924,459355,2022-04-01
Lambeth,http://landregistry.data.gov.uk/id/region/lambeth,E09000022,2022-05,292,monthly,527155,1241351,986053,763116,453485,2022-05-01
Lambeth,http://landregistry.data.gov.uk/id/region/lambeth,E09000022,2022-06,316,monthly,531877,1245245,991957,770560,457589,2022-06-01
Lambeth,http://landregistry.data.gov.uk/id/region/lambeth,E09000022,2022-07,365,monthly,538541,1264452,1008176,783235,462576,2022-07-01
Lambeth,http://landregistry.data.gov.uk/id/region/lambeth,E09000022,2022-08,421,monthly,556007,1307318,1043930,812641,476692,2022-08-01
Lambeth,http://landregistry.data.gov.uk/id/region/lambeth,E09000022,2022-09,359,monthly,564587,1340393,1068108,830623,482620,2022-09-01
Lambeth,http://landregistry.data.gov.uk/id/region/lambeth,E09000022,2022-10,362,monthly,564113,1338348,1066847,830399,482145,2022-10-01
Lambeth,http://landregistry.data.gov.uk/id/region/lambeth,E09000022,2022-11,332,monthly,552016,1310489,1043556,812012,471925,2022-11-01
Lambeth,http://landregistry.data.gov.uk/id/region/lambeth,E09000022,2022-12,316,monthly,544384,1288909,1027622,799919,465642,2022-12-01
Lambeth,http://landregistry.data.gov.uk/id/region/lambeth,E09000022,2023-01,227,monthly,540281,1286685,1023902,793366,462033,2023-01-01
Lambeth,http://landregistry.data.gov.uk/id/region/lambeth,E09000022,2023-02,170,monthly,538549,1280322,1020856,789799,460748,2023-02-01
Lambeth,http://landregistry.data.gov.uk/id/region/lambeth,E09000022,2023-03,204,monthly,541542,1290374,1027515,791100,463855,2023-03-01
Lambeth,http://landregistry.data.gov.uk/id/region/lambeth,E09000022,2023-04,154,monthly,546904,1297633,1035594,797499,468847,2023-04-01
Lambeth,http://landregistry.data.gov.uk/id/region/lambeth,E09000022,2023-05,171,monthly,540102,1269434,1017040,785119,463805,2023-05-01
Lambeth,http://landregistry.data.gov.uk/id/region/lambeth,E09000022,2023-06,218,monthly,530216,1236166,996431,773018,455008,2023-06-01
Lambeth,http://landregistry.data.gov.uk/id/region/lambeth,E09000022,2023-07,269,monthly,533879,1245118,1007573,782453,457178,2023-07-01
Lambeth,http://landregistry.data.gov.uk/id/region/lambeth,E09000022,2023-08,287,monthly,544400,1277188,1034656,802993,464846,2023-08-01
Lambeth,http://landregistry.data.gov.uk/id/region/lambeth,E09000022,2023-09,281,monthly,561994,1322718,1071644,831924,479123,2023-09-01
Lambeth,http://landregistry.data.gov.uk/id/region/lambeth,E09000022,2023-10,242,monthly,550889,1288662,1047417,813725,470167,2023-10-01
Lambeth,http://landregistry.data.gov.uk/id/region/lambeth,E09000022,2023-11,223,monthly,541778,1266742,1029826,797566,462930,2023-11-01
Lambeth,http://landregistry.data.gov.uk/id/region/lambeth,E09000022,2023-12,207,monthly,526446,1226117,998508,772181,450490,2023-12-01
Lambeth,http://landregistry.data.gov.uk/id/region/lambeth,E09000022,2024-01,120,monthly,514864,1197155,974297,756330,440461,2024-01-01
Lambeth,http://landregistry.data.gov.uk/id/region/lambeth,E09000022,2024-02,81,monthly,501957,1157408,943960,735535,429987,2024-02-01
Lambeth,http://landregistry.data.gov.uk/id/region/lambeth,E09000022,2024-03,,monthly,497036,1136997,927543,724392,426755,2024-03-01
Lambeth,http://landregistry.data.gov.uk/id/region/lambeth,E09000022,2024-04,,monthly,512463,1158910,955242,744277,440561,2024-04-01
