"Name","URI","Region GSS code","Period","Sales volume","Reporting period","Average price All property types","Average price Detached houses","Average price Semi-detached houses","Average price Terraced houses","Average price Flats and maisonettes","Pivotable date"
Leeds,http://landregistry.data.gov.uk/id/region/leeds,E08000035,2004-01,1349,monthly,110810,201666,116081,86587,89709,2004-01-01
Leeds,http://landregistry.data.gov.uk/id/region/leeds,E08000035,2004-02,1200,monthly,112321,203527,117467,87988,90946,2004-02-01
Leeds,http://landregistry.data.gov.uk/id/region/leeds,E08000035,2004-03,1573,monthly,112889,204604,117747,88561,91251,2004-03-01
Leeds,http://landregistry.data.gov.uk/id/region/leeds,E08000035,2004-04,1745,monthly,116502,208850,121437,91884,94001,2004-04-01
Leeds,http://landregistry.data.gov.uk/id/region/leeds,E08000035,2004-05,1625,monthly,119963,212707,124790,95169,96786,2004-05-01
Leeds,http://landregistry.data.gov.uk/id/region/leeds,E08000035,2004-06,1782,monthly,124023,218074,128984,98694,100091,2004-06-01
Leeds,http://landregistry.data.gov.uk/id/region/leeds,E08000035,2004-07,1986,monthly,127224,223334,132493,101388,102175,2004-07-01
Leeds,http://landregistry.data.gov.uk/id/region/leeds,E08000035,2004-08,1445,monthly,130206,229277,135661,103833,104015,2004-08-01
Leeds,http://landregistry.data.gov.uk/id/region/leeds,E08000035,2004-09,1391,monthly,132208,233623,137831,105549,104858,2004-09-01
Leeds,http://landregistry.data.gov.uk/id/region/leeds,E08000035,2004-10,1326,monthly,132978,234952,138262,106131,106166,2004-10-01
Leeds,http://landregistry.data.gov.uk/id/region/leeds,E08000035,2004-11,1120,monthly,133968,236074,139104,106980,107379,2004-11-01
Leeds,http://landregistry.data.gov.uk/id/region/leeds,E08000035,2004-12,1242,monthly,134125,234940,138976,107281,108126,2004-12-01
Leeds,http://landregistry.data.gov.uk/id/region/leeds,E08000035,2005-01,764,monthly,134452,235295,138974,107668,108746,2005-01-01
Leeds,http://landregistry.data.gov.uk/id/region/leeds,E08000035,2005-02,831,monthly,135038,236125,139614,108053,109441,2005-02-01
Leeds,http://landregistry.data.gov.uk/id/region/leeds,E08000035,2005-03,964,monthly,136491,238683,141222,109154,110562,2005-03-01
Leeds,http://landregistry.data.gov.uk/id/region/leeds,E08000035,2005-04,1113,monthly,137048,238185,142049,109731,110817,2005-04-01
Leeds,http://landregistry.data.gov.uk/id/region/leeds,E08000035,2005-05,1205,monthly,136455,236550,141257,109514,110208,2005-05-01
Leeds,http://landregistry.data.gov.uk/id/region/leeds,E08000035,2005-06,1376,monthly,136609,235259,141234,110037,110221,2005-06-01
Leeds,http://landregistry.data.gov.uk/id/region/leeds,E08000035,2005-07,1484,monthly,138643,238933,143433,111792,111342,2005-07-01
Leeds,http://landregistry.data.gov.uk/id/region/leeds,E08000035,2005-08,1428,monthly,140919,242953,145700,113833,112762,2005-08-01
Leeds,http://landregistry.data.gov.uk/id/region/leeds,E08000035,2005-09,1349,monthly,142369,246366,147163,115090,113421,2005-09-01
Leeds,http://landregistry.data.gov.uk/id/region/leeds,E08000035,2005-10,1369,monthly,142627,246612,147064,115452,113923,2005-10-01
Leeds,http://landregistry.data.gov.uk/id/region/leeds,E08000035,2005-11,1256,monthly,142289,245408,146774,115212,113705,2005-11-01
Leeds,http://landregistry.data.gov.uk/id/region/leeds,E08000035,2005-12,1353,monthly,141621,242879,145835,114776,113859,2005-12-01
Leeds,http://landregistry.data.gov.uk/id/region/leeds,E08000035,2006-01,1263,monthly,142452,244386,146546,115629,114286,2006-01-01
Leeds,http://landregistry.data.gov.uk/id/region/leeds,E08000035,2006-02,1101,monthly,142874,244350,146683,116089,115022,2006-02-01
Leeds,http://landregistry.data.gov.uk/id/region/leeds,E08000035,2006-03,1533,monthly,144371,247718,148476,117292,115522,2006-03-01
Leeds,http://landregistry.data.gov.uk/id/region/leeds,E08000035,2006-04,1408,monthly,144763,247257,148998,117740,115799,2006-04-01
Leeds,http://landregistry.data.gov.uk/id/region/leeds,E08000035,2006-05,1634,monthly,146416,250186,150925,119102,116737,2006-05-01
Leeds,http://landregistry.data.gov.uk/id/region/leeds,E08000035,2006-06,1896,monthly,146554,249614,151048,119420,116750,2006-06-01
Leeds,http://landregistry.data.gov.uk/id/region/leeds,E08000035,2006-07,1781,monthly,148264,252876,152738,121131,117510,2006-07-01
Leeds,http://landregistry.data.gov.uk/id/region/leeds,E08000035,2006-08,1686,monthly,150027,256286,154569,122907,118127,2006-08-01
Leeds,http://landregistry.data.gov.uk/id/region/leeds,E08000035,2006-09,1695,monthly,151261,259330,155866,123974,118657,2006-09-01
Leeds,http://landregistry.data.gov.uk/id/region/leeds,E08000035,2006-10,1615,monthly,151489,260085,156125,123971,119035,2006-10-01
Leeds,http://landregistry.data.gov.uk/id/region/leeds,E08000035,2006-11,1737,monthly,151060,259389,155778,123590,118611,2006-11-01
Leeds,http://landregistry.data.gov.uk/id/region/leeds,E08000035,2006-12,1742,monthly,153513,262428,158165,125822,120697,2006-12-01
Leeds,http://landregistry.data.gov.uk/id/region/leeds,E08000035,2007-01,1244,monthly,153501,262360,158150,125972,120414,2007-01-01
Leeds,http://landregistry.data.gov.uk/id/region/leeds,E08000035,2007-02,1192,monthly,154795,264362,159254,126947,121883,2007-02-01
Leeds,http://landregistry.data.gov.uk/id/region/leeds,E08000035,2007-03,1508,monthly,153990,263750,158487,126357,120838,2007-03-01
Leeds,http://landregistry.data.gov.uk/id/region/leeds,E08000035,2007-04,1376,monthly,155549,265657,160024,127944,121934,2007-04-01
Leeds,http://landregistry.data.gov.uk/id/region/leeds,E08000035,2007-05,1451,monthly,156569,266327,160985,129115,122695,2007-05-01
Leeds,http://landregistry.data.gov.uk/id/region/leeds,E08000035,2007-06,1917,monthly,157706,267904,162059,130224,123564,2007-06-01
Leeds,http://landregistry.data.gov.uk/id/region/leeds,E08000035,2007-07,1832,monthly,159596,271905,163994,131735,124875,2007-07-01
Leeds,http://landregistry.data.gov.uk/id/region/leeds,E08000035,2007-08,1814,monthly,160443,274851,165025,132647,124543,2007-08-01
Leeds,http://landregistry.data.gov.uk/id/region/leeds,E08000035,2007-09,1278,monthly,161439,277430,166082,133374,125139,2007-09-01
Leeds,http://landregistry.data.gov.uk/id/region/leeds,E08000035,2007-10,1476,monthly,160575,276511,165003,132560,124668,2007-10-01
Leeds,http://landregistry.data.gov.uk/id/region/leeds,E08000035,2007-11,1356,monthly,160960,277546,165410,132525,125357,2007-11-01
Leeds,http://landregistry.data.gov.uk/id/region/leeds,E08000035,2007-12,1126,monthly,160623,276608,164927,132208,125434,2007-12-01
Leeds,http://landregistry.data.gov.uk/id/region/leeds,E08000035,2008-01,797,monthly,161438,278459,165765,132797,126046,2008-01-01
Leeds,http://landregistry.data.gov.uk/id/region/leeds,E08000035,2008-02,828,monthly,159764,275635,163943,131409,124855,2008-02-01
Leeds,http://landregistry.data.gov.uk/id/region/leeds,E08000035,2008-03,691,monthly,158294,273918,162723,130094,123243,2008-03-01
Leeds,http://landregistry.data.gov.uk/id/region/leeds,E08000035,2008-04,824,monthly,156852,271939,161275,129055,121738,2008-04-01
Leeds,http://landregistry.data.gov.uk/id/region/leeds,E08000035,2008-05,871,monthly,156771,271423,161303,129147,121410,2008-05-01
Leeds,http://landregistry.data.gov.uk/id/region/leeds,E08000035,2008-06,881,monthly,156215,270111,160648,128799,121011,2008-06-01
Leeds,http://landregistry.data.gov.uk/id/region/leeds,E08000035,2008-07,762,monthly,153818,265656,158439,126623,119219,2008-07-01
Leeds,http://landregistry.data.gov.uk/id/region/leeds,E08000035,2008-08,641,monthly,151017,261465,155563,124291,116908,2008-08-01
Leeds,http://landregistry.data.gov.uk/id/region/leeds,E08000035,2008-09,574,monthly,148127,258594,152424,121699,114620,2008-09-01
Leeds,http://landregistry.data.gov.uk/id/region/leeds,E08000035,2008-10,661,monthly,144947,253555,149089,118962,112284,2008-10-01
Leeds,http://landregistry.data.gov.uk/id/region/leeds,E08000035,2008-11,514,monthly,141320,247699,145473,115735,109573,2008-11-01
Leeds,http://landregistry.data.gov.uk/id/region/leeds,E08000035,2008-12,547,monthly,137245,239301,141516,112577,106199,2008-12-01
Leeds,http://landregistry.data.gov.uk/id/region/leeds,E08000035,2009-01,388,monthly,134554,235304,138649,110187,104315,2009-01-01
Leeds,http://landregistry.data.gov.uk/id/region/leeds,E08000035,2009-02,375,monthly,132367,231318,136324,108270,102967,2009-02-01
Leeds,http://landregistry.data.gov.uk/id/region/leeds,E08000035,2009-03,484,monthly,130273,227775,133990,106180,102186,2009-03-01
Leeds,http://landregistry.data.gov.uk/id/region/leeds,E08000035,2009-04,594,monthly,130128,226078,133990,106182,102192,2009-04-01
Leeds,http://landregistry.data.gov.uk/id/region/leeds,E08000035,2009-05,640,monthly,130525,226070,134445,106755,102290,2009-05-01
Leeds,http://landregistry.data.gov.uk/id/region/leeds,E08000035,2009-06,740,monthly,133473,231055,137739,109463,103736,2009-06-01
Leeds,http://landregistry.data.gov.uk/id/region/leeds,E08000035,2009-07,786,monthly,135717,235480,140280,111505,104574,2009-07-01
Leeds,http://landregistry.data.gov.uk/id/region/leeds,E08000035,2009-08,792,monthly,138855,242050,143674,114201,106128,2009-08-01
Leeds,http://landregistry.data.gov.uk/id/region/leeds,E08000035,2009-09,802,monthly,140463,245497,145450,115470,107016,2009-09-01
Leeds,http://landregistry.data.gov.uk/id/region/leeds,E08000035,2009-10,818,monthly,141491,247751,146712,116313,107320,2009-10-01
Leeds,http://landregistry.data.gov.uk/id/region/leeds,E08000035,2009-11,742,monthly,141787,248536,147043,116673,107222,2009-11-01
Leeds,http://landregistry.data.gov.uk/id/region/leeds,E08000035,2009-12,957,monthly,143194,249687,148674,118291,107782,2009-12-01
Leeds,http://landregistry.data.gov.uk/id/region/leeds,E08000035,2010-01,428,monthly,142945,250667,148733,118059,106631,2010-01-01
Leeds,http://landregistry.data.gov.uk/id/region/leeds,E08000035,2010-02,564,monthly,143150,251572,149412,118095,106156,2010-02-01
Leeds,http://landregistry.data.gov.uk/id/region/leeds,E08000035,2010-03,599,monthly,141113,250398,147288,115882,104760,2010-03-01
Leeds,http://landregistry.data.gov.uk/id/region/leeds,E08000035,2010-04,626,monthly,141727,250555,147892,116426,105664,2010-04-01
Leeds,http://landregistry.data.gov.uk/id/region/leeds,E08000035,2010-05,758,monthly,141969,250951,147994,116644,106094,2010-05-01
Leeds,http://landregistry.data.gov.uk/id/region/leeds,E08000035,2010-06,809,monthly,143228,252711,149457,117959,106448,2010-06-01
Leeds,http://landregistry.data.gov.uk/id/region/leeds,E08000035,2010-07,806,monthly,144288,255887,150591,118830,106546,2010-07-01
Leeds,http://landregistry.data.gov.uk/id/region/leeds,E08000035,2010-08,788,monthly,146016,259785,152766,119992,107253,2010-08-01
Leeds,http://landregistry.data.gov.uk/id/region/leeds,E08000035,2010-09,713,monthly,146275,261639,152984,119997,107246,2010-09-01
Leeds,http://landregistry.data.gov.uk/id/region/leeds,E08000035,2010-10,721,monthly,145010,259335,151645,118802,106672,2010-10-01
Leeds,http://landregistry.data.gov.uk/id/region/leeds,E08000035,2010-11,603,monthly,141969,254421,148231,116240,104728,2010-11-01
Leeds,http://landregistry.data.gov.uk/id/region/leeds,E08000035,2010-12,629,monthly,140645,251673,147006,114969,104018,2010-12-01
Leeds,http://landregistry.data.gov.uk/id/region/leeds,E08000035,2011-01,454,monthly,140587,252667,146802,114696,104131,2011-01-01
Leeds,http://landregistry.data.gov.uk/id/region/leeds,E08000035,2011-02,462,monthly,141314,254755,147274,115271,104861,2011-02-01
Leeds,http://landregistry.data.gov.uk/id/region/leeds,E08000035,2011-03,495,monthly,140177,254281,145897,114159,103975,2011-03-01
Leeds,http://landregistry.data.gov.uk/id/region/leeds,E08000035,2011-04,662,monthly,139392,252333,145017,113671,103466,2011-04-01
Leeds,http://landregistry.data.gov.uk/id/region/leeds,E08000035,2011-05,626,monthly,139200,250487,144969,113485,103842,2011-05-01
Leeds,http://landregistry.data.gov.uk/id/region/leeds,E08000035,2011-06,654,monthly,140836,251237,146857,115098,105210,2011-06-01
Leeds,http://landregistry.data.gov.uk/id/region/leeds,E08000035,2011-07,764,monthly,140329,249681,146361,114676,105109,2011-07-01
Leeds,http://landregistry.data.gov.uk/id/region/leeds,E08000035,2011-08,796,monthly,140126,250128,146415,114578,103857,2011-08-01
Leeds,http://landregistry.data.gov.uk/id/region/leeds,E08000035,2011-09,770,monthly,139768,250924,145988,114271,102998,2011-09-01
Leeds,http://landregistry.data.gov.uk/id/region/leeds,E08000035,2011-10,701,monthly,139618,251583,146113,113961,102234,2011-10-01
Leeds,http://landregistry.data.gov.uk/id/region/leeds,E08000035,2011-11,755,monthly,137910,248616,144225,112373,101543,2011-11-01
Leeds,http://landregistry.data.gov.uk/id/region/leeds,E08000035,2011-12,683,monthly,137950,247541,144457,112342,101901,2011-12-01
Leeds,http://landregistry.data.gov.uk/id/region/leeds,E08000035,2012-01,580,monthly,137763,246241,144351,112410,101603,2012-01-01
Leeds,http://landregistry.data.gov.uk/id/region/leeds,E08000035,2012-02,488,monthly,137641,245883,144300,112576,100858,2012-02-01
Leeds,http://landregistry.data.gov.uk/id/region/leeds,E08000035,2012-03,797,monthly,137071,244204,143629,112444,100319,2012-03-01
Leeds,http://landregistry.data.gov.uk/id/region/leeds,E08000035,2012-04,532,monthly,137459,245096,143893,112681,100985,2012-04-01
Leeds,http://landregistry.data.gov.uk/id/region/leeds,E08000035,2012-05,639,monthly,138324,246035,144725,113439,102020,2012-05-01
Leeds,http://landregistry.data.gov.uk/id/region/leeds,E08000035,2012-06,757,monthly,138595,246614,144890,113822,102088,2012-06-01
Leeds,http://landregistry.data.gov.uk/id/region/leeds,E08000035,2012-07,725,monthly,138321,245922,144549,113870,101538,2012-07-01
Leeds,http://landregistry.data.gov.uk/id/region/leeds,E08000035,2012-08,771,monthly,138972,247030,145272,114665,101398,2012-08-01
Leeds,http://landregistry.data.gov.uk/id/region/leeds,E08000035,2012-09,643,monthly,139692,249213,146020,115120,101714,2012-09-01
Leeds,http://landregistry.data.gov.uk/id/region/leeds,E08000035,2012-10,693,monthly,138289,246546,144618,113874,100836,2012-10-01
Leeds,http://landregistry.data.gov.uk/id/region/leeds,E08000035,2012-11,766,monthly,137564,245506,143819,113153,100517,2012-11-01
Leeds,http://landregistry.data.gov.uk/id/region/leeds,E08000035,2012-12,696,monthly,136101,242964,142382,111841,99429,2012-12-01
Leeds,http://landregistry.data.gov.uk/id/region/leeds,E08000035,2013-01,525,monthly,137265,245521,143818,112706,99724,2013-01-01
Leeds,http://landregistry.data.gov.uk/id/region/leeds,E08000035,2013-02,566,monthly,138160,247376,144741,113406,100310,2013-02-01
Leeds,http://landregistry.data.gov.uk/id/region/leeds,E08000035,2013-03,731,monthly,137117,246177,143610,112321,99714,2013-03-01
Leeds,http://landregistry.data.gov.uk/id/region/leeds,E08000035,2013-04,651,monthly,137275,246383,143485,112569,100235,2013-04-01
Leeds,http://landregistry.data.gov.uk/id/region/leeds,E08000035,2013-05,823,monthly,135545,242995,141674,111119,99216,2013-05-01
Leeds,http://landregistry.data.gov.uk/id/region/leeds,E08000035,2013-06,978,monthly,136821,244190,143067,112523,99897,2013-06-01
Leeds,http://landregistry.data.gov.uk/id/region/leeds,E08000035,2013-07,930,monthly,137748,245509,144023,113430,100484,2013-07-01
Leeds,http://landregistry.data.gov.uk/id/region/leeds,E08000035,2013-08,1063,monthly,138537,246760,144901,114192,100799,2013-08-01
Leeds,http://landregistry.data.gov.uk/id/region/leeds,E08000035,2013-09,860,monthly,140285,251059,146678,115392,101993,2013-09-01
Leeds,http://landregistry.data.gov.uk/id/region/leeds,E08000035,2013-10,1072,monthly,139624,250825,146105,114483,101492,2013-10-01
Leeds,http://landregistry.data.gov.uk/id/region/leeds,E08000035,2013-11,1118,monthly,141123,253872,147777,115498,102614,2013-11-01
Leeds,http://landregistry.data.gov.uk/id/region/leeds,E08000035,2013-12,1028,monthly,141757,253780,148656,116041,103298,2013-12-01
Leeds,http://landregistry.data.gov.uk/id/region/leeds,E08000035,2014-01,945,monthly,142913,255334,149876,117166,104043,2014-01-01
Leeds,http://landregistry.data.gov.uk/id/region/leeds,E08000035,2014-02,863,monthly,142830,255323,149752,117193,103788,2014-02-01
Leeds,http://landregistry.data.gov.uk/id/region/leeds,E08000035,2014-03,955,monthly,141634,253182,148520,116222,102808,2014-03-01
Leeds,http://landregistry.data.gov.uk/id/region/leeds,E08000035,2014-04,970,monthly,142861,254888,149733,117436,103652,2014-04-01
Leeds,http://landregistry.data.gov.uk/id/region/leeds,E08000035,2014-05,1078,monthly,144900,257688,151840,119290,105247,2014-05-01
Leeds,http://landregistry.data.gov.uk/id/region/leeds,E08000035,2014-06,1155,monthly,146880,261083,153965,121013,106470,2014-06-01
Leeds,http://landregistry.data.gov.uk/id/region/leeds,E08000035,2014-07,1157,monthly,148162,263198,155420,122139,107145,2014-07-01
Leeds,http://landregistry.data.gov.uk/id/region/leeds,E08000035,2014-08,1138,monthly,149030,265099,156462,122840,107398,2014-08-01
Leeds,http://landregistry.data.gov.uk/id/region/leeds,E08000035,2014-09,1078,monthly,150516,267963,157958,124144,108314,2014-09-01
Leeds,http://landregistry.data.gov.uk/id/region/leeds,E08000035,2014-10,1237,monthly,150919,268982,158482,124289,108649,2014-10-01
Leeds,http://landregistry.data.gov.uk/id/region/leeds,E08000035,2014-11,993,monthly,150224,268025,157829,123501,108306,2014-11-01
Leeds,http://landregistry.data.gov.uk/id/region/leeds,E08000035,2014-12,974,monthly,150071,268075,157665,123172,108447,2014-12-01
Leeds,http://landregistry.data.gov.uk/id/region/leeds,E08000035,2015-01,760,monthly,149673,267370,157238,122778,108306,2015-01-01
Leeds,http://landregistry.data.gov.uk/id/region/leeds,E08000035,2015-02,837,monthly,149531,266995,156851,122753,108484,2015-02-01
Leeds,http://landregistry.data.gov.uk/id/region/leeds,E08000035,2015-03,898,monthly,148755,266013,156141,121861,108059,2015-03-01
Leeds,http://landregistry.data.gov.uk/id/region/leeds,E08000035,2015-04,879,monthly,149443,267612,156808,122493,108350,2015-04-01
Leeds,http://landregistry.data.gov.uk/id/region/leeds,E08000035,2015-05,1001,monthly,151499,270993,159182,124086,109796,2015-05-01
Leeds,http://landregistry.data.gov.uk/id/region/leeds,E08000035,2015-06,1183,monthly,153197,273398,161063,125881,110359,2015-06-01
Leeds,http://landregistry.data.gov.uk/id/region/leeds,E08000035,2015-07,1222,monthly,155197,276291,163346,127518,111813,2015-07-01
Leeds,http://landregistry.data.gov.uk/id/region/leeds,E08000035,2015-08,1101,monthly,156749,279205,165005,128946,112521,2015-08-01
Leeds,http://landregistry.data.gov.uk/id/region/leeds,E08000035,2015-09,1062,monthly,158417,283460,166648,130055,113844,2015-09-01
Leeds,http://landregistry.data.gov.uk/id/region/leeds,E08000035,2015-10,1270,monthly,159422,286148,167809,130790,114175,2015-10-01
Leeds,http://landregistry.data.gov.uk/id/region/leeds,E08000035,2015-11,1086,monthly,159121,286103,167605,130358,113915,2015-11-01
Leeds,http://landregistry.data.gov.uk/id/region/leeds,E08000035,2015-12,1043,monthly,161551,290275,170309,132370,115461,2015-12-01
Leeds,http://landregistry.data.gov.uk/id/region/leeds,E08000035,2016-01,828,monthly,160914,288722,169859,131712,115084,2016-01-01
Leeds,http://landregistry.data.gov.uk/id/region/leeds,E08000035,2016-02,932,monthly,161042,288964,170009,131919,114947,2016-02-01
Leeds,http://landregistry.data.gov.uk/id/region/leeds,E08000035,2016-03,1574,monthly,157996,283566,166727,129357,112984,2016-03-01
Leeds,http://landregistry.data.gov.uk/id/region/leeds,E08000035,2016-04,725,monthly,159600,286323,168100,130890,114285,2016-04-01
Leeds,http://landregistry.data.gov.uk/id/region/leeds,E08000035,2016-05,926,monthly,162742,290885,171122,133571,117290,2016-05-01
Leeds,http://landregistry.data.gov.uk/id/region/leeds,E08000035,2016-06,1105,monthly,165723,295476,174131,136234,119553,2016-06-01
Leeds,http://landregistry.data.gov.uk/id/region/leeds,E08000035,2016-07,1189,monthly,168295,299809,176740,138427,121524,2016-07-01
Leeds,http://landregistry.data.gov.uk/id/region/leeds,E08000035,2016-08,1248,monthly,169097,301801,177627,139012,121920,2016-08-01
Leeds,http://landregistry.data.gov.uk/id/region/leeds,E08000035,2016-09,1110,monthly,170464,304498,179238,139878,123002,2016-09-01
Leeds,http://landregistry.data.gov.uk/id/region/leeds,E08000035,2016-10,990,monthly,169024,303098,177895,138148,122232,2016-10-01
Leeds,http://landregistry.data.gov.uk/id/region/leeds,E08000035,2016-11,1037,monthly,168156,303037,177102,136923,121749,2016-11-01
Leeds,http://landregistry.data.gov.uk/id/region/leeds,E08000035,2016-12,1127,monthly,168397,304042,177165,136994,122237,2016-12-01
Leeds,http://landregistry.data.gov.uk/id/region/leeds,E08000035,2017-01,904,monthly,168357,304316,176928,136980,122344,2017-01-01
Leeds,http://landregistry.data.gov.uk/id/region/leeds,E08000035,2017-02,936,monthly,168934,304774,177169,137622,123231,2017-02-01
Leeds,http://landregistry.data.gov.uk/id/region/leeds,E08000035,2017-03,1041,monthly,168412,304039,176599,137038,123069,2017-03-01
Leeds,http://landregistry.data.gov.uk/id/region/leeds,E08000035,2017-04,902,monthly,169293,305290,177360,137802,124006,2017-04-01
Leeds,http://landregistry.data.gov.uk/id/region/leeds,E08000035,2017-05,1015,monthly,170636,306742,179056,138785,125133,2017-05-01
Leeds,http://landregistry.data.gov.uk/id/region/leeds,E08000035,2017-06,1311,monthly,172448,308690,180895,140486,126670,2017-06-01
Leeds,http://landregistry.data.gov.uk/id/region/leeds,E08000035,2017-07,1078,monthly,175121,312566,183884,142715,128631,2017-07-01
Leeds,http://landregistry.data.gov.uk/id/region/leeds,E08000035,2017-08,1155,monthly,175738,313965,184418,143466,128700,2017-08-01
Leeds,http://landregistry.data.gov.uk/id/region/leeds,E08000035,2017-09,1106,monthly,176421,316229,185209,143969,128774,2017-09-01
Leeds,http://landregistry.data.gov.uk/id/region/leeds,E08000035,2017-10,1120,monthly,175622,315729,184578,143160,127798,2017-10-01
Leeds,http://landregistry.data.gov.uk/id/region/leeds,E08000035,2017-11,1110,monthly,175911,316669,185236,143133,127776,2017-11-01
Leeds,http://landregistry.data.gov.uk/id/region/leeds,E08000035,2017-12,1104,monthly,177575,319261,187346,144503,128591,2017-12-01
Leeds,http://landregistry.data.gov.uk/id/region/leeds,E08000035,2018-01,839,monthly,178504,320859,188429,145157,129319,2018-01-01
Leeds,http://landregistry.data.gov.uk/id/region/leeds,E08000035,2018-02,921,monthly,178338,321327,188112,145087,129041,2018-02-01
Leeds,http://landregistry.data.gov.uk/id/region/leeds,E08000035,2018-03,925,monthly,177214,319685,186942,144240,128033,2018-03-01
Leeds,http://landregistry.data.gov.uk/id/region/leeds,E08000035,2018-04,906,monthly,177656,320433,187506,145027,127601,2018-04-01
Leeds,http://landregistry.data.gov.uk/id/region/leeds,E08000035,2018-05,1022,monthly,179298,322982,189563,146558,128207,2018-05-01
Leeds,http://landregistry.data.gov.uk/id/region/leeds,E08000035,2018-06,1229,monthly,180413,324976,191010,147324,128852,2018-06-01
Leeds,http://landregistry.data.gov.uk/id/region/leeds,E08000035,2018-07,1071,monthly,182330,329039,193023,148766,130195,2018-07-01
Leeds,http://landregistry.data.gov.uk/id/region/leeds,E08000035,2018-08,1252,monthly,183812,331823,194529,149974,131298,2018-08-01
Leeds,http://landregistry.data.gov.uk/id/region/leeds,E08000035,2018-09,966,monthly,184046,332751,194623,150292,131298,2018-09-01
Leeds,http://landregistry.data.gov.uk/id/region/leeds,E08000035,2018-10,1168,monthly,182841,330743,193398,149204,130458,2018-10-01
Leeds,http://landregistry.data.gov.uk/id/region/leeds,E08000035,2018-11,1152,monthly,181723,329625,192481,148171,129133,2018-11-01
Leeds,http://landregistry.data.gov.uk/id/region/leeds,E08000035,2018-12,957,monthly,181982,329741,192988,148271,129295,2018-12-01
Leeds,http://landregistry.data.gov.uk/id/region/leeds,E08000035,2019-01,833,monthly,182297,330947,193507,148271,129401,2019-01-01
Leeds,http://landregistry.data.gov.uk/id/region/leeds,E08000035,2019-02,976,monthly,182339,331130,193480,148135,129737,2019-02-01
Leeds,http://landregistry.data.gov.uk/id/region/leeds,E08000035,2019-03,994,monthly,183220,333180,194638,148747,130002,2019-03-01
Leeds,http://landregistry.data.gov.uk/id/region/leeds,E08000035,2019-04,885,monthly,181829,329641,193159,148011,128795,2019-04-01
Leeds,http://landregistry.data.gov.uk/id/region/leeds,E08000035,2019-05,1000,monthly,183408,331619,194975,149625,129533,2019-05-01
Leeds,http://landregistry.data.gov.uk/id/region/leeds,E08000035,2019-06,1012,monthly,182660,329603,194114,149179,129117,2019-06-01
Leeds,http://landregistry.data.gov.uk/id/region/leeds,E08000035,2019-07,1118,monthly,185942,335360,197484,151918,131592,2019-07-01
Leeds,http://landregistry.data.gov.uk/id/region/leeds,E08000035,2019-08,1168,monthly,187011,337476,198548,152977,132084,2019-08-01
Leeds,http://landregistry.data.gov.uk/id/region/leeds,E08000035,2019-09,969,monthly,189167,341685,200475,154977,133646,2019-09-01
Leeds,http://landregistry.data.gov.uk/id/region/leeds,E08000035,2019-10,1072,monthly,189185,341836,201067,154800,133048,2019-10-01
Leeds,http://landregistry.data.gov.uk/id/region/leeds,E08000035,2019-11,1111,monthly,188801,341558,201051,154170,132519,2019-11-01
Leeds,http://landregistry.data.gov.uk/id/region/leeds,E08000035,2019-12,1015,monthly,189493,342838,202252,154759,132249,2019-12-01
Leeds,http://landregistry.data.gov.uk/id/region/leeds,E08000035,2020-01,916,monthly,189437,343177,202141,154769,132021,2020-01-01
Leeds,http://landregistry.data.gov.uk/id/region/leeds,E08000035,2020-02,746,monthly,188671,341709,201228,154387,131286,2020-02-01
Leeds,http://landregistry.data.gov.uk/id/region/leeds,E08000035,2020-03,776,monthly,186820,338766,199279,152710,130070,2020-03-01
Leeds,http://landregistry.data.gov.uk/id/region/leeds,E08000035,2020-04,327,monthly,184528,335729,196798,151146,127594,2020-04-01
Leeds,http://landregistry.data.gov.uk/id/region/leeds,E08000035,2020-05,482,monthly,185106,337432,197583,151233,128078,2020-05-01
Leeds,http://landregistry.data.gov.uk/id/region/leeds,E08000035,2020-06,758,monthly,187851,341692,200675,153712,129636,2020-06-01
Leeds,http://landregistry.data.gov.uk/id/region/leeds,E08000035,2020-07,772,monthly,192454,348532,205583,157398,133565,2020-07-01
Leeds,http://landregistry.data.gov.uk/id/region/leeds,E08000035,2020-08,838,monthly,195814,354624,209331,160352,135306,2020-08-01
Leeds,http://landregistry.data.gov.uk/id/region/leeds,E08000035,2020-09,899,monthly,197496,359128,211042,161591,136246,2020-09-01
Leeds,http://landregistry.data.gov.uk/id/region/leeds,E08000035,2020-10,1135,monthly,199364,363605,213048,163236,136903,2020-10-01
Leeds,http://landregistry.data.gov.uk/id/region/leeds,E08000035,2020-11,1164,monthly,202669,369622,216217,166260,139259,2020-11-01
Leeds,http://landregistry.data.gov.uk/id/region/leeds,E08000035,2020-12,1111,monthly,204638,372910,218162,168285,140340,2020-12-01
Leeds,http://landregistry.data.gov.uk/id/region/leeds,E08000035,2021-01,958,monthly,207288,374898,220712,170732,143325,2021-01-01
Leeds,http://landregistry.data.gov.uk/id/region/leeds,E08000035,2021-02,1130,monthly,206674,370598,219670,170781,143936,2021-02-01
Leeds,http://landregistry.data.gov.uk/id/region/leeds,E08000035,2021-03,1649,monthly,207094,368157,219674,171466,145772,2021-03-01
Leeds,http://landregistry.data.gov.uk/id/region/leeds,E08000035,2021-04,1070,monthly,205899,366165,218098,170809,144812,2021-04-01
Leeds,http://landregistry.data.gov.uk/id/region/leeds,E08000035,2021-05,1002,monthly,206085,367206,218285,170901,144711,2021-05-01
Leeds,http://landregistry.data.gov.uk/id/region/leeds,E08000035,2021-06,1876,monthly,211229,375181,223457,175901,148088,2021-06-01
Leeds,http://landregistry.data.gov.uk/id/region/leeds,E08000035,2021-07,776,monthly,210097,373974,222506,174648,147006,2021-07-01
Leeds,http://landregistry.data.gov.uk/id/region/leeds,E08000035,2021-08,1014,monthly,210293,375607,223174,174522,146178,2021-08-01
Leeds,http://landregistry.data.gov.uk/id/region/leeds,E08000035,2021-09,1655,monthly,208597,374024,221850,172691,144145,2021-09-01
Leeds,http://landregistry.data.gov.uk/id/region/leeds,E08000035,2021-10,708,monthly,210284,379482,223834,173703,144460,2021-10-01
Leeds,http://landregistry.data.gov.uk/id/region/leeds,E08000035,2021-11,864,monthly,211144,381867,224784,174219,144928,2021-11-01
Leeds,http://landregistry.data.gov.uk/id/region/leeds,E08000035,2021-12,954,monthly,210664,382978,224466,173477,143882,2021-12-01
Leeds,http://landregistry.data.gov.uk/id/region/leeds,E08000035,2022-01,818,monthly,215648,390370,230082,177994,146790,2022-01-01
Leeds,http://landregistry.data.gov.uk/id/region/leeds,E08000035,2022-02,917,monthly,219456,396363,234167,181342,149508,2022-02-01
Leeds,http://landregistry.data.gov.uk/id/region/leeds,E08000035,2022-03,918,monthly,220758,399213,236003,182079,149957,2022-03-01
Leeds,http://landregistry.data.gov.uk/id/region/leeds,E08000035,2022-04,833,monthly,221852,400844,236894,183381,150678,2022-04-01
Leeds,http://landregistry.data.gov.uk/id/region/leeds,E08000035,2022-05,835,monthly,223321,403119,238664,184903,150855,2022-05-01
Leeds,http://landregistry.data.gov.uk/id/region/leeds,E08000035,2022-06,880,monthly,226416,407616,241850,187889,153022,2022-06-01
Leeds,http://landregistry.data.gov.uk/id/region/leeds,E08000035,2022-07,1013,monthly,230548,414221,246614,191467,155311,2022-07-01
Leeds,http://landregistry.data.gov.uk/id/region/leeds,E08000035,2022-08,1023,monthly,233567,419276,249888,194327,156765,2022-08-01
Leeds,http://landregistry.data.gov.uk/id/region/leeds,E08000035,2022-09,944,monthly,236030,423968,252614,196602,157593,2022-09-01
Leeds,http://landregistry.data.gov.uk/id/region/leeds,E08000035,2022-10,926,monthly,237943,428123,254805,198042,158425,2022-10-01
Leeds,http://landregistry.data.gov.uk/id/region/leeds,E08000035,2022-11,986,monthly,239878,432364,256928,199489,159462,2022-11-01
Leeds,http://landregistry.data.gov.uk/id/region/leeds,E08000035,2022-12,922,monthly,239335,430942,256533,199039,158993,2022-12-01
Leeds,http://landregistry.data.gov.uk/id/region/leeds,E08000035,2023-01,631,monthly,233600,420966,250288,194174,155358,2023-01-01
Leeds,http://landregistry.data.gov.uk/id/region/leeds,E08000035,2023-02,662,monthly,231277,417672,247861,191852,154069,2023-02-01
Leeds,http://landregistry.data.gov.uk/id/region/leeds,E08000035,2023-03,741,monthly,229307,416289,246026,189381,152811,2023-03-01
Leeds,http://landregistry.data.gov.uk/id/region/leeds,E08000035,2023-04,568,monthly,229824,417901,246635,189444,153468,2023-04-01
Leeds,http://landregistry.data.gov.uk/id/region/leeds,E08000035,2023-05,584,monthly,229461,416336,246164,189045,153922,2023-05-01
Leeds,http://landregistry.data.gov.uk/id/region/leeds,E08000035,2023-06,804,monthly,229796,415649,245996,189879,154493,2023-06-01
Leeds,http://landregistry.data.gov.uk/id/region/leeds,E08000035,2023-07,725,monthly,233664,421558,250308,193409,156648,2023-07-01
Leeds,http://landregistry.data.gov.uk/id/region/leeds,E08000035,2023-08,785,monthly,236751,427457,253752,196361,157620,2023-08-01
Leeds,http://landregistry.data.gov.uk/id/region/leeds,E08000035,2023-09,744,monthly,239868,433347,257379,199080,158881,2023-09-01
Leeds,http://landregistry.data.gov.uk/id/region/leeds,E08000035,2023-10,680,monthly,238824,431271,256345,198199,158156,2023-10-01
Leeds,http://landregistry.data.gov.uk/id/region/leeds,E08000035,2023-11,641,monthly,237211,429111,254897,196385,157203,2023-11-01
Leeds,http://landregistry.data.gov.uk/id/region/leeds,E08000035,2023-12,644,monthly,236296,426905,254233,195364,156797,2023-12-01
Leeds,http://landregistry.data.gov.uk/id/region/leeds,E08000035,2024-01,413,monthly,236228,427246,254133,195395,156440,2024-01-01
Leeds,http://landregistry.data.gov.uk/id/region/leeds,E08000035,2024-02,299,monthly,236077,427080,253985,195301,156139,2024-02-01
Leeds,http://landregistry.data.gov.uk/id/region/leeds,E08000035,2024-03,,monthly,235651,427339,253462,194367,156519,2024-03-01
Leeds,http://landregistry.data.gov.uk/id/region/leeds,E08000035,2024-04,,monthly,233737,423454,251604,192452,155684,2024-04-01
