"Name","URI","Region GSS code","Period","Sales volume","Reporting period","Average price All property types","Average price Detached houses","Average price Semi-detached houses","Average price Terraced houses","Average price Flats and maisonettes","Pivotable date"
Leicester,http://landregistry.data.gov.uk/id/region/leicester,E06000016,2004-01,404,monthly,99322,176780,110423,85464,83937,2004-01-01
Leicester,http://landregistry.data.gov.uk/id/region/leicester,E06000016,2004-02,445,monthly,101755,180414,113037,87705,85780,2004-02-01
Leicester,http://landregistry.data.gov.uk/id/region/leicester,E06000016,2004-03,490,monthly,102157,180987,113261,88193,85844,2004-03-01
Leicester,http://landregistry.data.gov.uk/id/region/leicester,E06000016,2004-04,543,monthly,105538,184577,116824,91499,88562,2004-04-01
Leicester,http://landregistry.data.gov.uk/id/region/leicester,E06000016,2004-05,529,monthly,108389,187336,119508,94397,91240,2004-05-01
Leicester,http://landregistry.data.gov.uk/id/region/leicester,E06000016,2004-06,601,monthly,112186,192208,123561,97810,94971,2004-06-01
Leicester,http://landregistry.data.gov.uk/id/region/leicester,E06000016,2004-07,619,monthly,113908,194740,125608,99432,95854,2004-07-01
Leicester,http://landregistry.data.gov.uk/id/region/leicester,E06000016,2004-08,484,monthly,115858,198152,127881,101193,96994,2004-08-01
Leicester,http://landregistry.data.gov.uk/id/region/leicester,E06000016,2004-09,460,monthly,118124,202704,130556,103345,97648,2004-09-01
Leicester,http://landregistry.data.gov.uk/id/region/leicester,E06000016,2004-10,433,monthly,118884,204128,131243,103970,98688,2004-10-01
Leicester,http://landregistry.data.gov.uk/id/region/leicester,E06000016,2004-11,395,monthly,118661,203598,130986,103715,98788,2004-11-01
Leicester,http://landregistry.data.gov.uk/id/region/leicester,E06000016,2004-12,354,monthly,118499,202099,130605,103631,99338,2004-12-01
Leicester,http://landregistry.data.gov.uk/id/region/leicester,E06000016,2005-01,232,monthly,117243,199742,128850,102542,99112,2005-01-01
Leicester,http://landregistry.data.gov.uk/id/region/leicester,E06000016,2005-02,240,monthly,117798,200110,129421,102939,100159,2005-02-01
Leicester,http://landregistry.data.gov.uk/id/region/leicester,E06000016,2005-03,301,monthly,116127,197274,127687,101440,98605,2005-03-01
Leicester,http://landregistry.data.gov.uk/id/region/leicester,E06000016,2005-04,366,monthly,118283,199617,130260,103501,99781,2005-04-01
Leicester,http://landregistry.data.gov.uk/id/region/leicester,E06000016,2005-05,376,monthly,118735,200242,130537,104125,99880,2005-05-01
Leicester,http://landregistry.data.gov.uk/id/region/leicester,E06000016,2005-06,407,monthly,119755,200389,131314,105363,100854,2005-06-01
Leicester,http://landregistry.data.gov.uk/id/region/leicester,E06000016,2005-07,464,monthly,120625,201903,132186,106181,101559,2005-07-01
Leicester,http://landregistry.data.gov.uk/id/region/leicester,E06000016,2005-08,404,monthly,121998,204126,133593,107535,102437,2005-08-01
Leicester,http://landregistry.data.gov.uk/id/region/leicester,E06000016,2005-09,442,monthly,122312,205416,134077,107780,102201,2005-09-01
Leicester,http://landregistry.data.gov.uk/id/region/leicester,E06000016,2005-10,420,monthly,121165,203491,132672,106860,101254,2005-10-01
Leicester,http://landregistry.data.gov.uk/id/region/leicester,E06000016,2005-11,408,monthly,120383,201692,131943,106207,100345,2005-11-01
Leicester,http://landregistry.data.gov.uk/id/region/leicester,E06000016,2005-12,463,monthly,120835,201410,132120,106731,101398,2005-12-01
Leicester,http://landregistry.data.gov.uk/id/region/leicester,E06000016,2006-01,315,monthly,121129,201681,132249,107161,101556,2006-01-01
Leicester,http://landregistry.data.gov.uk/id/region/leicester,E06000016,2006-02,395,monthly,121305,201431,132150,107426,102124,2006-02-01
Leicester,http://landregistry.data.gov.uk/id/region/leicester,E06000016,2006-03,458,monthly,120257,200526,131260,106501,100374,2006-03-01
Leicester,http://landregistry.data.gov.uk/id/region/leicester,E06000016,2006-04,406,monthly,121591,202027,132731,107775,101399,2006-04-01
Leicester,http://landregistry.data.gov.uk/id/region/leicester,E06000016,2006-05,435,monthly,121797,202285,133055,107959,101398,2006-05-01
Leicester,http://landregistry.data.gov.uk/id/region/leicester,E06000016,2006-06,573,monthly,124406,205298,135844,110441,103584,2006-06-01
Leicester,http://landregistry.data.gov.uk/id/region/leicester,E06000016,2006-07,497,monthly,124702,205591,136073,110873,103541,2006-07-01
Leicester,http://landregistry.data.gov.uk/id/region/leicester,E06000016,2006-08,529,monthly,125558,206784,136990,111928,103427,2006-08-01
Leicester,http://landregistry.data.gov.uk/id/region/leicester,E06000016,2006-09,554,monthly,124727,206127,136031,111128,102794,2006-09-01
Leicester,http://landregistry.data.gov.uk/id/region/leicester,E06000016,2006-10,484,monthly,124493,206077,135851,110871,102499,2006-10-01
Leicester,http://landregistry.data.gov.uk/id/region/leicester,E06000016,2006-11,550,monthly,125950,208574,137585,112133,103508,2006-11-01
Leicester,http://landregistry.data.gov.uk/id/region/leicester,E06000016,2006-12,546,monthly,127443,210236,139076,113685,104565,2006-12-01
Leicester,http://landregistry.data.gov.uk/id/region/leicester,E06000016,2007-01,388,monthly,129361,213296,141186,115478,105889,2007-01-01
Leicester,http://landregistry.data.gov.uk/id/region/leicester,E06000016,2007-02,418,monthly,128699,211980,140334,114806,106017,2007-02-01
Leicester,http://landregistry.data.gov.uk/id/region/leicester,E06000016,2007-03,492,monthly,129234,212905,140912,115420,106048,2007-03-01
Leicester,http://landregistry.data.gov.uk/id/region/leicester,E06000016,2007-04,418,monthly,130612,214346,142151,116877,107297,2007-04-01
Leicester,http://landregistry.data.gov.uk/id/region/leicester,E06000016,2007-05,466,monthly,132448,216515,143910,118794,108689,2007-05-01
Leicester,http://landregistry.data.gov.uk/id/region/leicester,E06000016,2007-06,546,monthly,133672,218294,145117,119943,109881,2007-06-01
Leicester,http://landregistry.data.gov.uk/id/region/leicester,E06000016,2007-07,513,monthly,133788,218946,145273,120026,109799,2007-07-01
Leicester,http://landregistry.data.gov.uk/id/region/leicester,E06000016,2007-08,559,monthly,134574,220926,146169,120857,109598,2007-08-01
Leicester,http://landregistry.data.gov.uk/id/region/leicester,E06000016,2007-09,446,monthly,134668,221743,146393,120872,109376,2007-09-01
Leicester,http://landregistry.data.gov.uk/id/region/leicester,E06000016,2007-10,474,monthly,135317,223237,146989,121430,110089,2007-10-01
Leicester,http://landregistry.data.gov.uk/id/region/leicester,E06000016,2007-11,442,monthly,134749,223056,146537,120675,109841,2007-11-01
Leicester,http://landregistry.data.gov.uk/id/region/leicester,E06000016,2007-12,370,monthly,134369,222450,146090,120252,109913,2007-12-01
Leicester,http://landregistry.data.gov.uk/id/region/leicester,E06000016,2008-01,274,monthly,132529,219913,144150,118511,108420,2008-01-01
Leicester,http://landregistry.data.gov.uk/id/region/leicester,E06000016,2008-02,270,monthly,133357,221239,145033,119231,109209,2008-02-01
Leicester,http://landregistry.data.gov.uk/id/region/leicester,E06000016,2008-03,282,monthly,133546,221932,145523,119418,108549,2008-03-01
Leicester,http://landregistry.data.gov.uk/id/region/leicester,E06000016,2008-04,296,monthly,133917,222715,145940,119934,108172,2008-04-01
Leicester,http://landregistry.data.gov.uk/id/region/leicester,E06000016,2008-05,283,monthly,131824,218594,143713,118129,106405,2008-05-01
Leicester,http://landregistry.data.gov.uk/id/region/leicester,E06000016,2008-06,268,monthly,130569,215887,142126,117119,105763,2008-06-01
Leicester,http://landregistry.data.gov.uk/id/region/leicester,E06000016,2008-07,218,monthly,129543,213723,141365,115949,105120,2008-07-01
Leicester,http://landregistry.data.gov.uk/id/region/leicester,E06000016,2008-08,168,monthly,127963,211417,139518,114617,103733,2008-08-01
Leicester,http://landregistry.data.gov.uk/id/region/leicester,E06000016,2008-09,193,monthly,125824,209769,137108,112552,101881,2008-09-01
Leicester,http://landregistry.data.gov.uk/id/region/leicester,E06000016,2008-10,212,monthly,124893,208733,135991,111721,101136,2008-10-01
Leicester,http://landregistry.data.gov.uk/id/region/leicester,E06000016,2008-11,114,monthly,121320,203259,132450,108281,98056,2008-11-01
Leicester,http://landregistry.data.gov.uk/id/region/leicester,E06000016,2008-12,172,monthly,116354,193917,127208,103942,93761,2008-12-01
Leicester,http://landregistry.data.gov.uk/id/region/leicester,E06000016,2009-01,103,monthly,111536,186798,121909,99521,89955,2009-01-01
Leicester,http://landregistry.data.gov.uk/id/region/leicester,E06000016,2009-02,131,monthly,110071,184847,120178,98121,89193,2009-02-01
Leicester,http://landregistry.data.gov.uk/id/region/leicester,E06000016,2009-03,157,monthly,112231,189136,122455,99849,91615,2009-03-01
Leicester,http://landregistry.data.gov.uk/id/region/leicester,E06000016,2009-04,135,monthly,111537,186918,121985,99212,90946,2009-04-01
Leicester,http://landregistry.data.gov.uk/id/region/leicester,E06000016,2009-05,174,monthly,111781,186638,122251,99616,90891,2009-05-01
Leicester,http://landregistry.data.gov.uk/id/region/leicester,E06000016,2009-06,256,monthly,111151,185147,121675,99219,89760,2009-06-01
Leicester,http://landregistry.data.gov.uk/id/region/leicester,E06000016,2009-07,201,monthly,113199,188636,123864,101269,90751,2009-07-01
Leicester,http://landregistry.data.gov.uk/id/region/leicester,E06000016,2009-08,217,monthly,114999,191672,125867,103062,91472,2009-08-01
Leicester,http://landregistry.data.gov.uk/id/region/leicester,E06000016,2009-09,201,monthly,115659,192938,126749,103652,91488,2009-09-01
Leicester,http://landregistry.data.gov.uk/id/region/leicester,E06000016,2009-10,264,monthly,115396,192965,126660,103271,91002,2009-10-01
Leicester,http://landregistry.data.gov.uk/id/region/leicester,E06000016,2009-11,236,monthly,115241,193393,126412,103219,90419,2009-11-01
Leicester,http://landregistry.data.gov.uk/id/region/leicester,E06000016,2009-12,376,monthly,116596,194817,127893,104691,91107,2009-12-01
Leicester,http://landregistry.data.gov.uk/id/region/leicester,E06000016,2010-01,143,monthly,117402,196361,128728,105686,90874,2010-01-01
Leicester,http://landregistry.data.gov.uk/id/region/leicester,E06000016,2010-02,165,monthly,117738,197297,129537,105776,90568,2010-02-01
Leicester,http://landregistry.data.gov.uk/id/region/leicester,E06000016,2010-03,229,monthly,116773,197349,128578,104503,89993,2010-03-01
Leicester,http://landregistry.data.gov.uk/id/region/leicester,E06000016,2010-04,218,monthly,117182,197958,129183,104668,90664,2010-04-01
Leicester,http://landregistry.data.gov.uk/id/region/leicester,E06000016,2010-05,244,monthly,118387,200099,130311,105726,92055,2010-05-01
Leicester,http://landregistry.data.gov.uk/id/region/leicester,E06000016,2010-06,244,monthly,119853,201927,132014,107334,92324,2010-06-01
Leicester,http://landregistry.data.gov.uk/id/region/leicester,E06000016,2010-07,303,monthly,121511,205436,133737,108886,93267,2010-07-01
Leicester,http://landregistry.data.gov.uk/id/region/leicester,E06000016,2010-08,248,monthly,122784,207744,135487,109984,93520,2010-08-01
Leicester,http://landregistry.data.gov.uk/id/region/leicester,E06000016,2010-09,248,monthly,123275,209755,136031,110215,94001,2010-09-01
Leicester,http://landregistry.data.gov.uk/id/region/leicester,E06000016,2010-10,269,monthly,122842,209491,135666,109689,93651,2010-10-01
Leicester,http://landregistry.data.gov.uk/id/region/leicester,E06000016,2010-11,260,monthly,120495,206466,133013,107428,92067,2010-11-01
Leicester,http://landregistry.data.gov.uk/id/region/leicester,E06000016,2010-12,262,monthly,120662,206674,133316,107482,92278,2010-12-01
Leicester,http://landregistry.data.gov.uk/id/region/leicester,E06000016,2011-01,159,monthly,117934,202480,130291,104934,90377,2011-01-01
Leicester,http://landregistry.data.gov.uk/id/region/leicester,E06000016,2011-02,162,monthly,119033,204481,131383,105955,91309,2011-02-01
Leicester,http://landregistry.data.gov.uk/id/region/leicester,E06000016,2011-03,202,monthly,118394,204783,130613,105227,90799,2011-03-01
Leicester,http://landregistry.data.gov.uk/id/region/leicester,E06000016,2011-04,218,monthly,119436,206450,131737,106261,91352,2011-04-01
Leicester,http://landregistry.data.gov.uk/id/region/leicester,E06000016,2011-05,178,monthly,118235,203753,130411,105167,90917,2011-05-01
Leicester,http://landregistry.data.gov.uk/id/region/leicester,E06000016,2011-06,239,monthly,118368,202131,130665,105411,91404,2011-06-01
Leicester,http://landregistry.data.gov.uk/id/region/leicester,E06000016,2011-07,231,monthly,118935,202567,131316,105826,92437,2011-07-01
Leicester,http://landregistry.data.gov.uk/id/region/leicester,E06000016,2011-08,244,monthly,120307,205195,132957,107091,92829,2011-08-01
Leicester,http://landregistry.data.gov.uk/id/region/leicester,E06000016,2011-09,234,monthly,120261,205897,132862,107145,92069,2011-09-01
Leicester,http://landregistry.data.gov.uk/id/region/leicester,E06000016,2011-10,204,monthly,120414,206922,133265,107157,91571,2011-10-01
Leicester,http://landregistry.data.gov.uk/id/region/leicester,E06000016,2011-11,211,monthly,120236,206810,133216,106783,91723,2011-11-01
Leicester,http://landregistry.data.gov.uk/id/region/leicester,E06000016,2011-12,243,monthly,119474,205435,132593,105901,91353,2011-12-01
Leicester,http://landregistry.data.gov.uk/id/region/leicester,E06000016,2012-01,169,monthly,119941,205766,133137,106322,91910,2012-01-01
Leicester,http://landregistry.data.gov.uk/id/region/leicester,E06000016,2012-02,161,monthly,117830,201686,130773,104706,89723,2012-02-01
Leicester,http://landregistry.data.gov.uk/id/region/leicester,E06000016,2012-03,200,monthly,119152,202778,132148,106084,90824,2012-03-01
Leicester,http://landregistry.data.gov.uk/id/region/leicester,E06000016,2012-04,145,monthly,117490,199951,130223,104659,89548,2012-04-01
Leicester,http://landregistry.data.gov.uk/id/region/leicester,E06000016,2012-05,194,monthly,118155,201011,130908,105221,90294,2012-05-01
Leicester,http://landregistry.data.gov.uk/id/region/leicester,E06000016,2012-06,232,monthly,118417,201416,130937,105672,90374,2012-06-01
Leicester,http://landregistry.data.gov.uk/id/region/leicester,E06000016,2012-07,204,monthly,120370,204138,133015,107657,91561,2012-07-01
Leicester,http://landregistry.data.gov.uk/id/region/leicester,E06000016,2012-08,225,monthly,122405,207303,135266,109723,92485,2012-08-01
Leicester,http://landregistry.data.gov.uk/id/region/leicester,E06000016,2012-09,181,monthly,121885,206995,134815,109138,91930,2012-09-01
Leicester,http://landregistry.data.gov.uk/id/region/leicester,E06000016,2012-10,203,monthly,122006,207299,135046,109095,92241,2012-10-01
Leicester,http://landregistry.data.gov.uk/id/region/leicester,E06000016,2012-11,218,monthly,121879,207440,134951,108810,92414,2012-11-01
Leicester,http://landregistry.data.gov.uk/id/region/leicester,E06000016,2012-12,223,monthly,121613,207654,134793,108404,92142,2012-12-01
Leicester,http://landregistry.data.gov.uk/id/region/leicester,E06000016,2013-01,155,monthly,121520,207740,134970,108230,91667,2013-01-01
Leicester,http://landregistry.data.gov.uk/id/region/leicester,E06000016,2013-02,157,monthly,121815,208258,135262,108512,91864,2013-02-01
Leicester,http://landregistry.data.gov.uk/id/region/leicester,E06000016,2013-03,203,monthly,121934,208908,135510,108569,91666,2013-03-01
Leicester,http://landregistry.data.gov.uk/id/region/leicester,E06000016,2013-04,191,monthly,121896,209000,135229,108633,91740,2013-04-01
Leicester,http://landregistry.data.gov.uk/id/region/leicester,E06000016,2013-05,248,monthly,122723,210247,136217,109295,92547,2013-05-01
Leicester,http://landregistry.data.gov.uk/id/region/leicester,E06000016,2013-06,243,monthly,123315,210008,136788,110015,93060,2013-06-01
Leicester,http://landregistry.data.gov.uk/id/region/leicester,E06000016,2013-07,241,monthly,123502,209680,136853,110351,93203,2013-07-01
Leicester,http://landregistry.data.gov.uk/id/region/leicester,E06000016,2013-08,280,monthly,124123,210555,137464,111001,93584,2013-08-01
Leicester,http://landregistry.data.gov.uk/id/region/leicester,E06000016,2013-09,229,monthly,125927,214878,139522,112462,94794,2013-09-01
Leicester,http://landregistry.data.gov.uk/id/region/leicester,E06000016,2013-10,201,monthly,126206,216598,140110,112451,94765,2013-10-01
Leicester,http://landregistry.data.gov.uk/id/region/leicester,E06000016,2013-11,251,monthly,125567,216280,139588,111748,94007,2013-11-01
Leicester,http://landregistry.data.gov.uk/id/region/leicester,E06000016,2013-12,241,monthly,124318,213364,138276,110630,93261,2013-12-01
Leicester,http://landregistry.data.gov.uk/id/region/leicester,E06000016,2014-01,271,monthly,125784,215628,139819,111967,94541,2014-01-01
Leicester,http://landregistry.data.gov.uk/id/region/leicester,E06000016,2014-02,300,monthly,126878,217690,141028,112940,95377,2014-02-01
Leicester,http://landregistry.data.gov.uk/id/region/leicester,E06000016,2014-03,278,monthly,127339,218629,141607,113248,95861,2014-03-01
Leicester,http://landregistry.data.gov.uk/id/region/leicester,E06000016,2014-04,275,monthly,128099,219421,142441,114019,96369,2014-04-01
Leicester,http://landregistry.data.gov.uk/id/region/leicester,E06000016,2014-05,279,monthly,128149,218736,142354,114127,96726,2014-05-01
Leicester,http://landregistry.data.gov.uk/id/region/leicester,E06000016,2014-06,332,monthly,130193,222090,144584,116123,97883,2014-06-01
Leicester,http://landregistry.data.gov.uk/id/region/leicester,E06000016,2014-07,346,monthly,130253,222066,144648,116258,97750,2014-07-01
Leicester,http://landregistry.data.gov.uk/id/region/leicester,E06000016,2014-08,334,monthly,131306,224096,146006,117297,97876,2014-08-01
Leicester,http://landregistry.data.gov.uk/id/region/leicester,E06000016,2014-09,297,monthly,131037,223705,145683,117079,97622,2014-09-01
Leicester,http://landregistry.data.gov.uk/id/region/leicester,E06000016,2014-10,350,monthly,131894,225693,146833,117664,98280,2014-10-01
Leicester,http://landregistry.data.gov.uk/id/region/leicester,E06000016,2014-11,271,monthly,131191,224924,146201,116891,97784,2014-11-01
Leicester,http://landregistry.data.gov.uk/id/region/leicester,E06000016,2014-12,338,monthly,131430,225823,146517,116926,98210,2014-12-01
Leicester,http://landregistry.data.gov.uk/id/region/leicester,E06000016,2015-01,218,monthly,131505,225941,146556,116952,98459,2015-01-01
Leicester,http://landregistry.data.gov.uk/id/region/leicester,E06000016,2015-02,260,monthly,133388,229332,148322,118496,100749,2015-02-01
Leicester,http://landregistry.data.gov.uk/id/region/leicester,E06000016,2015-03,299,monthly,132951,229030,148047,117877,100667,2015-03-01
Leicester,http://landregistry.data.gov.uk/id/region/leicester,E06000016,2015-04,231,monthly,134531,232099,149752,119318,101679,2015-04-01
Leicester,http://landregistry.data.gov.uk/id/region/leicester,E06000016,2015-05,301,monthly,134063,231067,149569,118879,100910,2015-05-01
Leicester,http://landregistry.data.gov.uk/id/region/leicester,E06000016,2015-06,314,monthly,135172,232269,150807,120205,100840,2015-06-01
Leicester,http://landregistry.data.gov.uk/id/region/leicester,E06000016,2015-07,337,monthly,135164,231664,151006,120177,100783,2015-07-01
Leicester,http://landregistry.data.gov.uk/id/region/leicester,E06000016,2015-08,339,monthly,137166,235089,153156,122097,101941,2015-08-01
Leicester,http://landregistry.data.gov.uk/id/region/leicester,E06000016,2015-09,362,monthly,139993,241152,156267,124427,104279,2015-09-01
Leicester,http://landregistry.data.gov.uk/id/region/leicester,E06000016,2015-10,319,monthly,140200,242312,156588,124595,104016,2015-10-01
Leicester,http://landregistry.data.gov.uk/id/region/leicester,E06000016,2015-11,327,monthly,140256,242926,156804,124527,104002,2015-11-01
Leicester,http://landregistry.data.gov.uk/id/region/leicester,E06000016,2015-12,351,monthly,140363,243541,157087,124561,103844,2015-12-01
Leicester,http://landregistry.data.gov.uk/id/region/leicester,E06000016,2016-01,260,monthly,142324,246674,159423,126222,105436,2016-01-01
Leicester,http://landregistry.data.gov.uk/id/region/leicester,E06000016,2016-02,281,monthly,144270,249997,161768,127880,106854,2016-02-01
Leicester,http://landregistry.data.gov.uk/id/region/leicester,E06000016,2016-03,572,monthly,144014,248485,161412,127654,107202,2016-03-01
Leicester,http://landregistry.data.gov.uk/id/region/leicester,E06000016,2016-04,223,monthly,143906,249009,161237,127607,106761,2016-04-01
Leicester,http://landregistry.data.gov.uk/id/region/leicester,E06000016,2016-05,259,monthly,145751,251861,162806,129404,108558,2016-05-01
Leicester,http://landregistry.data.gov.uk/id/region/leicester,E06000016,2016-06,294,monthly,148119,256710,165384,131518,110093,2016-06-01
Leicester,http://landregistry.data.gov.uk/id/region/leicester,E06000016,2016-07,295,monthly,150041,259129,167225,133332,112031,2016-07-01
Leicester,http://landregistry.data.gov.uk/id/region/leicester,E06000016,2016-08,307,monthly,149313,258208,166548,132606,111395,2016-08-01
Leicester,http://landregistry.data.gov.uk/id/region/leicester,E06000016,2016-09,310,monthly,149960,259359,167445,133127,111751,2016-09-01
Leicester,http://landregistry.data.gov.uk/id/region/leicester,E06000016,2016-10,342,monthly,151550,263528,169580,134153,113099,2016-10-01
Leicester,http://landregistry.data.gov.uk/id/region/leicester,E06000016,2016-11,319,monthly,151925,265773,170284,134148,113445,2016-11-01
Leicester,http://landregistry.data.gov.uk/id/region/leicester,E06000016,2016-12,303,monthly,152755,267889,171075,134729,114569,2016-12-01
Leicester,http://landregistry.data.gov.uk/id/region/leicester,E06000016,2017-01,223,monthly,150315,263884,168115,132562,113077,2017-01-01
Leicester,http://landregistry.data.gov.uk/id/region/leicester,E06000016,2017-02,251,monthly,151327,265199,168844,133544,114320,2017-02-01
Leicester,http://landregistry.data.gov.uk/id/region/leicester,E06000016,2017-03,315,monthly,152368,267378,170056,134235,115572,2017-03-01
Leicester,http://landregistry.data.gov.uk/id/region/leicester,E06000016,2017-04,261,monthly,155313,272212,173231,136786,118179,2017-04-01
Leicester,http://landregistry.data.gov.uk/id/region/leicester,E06000016,2017-05,249,monthly,155287,271374,173593,136563,118392,2017-05-01
Leicester,http://landregistry.data.gov.uk/id/region/leicester,E06000016,2017-06,306,monthly,156174,271556,174364,137479,119392,2017-06-01
Leicester,http://landregistry.data.gov.uk/id/region/leicester,E06000016,2017-07,291,monthly,157865,273657,176370,139069,120506,2017-07-01
Leicester,http://landregistry.data.gov.uk/id/region/leicester,E06000016,2017-08,330,monthly,161720,280089,180519,142732,123044,2017-08-01
Leicester,http://landregistry.data.gov.uk/id/region/leicester,E06000016,2017-09,290,monthly,162169,281453,181155,143128,123046,2017-09-01
Leicester,http://landregistry.data.gov.uk/id/region/leicester,E06000016,2017-10,317,monthly,162157,282545,181488,142931,122735,2017-10-01
Leicester,http://landregistry.data.gov.uk/id/region/leicester,E06000016,2017-11,313,monthly,161994,283145,181800,142694,121957,2017-11-01
Leicester,http://landregistry.data.gov.uk/id/region/leicester,E06000016,2017-12,290,monthly,162814,284540,183133,143474,121891,2017-12-01
Leicester,http://landregistry.data.gov.uk/id/region/leicester,E06000016,2018-01,212,monthly,165538,288972,186164,145911,123954,2018-01-01
Leicester,http://landregistry.data.gov.uk/id/region/leicester,E06000016,2018-02,277,monthly,166441,291025,186825,146685,125000,2018-02-01
Leicester,http://landregistry.data.gov.uk/id/region/leicester,E06000016,2018-03,264,monthly,165212,288972,185331,145730,123919,2018-03-01
Leicester,http://landregistry.data.gov.uk/id/region/leicester,E06000016,2018-04,268,monthly,165742,290130,186078,146476,123378,2018-04-01
Leicester,http://landregistry.data.gov.uk/id/region/leicester,E06000016,2018-05,295,monthly,166020,290114,186621,146858,123097,2018-05-01
Leicester,http://landregistry.data.gov.uk/id/region/leicester,E06000016,2018-06,289,monthly,170059,297276,191483,150267,125978,2018-06-01
Leicester,http://landregistry.data.gov.uk/id/region/leicester,E06000016,2018-07,300,monthly,169342,296110,190566,149524,125824,2018-07-01
Leicester,http://landregistry.data.gov.uk/id/region/leicester,E06000016,2018-08,316,monthly,171367,299446,192795,151395,127274,2018-08-01
Leicester,http://landregistry.data.gov.uk/id/region/leicester,E06000016,2018-09,281,monthly,170960,298985,192146,151117,126976,2018-09-01
Leicester,http://landregistry.data.gov.uk/id/region/leicester,E06000016,2018-10,332,monthly,172765,302286,194398,152685,128020,2018-10-01
Leicester,http://landregistry.data.gov.uk/id/region/leicester,E06000016,2018-11,349,monthly,173244,304192,195337,152996,127738,2018-11-01
Leicester,http://landregistry.data.gov.uk/id/region/leicester,E06000016,2018-12,264,monthly,174632,306662,197191,154088,128646,2018-12-01
Leicester,http://landregistry.data.gov.uk/id/region/leicester,E06000016,2019-01,227,monthly,172451,303634,194898,151998,126933,2019-01-01
Leicester,http://landregistry.data.gov.uk/id/region/leicester,E06000016,2019-02,246,monthly,168644,297634,190379,148485,124628,2019-02-01
Leicester,http://landregistry.data.gov.uk/id/region/leicester,E06000016,2019-03,248,monthly,166813,295108,188451,146914,122721,2019-03-01
Leicester,http://landregistry.data.gov.uk/id/region/leicester,E06000016,2019-04,212,monthly,169579,299313,191375,149600,124711,2019-04-01
Leicester,http://landregistry.data.gov.uk/id/region/leicester,E06000016,2019-05,253,monthly,174050,305829,196607,153874,127323,2019-05-01
Leicester,http://landregistry.data.gov.uk/id/region/leicester,E06000016,2019-06,214,monthly,176246,308588,199042,155914,129215,2019-06-01
Leicester,http://landregistry.data.gov.uk/id/region/leicester,E06000016,2019-07,281,monthly,176434,308472,199132,156180,129498,2019-07-01
Leicester,http://landregistry.data.gov.uk/id/region/leicester,E06000016,2019-08,278,monthly,177161,309585,199761,156942,130118,2019-08-01
Leicester,http://landregistry.data.gov.uk/id/region/leicester,E06000016,2019-09,266,monthly,177683,310729,199801,157661,130685,2019-09-01
Leicester,http://landregistry.data.gov.uk/id/region/leicester,E06000016,2019-10,259,monthly,178447,312026,201276,158203,130514,2019-10-01
Leicester,http://landregistry.data.gov.uk/id/region/leicester,E06000016,2019-11,278,monthly,177150,309877,200429,156864,128923,2019-11-01
Leicester,http://landregistry.data.gov.uk/id/region/leicester,E06000016,2019-12,236,monthly,178941,312733,203224,158434,128983,2019-12-01
Leicester,http://landregistry.data.gov.uk/id/region/leicester,E06000016,2020-01,215,monthly,179341,314405,203683,158796,128813,2020-01-01
Leicester,http://landregistry.data.gov.uk/id/region/leicester,E06000016,2020-02,220,monthly,181625,318964,206005,160818,130661,2020-02-01
Leicester,http://landregistry.data.gov.uk/id/region/leicester,E06000016,2020-03,174,monthly,183663,323425,208099,162428,132597,2020-03-01
Leicester,http://landregistry.data.gov.uk/id/region/leicester,E06000016,2020-04,94,monthly,182362,322001,206544,161548,130794,2020-04-01
Leicester,http://landregistry.data.gov.uk/id/region/leicester,E06000016,2020-05,133,monthly,182411,322862,206860,161451,130479,2020-05-01
Leicester,http://landregistry.data.gov.uk/id/region/leicester,E06000016,2020-06,140,monthly,182286,322052,206954,161501,129847,2020-06-01
Leicester,http://landregistry.data.gov.uk/id/region/leicester,E06000016,2020-07,156,monthly,187085,328803,212375,165661,134182,2020-07-01
Leicester,http://landregistry.data.gov.uk/id/region/leicester,E06000016,2020-08,159,monthly,187323,328758,212765,166016,133993,2020-08-01
Leicester,http://landregistry.data.gov.uk/id/region/leicester,E06000016,2020-09,169,monthly,186777,328463,212064,165533,133468,2020-09-01
Leicester,http://landregistry.data.gov.uk/id/region/leicester,E06000016,2020-10,245,monthly,188013,331432,213428,166699,133937,2020-10-01
Leicester,http://landregistry.data.gov.uk/id/region/leicester,E06000016,2020-11,230,monthly,192200,338388,217787,170628,137155,2020-11-01
Leicester,http://landregistry.data.gov.uk/id/region/leicester,E06000016,2020-12,227,monthly,194464,341884,220150,172895,138634,2020-12-01
Leicester,http://landregistry.data.gov.uk/id/region/leicester,E06000016,2021-01,212,monthly,196948,343037,222778,175051,142078,2021-01-01
Leicester,http://landregistry.data.gov.uk/id/region/leicester,E06000016,2021-02,261,monthly,198496,342335,223951,176607,145077,2021-02-01
Leicester,http://landregistry.data.gov.uk/id/region/leicester,E06000016,2021-03,357,monthly,202644,345751,228016,180407,150401,2021-03-01
Leicester,http://landregistry.data.gov.uk/id/region/leicester,E06000016,2021-04,239,monthly,200822,342241,225468,179102,149296,2021-04-01
Leicester,http://landregistry.data.gov.uk/id/region/leicester,E06000016,2021-05,245,monthly,201351,343711,226121,179625,149211,2021-05-01
Leicester,http://landregistry.data.gov.uk/id/region/leicester,E06000016,2021-06,433,monthly,202922,345326,227364,181666,150093,2021-06-01
Leicester,http://landregistry.data.gov.uk/id/region/leicester,E06000016,2021-07,178,monthly,202271,345024,226906,180912,149237,2021-07-01
Leicester,http://landregistry.data.gov.uk/id/region/leicester,E06000016,2021-08,245,monthly,202726,347068,227840,181175,148667,2021-08-01
Leicester,http://landregistry.data.gov.uk/id/region/leicester,E06000016,2021-09,395,monthly,203246,349313,228993,181327,148253,2021-09-01
Leicester,http://landregistry.data.gov.uk/id/region/leicester,E06000016,2021-10,212,monthly,208703,361711,235535,185817,151341,2021-10-01
Leicester,http://landregistry.data.gov.uk/id/region/leicester,E06000016,2021-11,246,monthly,210437,365435,237576,187264,152427,2021-11-01
Leicester,http://landregistry.data.gov.uk/id/region/leicester,E06000016,2021-12,267,monthly,211197,369335,238729,187669,152130,2021-12-01
Leicester,http://landregistry.data.gov.uk/id/region/leicester,E06000016,2022-01,199,monthly,214161,372423,242209,190736,153689,2022-01-01
Leicester,http://landregistry.data.gov.uk/id/region/leicester,E06000016,2022-02,247,monthly,217156,376739,245721,193524,155786,2022-02-01
Leicester,http://landregistry.data.gov.uk/id/region/leicester,E06000016,2022-03,232,monthly,220592,382667,250360,196328,157478,2022-03-01
Leicester,http://landregistry.data.gov.uk/id/region/leicester,E06000016,2022-04,207,monthly,221397,383959,251055,197277,157854,2022-04-01
Leicester,http://landregistry.data.gov.uk/id/region/leicester,E06000016,2022-05,258,monthly,219807,380994,249331,196026,156063,2022-05-01
Leicester,http://landregistry.data.gov.uk/id/region/leicester,E06000016,2022-06,246,monthly,221648,382789,251003,198281,157175,2022-06-01
Leicester,http://landregistry.data.gov.uk/id/region/leicester,E06000016,2022-07,235,monthly,220811,380005,250181,197786,156235,2022-07-01
Leicester,http://landregistry.data.gov.uk/id/region/leicester,E06000016,2022-08,247,monthly,227783,391446,257949,204402,160563,2022-08-01
Leicester,http://landregistry.data.gov.uk/id/region/leicester,E06000016,2022-09,242,monthly,226978,390296,257057,203663,159852,2022-09-01
Leicester,http://landregistry.data.gov.uk/id/region/leicester,E06000016,2022-10,221,monthly,231638,399160,262608,207696,162402,2022-10-01
Leicester,http://landregistry.data.gov.uk/id/region/leicester,E06000016,2022-11,243,monthly,232780,401529,264259,208563,162589,2022-11-01
Leicester,http://landregistry.data.gov.uk/id/region/leicester,E06000016,2022-12,213,monthly,235334,405750,267538,210814,163660,2022-12-01
Leicester,http://landregistry.data.gov.uk/id/region/leicester,E06000016,2023-01,171,monthly,234186,404454,266361,209498,163113,2023-01-01
Leicester,http://landregistry.data.gov.uk/id/region/leicester,E06000016,2023-02,145,monthly,231008,400221,262809,206226,161456,2023-02-01
Leicester,http://landregistry.data.gov.uk/id/region/leicester,E06000016,2023-03,207,monthly,228379,398226,260334,203049,159910,2023-03-01
Leicester,http://landregistry.data.gov.uk/id/region/leicester,E06000016,2023-04,125,monthly,229985,401744,262279,204149,161468,2023-04-01
Leicester,http://landregistry.data.gov.uk/id/region/leicester,E06000016,2023-05,149,monthly,228803,398555,260829,203128,161119,2023-05-01
Leicester,http://landregistry.data.gov.uk/id/region/leicester,E06000016,2023-06,226,monthly,230000,398551,261502,204677,162538,2023-06-01
Leicester,http://landregistry.data.gov.uk/id/region/leicester,E06000016,2023-07,154,monthly,226733,391307,257778,202082,159950,2023-07-01
Leicester,http://landregistry.data.gov.uk/id/region/leicester,E06000016,2023-08,175,monthly,227611,392434,258813,203215,159717,2023-08-01
Leicester,http://landregistry.data.gov.uk/id/region/leicester,E06000016,2023-09,160,monthly,227943,393349,259329,203813,158812,2023-09-01
Leicester,http://landregistry.data.gov.uk/id/region/leicester,E06000016,2023-10,168,monthly,229936,396496,261711,205637,159999,2023-10-01
Leicester,http://landregistry.data.gov.uk/id/region/leicester,E06000016,2023-11,168,monthly,230629,399281,262943,205814,160374,2023-11-01
Leicester,http://landregistry.data.gov.uk/id/region/leicester,E06000016,2023-12,154,monthly,229892,397902,262693,204788,159871,2023-12-01
Leicester,http://landregistry.data.gov.uk/id/region/leicester,E06000016,2024-01,94,monthly,228515,396270,261103,203753,158192,2024-01-01
Leicester,http://landregistry.data.gov.uk/id/region/leicester,E06000016,2024-02,73,monthly,228345,395829,261322,203486,157750,2024-02-01
Leicester,http://landregistry.data.gov.uk/id/region/leicester,E06000016,2024-03,,monthly,227313,394993,260522,202056,157413,2024-03-01
Leicester,http://landregistry.data.gov.uk/id/region/leicester,E06000016,2024-04,,monthly,229483,397008,263653,203820,158792,2024-04-01
