"Name","URI","Region GSS code","Period","Sales volume","Reporting period","Average price All property types","Average price Detached houses","Average price Semi-detached houses","Average price Terraced houses","Average price Flats and maisonettes","Pivotable date"
Lewisham,http://landregistry.data.gov.uk/id/region/lewisham,E09000023,2004-01,473,monthly,176913,340365,267690,191101,160420,2004-01-01
Lewisham,http://landregistry.data.gov.uk/id/region/lewisham,E09000023,2004-02,404,monthly,178311,341947,269735,192972,161460,2004-02-01
Lewisham,http://landregistry.data.gov.uk/id/region/lewisham,E09000023,2004-03,489,monthly,177692,341436,268461,192520,160743,2004-03-01
Lewisham,http://landregistry.data.gov.uk/id/region/lewisham,E09000023,2004-04,532,monthly,179110,340366,269801,194402,161948,2004-04-01
Lewisham,http://landregistry.data.gov.uk/id/region/lewisham,E09000023,2004-05,495,monthly,183462,345107,275104,199244,165995,2004-05-01
Lewisham,http://landregistry.data.gov.uk/id/region/lewisham,E09000023,2004-06,544,monthly,185328,345560,277456,201332,167732,2004-06-01
Lewisham,http://landregistry.data.gov.uk/id/region/lewisham,E09000023,2004-07,655,monthly,184963,345078,277684,201261,167113,2004-07-01
Lewisham,http://landregistry.data.gov.uk/id/region/lewisham,E09000023,2004-08,582,monthly,185037,345952,278137,201501,167035,2004-08-01
Lewisham,http://landregistry.data.gov.uk/id/region/lewisham,E09000023,2004-09,478,monthly,188616,355055,284682,205902,169796,2004-09-01
Lewisham,http://landregistry.data.gov.uk/id/region/lewisham,E09000023,2004-10,442,monthly,190003,356577,285440,207092,171406,2004-10-01
Lewisham,http://landregistry.data.gov.uk/id/region/lewisham,E09000023,2004-11,368,monthly,190486,356930,285639,207609,171915,2004-11-01
Lewisham,http://landregistry.data.gov.uk/id/region/lewisham,E09000023,2004-12,405,monthly,188781,349928,281292,205547,170752,2004-12-01
Lewisham,http://landregistry.data.gov.uk/id/region/lewisham,E09000023,2005-01,265,monthly,188192,348459,279772,205027,170226,2005-01-01
Lewisham,http://landregistry.data.gov.uk/id/region/lewisham,E09000023,2005-02,251,monthly,187800,346979,279599,204871,169682,2005-02-01
Lewisham,http://landregistry.data.gov.uk/id/region/lewisham,E09000023,2005-03,307,monthly,186851,345850,278905,204295,168466,2005-03-01
Lewisham,http://landregistry.data.gov.uk/id/region/lewisham,E09000023,2005-04,339,monthly,187387,345218,280468,205487,168542,2005-04-01
Lewisham,http://landregistry.data.gov.uk/id/region/lewisham,E09000023,2005-05,398,monthly,189785,349323,283312,208178,170747,2005-05-01
Lewisham,http://landregistry.data.gov.uk/id/region/lewisham,E09000023,2005-06,433,monthly,191904,352550,286025,210795,172543,2005-06-01
Lewisham,http://landregistry.data.gov.uk/id/region/lewisham,E09000023,2005-07,499,monthly,192330,354770,286821,211372,172834,2005-07-01
Lewisham,http://landregistry.data.gov.uk/id/region/lewisham,E09000023,2005-08,414,monthly,190430,352657,284161,209800,170806,2005-08-01
Lewisham,http://landregistry.data.gov.uk/id/region/lewisham,E09000023,2005-09,467,monthly,192725,358677,288165,212840,172501,2005-09-01
Lewisham,http://landregistry.data.gov.uk/id/region/lewisham,E09000023,2005-10,418,monthly,194980,362290,290908,215453,174521,2005-10-01
Lewisham,http://landregistry.data.gov.uk/id/region/lewisham,E09000023,2005-11,441,monthly,194486,360121,290391,215171,173922,2005-11-01
Lewisham,http://landregistry.data.gov.uk/id/region/lewisham,E09000023,2005-12,492,monthly,193544,355655,287629,213693,173490,2005-12-01
Lewisham,http://landregistry.data.gov.uk/id/region/lewisham,E09000023,2006-01,348,monthly,194170,356840,288734,214585,173922,2006-01-01
Lewisham,http://landregistry.data.gov.uk/id/region/lewisham,E09000023,2006-02,375,monthly,195055,356511,289473,215322,174941,2006-02-01
Lewisham,http://landregistry.data.gov.uk/id/region/lewisham,E09000023,2006-03,426,monthly,193740,355776,288905,214588,173196,2006-03-01
Lewisham,http://landregistry.data.gov.uk/id/region/lewisham,E09000023,2006-04,402,monthly,193773,354994,288983,214662,173210,2006-04-01
Lewisham,http://landregistry.data.gov.uk/id/region/lewisham,E09000023,2006-05,451,monthly,196774,360799,293726,217960,175873,2006-05-01
Lewisham,http://landregistry.data.gov.uk/id/region/lewisham,E09000023,2006-06,610,monthly,201256,366648,300132,222843,179982,2006-06-01
Lewisham,http://landregistry.data.gov.uk/id/region/lewisham,E09000023,2006-07,641,monthly,206370,375982,308062,228934,184277,2006-07-01
Lewisham,http://landregistry.data.gov.uk/id/region/lewisham,E09000023,2006-08,598,monthly,207741,379439,310463,231179,185035,2006-08-01
Lewisham,http://landregistry.data.gov.uk/id/region/lewisham,E09000023,2006-09,531,monthly,209194,384690,313163,232596,186358,2006-09-01
Lewisham,http://landregistry.data.gov.uk/id/region/lewisham,E09000023,2006-10,526,monthly,208575,383753,311908,231691,185965,2006-10-01
Lewisham,http://landregistry.data.gov.uk/id/region/lewisham,E09000023,2006-11,506,monthly,209788,386120,314035,232970,187048,2006-11-01
Lewisham,http://landregistry.data.gov.uk/id/region/lewisham,E09000023,2006-12,515,monthly,211908,387920,316707,235624,188846,2006-12-01
Lewisham,http://landregistry.data.gov.uk/id/region/lewisham,E09000023,2007-01,511,monthly,215136,394428,321917,239458,191533,2007-01-01
Lewisham,http://landregistry.data.gov.uk/id/region/lewisham,E09000023,2007-02,408,monthly,218382,399132,326046,242420,194835,2007-02-01
Lewisham,http://landregistry.data.gov.uk/id/region/lewisham,E09000023,2007-03,479,monthly,220063,402800,328935,244688,196065,2007-03-01
Lewisham,http://landregistry.data.gov.uk/id/region/lewisham,E09000023,2007-04,433,monthly,222754,406013,332463,248046,198337,2007-04-01
Lewisham,http://landregistry.data.gov.uk/id/region/lewisham,E09000023,2007-05,475,monthly,225837,410136,336590,251908,200919,2007-05-01
Lewisham,http://landregistry.data.gov.uk/id/region/lewisham,E09000023,2007-06,602,monthly,226856,411344,337784,253042,201865,2007-06-01
Lewisham,http://landregistry.data.gov.uk/id/region/lewisham,E09000023,2007-07,636,monthly,230082,419652,343171,256593,204680,2007-07-01
Lewisham,http://landregistry.data.gov.uk/id/region/lewisham,E09000023,2007-08,628,monthly,232734,428094,348318,260398,206452,2007-08-01
Lewisham,http://landregistry.data.gov.uk/id/region/lewisham,E09000023,2007-09,491,monthly,237984,440288,357005,266308,210986,2007-09-01
Lewisham,http://landregistry.data.gov.uk/id/region/lewisham,E09000023,2007-10,504,monthly,240480,443437,359255,268617,213603,2007-10-01
Lewisham,http://landregistry.data.gov.uk/id/region/lewisham,E09000023,2007-11,484,monthly,242734,448146,362748,270652,215836,2007-11-01
Lewisham,http://landregistry.data.gov.uk/id/region/lewisham,E09000023,2007-12,368,monthly,242823,446825,361891,270378,216214,2007-12-01
Lewisham,http://landregistry.data.gov.uk/id/region/lewisham,E09000023,2008-01,294,monthly,241511,446439,360659,268861,214986,2008-01-01
Lewisham,http://landregistry.data.gov.uk/id/region/lewisham,E09000023,2008-02,296,monthly,241557,447095,361227,268988,214935,2008-02-01
Lewisham,http://landregistry.data.gov.uk/id/region/lewisham,E09000023,2008-03,264,monthly,240255,446631,360470,268209,213296,2008-03-01
Lewisham,http://landregistry.data.gov.uk/id/region/lewisham,E09000023,2008-04,229,monthly,238143,443628,357997,266868,210821,2008-04-01
Lewisham,http://landregistry.data.gov.uk/id/region/lewisham,E09000023,2008-05,292,monthly,235961,438695,354798,264716,208738,2008-05-01
Lewisham,http://landregistry.data.gov.uk/id/region/lewisham,E09000023,2008-06,224,monthly,234730,435420,352819,263291,207692,2008-06-01
Lewisham,http://landregistry.data.gov.uk/id/region/lewisham,E09000023,2008-07,199,monthly,233088,431102,350979,261126,206357,2008-07-01
Lewisham,http://landregistry.data.gov.uk/id/region/lewisham,E09000023,2008-08,200,monthly,232535,430359,350023,260370,205948,2008-08-01
Lewisham,http://landregistry.data.gov.uk/id/region/lewisham,E09000023,2008-09,154,monthly,230692,430866,346868,257782,204590,2008-09-01
Lewisham,http://landregistry.data.gov.uk/id/region/lewisham,E09000023,2008-10,159,monthly,224613,419830,336593,250302,199657,2008-10-01
Lewisham,http://landregistry.data.gov.uk/id/region/lewisham,E09000023,2008-11,140,monthly,215363,402507,322700,239878,191500,2008-11-01
Lewisham,http://landregistry.data.gov.uk/id/region/lewisham,E09000023,2008-12,115,monthly,206955,384463,310498,231099,183703,2008-12-01
Lewisham,http://landregistry.data.gov.uk/id/region/lewisham,E09000023,2009-01,110,monthly,204674,383351,307926,228547,181574,2009-01-01
Lewisham,http://landregistry.data.gov.uk/id/region/lewisham,E09000023,2009-02,80,monthly,207167,388587,311826,230791,184105,2009-02-01
Lewisham,http://landregistry.data.gov.uk/id/region/lewisham,E09000023,2009-03,117,monthly,208631,391729,313825,231779,185733,2009-03-01
Lewisham,http://landregistry.data.gov.uk/id/region/lewisham,E09000023,2009-04,115,monthly,212483,394360,319758,236117,189166,2009-04-01
Lewisham,http://landregistry.data.gov.uk/id/region/lewisham,E09000023,2009-05,143,monthly,206198,380578,310210,229668,183182,2009-05-01
Lewisham,http://landregistry.data.gov.uk/id/region/lewisham,E09000023,2009-06,133,monthly,207083,380774,311929,231337,183382,2009-06-01
Lewisham,http://landregistry.data.gov.uk/id/region/lewisham,E09000023,2009-07,213,monthly,206000,380985,311542,231353,181224,2009-07-01
Lewisham,http://landregistry.data.gov.uk/id/region/lewisham,E09000023,2009-08,245,monthly,210836,392421,319992,237726,184523,2009-08-01
Lewisham,http://landregistry.data.gov.uk/id/region/lewisham,E09000023,2009-09,207,monthly,213894,399162,325501,241661,186674,2009-09-01
Lewisham,http://landregistry.data.gov.uk/id/region/lewisham,E09000023,2009-10,230,monthly,218426,407710,332871,247040,190358,2009-10-01
Lewisham,http://landregistry.data.gov.uk/id/region/lewisham,E09000023,2009-11,205,monthly,219844,411883,335010,249247,191102,2009-11-01
Lewisham,http://landregistry.data.gov.uk/id/region/lewisham,E09000023,2009-12,298,monthly,220454,411572,336157,250459,191215,2009-12-01
Lewisham,http://landregistry.data.gov.uk/id/region/lewisham,E09000023,2010-01,155,monthly,221052,415753,338330,252170,190716,2010-01-01
Lewisham,http://landregistry.data.gov.uk/id/region/lewisham,E09000023,2010-02,194,monthly,223812,422125,344819,255910,192331,2010-02-01
Lewisham,http://landregistry.data.gov.uk/id/region/lewisham,E09000023,2010-03,231,monthly,228020,433785,351872,260275,195996,2010-03-01
Lewisham,http://landregistry.data.gov.uk/id/region/lewisham,E09000023,2010-04,194,monthly,226054,428763,348549,257404,194765,2010-04-01
Lewisham,http://landregistry.data.gov.uk/id/region/lewisham,E09000023,2010-05,212,monthly,226194,429544,347853,257012,195337,2010-05-01
Lewisham,http://landregistry.data.gov.uk/id/region/lewisham,E09000023,2010-06,233,monthly,223274,423961,344175,254588,192139,2010-06-01
Lewisham,http://landregistry.data.gov.uk/id/region/lewisham,E09000023,2010-07,285,monthly,225648,432336,348762,257930,193603,2010-07-01
Lewisham,http://landregistry.data.gov.uk/id/region/lewisham,E09000023,2010-08,261,monthly,228217,438919,354395,261354,195276,2010-08-01
Lewisham,http://landregistry.data.gov.uk/id/region/lewisham,E09000023,2010-09,284,monthly,229261,443614,356742,262676,195960,2010-09-01
Lewisham,http://landregistry.data.gov.uk/id/region/lewisham,E09000023,2010-10,266,monthly,226811,438223,353060,259640,194007,2010-10-01
Lewisham,http://landregistry.data.gov.uk/id/region/lewisham,E09000023,2010-11,226,monthly,225502,437277,350669,257489,193322,2010-11-01
Lewisham,http://landregistry.data.gov.uk/id/region/lewisham,E09000023,2010-12,242,monthly,223141,432825,347701,254594,191343,2010-12-01
Lewisham,http://landregistry.data.gov.uk/id/region/lewisham,E09000023,2011-01,179,monthly,226810,440105,353503,259020,194322,2011-01-01
Lewisham,http://landregistry.data.gov.uk/id/region/lewisham,E09000023,2011-02,148,monthly,227706,441033,354687,260097,195096,2011-02-01
Lewisham,http://landregistry.data.gov.uk/id/region/lewisham,E09000023,2011-03,216,monthly,226623,441196,352639,258706,194280,2011-03-01
Lewisham,http://landregistry.data.gov.uk/id/region/lewisham,E09000023,2011-04,221,monthly,227760,443387,354160,259642,195519,2011-04-01
Lewisham,http://landregistry.data.gov.uk/id/region/lewisham,E09000023,2011-05,184,monthly,223084,431666,345856,253906,191948,2011-05-01
Lewisham,http://landregistry.data.gov.uk/id/region/lewisham,E09000023,2011-06,265,monthly,223984,429101,346856,254869,192872,2011-06-01
Lewisham,http://landregistry.data.gov.uk/id/region/lewisham,E09000023,2011-07,271,monthly,223761,426483,345964,254464,192883,2011-07-01
Lewisham,http://landregistry.data.gov.uk/id/region/lewisham,E09000023,2011-08,282,monthly,231769,445298,360874,264856,198567,2011-08-01
Lewisham,http://landregistry.data.gov.uk/id/region/lewisham,E09000023,2011-09,315,monthly,234624,453768,366662,268908,200288,2011-09-01
Lewisham,http://landregistry.data.gov.uk/id/region/lewisham,E09000023,2011-10,248,monthly,233385,455469,366813,267989,198570,2011-10-01
Lewisham,http://landregistry.data.gov.uk/id/region/lewisham,E09000023,2011-11,268,monthly,227744,442490,357122,260899,194299,2011-11-01
Lewisham,http://landregistry.data.gov.uk/id/region/lewisham,E09000023,2011-12,243,monthly,228960,443461,358657,261497,195911,2011-12-01
Lewisham,http://landregistry.data.gov.uk/id/region/lewisham,E09000023,2012-01,225,monthly,231108,445992,362341,264226,197554,2012-01-01
Lewisham,http://landregistry.data.gov.uk/id/region/lewisham,E09000023,2012-02,209,monthly,233838,452626,367678,268429,199078,2012-02-01
Lewisham,http://landregistry.data.gov.uk/id/region/lewisham,E09000023,2012-03,365,monthly,233358,450043,366284,268362,198398,2012-03-01
Lewisham,http://landregistry.data.gov.uk/id/region/lewisham,E09000023,2012-04,208,monthly,231970,446121,362896,266657,197422,2012-04-01
Lewisham,http://landregistry.data.gov.uk/id/region/lewisham,E09000023,2012-05,221,monthly,237463,454493,370155,272168,202698,2012-05-01
Lewisham,http://landregistry.data.gov.uk/id/region/lewisham,E09000023,2012-06,354,monthly,240272,460535,374746,276340,204556,2012-06-01
Lewisham,http://landregistry.data.gov.uk/id/region/lewisham,E09000023,2012-07,317,monthly,243277,467256,380036,280594,206612,2012-07-01
Lewisham,http://landregistry.data.gov.uk/id/region/lewisham,E09000023,2012-08,316,monthly,243510,470258,381917,282241,205880,2012-08-01
Lewisham,http://landregistry.data.gov.uk/id/region/lewisham,E09000023,2012-09,276,monthly,248600,481675,390117,288281,210060,2012-09-01
Lewisham,http://landregistry.data.gov.uk/id/region/lewisham,E09000023,2012-10,268,monthly,250508,484148,392698,290307,211834,2012-10-01
Lewisham,http://landregistry.data.gov.uk/id/region/lewisham,E09000023,2012-11,317,monthly,247602,477390,387427,286605,209643,2012-11-01
Lewisham,http://landregistry.data.gov.uk/id/region/lewisham,E09000023,2012-12,253,monthly,245358,473829,384546,283858,207746,2012-12-01
Lewisham,http://landregistry.data.gov.uk/id/region/lewisham,E09000023,2013-01,249,monthly,242540,469746,381765,280911,205007,2013-01-01
Lewisham,http://landregistry.data.gov.uk/id/region/lewisham,E09000023,2013-02,212,monthly,244550,474717,385427,283238,206609,2013-02-01
Lewisham,http://landregistry.data.gov.uk/id/region/lewisham,E09000023,2013-03,257,monthly,245291,476737,386561,283336,207530,2013-03-01
Lewisham,http://landregistry.data.gov.uk/id/region/lewisham,E09000023,2013-04,259,monthly,251256,487730,394272,289689,212962,2013-04-01
Lewisham,http://landregistry.data.gov.uk/id/region/lewisham,E09000023,2013-05,317,monthly,253145,489678,397048,291531,214752,2013-05-01
Lewisham,http://landregistry.data.gov.uk/id/region/lewisham,E09000023,2013-06,384,monthly,257016,495532,403394,297089,217554,2013-06-01
Lewisham,http://landregistry.data.gov.uk/id/region/lewisham,E09000023,2013-07,406,monthly,258118,497146,405419,298917,218226,2013-07-01
Lewisham,http://landregistry.data.gov.uk/id/region/lewisham,E09000023,2013-08,387,monthly,264742,511202,416550,307157,223496,2013-08-01
Lewisham,http://landregistry.data.gov.uk/id/region/lewisham,E09000023,2013-09,408,monthly,270976,525494,426355,314109,228850,2013-09-01
Lewisham,http://landregistry.data.gov.uk/id/region/lewisham,E09000023,2013-10,455,monthly,277733,541017,437471,321436,234702,2013-10-01
Lewisham,http://landregistry.data.gov.uk/id/region/lewisham,E09000023,2013-11,462,monthly,280693,547202,441697,324324,237469,2013-11-01
Lewisham,http://landregistry.data.gov.uk/id/region/lewisham,E09000023,2013-12,422,monthly,283721,549976,446045,327802,240120,2013-12-01
Lewisham,http://landregistry.data.gov.uk/id/region/lewisham,E09000023,2014-01,352,monthly,289574,561323,455621,334842,244920,2014-01-01
Lewisham,http://landregistry.data.gov.uk/id/region/lewisham,E09000023,2014-02,363,monthly,292585,568668,460263,338702,247297,2014-02-01
Lewisham,http://landregistry.data.gov.uk/id/region/lewisham,E09000023,2014-03,364,monthly,296958,578965,467063,343247,251144,2014-03-01
Lewisham,http://landregistry.data.gov.uk/id/region/lewisham,E09000023,2014-04,373,monthly,301437,585962,473426,348896,254836,2014-04-01
Lewisham,http://landregistry.data.gov.uk/id/region/lewisham,E09000023,2014-05,378,monthly,312790,605131,490931,362326,264391,2014-05-01
Lewisham,http://landregistry.data.gov.uk/id/region/lewisham,E09000023,2014-06,360,monthly,316671,612736,497681,367644,267338,2014-06-01
Lewisham,http://landregistry.data.gov.uk/id/region/lewisham,E09000023,2014-07,481,monthly,321964,624828,507127,374289,271535,2014-07-01
Lewisham,http://landregistry.data.gov.uk/id/region/lewisham,E09000023,2014-08,429,monthly,327108,638588,517215,381325,275331,2014-08-01
Lewisham,http://landregistry.data.gov.uk/id/region/lewisham,E09000023,2014-09,366,monthly,332222,649865,525668,387888,279387,2014-09-01
Lewisham,http://landregistry.data.gov.uk/id/region/lewisham,E09000023,2014-10,433,monthly,331337,649027,524353,386492,278753,2014-10-01
Lewisham,http://landregistry.data.gov.uk/id/region/lewisham,E09000023,2014-11,344,monthly,331716,649475,524352,386588,279234,2014-11-01
Lewisham,http://landregistry.data.gov.uk/id/region/lewisham,E09000023,2014-12,369,monthly,335389,655745,528849,389904,282758,2014-12-01
Lewisham,http://landregistry.data.gov.uk/id/region/lewisham,E09000023,2015-01,289,monthly,340347,664909,536733,395226,287094,2015-01-01
Lewisham,http://landregistry.data.gov.uk/id/region/lewisham,E09000023,2015-02,261,monthly,343255,669933,541047,397325,290040,2015-02-01
Lewisham,http://landregistry.data.gov.uk/id/region/lewisham,E09000023,2015-03,371,monthly,340786,665852,537545,393693,288263,2015-03-01
Lewisham,http://landregistry.data.gov.uk/id/region/lewisham,E09000023,2015-04,315,monthly,341075,667109,537513,394701,288245,2015-04-01
Lewisham,http://landregistry.data.gov.uk/id/region/lewisham,E09000023,2015-05,386,monthly,343797,671966,541703,397977,290505,2015-05-01
Lewisham,http://landregistry.data.gov.uk/id/region/lewisham,E09000023,2015-06,480,monthly,349762,685105,553085,406953,294495,2015-06-01
Lewisham,http://landregistry.data.gov.uk/id/region/lewisham,E09000023,2015-07,421,monthly,357304,699358,565690,415702,300814,2015-07-01
Lewisham,http://landregistry.data.gov.uk/id/region/lewisham,E09000023,2015-08,364,monthly,360026,706402,570314,420145,302516,2015-08-01
Lewisham,http://landregistry.data.gov.uk/id/region/lewisham,E09000023,2015-09,407,monthly,368741,724998,583421,429912,310039,2015-09-01
Lewisham,http://landregistry.data.gov.uk/id/region/lewisham,E09000023,2015-10,445,monthly,370544,730244,586384,432550,311297,2015-10-01
Lewisham,http://landregistry.data.gov.uk/id/region/lewisham,E09000023,2015-11,320,monthly,370217,730125,586488,432007,311039,2015-11-01
Lewisham,http://landregistry.data.gov.uk/id/region/lewisham,E09000023,2015-12,343,monthly,374745,740881,594674,437134,314813,2015-12-01
Lewisham,http://landregistry.data.gov.uk/id/region/lewisham,E09000023,2016-01,283,monthly,384975,761910,613341,448890,323299,2016-01-01
Lewisham,http://landregistry.data.gov.uk/id/region/lewisham,E09000023,2016-02,313,monthly,396968,787527,632969,462544,333449,2016-02-01
Lewisham,http://landregistry.data.gov.uk/id/region/lewisham,E09000023,2016-03,639,monthly,399893,791636,636280,465505,336216,2016-03-01
Lewisham,http://landregistry.data.gov.uk/id/region/lewisham,E09000023,2016-04,246,monthly,400772,793133,635149,466238,337261,2016-04-01
Lewisham,http://landregistry.data.gov.uk/id/region/lewisham,E09000023,2016-05,263,monthly,404005,793576,636466,468959,340782,2016-05-01
Lewisham,http://landregistry.data.gov.uk/id/region/lewisham,E09000023,2016-06,431,monthly,404974,795936,636695,469529,341924,2016-06-01
Lewisham,http://landregistry.data.gov.uk/id/region/lewisham,E09000023,2016-07,339,monthly,410646,806098,645306,475773,346891,2016-07-01
Lewisham,http://landregistry.data.gov.uk/id/region/lewisham,E09000023,2016-08,303,monthly,409738,807897,645215,474703,345985,2016-08-01
Lewisham,http://landregistry.data.gov.uk/id/region/lewisham,E09000023,2016-09,264,monthly,411194,810428,649316,476343,347108,2016-09-01
Lewisham,http://landregistry.data.gov.uk/id/region/lewisham,E09000023,2016-10,268,monthly,406336,800792,641117,469155,343718,2016-10-01
Lewisham,http://landregistry.data.gov.uk/id/region/lewisham,E09000023,2016-11,350,monthly,403531,797317,636541,464602,341899,2016-11-01
Lewisham,http://landregistry.data.gov.uk/id/region/lewisham,E09000023,2016-12,305,monthly,398752,788654,627550,457670,338564,2016-12-01
Lewisham,http://landregistry.data.gov.uk/id/region/lewisham,E09000023,2017-01,234,monthly,401025,792825,630214,460054,340663,2017-01-01
Lewisham,http://landregistry.data.gov.uk/id/region/lewisham,E09000023,2017-02,248,monthly,403609,791864,631602,461856,343538,2017-02-01
Lewisham,http://landregistry.data.gov.uk/id/region/lewisham,E09000023,2017-03,245,monthly,411087,803916,642467,469309,350403,2017-03-01
Lewisham,http://landregistry.data.gov.uk/id/region/lewisham,E09000023,2017-04,262,monthly,406509,793527,634174,462857,347066,2017-04-01
Lewisham,http://landregistry.data.gov.uk/id/region/lewisham,E09000023,2017-05,315,monthly,407047,792102,634811,462548,347926,2017-05-01
Lewisham,http://landregistry.data.gov.uk/id/region/lewisham,E09000023,2017-06,475,monthly,405194,784179,630335,460670,346402,2017-06-01
Lewisham,http://landregistry.data.gov.uk/id/region/lewisham,E09000023,2017-07,304,monthly,414254,798147,645059,471367,353985,2017-07-01
Lewisham,http://landregistry.data.gov.uk/id/region/lewisham,E09000023,2017-08,294,monthly,417811,804860,652559,477926,355911,2017-08-01
Lewisham,http://landregistry.data.gov.uk/id/region/lewisham,E09000023,2017-09,252,monthly,423063,818636,662584,484652,359947,2017-09-01
Lewisham,http://landregistry.data.gov.uk/id/region/lewisham,E09000023,2017-10,259,monthly,417796,812069,656461,479427,354976,2017-10-01
Lewisham,http://landregistry.data.gov.uk/id/region/lewisham,E09000023,2017-11,244,monthly,416508,810753,655267,477686,353916,2017-11-01
Lewisham,http://landregistry.data.gov.uk/id/region/lewisham,E09000023,2017-12,308,monthly,408684,793812,643852,469971,346741,2017-12-01
Lewisham,http://landregistry.data.gov.uk/id/region/lewisham,E09000023,2018-01,260,monthly,407246,790933,641328,468138,345608,2018-01-01
Lewisham,http://landregistry.data.gov.uk/id/region/lewisham,E09000023,2018-02,197,monthly,405431,791295,638626,466120,343997,2018-02-01
Lewisham,http://landregistry.data.gov.uk/id/region/lewisham,E09000023,2018-03,285,monthly,406499,796156,641549,467540,344751,2018-03-01
Lewisham,http://landregistry.data.gov.uk/id/region/lewisham,E09000023,2018-04,234,monthly,409634,804140,648681,473665,346348,2018-04-01
Lewisham,http://landregistry.data.gov.uk/id/region/lewisham,E09000023,2018-05,246,monthly,414544,816718,660278,481543,349427,2018-05-01
Lewisham,http://landregistry.data.gov.uk/id/region/lewisham,E09000023,2018-06,352,monthly,417444,823846,667550,485465,351480,2018-06-01
Lewisham,http://landregistry.data.gov.uk/id/region/lewisham,E09000023,2018-07,268,monthly,413641,819039,662186,481296,348119,2018-07-01
Lewisham,http://landregistry.data.gov.uk/id/region/lewisham,E09000023,2018-08,329,monthly,409974,811261,655425,477339,344988,2018-08-01
Lewisham,http://landregistry.data.gov.uk/id/region/lewisham,E09000023,2018-09,223,monthly,409821,811602,654794,477132,344891,2018-09-01
Lewisham,http://landregistry.data.gov.uk/id/region/lewisham,E09000023,2018-10,361,monthly,417814,825362,665819,485322,352147,2018-10-01
Lewisham,http://landregistry.data.gov.uk/id/region/lewisham,E09000023,2018-11,357,monthly,416374,826600,665691,484464,350466,2018-11-01
Lewisham,http://landregistry.data.gov.uk/id/region/lewisham,E09000023,2018-12,234,monthly,409937,813898,655349,477236,344960,2018-12-01
Lewisham,http://landregistry.data.gov.uk/id/region/lewisham,E09000023,2019-01,192,monthly,402343,801768,644958,468648,338335,2019-01-01
Lewisham,http://landregistry.data.gov.uk/id/region/lewisham,E09000023,2019-02,201,monthly,398589,793437,637730,463113,335651,2019-02-01
Lewisham,http://landregistry.data.gov.uk/id/region/lewisham,E09000023,2019-03,255,monthly,401465,800356,643876,467560,337448,2019-03-01
Lewisham,http://landregistry.data.gov.uk/id/region/lewisham,E09000023,2019-04,215,monthly,400899,796025,642442,467804,336641,2019-04-01
Lewisham,http://landregistry.data.gov.uk/id/region/lewisham,E09000023,2019-05,251,monthly,403869,800158,648125,472731,338431,2019-05-01
Lewisham,http://landregistry.data.gov.uk/id/region/lewisham,E09000023,2019-06,240,monthly,404782,801109,649420,474024,339118,2019-06-01
Lewisham,http://landregistry.data.gov.uk/id/region/lewisham,E09000023,2019-07,309,monthly,410364,810516,657834,480422,343915,2019-07-01
Lewisham,http://landregistry.data.gov.uk/id/region/lewisham,E09000023,2019-08,334,monthly,416485,825439,668970,488739,348414,2019-08-01
Lewisham,http://landregistry.data.gov.uk/id/region/lewisham,E09000023,2019-09,290,monthly,419012,830595,671555,491920,350554,2019-09-01
Lewisham,http://landregistry.data.gov.uk/id/region/lewisham,E09000023,2019-10,276,monthly,419481,836505,676718,493796,349962,2019-10-01
Lewisham,http://landregistry.data.gov.uk/id/region/lewisham,E09000023,2019-11,290,monthly,413106,825787,667861,485949,344661,2019-11-01
Lewisham,http://landregistry.data.gov.uk/id/region/lewisham,E09000023,2019-12,227,monthly,413131,826775,669952,487013,344054,2019-12-01
Lewisham,http://landregistry.data.gov.uk/id/region/lewisham,E09000023,2020-01,230,monthly,409732,819723,664179,483728,340935,2020-01-01
Lewisham,http://landregistry.data.gov.uk/id/region/lewisham,E09000023,2020-02,231,monthly,412802,826753,670713,489447,342438,2020-02-01
Lewisham,http://landregistry.data.gov.uk/id/region/lewisham,E09000023,2020-03,240,monthly,412814,828738,672707,490276,341911,2020-03-01
Lewisham,http://landregistry.data.gov.uk/id/region/lewisham,E09000023,2020-04,117,monthly,413684,834044,674324,492580,342021,2020-04-01
Lewisham,http://landregistry.data.gov.uk/id/region/lewisham,E09000023,2020-05,131,monthly,418433,840755,680500,495976,347084,2020-05-01
Lewisham,http://landregistry.data.gov.uk/id/region/lewisham,E09000023,2020-06,174,monthly,423192,849807,688872,502552,350582,2020-06-01
Lewisham,http://landregistry.data.gov.uk/id/region/lewisham,E09000023,2020-07,219,monthly,420800,842200,685366,499937,348506,2020-07-01
Lewisham,http://landregistry.data.gov.uk/id/region/lewisham,E09000023,2020-08,237,monthly,420027,844683,687922,502289,346114,2020-08-01
Lewisham,http://landregistry.data.gov.uk/id/region/lewisham,E09000023,2020-09,274,monthly,425634,860153,700348,510464,349811,2020-09-01
Lewisham,http://landregistry.data.gov.uk/id/region/lewisham,E09000023,2020-10,276,monthly,433780,882742,716501,522042,355454,2020-10-01
Lewisham,http://landregistry.data.gov.uk/id/region/lewisham,E09000023,2020-11,303,monthly,438835,893787,723638,528648,359456,2020-11-01
Lewisham,http://landregistry.data.gov.uk/id/region/lewisham,E09000023,2020-12,372,monthly,437992,892872,721611,528901,358268,2020-12-01
Lewisham,http://landregistry.data.gov.uk/id/region/lewisham,E09000023,2021-01,273,monthly,440707,888826,721949,530123,361793,2021-01-01
Lewisham,http://landregistry.data.gov.uk/id/region/lewisham,E09000023,2021-02,348,monthly,441061,880421,718930,529202,363055,2021-02-01
Lewisham,http://landregistry.data.gov.uk/id/region/lewisham,E09000023,2021-03,583,monthly,441171,867719,713095,526587,364916,2021-03-01
Lewisham,http://landregistry.data.gov.uk/id/region/lewisham,E09000023,2021-04,334,monthly,436140,857231,704290,521011,360633,2021-04-01
Lewisham,http://landregistry.data.gov.uk/id/region/lewisham,E09000023,2021-05,250,monthly,427807,841968,690694,510952,353783,2021-05-01
Lewisham,http://landregistry.data.gov.uk/id/region/lewisham,E09000023,2021-06,832,monthly,426874,838744,688494,512489,352003,2021-06-01
Lewisham,http://landregistry.data.gov.uk/id/region/lewisham,E09000023,2021-07,121,monthly,418161,824058,674565,499045,346022,2021-07-01
Lewisham,http://landregistry.data.gov.uk/id/region/lewisham,E09000023,2021-08,224,monthly,421627,841376,686281,504298,347903,2021-08-01
Lewisham,http://landregistry.data.gov.uk/id/region/lewisham,E09000023,2021-09,452,monthly,418316,842922,685575,499840,344953,2021-09-01
Lewisham,http://landregistry.data.gov.uk/id/region/lewisham,E09000023,2021-10,184,monthly,429490,878735,711120,517350,351812,2021-10-01
Lewisham,http://landregistry.data.gov.uk/id/region/lewisham,E09000023,2021-11,232,monthly,428979,877515,710428,517114,351232,2021-11-01
Lewisham,http://landregistry.data.gov.uk/id/region/lewisham,E09000023,2021-12,282,monthly,426090,880720,709403,514508,348164,2021-12-01
Lewisham,http://landregistry.data.gov.uk/id/region/lewisham,E09000023,2022-01,210,monthly,427690,880284,713391,518426,348627,2022-01-01
Lewisham,http://landregistry.data.gov.uk/id/region/lewisham,E09000023,2022-02,211,monthly,430860,884488,718132,522517,351395,2022-02-01
Lewisham,http://landregistry.data.gov.uk/id/region/lewisham,E09000023,2022-03,294,monthly,434729,893320,726951,528094,353940,2022-03-01
Lewisham,http://landregistry.data.gov.uk/id/region/lewisham,E09000023,2022-04,280,monthly,432016,887166,720954,526034,351227,2022-04-01
Lewisham,http://landregistry.data.gov.uk/id/region/lewisham,E09000023,2022-05,255,monthly,432436,890387,724549,528946,350012,2022-05-01
Lewisham,http://landregistry.data.gov.uk/id/region/lewisham,E09000023,2022-06,261,monthly,440339,903085,735950,539154,356346,2022-06-01
Lewisham,http://landregistry.data.gov.uk/id/region/lewisham,E09000023,2022-07,357,monthly,449766,920373,753208,551348,363535,2022-07-01
Lewisham,http://landregistry.data.gov.uk/id/region/lewisham,E09000023,2022-08,350,monthly,459068,938802,769829,564325,370161,2022-08-01
Lewisham,http://landregistry.data.gov.uk/id/region/lewisham,E09000023,2022-09,302,monthly,454457,932205,765150,560392,365236,2022-09-01
Lewisham,http://landregistry.data.gov.uk/id/region/lewisham,E09000023,2022-10,304,monthly,450260,925943,758583,556253,361252,2022-10-01
Lewisham,http://landregistry.data.gov.uk/id/region/lewisham,E09000023,2022-11,314,monthly,451699,931018,761591,558896,361883,2022-11-01
Lewisham,http://landregistry.data.gov.uk/id/region/lewisham,E09000023,2022-12,270,monthly,459247,946095,774464,568622,367729,2022-12-01
Lewisham,http://landregistry.data.gov.uk/id/region/lewisham,E09000023,2023-01,172,monthly,452649,934753,765601,560322,362278,2023-01-01
Lewisham,http://landregistry.data.gov.uk/id/region/lewisham,E09000023,2023-02,192,monthly,446883,924461,756204,551560,358382,2023-02-01
Lewisham,http://landregistry.data.gov.uk/id/region/lewisham,E09000023,2023-03,188,monthly,436896,908307,740807,537196,351105,2023-03-01
Lewisham,http://landregistry.data.gov.uk/id/region/lewisham,E09000023,2023-04,148,monthly,443831,921247,751498,544209,357469,2023-04-01
Lewisham,http://landregistry.data.gov.uk/id/region/lewisham,E09000023,2023-05,131,monthly,435822,897641,735479,532943,351997,2023-05-01
Lewisham,http://landregistry.data.gov.uk/id/region/lewisham,E09000023,2023-06,172,monthly,438630,898732,737798,536781,354385,2023-06-01
Lewisham,http://landregistry.data.gov.uk/id/region/lewisham,E09000023,2023-07,226,monthly,441178,903863,743381,541570,355583,2023-07-01
Lewisham,http://landregistry.data.gov.uk/id/region/lewisham,E09000023,2023-08,220,monthly,448132,923484,758128,552675,359686,2023-08-01
Lewisham,http://landregistry.data.gov.uk/id/region/lewisham,E09000023,2023-09,240,monthly,454712,940138,771655,562446,363967,2023-09-01
Lewisham,http://landregistry.data.gov.uk/id/region/lewisham,E09000023,2023-10,199,monthly,449217,927167,762093,554507,360116,2023-10-01
Lewisham,http://landregistry.data.gov.uk/id/region/lewisham,E09000023,2023-11,174,monthly,440002,908843,747130,541685,353291,2023-11-01
Lewisham,http://landregistry.data.gov.uk/id/region/lewisham,E09000023,2023-12,192,monthly,435158,895008,739244,534624,349902,2023-12-01
Lewisham,http://landregistry.data.gov.uk/id/region/lewisham,E09000023,2024-01,111,monthly,432458,889427,733861,532277,347380,2024-01-01
Lewisham,http://landregistry.data.gov.uk/id/region/lewisham,E09000023,2024-02,66,monthly,426743,874651,722074,523488,343773,2024-02-01
Lewisham,http://landregistry.data.gov.uk/id/region/lewisham,E09000023,2024-03,,monthly,426810,871957,718248,520400,345604,2024-03-01
Lewisham,http://landregistry.data.gov.uk/id/region/lewisham,E09000023,2024-04,,monthly,425774,864803,716276,517374,345621,2024-04-01
