"Name","URI","Region GSS code","Period","Sales volume","Reporting period","Average price All property types","Average price Detached houses","Average price Semi-detached houses","Average price Terraced houses","Average price Flats and maisonettes","Pivotable date"
Manchester,http://landregistry.data.gov.uk/id/region/manchester,E08000003,2004-01,862,monthly,78712,137102,91864,68011,78724,2004-01-01
Manchester,http://landregistry.data.gov.uk/id/region/manchester,E08000003,2004-02,888,monthly,77705,134725,90531,67238,77631,2004-02-01
Manchester,http://landregistry.data.gov.uk/id/region/manchester,E08000003,2004-03,1194,monthly,77111,133931,89621,66743,76922,2004-03-01
Manchester,http://landregistry.data.gov.uk/id/region/manchester,E08000003,2004-04,1285,monthly,78662,134767,91267,68360,78271,2004-04-01
Manchester,http://landregistry.data.gov.uk/id/region/manchester,E08000003,2004-05,1033,monthly,82566,139771,95393,72116,81978,2004-05-01
Manchester,http://landregistry.data.gov.uk/id/region/manchester,E08000003,2004-06,1252,monthly,86415,144918,99734,75642,85707,2004-06-01
Manchester,http://landregistry.data.gov.uk/id/region/manchester,E08000003,2004-07,1241,monthly,90834,152076,105136,79775,89507,2004-07-01
Manchester,http://landregistry.data.gov.uk/id/region/manchester,E08000003,2004-08,1165,monthly,93824,157362,108816,82530,92087,2004-08-01
Manchester,http://landregistry.data.gov.uk/id/region/manchester,E08000003,2004-09,1055,monthly,96240,161909,111872,84965,93775,2004-09-01
Manchester,http://landregistry.data.gov.uk/id/region/manchester,E08000003,2004-10,979,monthly,95370,160462,110418,84054,93435,2004-10-01
Manchester,http://landregistry.data.gov.uk/id/region/manchester,E08000003,2004-11,1018,monthly,95369,160003,110178,84059,93616,2004-11-01
Manchester,http://landregistry.data.gov.uk/id/region/manchester,E08000003,2004-12,966,monthly,94943,158238,109340,83636,93575,2004-12-01
Manchester,http://landregistry.data.gov.uk/id/region/manchester,E08000003,2005-01,766,monthly,93079,154844,106818,81970,92046,2005-01-01
Manchester,http://landregistry.data.gov.uk/id/region/manchester,E08000003,2005-02,695,monthly,93156,154816,106963,81929,92284,2005-02-01
Manchester,http://landregistry.data.gov.uk/id/region/manchester,E08000003,2005-03,868,monthly,93972,156382,107953,82599,93136,2005-03-01
Manchester,http://landregistry.data.gov.uk/id/region/manchester,E08000003,2005-04,953,monthly,96994,160818,111628,85446,95819,2005-04-01
Manchester,http://landregistry.data.gov.uk/id/region/manchester,E08000003,2005-05,917,monthly,100861,167342,115945,89079,99439,2005-05-01
Manchester,http://landregistry.data.gov.uk/id/region/manchester,E08000003,2005-06,980,monthly,104824,172443,120210,92999,103088,2005-06-01
Manchester,http://landregistry.data.gov.uk/id/region/manchester,E08000003,2005-07,939,monthly,109262,179692,125564,97183,107020,2005-07-01
Manchester,http://landregistry.data.gov.uk/id/region/manchester,E08000003,2005-08,960,monthly,111767,183850,128451,99728,109094,2005-08-01
Manchester,http://landregistry.data.gov.uk/id/region/manchester,E08000003,2005-09,1124,monthly,111799,184734,128815,99972,108651,2005-09-01
Manchester,http://landregistry.data.gov.uk/id/region/manchester,E08000003,2005-10,937,monthly,112531,185840,129266,100736,109455,2005-10-01
Manchester,http://landregistry.data.gov.uk/id/region/manchester,E08000003,2005-11,834,monthly,112591,185558,129396,100867,109412,2005-11-01
Manchester,http://landregistry.data.gov.uk/id/region/manchester,E08000003,2005-12,1116,monthly,114236,187092,130713,102299,111436,2005-12-01
Manchester,http://landregistry.data.gov.uk/id/region/manchester,E08000003,2006-01,758,monthly,115012,188373,131460,103133,112110,2006-01-01
Manchester,http://landregistry.data.gov.uk/id/region/manchester,E08000003,2006-02,835,monthly,116625,190209,132821,104511,114040,2006-02-01
Manchester,http://landregistry.data.gov.uk/id/region/manchester,E08000003,2006-03,1187,monthly,116567,191423,133230,104625,113478,2006-03-01
Manchester,http://landregistry.data.gov.uk/id/region/manchester,E08000003,2006-04,1022,monthly,117816,192919,134686,105876,114575,2006-04-01
Manchester,http://landregistry.data.gov.uk/id/region/manchester,E08000003,2006-05,1054,monthly,119018,194981,136336,107108,115443,2006-05-01
Manchester,http://landregistry.data.gov.uk/id/region/manchester,E08000003,2006-06,1364,monthly,121620,198086,139296,109664,117822,2006-06-01
Manchester,http://landregistry.data.gov.uk/id/region/manchester,E08000003,2006-07,1128,monthly,123448,200928,141538,111708,119138,2006-07-01
Manchester,http://landregistry.data.gov.uk/id/region/manchester,E08000003,2006-08,1072,monthly,124674,202989,143193,113254,119762,2006-08-01
Manchester,http://landregistry.data.gov.uk/id/region/manchester,E08000003,2006-09,1155,monthly,127848,208843,146959,116147,122707,2006-09-01
Manchester,http://landregistry.data.gov.uk/id/region/manchester,E08000003,2006-10,1124,monthly,128802,210740,148081,116895,123707,2006-10-01
Manchester,http://landregistry.data.gov.uk/id/region/manchester,E08000003,2006-11,1231,monthly,130572,213829,150244,118538,125297,2006-11-01
Manchester,http://landregistry.data.gov.uk/id/region/manchester,E08000003,2006-12,1373,monthly,129927,211971,149330,118237,124531,2006-12-01
Manchester,http://landregistry.data.gov.uk/id/region/manchester,E08000003,2007-01,895,monthly,129773,211615,149228,118276,124175,2007-01-01
Manchester,http://landregistry.data.gov.uk/id/region/manchester,E08000003,2007-02,979,monthly,132008,214907,151543,120087,126699,2007-02-01
Manchester,http://landregistry.data.gov.uk/id/region/manchester,E08000003,2007-03,1093,monthly,129663,211521,149023,118110,124181,2007-03-01
Manchester,http://landregistry.data.gov.uk/id/region/manchester,E08000003,2007-04,995,monthly,131606,213976,151063,120139,125912,2007-04-01
Manchester,http://landregistry.data.gov.uk/id/region/manchester,E08000003,2007-05,1037,monthly,130931,211956,149989,119833,125146,2007-05-01
Manchester,http://landregistry.data.gov.uk/id/region/manchester,E08000003,2007-06,1296,monthly,135883,219615,155503,124503,129837,2007-06-01
Manchester,http://landregistry.data.gov.uk/id/region/manchester,E08000003,2007-07,1094,monthly,138641,224393,158650,126985,132509,2007-07-01
Manchester,http://landregistry.data.gov.uk/id/region/manchester,E08000003,2007-08,1129,monthly,140431,228555,161198,129049,133477,2007-08-01
Manchester,http://landregistry.data.gov.uk/id/region/manchester,E08000003,2007-09,965,monthly,139906,228283,160842,128576,132816,2007-09-01
Manchester,http://landregistry.data.gov.uk/id/region/manchester,E08000003,2007-10,899,monthly,137060,224212,157416,125902,130222,2007-10-01
Manchester,http://landregistry.data.gov.uk/id/region/manchester,E08000003,2007-11,1020,monthly,136238,223336,156543,124856,129674,2007-11-01
Manchester,http://landregistry.data.gov.uk/id/region/manchester,E08000003,2007-12,798,monthly,138012,226243,158361,126351,131606,2007-12-01
Manchester,http://landregistry.data.gov.uk/id/region/manchester,E08000003,2008-01,623,monthly,139138,228416,159678,127402,132630,2008-01-01
Manchester,http://landregistry.data.gov.uk/id/region/manchester,E08000003,2008-02,627,monthly,138442,227607,158695,126695,132113,2008-02-01
Manchester,http://landregistry.data.gov.uk/id/region/manchester,E08000003,2008-03,576,monthly,134277,222001,154264,122857,127909,2008-03-01
Manchester,http://landregistry.data.gov.uk/id/region/manchester,E08000003,2008-04,565,monthly,133220,221010,153192,122058,126596,2008-04-01
Manchester,http://landregistry.data.gov.uk/id/region/manchester,E08000003,2008-05,494,monthly,132518,219049,152430,121466,125885,2008-05-01
Manchester,http://landregistry.data.gov.uk/id/region/manchester,E08000003,2008-06,457,monthly,133645,219510,153540,122583,127031,2008-06-01
Manchester,http://landregistry.data.gov.uk/id/region/manchester,E08000003,2008-07,565,monthly,133188,217736,153410,121922,126700,2008-07-01
Manchester,http://landregistry.data.gov.uk/id/region/manchester,E08000003,2008-08,381,monthly,131761,215202,151901,120741,125137,2008-08-01
Manchester,http://landregistry.data.gov.uk/id/region/manchester,E08000003,2008-09,387,monthly,128352,211222,147917,117442,122052,2008-09-01
Manchester,http://landregistry.data.gov.uk/id/region/manchester,E08000003,2008-10,350,monthly,125521,206994,144449,114660,119670,2008-10-01
Manchester,http://landregistry.data.gov.uk/id/region/manchester,E08000003,2008-11,359,monthly,123439,204096,142132,112489,117920,2008-11-01
Manchester,http://landregistry.data.gov.uk/id/region/manchester,E08000003,2008-12,382,monthly,120581,198776,139188,110148,114732,2008-12-01
Manchester,http://landregistry.data.gov.uk/id/region/manchester,E08000003,2009-01,223,monthly,116549,193092,134555,106409,110903,2009-01-01
Manchester,http://landregistry.data.gov.uk/id/region/manchester,E08000003,2009-02,203,monthly,113432,188055,130798,103279,108368,2009-02-01
Manchester,http://landregistry.data.gov.uk/id/region/manchester,E08000003,2009-03,319,monthly,111679,185079,128371,101144,107580,2009-03-01
Manchester,http://landregistry.data.gov.uk/id/region/manchester,E08000003,2009-04,276,monthly,112403,185019,129235,101661,108509,2009-04-01
Manchester,http://landregistry.data.gov.uk/id/region/manchester,E08000003,2009-05,340,monthly,113405,186348,130448,102781,109212,2009-05-01
Manchester,http://landregistry.data.gov.uk/id/region/manchester,E08000003,2009-06,421,monthly,116478,191545,134265,105914,111569,2009-06-01
Manchester,http://landregistry.data.gov.uk/id/region/manchester,E08000003,2009-07,425,monthly,118778,195871,137364,108546,112812,2009-07-01
Manchester,http://landregistry.data.gov.uk/id/region/manchester,E08000003,2009-08,432,monthly,119543,197778,138703,109633,112745,2009-08-01
Manchester,http://landregistry.data.gov.uk/id/region/manchester,E08000003,2009-09,465,monthly,120342,199320,139962,110449,113163,2009-09-01
Manchester,http://landregistry.data.gov.uk/id/region/manchester,E08000003,2009-10,422,monthly,119132,197772,138859,109305,111828,2009-10-01
Manchester,http://landregistry.data.gov.uk/id/region/manchester,E08000003,2009-11,469,monthly,119080,198431,138734,109487,111513,2009-11-01
Manchester,http://landregistry.data.gov.uk/id/region/manchester,E08000003,2009-12,571,monthly,120581,200537,140710,111382,112231,2009-12-01
Manchester,http://landregistry.data.gov.uk/id/region/manchester,E08000003,2010-01,291,monthly,119795,200048,140183,110988,110823,2010-01-01
Manchester,http://landregistry.data.gov.uk/id/region/manchester,E08000003,2010-02,352,monthly,119373,199571,140318,110585,110012,2010-02-01
Manchester,http://landregistry.data.gov.uk/id/region/manchester,E08000003,2010-03,486,monthly,116439,195656,136863,107257,107865,2010-03-01
Manchester,http://landregistry.data.gov.uk/id/region/manchester,E08000003,2010-04,368,monthly,119570,200209,140371,109928,111135,2010-04-01
Manchester,http://landregistry.data.gov.uk/id/region/manchester,E08000003,2010-05,454,monthly,120923,202499,141681,111009,112734,2010-05-01
Manchester,http://landregistry.data.gov.uk/id/region/manchester,E08000003,2010-06,427,monthly,122361,204784,143591,112740,113512,2010-06-01
Manchester,http://landregistry.data.gov.uk/id/region/manchester,E08000003,2010-07,504,monthly,120447,202823,141486,111205,111336,2010-07-01
Manchester,http://landregistry.data.gov.uk/id/region/manchester,E08000003,2010-08,429,monthly,121781,205599,143609,112487,112137,2010-08-01
Manchester,http://landregistry.data.gov.uk/id/region/manchester,E08000003,2010-09,457,monthly,121385,205968,143248,112019,111748,2010-09-01
Manchester,http://landregistry.data.gov.uk/id/region/manchester,E08000003,2010-10,435,monthly,123251,209097,145441,113498,113724,2010-10-01
Manchester,http://landregistry.data.gov.uk/id/region/manchester,E08000003,2010-11,388,monthly,120295,204721,141738,110552,111323,2010-11-01
Manchester,http://landregistry.data.gov.uk/id/region/manchester,E08000003,2010-12,468,monthly,119662,203463,141090,109747,110918,2010-12-01
Manchester,http://landregistry.data.gov.uk/id/region/manchester,E08000003,2011-01,269,monthly,116754,198762,137570,106893,108459,2011-01-01
Manchester,http://landregistry.data.gov.uk/id/region/manchester,E08000003,2011-02,296,monthly,118610,201980,139543,108512,110411,2011-02-01
Manchester,http://landregistry.data.gov.uk/id/region/manchester,E08000003,2011-03,336,monthly,116328,199288,136755,106305,108405,2011-03-01
Manchester,http://landregistry.data.gov.uk/id/region/manchester,E08000003,2011-04,432,monthly,116936,200162,137327,106836,109116,2011-04-01
Manchester,http://landregistry.data.gov.uk/id/region/manchester,E08000003,2011-05,348,monthly,117007,199466,137103,106704,109696,2011-05-01
Manchester,http://landregistry.data.gov.uk/id/region/manchester,E08000003,2011-06,385,monthly,120271,203509,140935,109784,112752,2011-06-01
Manchester,http://landregistry.data.gov.uk/id/region/manchester,E08000003,2011-07,422,monthly,122780,207083,143828,112052,115216,2011-07-01
Manchester,http://landregistry.data.gov.uk/id/region/manchester,E08000003,2011-08,418,monthly,122955,208016,144752,112607,114364,2011-08-01
Manchester,http://landregistry.data.gov.uk/id/region/manchester,E08000003,2011-09,467,monthly,123414,209800,145457,113238,114360,2011-09-01
Manchester,http://landregistry.data.gov.uk/id/region/manchester,E08000003,2011-10,351,monthly,119600,204523,141501,109788,110285,2011-10-01
Manchester,http://landregistry.data.gov.uk/id/region/manchester,E08000003,2011-11,356,monthly,117194,200409,138546,107271,108489,2011-11-01
Manchester,http://landregistry.data.gov.uk/id/region/manchester,E08000003,2011-12,456,monthly,115465,197352,136548,105464,107109,2011-12-01
Manchester,http://landregistry.data.gov.uk/id/region/manchester,E08000003,2012-01,268,monthly,117046,199793,138586,107080,108287,2012-01-01
Manchester,http://landregistry.data.gov.uk/id/region/manchester,E08000003,2012-02,326,monthly,118158,201963,140119,108539,108636,2012-02-01
Manchester,http://landregistry.data.gov.uk/id/region/manchester,E08000003,2012-03,412,monthly,119403,203428,141668,109997,109436,2012-03-01
Manchester,http://landregistry.data.gov.uk/id/region/manchester,E08000003,2012-04,321,monthly,120497,205231,142708,110861,110837,2012-04-01
Manchester,http://landregistry.data.gov.uk/id/region/manchester,E08000003,2012-05,311,monthly,119126,202256,140863,109464,109988,2012-05-01
Manchester,http://landregistry.data.gov.uk/id/region/manchester,E08000003,2012-06,394,monthly,120468,204198,142211,110924,111156,2012-06-01
Manchester,http://landregistry.data.gov.uk/id/region/manchester,E08000003,2012-07,431,monthly,120320,203327,141989,111071,110749,2012-07-01
Manchester,http://landregistry.data.gov.uk/id/region/manchester,E08000003,2012-08,375,monthly,123867,209232,146211,114657,113589,2012-08-01
Manchester,http://landregistry.data.gov.uk/id/region/manchester,E08000003,2012-09,386,monthly,122813,208060,145162,113595,112519,2012-09-01
Manchester,http://landregistry.data.gov.uk/id/region/manchester,E08000003,2012-10,409,monthly,122069,207219,144322,112821,111877,2012-10-01
Manchester,http://landregistry.data.gov.uk/id/region/manchester,E08000003,2012-11,424,monthly,119452,203316,141272,110261,109575,2012-11-01
Manchester,http://landregistry.data.gov.uk/id/region/manchester,E08000003,2012-12,345,monthly,117635,201094,139225,108469,107896,2012-12-01
Manchester,http://landregistry.data.gov.uk/id/region/manchester,E08000003,2013-01,314,monthly,117248,200672,139336,108097,107092,2013-01-01
Manchester,http://landregistry.data.gov.uk/id/region/manchester,E08000003,2013-02,316,monthly,116756,199927,138925,107664,106443,2013-02-01
Manchester,http://landregistry.data.gov.uk/id/region/manchester,E08000003,2013-03,359,monthly,116392,199451,138505,107100,106322,2013-03-01
Manchester,http://landregistry.data.gov.uk/id/region/manchester,E08000003,2013-04,357,monthly,116566,199799,138117,107250,106895,2013-04-01
Manchester,http://landregistry.data.gov.uk/id/region/manchester,E08000003,2013-05,388,monthly,118641,202992,140470,109044,109037,2013-05-01
Manchester,http://landregistry.data.gov.uk/id/region/manchester,E08000003,2013-06,423,monthly,119951,204125,142071,110581,109905,2013-06-01
Manchester,http://landregistry.data.gov.uk/id/region/manchester,E08000003,2013-07,506,monthly,121836,206538,144264,112522,111490,2013-07-01
Manchester,http://landregistry.data.gov.uk/id/region/manchester,E08000003,2013-08,547,monthly,122189,206997,144737,113031,111568,2013-08-01
Manchester,http://landregistry.data.gov.uk/id/region/manchester,E08000003,2013-09,443,monthly,124071,211393,147064,114627,113290,2013-09-01
Manchester,http://landregistry.data.gov.uk/id/region/manchester,E08000003,2013-10,529,monthly,124954,214334,148427,115123,114136,2013-10-01
Manchester,http://landregistry.data.gov.uk/id/region/manchester,E08000003,2013-11,540,monthly,125038,215177,148607,115017,114317,2013-11-01
Manchester,http://landregistry.data.gov.uk/id/region/manchester,E08000003,2013-12,533,monthly,124914,214537,148510,114931,114169,2013-12-01
Manchester,http://landregistry.data.gov.uk/id/region/manchester,E08000003,2014-01,475,monthly,124522,213990,148160,114791,113460,2014-01-01
Manchester,http://landregistry.data.gov.uk/id/region/manchester,E08000003,2014-02,464,monthly,126112,217813,150394,116464,114402,2014-02-01
Manchester,http://landregistry.data.gov.uk/id/region/manchester,E08000003,2014-03,494,monthly,125362,216756,149576,115695,113722,2014-03-01
Manchester,http://landregistry.data.gov.uk/id/region/manchester,E08000003,2014-04,548,monthly,125519,216665,149728,115963,113797,2014-04-01
Manchester,http://landregistry.data.gov.uk/id/region/manchester,E08000003,2014-05,549,monthly,126087,216630,150152,116487,114526,2014-05-01
Manchester,http://landregistry.data.gov.uk/id/region/manchester,E08000003,2014-06,526,monthly,129041,221637,153720,119434,116985,2014-06-01
Manchester,http://landregistry.data.gov.uk/id/region/manchester,E08000003,2014-07,611,monthly,132316,227063,157699,122668,119739,2014-07-01
Manchester,http://landregistry.data.gov.uk/id/region/manchester,E08000003,2014-08,660,monthly,133892,230145,159876,124365,120754,2014-08-01
Manchester,http://landregistry.data.gov.uk/id/region/manchester,E08000003,2014-09,596,monthly,135670,233354,162134,126199,122105,2014-09-01
Manchester,http://landregistry.data.gov.uk/id/region/manchester,E08000003,2014-10,656,monthly,135730,234261,162417,126063,122160,2014-10-01
Manchester,http://landregistry.data.gov.uk/id/region/manchester,E08000003,2014-11,573,monthly,135620,234546,162364,125727,122199,2014-11-01
Manchester,http://landregistry.data.gov.uk/id/region/manchester,E08000003,2014-12,666,monthly,134384,232951,160864,124303,121311,2014-12-01
Manchester,http://landregistry.data.gov.uk/id/region/manchester,E08000003,2015-01,430,monthly,134515,233044,160946,124295,121600,2015-01-01
Manchester,http://landregistry.data.gov.uk/id/region/manchester,E08000003,2015-02,504,monthly,134373,232423,160404,124065,121781,2015-02-01
Manchester,http://landregistry.data.gov.uk/id/region/manchester,E08000003,2015-03,687,monthly,134409,232663,160500,123751,122097,2015-03-01
Manchester,http://landregistry.data.gov.uk/id/region/manchester,E08000003,2015-04,494,monthly,134512,233602,160768,124023,121911,2015-04-01
Manchester,http://landregistry.data.gov.uk/id/region/manchester,E08000003,2015-05,552,monthly,136855,237897,163974,126182,123822,2015-05-01
Manchester,http://landregistry.data.gov.uk/id/region/manchester,E08000003,2015-06,647,monthly,137418,238769,164958,127289,123637,2015-06-01
Manchester,http://landregistry.data.gov.uk/id/region/manchester,E08000003,2015-07,754,monthly,139079,240888,167072,128790,125150,2015-07-01
Manchester,http://landregistry.data.gov.uk/id/region/manchester,E08000003,2015-08,616,monthly,141367,245112,169875,131190,126907,2015-08-01
Manchester,http://landregistry.data.gov.uk/id/region/manchester,E08000003,2015-09,645,monthly,144995,252432,174184,134350,130322,2015-09-01
Manchester,http://landregistry.data.gov.uk/id/region/manchester,E08000003,2015-10,751,monthly,146372,256022,176204,135748,131206,2015-10-01
Manchester,http://landregistry.data.gov.uk/id/region/manchester,E08000003,2015-11,677,monthly,144711,253630,174429,134052,129722,2015-11-01
Manchester,http://landregistry.data.gov.uk/id/region/manchester,E08000003,2015-12,624,monthly,145096,254778,175147,134448,129879,2015-12-01
Manchester,http://landregistry.data.gov.uk/id/region/manchester,E08000003,2016-01,500,monthly,146859,257529,177456,136030,131435,2016-01-01
Manchester,http://landregistry.data.gov.uk/id/region/manchester,E08000003,2016-02,572,monthly,147888,259531,178937,137094,132128,2016-02-01
Manchester,http://landregistry.data.gov.uk/id/region/manchester,E08000003,2016-03,1219,monthly,147734,258368,178609,136912,132146,2016-03-01
Manchester,http://landregistry.data.gov.uk/id/region/manchester,E08000003,2016-04,408,monthly,148994,261400,179820,138044,133411,2016-04-01
Manchester,http://landregistry.data.gov.uk/id/region/manchester,E08000003,2016-05,431,monthly,149533,261614,179709,138421,134421,2016-05-01
Manchester,http://landregistry.data.gov.uk/id/region/manchester,E08000003,2016-06,571,monthly,151281,265443,181713,140014,136021,2016-06-01
Manchester,http://landregistry.data.gov.uk/id/region/manchester,E08000003,2016-07,614,monthly,151327,264359,181434,140086,136261,2016-07-01
Manchester,http://landregistry.data.gov.uk/id/region/manchester,E08000003,2016-08,681,monthly,153779,268979,184505,142243,138490,2016-08-01
Manchester,http://landregistry.data.gov.uk/id/region/manchester,E08000003,2016-09,707,monthly,155506,271764,186710,143707,140117,2016-09-01
Manchester,http://landregistry.data.gov.uk/id/region/manchester,E08000003,2016-10,664,monthly,155247,272249,186628,142878,140269,2016-10-01
Manchester,http://landregistry.data.gov.uk/id/region/manchester,E08000003,2016-11,651,monthly,155511,273954,187071,142653,140817,2016-11-01
Manchester,http://landregistry.data.gov.uk/id/region/manchester,E08000003,2016-12,603,monthly,156281,275944,187734,143089,141861,2016-12-01
Manchester,http://landregistry.data.gov.uk/id/region/manchester,E08000003,2017-01,479,monthly,158278,279942,189887,144908,143778,2017-01-01
Manchester,http://landregistry.data.gov.uk/id/region/manchester,E08000003,2017-02,479,monthly,159666,281858,191137,146220,145240,2017-02-01
Manchester,http://landregistry.data.gov.uk/id/region/manchester,E08000003,2017-03,609,monthly,160087,282539,191505,146297,145983,2017-03-01
Manchester,http://landregistry.data.gov.uk/id/region/manchester,E08000003,2017-04,496,monthly,160010,281815,191097,146132,146194,2017-04-01
Manchester,http://landregistry.data.gov.uk/id/region/manchester,E08000003,2017-05,547,monthly,158994,279125,190115,144983,145397,2017-05-01
Manchester,http://landregistry.data.gov.uk/id/region/manchester,E08000003,2017-06,673,monthly,161473,281832,192688,147365,147838,2017-06-01
Manchester,http://landregistry.data.gov.uk/id/region/manchester,E08000003,2017-07,586,monthly,163574,284605,195360,149420,149596,2017-07-01
Manchester,http://landregistry.data.gov.uk/id/region/manchester,E08000003,2017-08,744,monthly,168739,293175,201377,154544,154043,2017-08-01
Manchester,http://landregistry.data.gov.uk/id/region/manchester,E08000003,2017-09,627,monthly,169898,296125,203213,155782,154657,2017-09-01
Manchester,http://landregistry.data.gov.uk/id/region/manchester,E08000003,2017-10,576,monthly,171477,299913,205569,157142,155882,2017-10-01
Manchester,http://landregistry.data.gov.uk/id/region/manchester,E08000003,2017-11,598,monthly,172142,302094,206901,157565,156335,2017-11-01
Manchester,http://landregistry.data.gov.uk/id/region/manchester,E08000003,2017-12,569,monthly,172720,303328,208114,158306,156391,2017-12-01
Manchester,http://landregistry.data.gov.uk/id/region/manchester,E08000003,2018-01,465,monthly,170927,300125,206087,156613,154751,2018-01-01
Manchester,http://landregistry.data.gov.uk/id/region/manchester,E08000003,2018-02,506,monthly,169542,299493,204786,155706,152888,2018-02-01
Manchester,http://landregistry.data.gov.uk/id/region/manchester,E08000003,2018-03,597,monthly,168551,298181,203721,154949,151793,2018-03-01
Manchester,http://landregistry.data.gov.uk/id/region/manchester,E08000003,2018-04,540,monthly,172454,305899,208888,159240,154417,2018-04-01
Manchester,http://landregistry.data.gov.uk/id/region/manchester,E08000003,2018-05,515,monthly,173414,306721,210204,160345,155072,2018-05-01
Manchester,http://landregistry.data.gov.uk/id/region/manchester,E08000003,2018-06,583,monthly,177297,313749,215345,163823,158394,2018-06-01
Manchester,http://landregistry.data.gov.uk/id/region/manchester,E08000003,2018-07,576,monthly,177254,313886,215259,163659,158462,2018-07-01
Manchester,http://landregistry.data.gov.uk/id/region/manchester,E08000003,2018-08,625,monthly,179831,318376,218400,166036,160767,2018-08-01
Manchester,http://landregistry.data.gov.uk/id/region/manchester,E08000003,2018-09,483,monthly,177316,314010,215080,163788,158593,2018-09-01
Manchester,http://landregistry.data.gov.uk/id/region/manchester,E08000003,2018-10,561,monthly,177680,314792,215639,164115,158853,2018-10-01
Manchester,http://landregistry.data.gov.uk/id/region/manchester,E08000003,2018-11,582,monthly,177559,315673,215950,164004,158429,2018-11-01
Manchester,http://landregistry.data.gov.uk/id/region/manchester,E08000003,2018-12,526,monthly,179408,319510,218768,165809,159658,2018-12-01
Manchester,http://landregistry.data.gov.uk/id/region/manchester,E08000003,2019-01,468,monthly,179844,320982,219507,165876,160171,2019-01-01
Manchester,http://landregistry.data.gov.uk/id/region/manchester,E08000003,2019-02,459,monthly,178052,318069,217352,164238,158494,2019-02-01
Manchester,http://landregistry.data.gov.uk/id/region/manchester,E08000003,2019-03,520,monthly,178113,318826,217652,164242,158382,2019-03-01
Manchester,http://landregistry.data.gov.uk/id/region/manchester,E08000003,2019-04,550,monthly,179044,320001,218762,165604,158795,2019-04-01
Manchester,http://landregistry.data.gov.uk/id/region/manchester,E08000003,2019-05,540,monthly,179304,319660,219089,166029,158903,2019-05-01
Manchester,http://landregistry.data.gov.uk/id/region/manchester,E08000003,2019-06,465,monthly,178287,316743,217596,165201,158110,2019-06-01
Manchester,http://landregistry.data.gov.uk/id/region/manchester,E08000003,2019-07,503,monthly,178676,316699,217938,165640,158508,2019-07-01
Manchester,http://landregistry.data.gov.uk/id/region/manchester,E08000003,2019-08,586,monthly,181975,322730,221998,169044,161091,2019-08-01
Manchester,http://landregistry.data.gov.uk/id/region/manchester,E08000003,2019-09,495,monthly,183668,325769,223627,170897,162593,2019-09-01
Manchester,http://landregistry.data.gov.uk/id/region/manchester,E08000003,2019-10,544,monthly,185323,329195,226674,172404,163453,2019-10-01
Manchester,http://landregistry.data.gov.uk/id/region/manchester,E08000003,2019-11,524,monthly,186304,331380,228317,172925,164382,2019-11-01
Manchester,http://landregistry.data.gov.uk/id/region/manchester,E08000003,2019-12,449,monthly,185788,331382,228610,172577,163211,2019-12-01
Manchester,http://landregistry.data.gov.uk/id/region/manchester,E08000003,2020-01,498,monthly,182906,326972,225161,169997,160494,2020-01-01
Manchester,http://landregistry.data.gov.uk/id/region/manchester,E08000003,2020-02,461,monthly,178840,320465,220427,166792,156206,2020-02-01
Manchester,http://landregistry.data.gov.uk/id/region/manchester,E08000003,2020-03,455,monthly,181623,325934,224010,169423,158484,2020-03-01
Manchester,http://landregistry.data.gov.uk/id/region/manchester,E08000003,2020-04,221,monthly,176843,318686,218297,165497,153647,2020-04-01
Manchester,http://landregistry.data.gov.uk/id/region/manchester,E08000003,2020-05,272,monthly,174074,314285,215124,162508,151419,2020-05-01
Manchester,http://landregistry.data.gov.uk/id/region/manchester,E08000003,2020-06,371,monthly,173279,311882,214265,161976,150528,2020-06-01
Manchester,http://landregistry.data.gov.uk/id/region/manchester,E08000003,2020-07,448,monthly,182682,326809,225533,170544,159224,2020-07-01
Manchester,http://landregistry.data.gov.uk/id/region/manchester,E08000003,2020-08,395,monthly,192844,344603,238521,180354,167558,2020-08-01
Manchester,http://landregistry.data.gov.uk/id/region/manchester,E08000003,2020-09,410,monthly,194188,347931,240337,181664,168532,2020-09-01
Manchester,http://landregistry.data.gov.uk/id/region/manchester,E08000003,2020-10,523,monthly,195260,351090,241799,182937,169067,2020-10-01
Manchester,http://landregistry.data.gov.uk/id/region/manchester,E08000003,2020-11,559,monthly,197247,354288,243636,185114,170887,2020-11-01
Manchester,http://landregistry.data.gov.uk/id/region/manchester,E08000003,2020-12,564,monthly,201704,362305,249076,189798,174340,2020-12-01
Manchester,http://landregistry.data.gov.uk/id/region/manchester,E08000003,2021-01,494,monthly,208023,370166,256047,195497,180726,2021-01-01
Manchester,http://landregistry.data.gov.uk/id/region/manchester,E08000003,2021-02,522,monthly,210522,371751,258205,197988,183483,2021-02-01
Manchester,http://landregistry.data.gov.uk/id/region/manchester,E08000003,2021-03,928,monthly,219037,382558,267200,205624,192361,2021-03-01
Manchester,http://landregistry.data.gov.uk/id/region/manchester,E08000003,2021-04,567,monthly,219403,383690,267244,206368,192536,2021-04-01
Manchester,http://landregistry.data.gov.uk/id/region/manchester,E08000003,2021-05,470,monthly,219442,384335,267350,206413,192491,2021-05-01
Manchester,http://landregistry.data.gov.uk/id/region/manchester,E08000003,2021-06,870,monthly,220675,385720,268638,208819,192618,2021-06-01
Manchester,http://landregistry.data.gov.uk/id/region/manchester,E08000003,2021-07,401,monthly,217862,381332,265364,205695,190464,2021-07-01
Manchester,http://landregistry.data.gov.uk/id/region/manchester,E08000003,2021-08,458,monthly,218234,383992,266976,206363,189680,2021-08-01
Manchester,http://landregistry.data.gov.uk/id/region/manchester,E08000003,2021-09,774,monthly,215396,381246,264603,203543,186524,2021-09-01
Manchester,http://landregistry.data.gov.uk/id/region/manchester,E08000003,2021-10,460,monthly,220960,395529,273025,209299,189660,2021-10-01
Manchester,http://landregistry.data.gov.uk/id/region/manchester,E08000003,2021-11,542,monthly,226783,406761,280426,214629,194654,2021-11-01
Manchester,http://landregistry.data.gov.uk/id/region/manchester,E08000003,2021-12,572,monthly,229661,415090,284851,217413,196370,2021-12-01
Manchester,http://landregistry.data.gov.uk/id/region/manchester,E08000003,2022-01,566,monthly,239565,431006,297587,227478,204064,2022-01-01
Manchester,http://landregistry.data.gov.uk/id/region/manchester,E08000003,2022-02,440,monthly,240003,431106,298118,228174,204313,2022-02-01
Manchester,http://landregistry.data.gov.uk/id/region/manchester,E08000003,2022-03,530,monthly,239931,431536,298950,227734,203980,2022-03-01
Manchester,http://landregistry.data.gov.uk/id/region/manchester,E08000003,2022-04,578,monthly,239126,430151,297707,227296,203139,2022-04-01
Manchester,http://landregistry.data.gov.uk/id/region/manchester,E08000003,2022-05,463,monthly,241041,433862,300787,229646,203742,2022-05-01
Manchester,http://landregistry.data.gov.uk/id/region/manchester,E08000003,2022-06,470,monthly,242243,434887,301957,231301,204565,2022-06-01
Manchester,http://landregistry.data.gov.uk/id/region/manchester,E08000003,2022-07,534,monthly,238656,426893,297639,228237,201185,2022-07-01
Manchester,http://landregistry.data.gov.uk/id/region/manchester,E08000003,2022-08,461,monthly,238675,426428,297682,228780,200713,2022-08-01
Manchester,http://landregistry.data.gov.uk/id/region/manchester,E08000003,2022-09,486,monthly,241669,431821,301612,232084,202674,2022-09-01
Manchester,http://landregistry.data.gov.uk/id/region/manchester,E08000003,2022-10,448,monthly,239234,429059,299142,229954,199936,2022-10-01
Manchester,http://landregistry.data.gov.uk/id/region/manchester,E08000003,2022-11,463,monthly,241483,434176,302441,232205,201327,2022-11-01
Manchester,http://landregistry.data.gov.uk/id/region/manchester,E08000003,2022-12,451,monthly,240559,433155,301870,231445,199989,2022-12-01
Manchester,http://landregistry.data.gov.uk/id/region/manchester,E08000003,2023-01,296,monthly,240334,433316,301833,230875,199937,2023-01-01
Manchester,http://landregistry.data.gov.uk/id/region/manchester,E08000003,2023-02,353,monthly,235684,425238,295559,225496,196964,2023-02-01
Manchester,http://landregistry.data.gov.uk/id/region/manchester,E08000003,2023-03,345,monthly,232712,421370,291844,221322,195414,2023-03-01
Manchester,http://landregistry.data.gov.uk/id/region/manchester,E08000003,2023-04,247,monthly,231311,418559,289400,219139,195143,2023-04-01
Manchester,http://landregistry.data.gov.uk/id/region/manchester,E08000003,2023-05,247,monthly,229734,414341,286782,217225,194463,2023-05-01
Manchester,http://landregistry.data.gov.uk/id/region/manchester,E08000003,2023-06,347,monthly,232277,416851,288866,220139,196864,2023-06-01
Manchester,http://landregistry.data.gov.uk/id/region/manchester,E08000003,2023-07,312,monthly,237048,424552,295233,225374,200261,2023-07-01
Manchester,http://landregistry.data.gov.uk/id/region/manchester,E08000003,2023-08,359,monthly,243319,435754,303719,232333,204566,2023-08-01
Manchester,http://landregistry.data.gov.uk/id/region/manchester,E08000003,2023-09,341,monthly,248782,446553,311306,238197,208326,2023-09-01
Manchester,http://landregistry.data.gov.uk/id/region/manchester,E08000003,2023-10,353,monthly,248103,444465,310196,237370,208033,2023-10-01
Manchester,http://landregistry.data.gov.uk/id/region/manchester,E08000003,2023-11,284,monthly,247668,444440,309685,236059,208228,2023-11-01
Manchester,http://landregistry.data.gov.uk/id/region/manchester,E08000003,2023-12,268,monthly,244275,437052,305312,232082,205993,2023-12-01
Manchester,http://landregistry.data.gov.uk/id/region/manchester,E08000003,2024-01,182,monthly,244118,436430,304623,231809,206189,2024-01-01
Manchester,http://landregistry.data.gov.uk/id/region/manchester,E08000003,2024-02,150,monthly,242507,432136,302134,229909,205608,2024-02-01
Manchester,http://landregistry.data.gov.uk/id/region/manchester,E08000003,2024-03,,monthly,236256,420104,293619,222843,201916,2024-03-01
Manchester,http://landregistry.data.gov.uk/id/region/manchester,E08000003,2024-04,,monthly,234320,414986,291443,220497,200765,2024-04-01
