"Name","URI","Region GSS code","Period","Sales volume","Reporting period","Average price All property types","Average price Detached houses","Average price Semi-detached houses","Average price Terraced houses","Average price Flats and maisonettes","Pivotable date"
Merton,http://landregistry.data.gov.uk/id/region/merton,E09000024,2004-01,335,monthly,232251,600830,341421,230976,192721,2004-01-01
Merton,http://landregistry.data.gov.uk/id/region/merton,E09000024,2004-02,346,monthly,230461,598915,338492,229339,191070,2004-02-01
Merton,http://landregistry.data.gov.uk/id/region/merton,E09000024,2004-03,410,monthly,227851,593505,333936,226927,188783,2004-03-01
Merton,http://landregistry.data.gov.uk/id/region/merton,E09000024,2004-04,416,monthly,229089,591180,334778,228706,189602,2004-04-01
Merton,http://landregistry.data.gov.uk/id/region/merton,E09000024,2004-05,355,monthly,231278,584429,336219,231229,191744,2004-05-01
Merton,http://landregistry.data.gov.uk/id/region/merton,E09000024,2004-06,475,monthly,238639,597832,346526,238572,198083,2004-06-01
Merton,http://landregistry.data.gov.uk/id/region/merton,E09000024,2004-07,493,monthly,240563,602843,350096,240729,199326,2004-07-01
Merton,http://landregistry.data.gov.uk/id/region/merton,E09000024,2004-08,451,monthly,245235,623177,357608,245406,202818,2004-08-01
Merton,http://landregistry.data.gov.uk/id/region/merton,E09000024,2004-09,433,monthly,249120,637656,364451,249543,205457,2004-09-01
Merton,http://landregistry.data.gov.uk/id/region/merton,E09000024,2004-10,313,monthly,247228,630864,360047,247314,204541,2004-10-01
Merton,http://landregistry.data.gov.uk/id/region/merton,E09000024,2004-11,283,monthly,244719,620667,355740,244795,202693,2004-11-01
Merton,http://landregistry.data.gov.uk/id/region/merton,E09000024,2004-12,281,monthly,240751,605132,348229,240886,199801,2004-12-01
Merton,http://landregistry.data.gov.uk/id/region/merton,E09000024,2005-01,235,monthly,242921,612137,350859,243127,201572,2005-01-01
Merton,http://landregistry.data.gov.uk/id/region/merton,E09000024,2005-02,217,monthly,244609,621607,354024,244867,202672,2005-02-01
Merton,http://landregistry.data.gov.uk/id/region/merton,E09000024,2005-03,255,monthly,245454,625919,356099,245980,202896,2005-03-01
Merton,http://landregistry.data.gov.uk/id/region/merton,E09000024,2005-04,262,monthly,244941,622074,356157,245978,201928,2005-04-01
Merton,http://landregistry.data.gov.uk/id/region/merton,E09000024,2005-05,278,monthly,246662,619097,357790,247934,203446,2005-05-01
Merton,http://landregistry.data.gov.uk/id/region/merton,E09000024,2005-06,328,monthly,246706,618273,357135,248326,203295,2005-06-01
Merton,http://landregistry.data.gov.uk/id/region/merton,E09000024,2005-07,425,monthly,248309,623600,360114,250032,204397,2005-07-01
Merton,http://landregistry.data.gov.uk/id/region/merton,E09000024,2005-08,381,monthly,247853,625729,359603,249968,203551,2005-08-01
Merton,http://landregistry.data.gov.uk/id/region/merton,E09000024,2005-09,371,monthly,249511,634388,362864,251811,204512,2005-09-01
Merton,http://landregistry.data.gov.uk/id/region/merton,E09000024,2005-10,324,monthly,247275,627724,358461,249492,202942,2005-10-01
Merton,http://landregistry.data.gov.uk/id/region/merton,E09000024,2005-11,332,monthly,245088,619511,355358,247434,201063,2005-11-01
Merton,http://landregistry.data.gov.uk/id/region/merton,E09000024,2005-12,364,monthly,245706,614027,354655,247768,202262,2005-12-01
Merton,http://landregistry.data.gov.uk/id/region/merton,E09000024,2006-01,295,monthly,244083,612239,352457,246406,200598,2006-01-01
Merton,http://landregistry.data.gov.uk/id/region/merton,E09000024,2006-02,287,monthly,246921,620458,356170,248969,203239,2006-02-01
Merton,http://landregistry.data.gov.uk/id/region/merton,E09000024,2006-03,409,monthly,246235,623774,356759,248820,201806,2006-03-01
Merton,http://landregistry.data.gov.uk/id/region/merton,E09000024,2006-04,334,monthly,252105,635592,365083,255029,206474,2006-04-01
Merton,http://landregistry.data.gov.uk/id/region/merton,E09000024,2006-05,409,monthly,253408,641052,367355,256501,207283,2006-05-01
Merton,http://landregistry.data.gov.uk/id/region/merton,E09000024,2006-06,430,monthly,254901,645998,369198,258047,208500,2006-06-01
Merton,http://landregistry.data.gov.uk/id/region/merton,E09000024,2006-07,473,monthly,257433,654346,373437,260936,210141,2006-07-01
Merton,http://landregistry.data.gov.uk/id/region/merton,E09000024,2006-08,493,monthly,261007,662473,378471,265290,212457,2006-08-01
Merton,http://landregistry.data.gov.uk/id/region/merton,E09000024,2006-09,413,monthly,265477,675940,385524,269744,216026,2006-09-01
Merton,http://landregistry.data.gov.uk/id/region/merton,E09000024,2006-10,398,monthly,264544,674553,383719,268477,215601,2006-10-01
Merton,http://landregistry.data.gov.uk/id/region/merton,E09000024,2006-11,413,monthly,267628,682637,388610,271489,218144,2006-11-01
Merton,http://landregistry.data.gov.uk/id/region/merton,E09000024,2006-12,420,monthly,270986,690814,392898,275015,220883,2006-12-01
Merton,http://landregistry.data.gov.uk/id/region/merton,E09000024,2007-01,337,monthly,277156,707890,402394,281381,225694,2007-01-01
Merton,http://landregistry.data.gov.uk/id/region/merton,E09000024,2007-02,297,monthly,280789,720985,407226,284303,229300,2007-02-01
Merton,http://landregistry.data.gov.uk/id/region/merton,E09000024,2007-03,405,monthly,283272,730269,411043,287128,230928,2007-03-01
Merton,http://landregistry.data.gov.uk/id/region/merton,E09000024,2007-04,332,monthly,287768,743085,416650,292095,234346,2007-04-01
Merton,http://landregistry.data.gov.uk/id/region/merton,E09000024,2007-05,418,monthly,292867,754006,423272,297877,238156,2007-05-01
Merton,http://landregistry.data.gov.uk/id/region/merton,E09000024,2007-06,438,monthly,298411,768918,430960,303378,242817,2007-06-01
Merton,http://landregistry.data.gov.uk/id/region/merton,E09000024,2007-07,446,monthly,300491,778731,435020,305383,244304,2007-07-01
Merton,http://landregistry.data.gov.uk/id/region/merton,E09000024,2007-08,435,monthly,309048,804334,448457,314864,250310,2007-08-01
Merton,http://landregistry.data.gov.uk/id/region/merton,E09000024,2007-09,381,monthly,313244,821680,455764,318909,253527,2007-09-01
Merton,http://landregistry.data.gov.uk/id/region/merton,E09000024,2007-10,378,monthly,316045,828927,458417,321331,256399,2007-10-01
Merton,http://landregistry.data.gov.uk/id/region/merton,E09000024,2007-11,386,monthly,307997,814858,447144,312268,250365,2007-11-01
Merton,http://landregistry.data.gov.uk/id/region/merton,E09000024,2007-12,230,monthly,307214,805454,444568,311449,250194,2007-12-01
Merton,http://landregistry.data.gov.uk/id/region/merton,E09000024,2008-01,208,monthly,309345,815552,448311,313473,251812,2008-01-01
Merton,http://landregistry.data.gov.uk/id/region/merton,E09000024,2008-02,239,monthly,312700,821292,453961,317277,254181,2008-02-01
Merton,http://landregistry.data.gov.uk/id/region/merton,E09000024,2008-03,204,monthly,314300,828003,457966,319675,254543,2008-03-01
Merton,http://landregistry.data.gov.uk/id/region/merton,E09000024,2008-04,215,monthly,313753,824306,457987,320159,253246,2008-04-01
Merton,http://landregistry.data.gov.uk/id/region/merton,E09000024,2008-05,221,monthly,312461,825148,456119,319016,251968,2008-05-01
Merton,http://landregistry.data.gov.uk/id/region/merton,E09000024,2008-06,218,monthly,312020,829443,455487,318619,251438,2008-06-01
Merton,http://landregistry.data.gov.uk/id/region/merton,E09000024,2008-07,205,monthly,306324,821797,448174,312469,246749,2008-07-01
Merton,http://landregistry.data.gov.uk/id/region/merton,E09000024,2008-08,151,monthly,302582,816877,443219,308679,243507,2008-08-01
Merton,http://landregistry.data.gov.uk/id/region/merton,E09000024,2008-09,154,monthly,294190,796586,430679,299571,237141,2008-09-01
Merton,http://landregistry.data.gov.uk/id/region/merton,E09000024,2008-10,154,monthly,288628,777895,421706,293551,233146,2008-10-01
Merton,http://landregistry.data.gov.uk/id/region/merton,E09000024,2008-11,102,monthly,273054,738069,398895,277637,220579,2008-11-01
Merton,http://landregistry.data.gov.uk/id/region/merton,E09000024,2008-12,154,monthly,268737,726245,393003,273895,216550,2008-12-01
Merton,http://landregistry.data.gov.uk/id/region/merton,E09000024,2009-01,99,monthly,271807,740026,397515,276271,219450,2009-01-01
Merton,http://landregistry.data.gov.uk/id/region/merton,E09000024,2009-02,107,monthly,277882,749559,405941,281410,225460,2009-02-01
Merton,http://landregistry.data.gov.uk/id/region/merton,E09000024,2009-03,104,monthly,275148,740029,401164,277555,224291,2009-03-01
Merton,http://landregistry.data.gov.uk/id/region/merton,E09000024,2009-04,116,monthly,262692,698562,382568,265345,214190,2009-04-01
Merton,http://landregistry.data.gov.uk/id/region/merton,E09000024,2009-05,150,monthly,260161,690377,378511,263595,211488,2009-05-01
Merton,http://landregistry.data.gov.uk/id/region/merton,E09000024,2009-06,220,monthly,254609,674094,370835,258936,206014,2009-06-01
Merton,http://landregistry.data.gov.uk/id/region/merton,E09000024,2009-07,230,monthly,261094,693913,382050,266677,209670,2009-07-01
Merton,http://landregistry.data.gov.uk/id/region/merton,E09000024,2009-08,201,monthly,271560,727925,398820,278300,216633,2009-08-01
Merton,http://landregistry.data.gov.uk/id/region/merton,E09000024,2009-09,221,monthly,280207,755223,412554,287457,222866,2009-09-01
Merton,http://landregistry.data.gov.uk/id/region/merton,E09000024,2009-10,255,monthly,281848,763744,415461,289288,223775,2009-10-01
Merton,http://landregistry.data.gov.uk/id/region/merton,E09000024,2009-11,234,monthly,280931,759510,413598,289114,222515,2009-11-01
Merton,http://landregistry.data.gov.uk/id/region/merton,E09000024,2009-12,266,monthly,281239,757164,414200,290163,222165,2009-12-01
Merton,http://landregistry.data.gov.uk/id/region/merton,E09000024,2010-01,189,monthly,286200,770914,422589,296426,224784,2010-01-01
Merton,http://landregistry.data.gov.uk/id/region/merton,E09000024,2010-02,171,monthly,283608,773560,421001,294021,221662,2010-02-01
Merton,http://landregistry.data.gov.uk/id/region/merton,E09000024,2010-03,169,monthly,291677,805500,433471,301968,227908,2010-03-01
Merton,http://landregistry.data.gov.uk/id/region/merton,E09000024,2010-04,175,monthly,294295,815299,436861,304235,230386,2010-04-01
Merton,http://landregistry.data.gov.uk/id/region/merton,E09000024,2010-05,209,monthly,301425,835027,446078,311134,236704,2010-05-01
Merton,http://landregistry.data.gov.uk/id/region/merton,E09000024,2010-06,252,monthly,302480,840390,447993,312860,236760,2010-06-01
Merton,http://landregistry.data.gov.uk/id/region/merton,E09000024,2010-07,275,monthly,305677,862726,453103,316516,238372,2010-07-01
Merton,http://landregistry.data.gov.uk/id/region/merton,E09000024,2010-08,234,monthly,306977,864523,457010,318599,238338,2010-08-01
Merton,http://landregistry.data.gov.uk/id/region/merton,E09000024,2010-09,237,monthly,310663,880703,463483,322586,240633,2010-09-01
Merton,http://landregistry.data.gov.uk/id/region/merton,E09000024,2010-10,214,monthly,311473,873032,465393,323484,241412,2010-10-01
Merton,http://landregistry.data.gov.uk/id/region/merton,E09000024,2010-11,194,monthly,306478,861649,457551,317610,238175,2010-11-01
Merton,http://landregistry.data.gov.uk/id/region/merton,E09000024,2010-12,222,monthly,299039,839919,447105,309559,232606,2010-12-01
Merton,http://landregistry.data.gov.uk/id/region/merton,E09000024,2011-01,133,monthly,299471,858050,447943,309584,232707,2011-01-01
Merton,http://landregistry.data.gov.uk/id/region/merton,E09000024,2011-02,136,monthly,298366,870516,446460,308023,231673,2011-02-01
Merton,http://landregistry.data.gov.uk/id/region/merton,E09000024,2011-03,198,monthly,300667,893177,449327,310185,233236,2011-03-01
Merton,http://landregistry.data.gov.uk/id/region/merton,E09000024,2011-04,207,monthly,298880,883656,445789,308256,232262,2011-04-01
Merton,http://landregistry.data.gov.uk/id/region/merton,E09000024,2011-05,198,monthly,304186,877418,451630,314218,237142,2011-05-01
Merton,http://landregistry.data.gov.uk/id/region/merton,E09000024,2011-06,215,monthly,303809,855007,450452,314232,237342,2011-06-01
Merton,http://landregistry.data.gov.uk/id/region/merton,E09000024,2011-07,259,monthly,306768,855369,454517,317570,239738,2011-07-01
Merton,http://landregistry.data.gov.uk/id/region/merton,E09000024,2011-08,275,monthly,313482,886404,468021,325197,243132,2011-08-01
Merton,http://landregistry.data.gov.uk/id/region/merton,E09000024,2011-09,248,monthly,319727,918463,478622,331983,246902,2011-09-01
Merton,http://landregistry.data.gov.uk/id/region/merton,E09000024,2011-10,220,monthly,316973,916161,476810,329217,243997,2011-10-01
Merton,http://landregistry.data.gov.uk/id/region/merton,E09000024,2011-11,221,monthly,308289,894832,462664,319483,238087,2011-11-01
Merton,http://landregistry.data.gov.uk/id/region/merton,E09000024,2011-12,284,monthly,302138,864533,452544,313011,234057,2011-12-01
Merton,http://landregistry.data.gov.uk/id/region/merton,E09000024,2012-01,204,monthly,301661,857147,452073,312972,233418,2012-01-01
Merton,http://landregistry.data.gov.uk/id/region/merton,E09000024,2012-02,184,monthly,304218,869665,457542,316584,234071,2012-02-01
Merton,http://landregistry.data.gov.uk/id/region/merton,E09000024,2012-03,259,monthly,305833,877193,460205,318305,235011,2012-03-01
Merton,http://landregistry.data.gov.uk/id/region/merton,E09000024,2012-04,156,monthly,306943,881132,460210,319340,236217,2012-04-01
Merton,http://landregistry.data.gov.uk/id/region/merton,E09000024,2012-05,212,monthly,312768,884131,466512,325269,241586,2012-05-01
Merton,http://landregistry.data.gov.uk/id/region/merton,E09000024,2012-06,238,monthly,318602,899046,474427,332436,245326,2012-06-01
Merton,http://landregistry.data.gov.uk/id/region/merton,E09000024,2012-07,250,monthly,323413,916979,482413,337956,248350,2012-07-01
Merton,http://landregistry.data.gov.uk/id/region/merton,E09000024,2012-08,253,monthly,326136,926607,487621,341949,249226,2012-08-01
Merton,http://landregistry.data.gov.uk/id/region/merton,E09000024,2012-09,263,monthly,326349,930516,488479,341998,249357,2012-09-01
Merton,http://landregistry.data.gov.uk/id/region/merton,E09000024,2012-10,291,monthly,328431,932856,490968,344302,251045,2012-10-01
Merton,http://landregistry.data.gov.uk/id/region/merton,E09000024,2012-11,221,monthly,321515,912946,480189,336864,245995,2012-11-01
Merton,http://landregistry.data.gov.uk/id/region/merton,E09000024,2012-12,239,monthly,325045,922324,486491,340894,248267,2012-12-01
Merton,http://landregistry.data.gov.uk/id/region/merton,E09000024,2013-01,209,monthly,329700,944483,496072,345560,251339,2013-01-01
Merton,http://landregistry.data.gov.uk/id/region/merton,E09000024,2013-02,187,monthly,333548,963679,502926,349202,254215,2013-02-01
Merton,http://landregistry.data.gov.uk/id/region/merton,E09000024,2013-03,262,monthly,328435,955966,495415,343292,250576,2013-03-01
Merton,http://landregistry.data.gov.uk/id/region/merton,E09000024,2013-04,235,monthly,327570,951746,491493,342961,249909,2013-04-01
Merton,http://landregistry.data.gov.uk/id/region/merton,E09000024,2013-05,263,monthly,331119,961527,496639,346697,252644,2013-05-01
Merton,http://landregistry.data.gov.uk/id/region/merton,E09000024,2013-06,251,monthly,340065,984331,510206,356673,259013,2013-06-01
Merton,http://landregistry.data.gov.uk/id/region/merton,E09000024,2013-07,298,monthly,347031,1000944,521004,364163,264206,2013-07-01
Merton,http://landregistry.data.gov.uk/id/region/merton,E09000024,2013-08,319,monthly,357293,1027559,536691,375487,271580,2013-08-01
Merton,http://landregistry.data.gov.uk/id/region/merton,E09000024,2013-09,301,monthly,364497,1054650,547660,382856,277017,2013-09-01
Merton,http://landregistry.data.gov.uk/id/region/merton,E09000024,2013-10,319,monthly,359064,1038083,539959,377059,272913,2013-10-01
Merton,http://landregistry.data.gov.uk/id/region/merton,E09000024,2013-11,328,monthly,356979,1029724,536013,374840,271559,2013-11-01
Merton,http://landregistry.data.gov.uk/id/region/merton,E09000024,2013-12,274,monthly,359231,1022610,538481,377567,273520,2013-12-01
Merton,http://landregistry.data.gov.uk/id/region/merton,E09000024,2014-01,273,monthly,377855,1078617,566712,396726,287917,2014-01-01
Merton,http://landregistry.data.gov.uk/id/region/merton,E09000024,2014-02,257,monthly,386133,1105324,579737,405240,294210,2014-02-01
Merton,http://landregistry.data.gov.uk/id/region/merton,E09000024,2014-03,262,monthly,392126,1125702,588515,411019,299083,2014-03-01
Merton,http://landregistry.data.gov.uk/id/region/merton,E09000024,2014-04,277,monthly,397960,1143339,596698,417645,303203,2014-04-01
Merton,http://landregistry.data.gov.uk/id/region/merton,E09000024,2014-05,284,monthly,408272,1167463,611031,428915,310996,2014-05-01
Merton,http://landregistry.data.gov.uk/id/region/merton,E09000024,2014-06,248,monthly,427036,1215311,638889,449400,324873,2014-06-01
Merton,http://landregistry.data.gov.uk/id/region/merton,E09000024,2014-07,267,monthly,436044,1232914,652807,459374,331483,2014-07-01
Merton,http://landregistry.data.gov.uk/id/region/merton,E09000024,2014-08,307,monthly,452101,1278145,678512,477017,342935,2014-08-01
Merton,http://landregistry.data.gov.uk/id/region/merton,E09000024,2014-09,273,monthly,446961,1268191,672376,471556,338754,2014-09-01
Merton,http://landregistry.data.gov.uk/id/region/merton,E09000024,2014-10,248,monthly,449145,1275622,676416,473310,340694,2014-10-01
Merton,http://landregistry.data.gov.uk/id/region/merton,E09000024,2014-11,228,monthly,434193,1233658,653677,456945,329821,2014-11-01
Merton,http://landregistry.data.gov.uk/id/region/merton,E09000024,2014-12,223,monthly,431896,1224182,649475,453995,328639,2014-12-01
Merton,http://landregistry.data.gov.uk/id/region/merton,E09000024,2015-01,198,monthly,424475,1204568,638600,446021,323053,2015-01-01
Merton,http://landregistry.data.gov.uk/id/region/merton,E09000024,2015-02,194,monthly,429907,1225028,647566,450703,327812,2015-02-01
Merton,http://landregistry.data.gov.uk/id/region/merton,E09000024,2015-03,226,monthly,434994,1240323,655466,455787,331894,2015-03-01
Merton,http://landregistry.data.gov.uk/id/region/merton,E09000024,2015-04,213,monthly,437947,1249194,658922,459451,333773,2015-04-01
Merton,http://landregistry.data.gov.uk/id/region/merton,E09000024,2015-05,238,monthly,444390,1258374,667499,466870,338473,2015-05-01
Merton,http://landregistry.data.gov.uk/id/region/merton,E09000024,2015-06,271,monthly,445612,1262734,669841,469643,337975,2015-06-01
Merton,http://landregistry.data.gov.uk/id/region/merton,E09000024,2015-07,298,monthly,464605,1312289,698860,489890,352205,2015-07-01
Merton,http://landregistry.data.gov.uk/id/region/merton,E09000024,2015-08,276,monthly,469370,1325091,705938,495854,355006,2015-08-01
Merton,http://landregistry.data.gov.uk/id/region/merton,E09000024,2015-09,292,monthly,480330,1363486,722814,506833,363597,2015-09-01
Merton,http://landregistry.data.gov.uk/id/region/merton,E09000024,2015-10,271,monthly,480044,1362847,722277,506969,363004,2015-10-01
Merton,http://landregistry.data.gov.uk/id/region/merton,E09000024,2015-11,252,monthly,489855,1394634,737947,517204,370309,2015-11-01
Merton,http://landregistry.data.gov.uk/id/region/merton,E09000024,2015-12,255,monthly,490898,1390813,740289,518511,370959,2015-12-01
Merton,http://landregistry.data.gov.uk/id/region/merton,E09000024,2016-01,196,monthly,487335,1379358,737363,514366,368278,2016-01-01
Merton,http://landregistry.data.gov.uk/id/region/merton,E09000024,2016-02,209,monthly,482794,1370080,731995,509022,365032,2016-02-01
Merton,http://landregistry.data.gov.uk/id/region/merton,E09000024,2016-03,476,monthly,495205,1412046,749742,521374,375069,2016-03-01
Merton,http://landregistry.data.gov.uk/id/region/merton,E09000024,2016-04,120,monthly,503813,1430731,759571,531002,381698,2016-04-01
Merton,http://landregistry.data.gov.uk/id/region/merton,E09000024,2016-05,153,monthly,514101,1438297,770352,542002,390573,2016-05-01
Merton,http://landregistry.data.gov.uk/id/region/merton,E09000024,2016-06,206,monthly,513336,1424221,767304,541308,390457,2016-06-01
Merton,http://landregistry.data.gov.uk/id/region/merton,E09000024,2016-07,212,monthly,511128,1418003,764307,538402,389246,2016-07-01
Merton,http://landregistry.data.gov.uk/id/region/merton,E09000024,2016-08,226,monthly,509855,1421788,763229,536934,388089,2016-08-01
Merton,http://landregistry.data.gov.uk/id/region/merton,E09000024,2016-09,215,monthly,505887,1407990,758888,532825,384834,2016-09-01
Merton,http://landregistry.data.gov.uk/id/region/merton,E09000024,2016-10,175,monthly,504287,1406550,756977,529739,384730,2016-10-01
Merton,http://landregistry.data.gov.uk/id/region/merton,E09000024,2016-11,199,monthly,489175,1371811,735196,512910,373748,2016-11-01
Merton,http://landregistry.data.gov.uk/id/region/merton,E09000024,2016-12,222,monthly,486293,1366349,729555,508951,372526,2016-12-01
Merton,http://landregistry.data.gov.uk/id/region/merton,E09000024,2017-01,134,monthly,483395,1355568,723702,506422,370139,2017-01-01
Merton,http://landregistry.data.gov.uk/id/region/merton,E09000024,2017-02,174,monthly,495772,1383806,739361,518414,380782,2017-02-01
Merton,http://landregistry.data.gov.uk/id/region/merton,E09000024,2017-03,236,monthly,495230,1383283,737826,517194,380829,2017-03-01
Merton,http://landregistry.data.gov.uk/id/region/merton,E09000024,2017-04,200,monthly,512213,1437580,762080,533637,394821,2017-04-01
Merton,http://landregistry.data.gov.uk/id/region/merton,E09000024,2017-05,214,monthly,514738,1440558,766169,535633,397309,2017-05-01
Merton,http://landregistry.data.gov.uk/id/region/merton,E09000024,2017-06,227,monthly,520540,1448057,773102,541963,401978,2017-06-01
Merton,http://landregistry.data.gov.uk/id/region/merton,E09000024,2017-07,219,monthly,509666,1406390,757404,530936,393575,2017-07-01
Merton,http://landregistry.data.gov.uk/id/region/merton,E09000024,2017-08,243,monthly,517399,1434451,770482,540860,397784,2017-08-01
Merton,http://landregistry.data.gov.uk/id/region/merton,E09000024,2017-09,239,monthly,520322,1450473,777454,544134,399368,2017-09-01
Merton,http://landregistry.data.gov.uk/id/region/merton,E09000024,2017-10,221,monthly,534091,1499582,800533,558921,409096,2017-10-01
Merton,http://landregistry.data.gov.uk/id/region/merton,E09000024,2017-11,193,monthly,525729,1471967,788972,550107,402721,2017-11-01
Merton,http://landregistry.data.gov.uk/id/region/merton,E09000024,2017-12,205,monthly,517135,1447319,776176,542211,395323,2017-12-01
Merton,http://landregistry.data.gov.uk/id/region/merton,E09000024,2018-01,174,monthly,500413,1393714,750786,524804,382639,2018-01-01
Merton,http://landregistry.data.gov.uk/id/region/merton,E09000024,2018-02,130,monthly,495289,1382826,744052,519737,378292,2018-02-01
Merton,http://landregistry.data.gov.uk/id/region/merton,E09000024,2018-03,205,monthly,494905,1371449,744817,519852,377687,2018-03-01
Merton,http://landregistry.data.gov.uk/id/region/merton,E09000024,2018-04,165,monthly,494428,1367625,745307,521360,375696,2018-04-01
Merton,http://landregistry.data.gov.uk/id/region/merton,E09000024,2018-05,193,monthly,501888,1387168,758605,530524,380136,2018-05-01
Merton,http://landregistry.data.gov.uk/id/region/merton,E09000024,2018-06,178,monthly,516197,1439845,782512,545325,390586,2018-06-01
Merton,http://landregistry.data.gov.uk/id/region/merton,E09000024,2018-07,219,monthly,532752,1502626,808308,562511,402833,2018-07-01
Merton,http://landregistry.data.gov.uk/id/region/merton,E09000024,2018-08,241,monthly,530837,1504968,804385,560517,401301,2018-08-01
Merton,http://landregistry.data.gov.uk/id/region/merton,E09000024,2018-09,198,monthly,524612,1490521,795077,554374,396174,2018-09-01
Merton,http://landregistry.data.gov.uk/id/region/merton,E09000024,2018-10,225,monthly,521132,1476790,789382,550554,393803,2018-10-01
Merton,http://landregistry.data.gov.uk/id/region/merton,E09000024,2018-11,207,monthly,520075,1482706,789925,549858,392191,2018-11-01
Merton,http://landregistry.data.gov.uk/id/region/merton,E09000024,2018-12,156,monthly,520027,1476977,789651,549219,392767,2018-12-01
Merton,http://landregistry.data.gov.uk/id/region/merton,E09000024,2019-01,167,monthly,512341,1456195,779251,540941,386892,2019-01-01
Merton,http://landregistry.data.gov.uk/id/region/merton,E09000024,2019-02,154,monthly,520035,1473024,790168,548275,393524,2019-02-01
Merton,http://landregistry.data.gov.uk/id/region/merton,E09000024,2019-03,155,monthly,505347,1432481,768256,534086,381335,2019-03-01
Merton,http://landregistry.data.gov.uk/id/region/merton,E09000024,2019-04,177,monthly,501390,1418912,760901,531129,377628,2019-04-01
Merton,http://landregistry.data.gov.uk/id/region/merton,E09000024,2019-05,185,monthly,487138,1370210,739659,517772,365699,2019-05-01
Merton,http://landregistry.data.gov.uk/id/region/merton,E09000024,2019-06,164,monthly,496966,1394539,754558,528585,372882,2019-06-01
Merton,http://landregistry.data.gov.uk/id/region/merton,E09000024,2019-07,212,monthly,502443,1400435,763349,534275,377295,2019-07-01
Merton,http://landregistry.data.gov.uk/id/region/merton,E09000024,2019-08,240,monthly,516274,1444761,785540,549624,386865,2019-08-01
Merton,http://landregistry.data.gov.uk/id/region/merton,E09000024,2019-09,166,monthly,515191,1449162,782723,548518,385972,2019-09-01
Merton,http://landregistry.data.gov.uk/id/region/merton,E09000024,2019-10,233,monthly,507945,1444485,775016,540731,379720,2019-10-01
Merton,http://landregistry.data.gov.uk/id/region/merton,E09000024,2019-11,201,monthly,497753,1417225,761075,529712,371970,2019-11-01
Merton,http://landregistry.data.gov.uk/id/region/merton,E09000024,2019-12,168,monthly,494981,1411200,758305,527342,369193,2019-12-01
Merton,http://landregistry.data.gov.uk/id/region/merton,E09000024,2020-01,180,monthly,499698,1418264,765243,533467,372066,2020-01-01
Merton,http://landregistry.data.gov.uk/id/region/merton,E09000024,2020-02,141,monthly,500669,1430498,766424,534677,372368,2020-02-01
Merton,http://landregistry.data.gov.uk/id/region/merton,E09000024,2020-03,170,monthly,510522,1463562,783235,545129,379381,2020-03-01
Merton,http://landregistry.data.gov.uk/id/region/merton,E09000024,2020-04,74,monthly,508795,1480078,780442,544428,376499,2020-04-01
Merton,http://landregistry.data.gov.uk/id/region/merton,E09000024,2020-05,68,monthly,517884,1506287,793833,553666,383726,2020-05-01
Merton,http://landregistry.data.gov.uk/id/region/merton,E09000024,2020-06,136,monthly,522768,1506615,800676,560170,386821,2020-06-01
Merton,http://landregistry.data.gov.uk/id/region/merton,E09000024,2020-07,159,monthly,528343,1505094,808528,565890,391810,2020-07-01
Merton,http://landregistry.data.gov.uk/id/region/merton,E09000024,2020-08,154,monthly,528823,1511338,812437,568061,390147,2020-08-01
Merton,http://landregistry.data.gov.uk/id/region/merton,E09000024,2020-09,194,monthly,529775,1531479,817080,569565,389400,2020-09-01
Merton,http://landregistry.data.gov.uk/id/region/merton,E09000024,2020-10,236,monthly,540771,1565006,835251,582615,396225,2020-10-01
Merton,http://landregistry.data.gov.uk/id/region/merton,E09000024,2020-11,227,monthly,548787,1581259,845355,591576,402401,2020-11-01
Merton,http://landregistry.data.gov.uk/id/region/merton,E09000024,2020-12,255,monthly,552662,1587033,850467,596564,404882,2020-12-01
Merton,http://landregistry.data.gov.uk/id/region/merton,E09000024,2021-01,226,monthly,547773,1565941,839362,589596,403487,2021-01-01
Merton,http://landregistry.data.gov.uk/id/region/merton,E09000024,2021-02,281,monthly,536515,1523019,818094,576340,397115,2021-02-01
Merton,http://landregistry.data.gov.uk/id/region/merton,E09000024,2021-03,485,monthly,536542,1509434,811679,574500,400176,2021-03-01
Merton,http://landregistry.data.gov.uk/id/region/merton,E09000024,2021-04,234,monthly,534755,1504916,807764,572861,398812,2021-04-01
Merton,http://landregistry.data.gov.uk/id/region/merton,E09000024,2021-05,191,monthly,534080,1505407,807189,572127,398165,2021-05-01
Merton,http://landregistry.data.gov.uk/id/region/merton,E09000024,2021-06,780,monthly,533608,1503207,804454,573375,396687,2021-06-01
Merton,http://landregistry.data.gov.uk/id/region/merton,E09000024,2021-07,81,monthly,528383,1513542,799267,565637,393436,2021-07-01
Merton,http://landregistry.data.gov.uk/id/region/merton,E09000024,2021-08,195,monthly,534838,1562065,815661,572411,396293,2021-08-01
Merton,http://landregistry.data.gov.uk/id/region/merton,E09000024,2021-09,367,monthly,537898,1592885,826193,574786,397604,2021-09-01
Merton,http://landregistry.data.gov.uk/id/region/merton,E09000024,2021-10,143,monthly,552232,1643305,853777,591581,405672,2021-10-01
Merton,http://landregistry.data.gov.uk/id/region/merton,E09000024,2021-11,195,monthly,554864,1652360,858120,594623,407331,2021-11-01
Merton,http://landregistry.data.gov.uk/id/region/merton,E09000024,2021-12,213,monthly,561431,1679033,871623,602041,411020,2021-12-01
Merton,http://landregistry.data.gov.uk/id/region/merton,E09000024,2022-01,193,monthly,554777,1652187,861762,596541,404858,2022-01-01
Merton,http://landregistry.data.gov.uk/id/region/merton,E09000024,2022-02,212,monthly,550844,1629400,854186,592504,402456,2022-02-01
Merton,http://landregistry.data.gov.uk/id/region/merton,E09000024,2022-03,215,monthly,541755,1611296,842742,582592,395219,2022-03-01
Merton,http://landregistry.data.gov.uk/id/region/merton,E09000024,2022-04,210,monthly,545448,1615282,847014,587334,397658,2022-04-01
Merton,http://landregistry.data.gov.uk/id/region/merton,E09000024,2022-05,203,monthly,549481,1633726,855514,593129,398660,2022-05-01
Merton,http://landregistry.data.gov.uk/id/region/merton,E09000024,2022-06,191,monthly,556089,1643121,863949,601391,403030,2022-06-01
Merton,http://landregistry.data.gov.uk/id/region/merton,E09000024,2022-07,281,monthly,566247,1672461,880501,613678,409085,2022-07-01
Merton,http://landregistry.data.gov.uk/id/region/merton,E09000024,2022-08,246,monthly,575498,1692887,895042,625505,414302,2022-08-01
Merton,http://landregistry.data.gov.uk/id/region/merton,E09000024,2022-09,266,monthly,579585,1715717,903581,631029,415552,2022-09-01
Merton,http://landregistry.data.gov.uk/id/region/merton,E09000024,2022-10,232,monthly,575754,1701647,898596,627632,412023,2022-10-01
Merton,http://landregistry.data.gov.uk/id/region/merton,E09000024,2022-11,236,monthly,580718,1722616,907848,632953,415219,2022-11-01
Merton,http://landregistry.data.gov.uk/id/region/merton,E09000024,2022-12,186,monthly,578062,1708500,904287,630531,412984,2022-12-01
Merton,http://landregistry.data.gov.uk/id/region/merton,E09000024,2023-01,145,monthly,576833,1718878,904408,627814,412597,2023-01-01
Merton,http://landregistry.data.gov.uk/id/region/merton,E09000024,2023-02,143,monthly,576558,1713390,903832,626382,413555,2023-02-01
Merton,http://landregistry.data.gov.uk/id/region/merton,E09000024,2023-03,141,monthly,571735,1708760,898199,618908,411379,2023-03-01
Merton,http://landregistry.data.gov.uk/id/region/merton,E09000024,2023-04,113,monthly,569168,1701230,893023,615286,410343,2023-04-01
Merton,http://landregistry.data.gov.uk/id/region/merton,E09000024,2023-05,125,monthly,562364,1668875,880512,607436,406437,2023-05-01
Merton,http://landregistry.data.gov.uk/id/region/merton,E09000024,2023-06,175,monthly,566450,1683411,884372,612907,408892,2023-06-01
Merton,http://landregistry.data.gov.uk/id/region/merton,E09000024,2023-07,174,monthly,572412,1697238,894312,621225,411788,2023-07-01
Merton,http://landregistry.data.gov.uk/id/region/merton,E09000024,2023-08,221,monthly,574101,1720374,899457,624734,410837,2023-08-01
Merton,http://landregistry.data.gov.uk/id/region/merton,E09000024,2023-09,165,monthly,567928,1691804,891740,619699,405135,2023-09-01
Merton,http://landregistry.data.gov.uk/id/region/merton,E09000024,2023-10,134,monthly,563966,1665630,885652,615058,402934,2023-10-01
Merton,http://landregistry.data.gov.uk/id/region/merton,E09000024,2023-11,145,monthly,564792,1664158,888099,614582,404507,2023-11-01
Merton,http://landregistry.data.gov.uk/id/region/merton,E09000024,2023-12,126,monthly,561456,1638747,882271,610164,403238,2023-12-01
Merton,http://landregistry.data.gov.uk/id/region/merton,E09000024,2024-01,105,monthly,552582,1600103,867120,601677,396537,2024-01-01
Merton,http://landregistry.data.gov.uk/id/region/merton,E09000024,2024-02,50,monthly,533675,1511985,834031,580977,384382,2024-02-01
Merton,http://landregistry.data.gov.uk/id/region/merton,E09000024,2024-03,,monthly,545174,1536723,848308,591393,394887,2024-03-01
Merton,http://landregistry.data.gov.uk/id/region/merton,E09000024,2024-04,,monthly,553367,1537418,861289,598805,402403,2024-04-01
