"Name","URI","Region GSS code","Period","Sales volume","Reporting period","Average price All property types","Average price Detached houses","Average price Semi-detached houses","Average price Terraced houses","Average price Flats and maisonettes","Pivotable date"
Milton Keynes,http://landregistry.data.gov.uk/id/region/milton-keynes,E06000042,2004-01,486,monthly,144801,240869,140750,115164,91838,2004-01-01
Milton Keynes,http://landregistry.data.gov.uk/id/region/milton-keynes,E06000042,2004-02,494,monthly,142669,236443,138631,113713,90811,2004-02-01
Milton Keynes,http://landregistry.data.gov.uk/id/region/milton-keynes,E06000042,2004-03,566,monthly,143785,238410,139641,114601,91311,2004-03-01
Milton Keynes,http://landregistry.data.gov.uk/id/region/milton-keynes,E06000042,2004-04,612,monthly,144308,236806,140316,115809,91883,2004-04-01
Milton Keynes,http://landregistry.data.gov.uk/id/region/milton-keynes,E06000042,2004-05,555,monthly,147993,240853,143951,119456,94495,2004-05-01
Milton Keynes,http://landregistry.data.gov.uk/id/region/milton-keynes,E06000042,2004-06,607,monthly,151070,244138,147117,122368,96821,2004-06-01
Milton Keynes,http://landregistry.data.gov.uk/id/region/milton-keynes,E06000042,2004-07,662,monthly,154376,248985,150412,125177,98985,2004-07-01
Milton Keynes,http://landregistry.data.gov.uk/id/region/milton-keynes,E06000042,2004-08,572,monthly,153980,248498,150027,124833,98633,2004-08-01
Milton Keynes,http://landregistry.data.gov.uk/id/region/milton-keynes,E06000042,2004-09,509,monthly,155679,251776,151607,126162,99450,2004-09-01
Milton Keynes,http://landregistry.data.gov.uk/id/region/milton-keynes,E06000042,2004-10,472,monthly,156120,252459,151853,126499,100160,2004-10-01
Milton Keynes,http://landregistry.data.gov.uk/id/region/milton-keynes,E06000042,2004-11,403,monthly,159131,257141,154660,129016,102341,2004-11-01
Milton Keynes,http://landregistry.data.gov.uk/id/region/milton-keynes,E06000042,2004-12,422,monthly,158193,254350,153520,128679,102488,2004-12-01
Milton Keynes,http://landregistry.data.gov.uk/id/region/milton-keynes,E06000042,2005-01,326,monthly,157579,253564,152662,128339,102041,2005-01-01
Milton Keynes,http://landregistry.data.gov.uk/id/region/milton-keynes,E06000042,2005-02,320,monthly,154611,248555,149897,125987,100024,2005-02-01
Milton Keynes,http://landregistry.data.gov.uk/id/region/milton-keynes,E06000042,2005-03,363,monthly,155582,250220,151013,126745,100269,2005-03-01
Milton Keynes,http://landregistry.data.gov.uk/id/region/milton-keynes,E06000042,2005-04,416,monthly,156887,250951,152612,128069,101224,2005-04-01
Milton Keynes,http://landregistry.data.gov.uk/id/region/milton-keynes,E06000042,2005-05,456,monthly,159466,254694,154843,130384,103242,2005-05-01
Milton Keynes,http://landregistry.data.gov.uk/id/region/milton-keynes,E06000042,2005-06,472,monthly,159812,253939,155100,131180,103697,2005-06-01
Milton Keynes,http://landregistry.data.gov.uk/id/region/milton-keynes,E06000042,2005-07,536,monthly,158767,252584,153958,130351,102897,2005-07-01
Milton Keynes,http://landregistry.data.gov.uk/id/region/milton-keynes,E06000042,2005-08,526,monthly,157457,250576,152573,129425,101860,2005-08-01
Milton Keynes,http://landregistry.data.gov.uk/id/region/milton-keynes,E06000042,2005-09,480,monthly,156878,250356,151831,128843,101376,2005-09-01
Milton Keynes,http://landregistry.data.gov.uk/id/region/milton-keynes,E06000042,2005-10,497,monthly,158975,253429,153639,130683,103096,2005-10-01
Milton Keynes,http://landregistry.data.gov.uk/id/region/milton-keynes,E06000042,2005-11,543,monthly,158409,251930,153147,130332,102931,2005-11-01
Milton Keynes,http://landregistry.data.gov.uk/id/region/milton-keynes,E06000042,2005-12,595,monthly,158643,251356,153243,130728,103736,2005-12-01
Milton Keynes,http://landregistry.data.gov.uk/id/region/milton-keynes,E06000042,2006-01,419,monthly,157681,250250,152316,129988,102620,2006-01-01
Milton Keynes,http://landregistry.data.gov.uk/id/region/milton-keynes,E06000042,2006-02,502,monthly,159605,252812,154040,131710,104050,2006-02-01
Milton Keynes,http://landregistry.data.gov.uk/id/region/milton-keynes,E06000042,2006-03,579,monthly,160443,254802,154964,132286,103924,2006-03-01
Milton Keynes,http://landregistry.data.gov.uk/id/region/milton-keynes,E06000042,2006-04,528,monthly,160014,252926,154608,132203,103950,2006-04-01
Milton Keynes,http://landregistry.data.gov.uk/id/region/milton-keynes,E06000042,2006-05,553,monthly,161940,255831,156557,133834,105122,2006-05-01
Milton Keynes,http://landregistry.data.gov.uk/id/region/milton-keynes,E06000042,2006-06,689,monthly,163083,256612,157671,135053,106119,2006-06-01
Milton Keynes,http://landregistry.data.gov.uk/id/region/milton-keynes,E06000042,2006-07,691,monthly,166474,262329,160861,138025,107911,2006-07-01
Milton Keynes,http://landregistry.data.gov.uk/id/region/milton-keynes,E06000042,2006-08,633,monthly,167012,263603,161293,138720,107673,2006-08-01
Milton Keynes,http://landregistry.data.gov.uk/id/region/milton-keynes,E06000042,2006-09,586,monthly,169422,268453,163669,140602,108635,2006-09-01
Milton Keynes,http://landregistry.data.gov.uk/id/region/milton-keynes,E06000042,2006-10,574,monthly,170496,270292,164656,141345,109531,2006-10-01
Milton Keynes,http://landregistry.data.gov.uk/id/region/milton-keynes,E06000042,2006-11,639,monthly,171462,271793,165803,142039,110075,2006-11-01
Milton Keynes,http://landregistry.data.gov.uk/id/region/milton-keynes,E06000042,2006-12,692,monthly,172728,272536,166994,143379,111337,2006-12-01
Milton Keynes,http://landregistry.data.gov.uk/id/region/milton-keynes,E06000042,2007-01,465,monthly,173904,274463,168153,144407,111934,2007-01-01
Milton Keynes,http://landregistry.data.gov.uk/id/region/milton-keynes,E06000042,2007-02,441,monthly,175258,276207,169310,145375,113255,2007-02-01
Milton Keynes,http://landregistry.data.gov.uk/id/region/milton-keynes,E06000042,2007-03,649,monthly,174024,275041,168207,144338,111846,2007-03-01
Milton Keynes,http://landregistry.data.gov.uk/id/region/milton-keynes,E06000042,2007-04,508,monthly,177635,279712,171642,147799,114163,2007-04-01
Milton Keynes,http://landregistry.data.gov.uk/id/region/milton-keynes,E06000042,2007-05,584,monthly,181314,284393,175001,151274,116719,2007-05-01
Milton Keynes,http://landregistry.data.gov.uk/id/region/milton-keynes,E06000042,2007-06,748,monthly,185686,290794,179054,155035,119731,2007-06-01
Milton Keynes,http://landregistry.data.gov.uk/id/region/milton-keynes,E06000042,2007-07,725,monthly,185626,291864,178940,154807,119438,2007-07-01
Milton Keynes,http://landregistry.data.gov.uk/id/region/milton-keynes,E06000042,2007-08,757,monthly,186329,294900,179869,155615,118686,2007-08-01
Milton Keynes,http://landregistry.data.gov.uk/id/region/milton-keynes,E06000042,2007-09,609,monthly,190116,301908,183500,158597,120880,2007-09-01
Milton Keynes,http://landregistry.data.gov.uk/id/region/milton-keynes,E06000042,2007-10,784,monthly,194666,309178,187642,162283,124055,2007-10-01
Milton Keynes,http://landregistry.data.gov.uk/id/region/milton-keynes,E06000042,2007-11,519,monthly,193267,306776,186159,160706,123749,2007-11-01
Milton Keynes,http://landregistry.data.gov.uk/id/region/milton-keynes,E06000042,2007-12,548,monthly,191073,302780,183937,158901,122617,2007-12-01
Milton Keynes,http://landregistry.data.gov.uk/id/region/milton-keynes,E06000042,2008-01,320,monthly,187976,298417,180970,156104,120622,2008-01-01
Milton Keynes,http://landregistry.data.gov.uk/id/region/milton-keynes,E06000042,2008-02,363,monthly,188269,299126,181145,156130,120962,2008-02-01
Milton Keynes,http://landregistry.data.gov.uk/id/region/milton-keynes,E06000042,2008-03,383,monthly,190507,303366,183627,157973,122002,2008-03-01
Milton Keynes,http://landregistry.data.gov.uk/id/region/milton-keynes,E06000042,2008-04,402,monthly,186181,297045,179636,154606,118781,2008-04-01
Milton Keynes,http://landregistry.data.gov.uk/id/region/milton-keynes,E06000042,2008-05,391,monthly,185669,295816,179471,154649,118077,2008-05-01
Milton Keynes,http://landregistry.data.gov.uk/id/region/milton-keynes,E06000042,2008-06,378,monthly,182402,290473,176206,152127,115966,2008-06-01
Milton Keynes,http://landregistry.data.gov.uk/id/region/milton-keynes,E06000042,2008-07,374,monthly,184090,292906,178078,153589,116952,2008-07-01
Milton Keynes,http://landregistry.data.gov.uk/id/region/milton-keynes,E06000042,2008-08,312,monthly,178766,285491,172747,149077,113360,2008-08-01
Milton Keynes,http://landregistry.data.gov.uk/id/region/milton-keynes,E06000042,2008-09,250,monthly,172583,278176,166559,143518,108979,2008-09-01
Milton Keynes,http://landregistry.data.gov.uk/id/region/milton-keynes,E06000042,2008-10,283,monthly,165408,267153,159396,137283,104589,2008-10-01
Milton Keynes,http://landregistry.data.gov.uk/id/region/milton-keynes,E06000042,2008-11,207,monthly,160849,259592,155028,133359,101859,2008-11-01
Milton Keynes,http://landregistry.data.gov.uk/id/region/milton-keynes,E06000042,2008-12,329,monthly,159396,255515,153768,132619,101115,2008-12-01
Milton Keynes,http://landregistry.data.gov.uk/id/region/milton-keynes,E06000042,2009-01,199,monthly,158677,254852,152734,131707,100912,2009-01-01
Milton Keynes,http://landregistry.data.gov.uk/id/region/milton-keynes,E06000042,2009-02,172,monthly,151371,243391,145564,125378,96476,2009-02-01
Milton Keynes,http://landregistry.data.gov.uk/id/region/milton-keynes,E06000042,2009-03,262,monthly,147903,238214,141840,121906,94856,2009-03-01
Milton Keynes,http://landregistry.data.gov.uk/id/region/milton-keynes,E06000042,2009-04,250,monthly,147827,236666,142321,122207,94720,2009-04-01
Milton Keynes,http://landregistry.data.gov.uk/id/region/milton-keynes,E06000042,2009-05,251,monthly,156866,250496,151264,130103,100254,2009-05-01
Milton Keynes,http://landregistry.data.gov.uk/id/region/milton-keynes,E06000042,2009-06,345,monthly,158378,252744,153195,131828,100509,2009-06-01
Milton Keynes,http://landregistry.data.gov.uk/id/region/milton-keynes,E06000042,2009-07,341,monthly,158618,254065,153455,132295,99964,2009-07-01
Milton Keynes,http://landregistry.data.gov.uk/id/region/milton-keynes,E06000042,2009-08,326,monthly,158838,255433,153843,132734,99266,2009-08-01
Milton Keynes,http://landregistry.data.gov.uk/id/region/milton-keynes,E06000042,2009-09,319,monthly,159551,257032,154546,133373,99451,2009-09-01
Milton Keynes,http://landregistry.data.gov.uk/id/region/milton-keynes,E06000042,2009-10,320,monthly,160241,258144,155482,134095,99551,2009-10-01
Milton Keynes,http://landregistry.data.gov.uk/id/region/milton-keynes,E06000042,2009-11,338,monthly,160841,259448,155930,134730,99761,2009-11-01
Milton Keynes,http://landregistry.data.gov.uk/id/region/milton-keynes,E06000042,2009-12,548,monthly,163358,262248,158805,137319,101166,2009-12-01
Milton Keynes,http://landregistry.data.gov.uk/id/region/milton-keynes,E06000042,2010-01,186,monthly,162256,262020,157867,136529,99576,2010-01-01
Milton Keynes,http://landregistry.data.gov.uk/id/region/milton-keynes,E06000042,2010-02,263,monthly,161983,262141,158288,136152,98998,2010-02-01
Milton Keynes,http://landregistry.data.gov.uk/id/region/milton-keynes,E06000042,2010-03,297,monthly,160544,262204,156825,134459,97822,2010-03-01
Milton Keynes,http://landregistry.data.gov.uk/id/region/milton-keynes,E06000042,2010-04,294,monthly,165660,269611,162039,138719,101487,2010-04-01
Milton Keynes,http://landregistry.data.gov.uk/id/region/milton-keynes,E06000042,2010-05,255,monthly,168034,273119,164122,140899,103263,2010-05-01
Milton Keynes,http://landregistry.data.gov.uk/id/region/milton-keynes,E06000042,2010-06,304,monthly,170348,276251,166596,143247,104436,2010-06-01
Milton Keynes,http://landregistry.data.gov.uk/id/region/milton-keynes,E06000042,2010-07,315,monthly,170413,277364,166509,143303,103834,2010-07-01
Milton Keynes,http://landregistry.data.gov.uk/id/region/milton-keynes,E06000042,2010-08,283,monthly,170053,277995,166374,142667,102803,2010-08-01
Milton Keynes,http://landregistry.data.gov.uk/id/region/milton-keynes,E06000042,2010-09,281,monthly,169896,279250,166057,142186,102114,2010-09-01
Milton Keynes,http://landregistry.data.gov.uk/id/region/milton-keynes,E06000042,2010-10,309,monthly,165437,272335,161776,138102,99464,2010-10-01
Milton Keynes,http://landregistry.data.gov.uk/id/region/milton-keynes,E06000042,2010-11,310,monthly,166194,274040,162357,138424,100124,2010-11-01
Milton Keynes,http://landregistry.data.gov.uk/id/region/milton-keynes,E06000042,2010-12,371,monthly,166365,274112,162741,138356,100416,2010-12-01
Milton Keynes,http://landregistry.data.gov.uk/id/region/milton-keynes,E06000042,2011-01,154,monthly,167178,275860,163260,138931,101022,2011-01-01
Milton Keynes,http://landregistry.data.gov.uk/id/region/milton-keynes,E06000042,2011-02,193,monthly,162892,269185,158886,135332,98401,2011-02-01
Milton Keynes,http://landregistry.data.gov.uk/id/region/milton-keynes,E06000042,2011-03,255,monthly,159564,264981,155180,132291,96276,2011-03-01
Milton Keynes,http://landregistry.data.gov.uk/id/region/milton-keynes,E06000042,2011-04,244,monthly,158396,262983,154037,131343,95597,2011-04-01
Milton Keynes,http://landregistry.data.gov.uk/id/region/milton-keynes,E06000042,2011-05,245,monthly,161630,267276,157289,134156,98059,2011-05-01
Milton Keynes,http://landregistry.data.gov.uk/id/region/milton-keynes,E06000042,2011-06,326,monthly,162782,267468,158865,135509,98972,2011-06-01
Milton Keynes,http://landregistry.data.gov.uk/id/region/milton-keynes,E06000042,2011-07,271,monthly,167225,274367,163211,139323,101805,2011-07-01
Milton Keynes,http://landregistry.data.gov.uk/id/region/milton-keynes,E06000042,2011-08,319,monthly,166982,274817,163239,139207,100578,2011-08-01
Milton Keynes,http://landregistry.data.gov.uk/id/region/milton-keynes,E06000042,2011-09,346,monthly,169794,280607,165890,141400,101713,2011-09-01
Milton Keynes,http://landregistry.data.gov.uk/id/region/milton-keynes,E06000042,2011-10,274,monthly,169174,280439,165607,140557,100773,2011-10-01
Milton Keynes,http://landregistry.data.gov.uk/id/region/milton-keynes,E06000042,2011-11,342,monthly,170183,281741,166439,141191,102121,2011-11-01
Milton Keynes,http://landregistry.data.gov.uk/id/region/milton-keynes,E06000042,2011-12,419,monthly,169696,280093,166227,140741,102224,2011-12-01
Milton Keynes,http://landregistry.data.gov.uk/id/region/milton-keynes,E06000042,2012-01,236,monthly,168563,277554,165290,140074,101465,2012-01-01
Milton Keynes,http://landregistry.data.gov.uk/id/region/milton-keynes,E06000042,2012-02,241,monthly,170624,280746,167470,142165,102150,2012-02-01
Milton Keynes,http://landregistry.data.gov.uk/id/region/milton-keynes,E06000042,2012-03,358,monthly,169562,277998,166504,141754,101615,2012-03-01
Milton Keynes,http://landregistry.data.gov.uk/id/region/milton-keynes,E06000042,2012-04,198,monthly,171438,280823,168088,143360,103186,2012-04-01
Milton Keynes,http://landregistry.data.gov.uk/id/region/milton-keynes,E06000042,2012-05,257,monthly,170406,278911,167061,142516,102740,2012-05-01
Milton Keynes,http://landregistry.data.gov.uk/id/region/milton-keynes,E06000042,2012-06,373,monthly,170469,279271,166882,142852,102408,2012-06-01
Milton Keynes,http://landregistry.data.gov.uk/id/region/milton-keynes,E06000042,2012-07,284,monthly,171561,281068,167838,144103,102679,2012-07-01
Milton Keynes,http://landregistry.data.gov.uk/id/region/milton-keynes,E06000042,2012-08,313,monthly,173586,284349,169849,146159,103353,2012-08-01
Milton Keynes,http://landregistry.data.gov.uk/id/region/milton-keynes,E06000042,2012-09,270,monthly,177422,291714,173460,149136,105274,2012-09-01
Milton Keynes,http://landregistry.data.gov.uk/id/region/milton-keynes,E06000042,2012-10,294,monthly,175140,287548,171463,147158,104084,2012-10-01
Milton Keynes,http://landregistry.data.gov.uk/id/region/milton-keynes,E06000042,2012-11,327,monthly,171926,282340,168292,144331,102337,2012-11-01
Milton Keynes,http://landregistry.data.gov.uk/id/region/milton-keynes,E06000042,2012-12,344,monthly,171488,281465,168064,143873,102109,2012-12-01
Milton Keynes,http://landregistry.data.gov.uk/id/region/milton-keynes,E06000042,2013-01,217,monthly,172797,284119,169615,144847,102348,2013-01-01
Milton Keynes,http://landregistry.data.gov.uk/id/region/milton-keynes,E06000042,2013-02,247,monthly,174208,286776,171069,145918,102960,2013-02-01
Milton Keynes,http://landregistry.data.gov.uk/id/region/milton-keynes,E06000042,2013-03,270,monthly,172541,284452,169357,144233,102098,2013-03-01
Milton Keynes,http://landregistry.data.gov.uk/id/region/milton-keynes,E06000042,2013-04,264,monthly,173125,285169,169715,144841,102638,2013-04-01
Milton Keynes,http://landregistry.data.gov.uk/id/region/milton-keynes,E06000042,2013-05,303,monthly,174653,287007,171277,146159,103874,2013-05-01
Milton Keynes,http://landregistry.data.gov.uk/id/region/milton-keynes,E06000042,2013-06,403,monthly,177221,290128,173937,148797,105278,2013-06-01
Milton Keynes,http://landregistry.data.gov.uk/id/region/milton-keynes,E06000042,2013-07,327,monthly,178967,292968,175450,150448,106253,2013-07-01
Milton Keynes,http://landregistry.data.gov.uk/id/region/milton-keynes,E06000042,2013-08,391,monthly,179720,294610,176205,151204,106233,2013-08-01
Milton Keynes,http://landregistry.data.gov.uk/id/region/milton-keynes,E06000042,2013-09,371,monthly,179214,294794,175575,150527,105758,2013-09-01
Milton Keynes,http://landregistry.data.gov.uk/id/region/milton-keynes,E06000042,2013-10,437,monthly,179278,295858,175843,150198,105526,2013-10-01
Milton Keynes,http://landregistry.data.gov.uk/id/region/milton-keynes,E06000042,2013-11,422,monthly,180311,297600,177000,150878,106243,2013-11-01
Milton Keynes,http://landregistry.data.gov.uk/id/region/milton-keynes,E06000042,2013-12,437,monthly,180510,296860,177585,151036,106704,2013-12-01
Milton Keynes,http://landregistry.data.gov.uk/id/region/milton-keynes,E06000042,2014-01,288,monthly,181743,298446,178807,152094,107672,2014-01-01
Milton Keynes,http://landregistry.data.gov.uk/id/region/milton-keynes,E06000042,2014-02,350,monthly,183373,301268,180431,153380,108648,2014-02-01
Milton Keynes,http://landregistry.data.gov.uk/id/region/milton-keynes,E06000042,2014-03,398,monthly,187203,307722,184424,156579,110620,2014-03-01
Milton Keynes,http://landregistry.data.gov.uk/id/region/milton-keynes,E06000042,2014-04,353,monthly,190701,312504,188000,159857,112710,2014-04-01
Milton Keynes,http://landregistry.data.gov.uk/id/region/milton-keynes,E06000042,2014-05,411,monthly,193962,316946,191323,162945,114638,2014-05-01
Milton Keynes,http://landregistry.data.gov.uk/id/region/milton-keynes,E06000042,2014-06,428,monthly,198152,323731,195471,166601,116964,2014-06-01
Milton Keynes,http://landregistry.data.gov.uk/id/region/milton-keynes,E06000042,2014-07,416,monthly,201808,330178,199152,169709,118721,2014-07-01
Milton Keynes,http://landregistry.data.gov.uk/id/region/milton-keynes,E06000042,2014-08,428,monthly,204675,335787,201852,172043,120053,2014-08-01
Milton Keynes,http://landregistry.data.gov.uk/id/region/milton-keynes,E06000042,2014-09,382,monthly,205045,336919,201879,172357,120237,2014-09-01
Milton Keynes,http://landregistry.data.gov.uk/id/region/milton-keynes,E06000042,2014-10,415,monthly,206486,339421,203389,173286,121285,2014-10-01
Milton Keynes,http://landregistry.data.gov.uk/id/region/milton-keynes,E06000042,2014-11,374,monthly,206254,339053,203249,172870,121351,2014-11-01
Milton Keynes,http://landregistry.data.gov.uk/id/region/milton-keynes,E06000042,2014-12,435,monthly,208395,342647,205439,174431,122797,2014-12-01
Milton Keynes,http://landregistry.data.gov.uk/id/region/milton-keynes,E06000042,2015-01,310,monthly,207770,341733,204879,173740,122528,2015-01-01
Milton Keynes,http://landregistry.data.gov.uk/id/region/milton-keynes,E06000042,2015-02,347,monthly,212223,348827,209093,177391,125548,2015-02-01
Milton Keynes,http://landregistry.data.gov.uk/id/region/milton-keynes,E06000042,2015-03,348,monthly,212419,349642,209401,177274,125641,2015-03-01
Milton Keynes,http://landregistry.data.gov.uk/id/region/milton-keynes,E06000042,2015-04,348,monthly,213371,351345,210219,178196,126026,2015-04-01
Milton Keynes,http://landregistry.data.gov.uk/id/region/milton-keynes,E06000042,2015-05,359,monthly,212334,349538,209481,177305,125275,2015-05-01
Milton Keynes,http://landregistry.data.gov.uk/id/region/milton-keynes,E06000042,2015-06,460,monthly,214540,352592,211878,179634,126058,2015-06-01
Milton Keynes,http://landregistry.data.gov.uk/id/region/milton-keynes,E06000042,2015-07,426,monthly,219404,360200,216866,183759,128936,2015-07-01
Milton Keynes,http://landregistry.data.gov.uk/id/region/milton-keynes,E06000042,2015-08,359,monthly,223492,367219,220879,187394,130848,2015-08-01
Milton Keynes,http://landregistry.data.gov.uk/id/region/milton-keynes,E06000042,2015-09,445,monthly,228376,376388,225304,191181,133750,2015-09-01
Milton Keynes,http://landregistry.data.gov.uk/id/region/milton-keynes,E06000042,2015-10,477,monthly,230254,380182,227189,192701,134437,2015-10-01
Milton Keynes,http://landregistry.data.gov.uk/id/region/milton-keynes,E06000042,2015-11,455,monthly,232155,383698,229186,194107,135464,2015-11-01
Milton Keynes,http://landregistry.data.gov.uk/id/region/milton-keynes,E06000042,2015-12,460,monthly,233484,385669,230923,195130,136152,2015-12-01
Milton Keynes,http://landregistry.data.gov.uk/id/region/milton-keynes,E06000042,2016-01,295,monthly,236437,390376,234202,197327,138073,2016-01-01
Milton Keynes,http://landregistry.data.gov.uk/id/region/milton-keynes,E06000042,2016-02,319,monthly,241149,397934,239045,201197,140912,2016-02-01
Milton Keynes,http://landregistry.data.gov.uk/id/region/milton-keynes,E06000042,2016-03,701,monthly,246599,407266,243996,205593,144481,2016-03-01
Milton Keynes,http://landregistry.data.gov.uk/id/region/milton-keynes,E06000042,2016-04,291,monthly,247786,408596,245201,206863,145159,2016-04-01
Milton Keynes,http://landregistry.data.gov.uk/id/region/milton-keynes,E06000042,2016-05,318,monthly,246657,405509,243983,206130,145090,2016-05-01
Milton Keynes,http://landregistry.data.gov.uk/id/region/milton-keynes,E06000042,2016-06,439,monthly,249121,408702,246725,208475,146424,2016-06-01
Milton Keynes,http://landregistry.data.gov.uk/id/region/milton-keynes,E06000042,2016-07,387,monthly,253003,415310,250294,211772,148712,2016-07-01
Milton Keynes,http://landregistry.data.gov.uk/id/region/milton-keynes,E06000042,2016-08,426,monthly,253428,417272,250546,211928,148561,2016-08-01
Milton Keynes,http://landregistry.data.gov.uk/id/region/milton-keynes,E06000042,2016-09,431,monthly,248249,409388,245620,207296,145374,2016-09-01
Milton Keynes,http://landregistry.data.gov.uk/id/region/milton-keynes,E06000042,2016-10,403,monthly,244898,404914,242251,203801,143788,2016-10-01
Milton Keynes,http://landregistry.data.gov.uk/id/region/milton-keynes,E06000042,2016-11,346,monthly,245150,406631,242559,203354,143993,2016-11-01
Milton Keynes,http://landregistry.data.gov.uk/id/region/milton-keynes,E06000042,2016-12,477,monthly,247373,410768,244554,204842,145705,2016-12-01
Milton Keynes,http://landregistry.data.gov.uk/id/region/milton-keynes,E06000042,2017-01,289,monthly,252215,419366,249403,208806,148204,2017-01-01
Milton Keynes,http://landregistry.data.gov.uk/id/region/milton-keynes,E06000042,2017-02,361,monthly,255088,423020,251809,211137,150773,2017-02-01
Milton Keynes,http://landregistry.data.gov.uk/id/region/milton-keynes,E06000042,2017-03,419,monthly,258643,428755,255325,213869,153100,2017-03-01
Milton Keynes,http://landregistry.data.gov.uk/id/region/milton-keynes,E06000042,2017-04,366,monthly,258630,427924,255040,213821,153732,2017-04-01
Milton Keynes,http://landregistry.data.gov.uk/id/region/milton-keynes,E06000042,2017-05,373,monthly,261059,430673,258065,215866,155300,2017-05-01
Milton Keynes,http://landregistry.data.gov.uk/id/region/milton-keynes,E06000042,2017-06,445,monthly,259356,426407,256248,214967,154532,2017-06-01
Milton Keynes,http://landregistry.data.gov.uk/id/region/milton-keynes,E06000042,2017-07,413,monthly,259732,426115,256726,215341,155059,2017-07-01
Milton Keynes,http://landregistry.data.gov.uk/id/region/milton-keynes,E06000042,2017-08,407,monthly,260395,427633,256871,216518,154907,2017-08-01
Milton Keynes,http://landregistry.data.gov.uk/id/region/milton-keynes,E06000042,2017-09,442,monthly,263107,433212,259568,218668,156067,2017-09-01
Milton Keynes,http://landregistry.data.gov.uk/id/region/milton-keynes,E06000042,2017-10,504,monthly,267466,441162,264162,222322,158012,2017-10-01
Milton Keynes,http://landregistry.data.gov.uk/id/region/milton-keynes,E06000042,2017-11,387,monthly,266500,440141,263559,221073,157398,2017-11-01
Milton Keynes,http://landregistry.data.gov.uk/id/region/milton-keynes,E06000042,2017-12,450,monthly,268420,442444,265695,222892,158530,2017-12-01
Milton Keynes,http://landregistry.data.gov.uk/id/region/milton-keynes,E06000042,2018-01,307,monthly,264143,435652,261500,219167,156044,2018-01-01
Milton Keynes,http://landregistry.data.gov.uk/id/region/milton-keynes,E06000042,2018-02,351,monthly,265782,439578,263136,220317,156644,2018-02-01
Milton Keynes,http://landregistry.data.gov.uk/id/region/milton-keynes,E06000042,2018-03,403,monthly,262702,435928,260373,217602,154276,2018-03-01
Milton Keynes,http://landregistry.data.gov.uk/id/region/milton-keynes,E06000042,2018-04,297,monthly,265415,440402,263373,220435,155260,2018-04-01
Milton Keynes,http://landregistry.data.gov.uk/id/region/milton-keynes,E06000042,2018-05,327,monthly,263568,437245,262102,219528,153410,2018-05-01
Milton Keynes,http://landregistry.data.gov.uk/id/region/milton-keynes,E06000042,2018-06,489,monthly,265676,440071,264653,221272,154637,2018-06-01
Milton Keynes,http://landregistry.data.gov.uk/id/region/milton-keynes,E06000042,2018-07,362,monthly,264744,439174,263647,220542,153847,2018-07-01
Milton Keynes,http://landregistry.data.gov.uk/id/region/milton-keynes,E06000042,2018-08,488,monthly,267953,444215,266791,223351,155760,2018-08-01
Milton Keynes,http://landregistry.data.gov.uk/id/region/milton-keynes,E06000042,2018-09,350,monthly,266417,442758,265284,222232,154298,2018-09-01
Milton Keynes,http://landregistry.data.gov.uk/id/region/milton-keynes,E06000042,2018-10,347,monthly,265920,442097,264895,221461,154134,2018-10-01
Milton Keynes,http://landregistry.data.gov.uk/id/region/milton-keynes,E06000042,2018-11,415,monthly,262984,437952,262181,218926,152072,2018-11-01
Milton Keynes,http://landregistry.data.gov.uk/id/region/milton-keynes,E06000042,2018-12,415,monthly,261024,433718,260200,217122,151470,2018-12-01
Milton Keynes,http://landregistry.data.gov.uk/id/region/milton-keynes,E06000042,2019-01,276,monthly,257418,428524,256767,213986,149058,2019-01-01
Milton Keynes,http://landregistry.data.gov.uk/id/region/milton-keynes,E06000042,2019-02,248,monthly,256061,426303,255393,212409,148653,2019-02-01
Milton Keynes,http://landregistry.data.gov.uk/id/region/milton-keynes,E06000042,2019-03,350,monthly,254248,424286,253838,210896,147009,2019-03-01
Milton Keynes,http://landregistry.data.gov.uk/id/region/milton-keynes,E06000042,2019-04,340,monthly,254096,422986,253928,211312,146711,2019-04-01
Milton Keynes,http://landregistry.data.gov.uk/id/region/milton-keynes,E06000042,2019-05,381,monthly,255174,424197,255194,212879,146812,2019-05-01
Milton Keynes,http://landregistry.data.gov.uk/id/region/milton-keynes,E06000042,2019-06,409,monthly,256520,425795,256337,214335,147743,2019-06-01
Milton Keynes,http://landregistry.data.gov.uk/id/region/milton-keynes,E06000042,2019-07,347,monthly,262238,435413,261864,219109,151126,2019-07-01
Milton Keynes,http://landregistry.data.gov.uk/id/region/milton-keynes,E06000042,2019-08,382,monthly,259619,431471,259103,217159,149300,2019-08-01
Milton Keynes,http://landregistry.data.gov.uk/id/region/milton-keynes,E06000042,2019-09,403,monthly,259550,431305,258728,217439,149200,2019-09-01
Milton Keynes,http://landregistry.data.gov.uk/id/region/milton-keynes,E06000042,2019-10,401,monthly,257630,427444,257307,215767,148100,2019-10-01
Milton Keynes,http://landregistry.data.gov.uk/id/region/milton-keynes,E06000042,2019-11,423,monthly,259401,430649,259404,216756,149205,2019-11-01
Milton Keynes,http://landregistry.data.gov.uk/id/region/milton-keynes,E06000042,2019-12,484,monthly,259672,431384,260087,216864,148997,2019-12-01
Milton Keynes,http://landregistry.data.gov.uk/id/region/milton-keynes,E06000042,2020-01,304,monthly,257736,428948,258163,215267,147459,2020-01-01
Milton Keynes,http://landregistry.data.gov.uk/id/region/milton-keynes,E06000042,2020-02,328,monthly,257606,429038,258068,215452,146939,2020-02-01
Milton Keynes,http://landregistry.data.gov.uk/id/region/milton-keynes,E06000042,2020-03,290,monthly,261303,435694,261893,218359,148897,2020-03-01
Milton Keynes,http://landregistry.data.gov.uk/id/region/milton-keynes,E06000042,2020-04,110,monthly,261611,437511,262204,218915,148135,2020-04-01
Milton Keynes,http://landregistry.data.gov.uk/id/region/milton-keynes,E06000042,2020-05,164,monthly,260009,434608,260978,217108,147442,2020-05-01
Milton Keynes,http://landregistry.data.gov.uk/id/region/milton-keynes,E06000042,2020-06,233,monthly,253889,423780,255046,212492,143667,2020-06-01
Milton Keynes,http://landregistry.data.gov.uk/id/region/milton-keynes,E06000042,2020-07,269,monthly,258872,430728,259800,216777,147297,2020-07-01
Milton Keynes,http://landregistry.data.gov.uk/id/region/milton-keynes,E06000042,2020-08,232,monthly,263046,438618,263856,220894,148749,2020-08-01
Milton Keynes,http://landregistry.data.gov.uk/id/region/milton-keynes,E06000042,2020-09,321,monthly,267322,447548,268004,224348,150483,2020-09-01
Milton Keynes,http://landregistry.data.gov.uk/id/region/milton-keynes,E06000042,2020-10,415,monthly,264618,444494,265215,222334,148046,2020-10-01
Milton Keynes,http://landregistry.data.gov.uk/id/region/milton-keynes,E06000042,2020-11,378,monthly,265716,446439,265723,223611,148791,2020-11-01
Milton Keynes,http://landregistry.data.gov.uk/id/region/milton-keynes,E06000042,2020-12,419,monthly,265616,446067,265328,224065,148620,2020-12-01
Milton Keynes,http://landregistry.data.gov.uk/id/region/milton-keynes,E06000042,2021-01,400,monthly,269263,449211,268757,227673,151913,2021-01-01
Milton Keynes,http://landregistry.data.gov.uk/id/region/milton-keynes,E06000042,2021-02,503,monthly,271558,449865,270931,230166,154518,2021-02-01
Milton Keynes,http://landregistry.data.gov.uk/id/region/milton-keynes,E06000042,2021-03,836,monthly,274559,451575,273606,233131,157923,2021-03-01
Milton Keynes,http://landregistry.data.gov.uk/id/region/milton-keynes,E06000042,2021-04,416,monthly,272691,448635,271636,231401,157009,2021-04-01
Milton Keynes,http://landregistry.data.gov.uk/id/region/milton-keynes,E06000042,2021-05,397,monthly,270618,445943,269585,229420,155551,2021-05-01
Milton Keynes,http://landregistry.data.gov.uk/id/region/milton-keynes,E06000042,2021-06,861,monthly,275604,452914,274142,234851,158481,2021-06-01
Milton Keynes,http://landregistry.data.gov.uk/id/region/milton-keynes,E06000042,2021-07,247,monthly,280426,461183,279729,238233,160966,2021-07-01
Milton Keynes,http://landregistry.data.gov.uk/id/region/milton-keynes,E06000042,2021-08,337,monthly,286444,472367,286272,242984,163424,2021-08-01
Milton Keynes,http://landregistry.data.gov.uk/id/region/milton-keynes,E06000042,2021-09,657,monthly,287681,475618,288263,243174,163416,2021-09-01
Milton Keynes,http://landregistry.data.gov.uk/id/region/milton-keynes,E06000042,2021-10,317,monthly,284844,474086,284865,240539,160574,2021-10-01
Milton Keynes,http://landregistry.data.gov.uk/id/region/milton-keynes,E06000042,2021-11,362,monthly,287282,479135,287265,242320,161631,2021-11-01
Milton Keynes,http://landregistry.data.gov.uk/id/region/milton-keynes,E06000042,2021-12,472,monthly,288238,483120,288170,242598,161194,2021-12-01
Milton Keynes,http://landregistry.data.gov.uk/id/region/milton-keynes,E06000042,2022-01,286,monthly,295800,494167,296408,249690,165097,2022-01-01
Milton Keynes,http://landregistry.data.gov.uk/id/region/milton-keynes,E06000042,2022-02,332,monthly,294429,490927,295211,248661,164751,2022-02-01
Milton Keynes,http://landregistry.data.gov.uk/id/region/milton-keynes,E06000042,2022-03,418,monthly,296709,495045,298075,250115,165764,2022-03-01
Milton Keynes,http://landregistry.data.gov.uk/id/region/milton-keynes,E06000042,2022-04,436,monthly,297518,495731,298597,251447,166300,2022-04-01
Milton Keynes,http://landregistry.data.gov.uk/id/region/milton-keynes,E06000042,2022-05,349,monthly,299213,498165,300592,253530,166514,2022-05-01
Milton Keynes,http://landregistry.data.gov.uk/id/region/milton-keynes,E06000042,2022-06,387,monthly,301523,500870,302836,256276,167876,2022-06-01
Milton Keynes,http://landregistry.data.gov.uk/id/region/milton-keynes,E06000042,2022-07,396,monthly,304878,506226,306678,259397,169127,2022-07-01
Milton Keynes,http://landregistry.data.gov.uk/id/region/milton-keynes,E06000042,2022-08,426,monthly,310534,515890,312358,264764,171455,2022-08-01
Milton Keynes,http://landregistry.data.gov.uk/id/region/milton-keynes,E06000042,2022-09,420,monthly,315060,524047,317324,268910,172723,2022-09-01
Milton Keynes,http://landregistry.data.gov.uk/id/region/milton-keynes,E06000042,2022-10,363,monthly,315589,525252,317918,269420,172640,2022-10-01
Milton Keynes,http://landregistry.data.gov.uk/id/region/milton-keynes,E06000042,2022-11,347,monthly,320087,533034,322592,272989,175028,2022-11-01
Milton Keynes,http://landregistry.data.gov.uk/id/region/milton-keynes,E06000042,2022-12,364,monthly,318962,530385,321732,272100,174647,2022-12-01
Milton Keynes,http://landregistry.data.gov.uk/id/region/milton-keynes,E06000042,2023-01,217,monthly,314538,523531,317249,267770,172477,2023-01-01
Milton Keynes,http://landregistry.data.gov.uk/id/region/milton-keynes,E06000042,2023-02,209,monthly,308433,514953,310986,261909,168958,2023-02-01
Milton Keynes,http://landregistry.data.gov.uk/id/region/milton-keynes,E06000042,2023-03,303,monthly,302567,508015,305218,255427,165333,2023-03-01
Milton Keynes,http://landregistry.data.gov.uk/id/region/milton-keynes,E06000042,2023-04,217,monthly,306802,516235,309603,258510,167408,2023-04-01
Milton Keynes,http://landregistry.data.gov.uk/id/region/milton-keynes,E06000042,2023-05,207,monthly,306296,514490,309235,258004,167610,2023-05-01
Milton Keynes,http://landregistry.data.gov.uk/id/region/milton-keynes,E06000042,2023-06,263,monthly,308023,515842,310588,260417,168808,2023-06-01
Milton Keynes,http://landregistry.data.gov.uk/id/region/milton-keynes,E06000042,2023-07,239,monthly,306242,511667,309018,259726,167520,2023-07-01
Milton Keynes,http://landregistry.data.gov.uk/id/region/milton-keynes,E06000042,2023-08,253,monthly,307289,513631,310411,261431,166878,2023-08-01
Milton Keynes,http://landregistry.data.gov.uk/id/region/milton-keynes,E06000042,2023-09,241,monthly,308702,516841,312165,262758,166762,2023-09-01
Milton Keynes,http://landregistry.data.gov.uk/id/region/milton-keynes,E06000042,2023-10,249,monthly,308722,517205,312597,262454,166567,2023-10-01
Milton Keynes,http://landregistry.data.gov.uk/id/region/milton-keynes,E06000042,2023-11,228,monthly,308449,518097,312448,261219,166542,2023-11-01
Milton Keynes,http://landregistry.data.gov.uk/id/region/milton-keynes,E06000042,2023-12,185,monthly,307230,516086,311789,259704,165872,2023-12-01
Milton Keynes,http://landregistry.data.gov.uk/id/region/milton-keynes,E06000042,2024-01,118,monthly,308703,519970,313271,261158,165674,2024-01-01
Milton Keynes,http://landregistry.data.gov.uk/id/region/milton-keynes,E06000042,2024-02,82,monthly,310655,523891,316483,262355,165730,2024-02-01
Milton Keynes,http://landregistry.data.gov.uk/id/region/milton-keynes,E06000042,2024-03,,monthly,310888,525381,317196,261739,165592,2024-03-01
Milton Keynes,http://landregistry.data.gov.uk/id/region/milton-keynes,E06000042,2024-04,,monthly,309541,523012,316912,259611,164943,2024-04-01
