"Name","URI","Region GSS code","Period","Sales volume","Reporting period","Average price All property types","Average price Detached houses","Average price Semi-detached houses","Average price Terraced houses","Average price Flats and maisonettes","Pivotable date"
Newcastle,http://landregistry.data.gov.uk/id/region/newcastle-upon-tyne,E08000021,2004-01,403,monthly,121010,222231,134095,111390,95272,2004-01-01
Newcastle,http://landregistry.data.gov.uk/id/region/newcastle-upon-tyne,E08000021,2004-02,392,monthly,121077,221988,134073,111593,95276,2004-02-01
Newcastle,http://landregistry.data.gov.uk/id/region/newcastle-upon-tyne,E08000021,2004-03,495,monthly,120446,221488,133204,111072,94623,2004-03-01
Newcastle,http://landregistry.data.gov.uk/id/region/newcastle-upon-tyne,E08000021,2004-04,539,monthly,122938,222917,135765,113837,96529,2004-04-01
Newcastle,http://landregistry.data.gov.uk/id/region/newcastle-upon-tyne,E08000021,2004-05,473,monthly,125745,224969,138349,116620,99010,2004-05-01
Newcastle,http://landregistry.data.gov.uk/id/region/newcastle-upon-tyne,E08000021,2004-06,623,monthly,131471,232789,144348,121932,103809,2004-06-01
Newcastle,http://landregistry.data.gov.uk/id/region/newcastle-upon-tyne,E08000021,2004-07,563,monthly,135006,238479,148495,125340,106448,2004-07-01
Newcastle,http://landregistry.data.gov.uk/id/region/newcastle-upon-tyne,E08000021,2004-08,599,monthly,141916,251242,156328,131827,111712,2004-08-01
Newcastle,http://landregistry.data.gov.uk/id/region/newcastle-upon-tyne,E08000021,2004-09,495,monthly,141513,251688,156417,131631,110973,2004-09-01
Newcastle,http://landregistry.data.gov.uk/id/region/newcastle-upon-tyne,E08000021,2004-10,455,monthly,140999,250879,155417,130847,110950,2004-10-01
Newcastle,http://landregistry.data.gov.uk/id/region/newcastle-upon-tyne,E08000021,2004-11,409,monthly,138128,245711,152100,128078,108831,2004-11-01
Newcastle,http://landregistry.data.gov.uk/id/region/newcastle-upon-tyne,E08000021,2004-12,429,monthly,138850,245440,152274,128769,109736,2004-12-01
Newcastle,http://landregistry.data.gov.uk/id/region/newcastle-upon-tyne,E08000021,2005-01,285,monthly,137358,242850,150210,127608,108552,2005-01-01
Newcastle,http://landregistry.data.gov.uk/id/region/newcastle-upon-tyne,E08000021,2005-02,287,monthly,137034,242503,149946,127463,108149,2005-02-01
Newcastle,http://landregistry.data.gov.uk/id/region/newcastle-upon-tyne,E08000021,2005-03,318,monthly,132115,234718,145053,123103,103872,2005-03-01
Newcastle,http://landregistry.data.gov.uk/id/region/newcastle-upon-tyne,E08000021,2005-04,482,monthly,136638,242380,150701,127552,107066,2005-04-01
Newcastle,http://landregistry.data.gov.uk/id/region/newcastle-upon-tyne,E08000021,2005-05,541,monthly,137242,242670,151172,128279,107546,2005-05-01
Newcastle,http://landregistry.data.gov.uk/id/region/newcastle-upon-tyne,E08000021,2005-06,464,monthly,142724,250125,156812,133743,111901,2005-06-01
Newcastle,http://landregistry.data.gov.uk/id/region/newcastle-upon-tyne,E08000021,2005-07,494,monthly,140832,246552,154646,132132,110354,2005-07-01
Newcastle,http://landregistry.data.gov.uk/id/region/newcastle-upon-tyne,E08000021,2005-08,482,monthly,145493,254801,159735,136683,113892,2005-08-01
Newcastle,http://landregistry.data.gov.uk/id/region/newcastle-upon-tyne,E08000021,2005-09,439,monthly,142838,251648,157081,134273,111566,2005-09-01
Newcastle,http://landregistry.data.gov.uk/id/region/newcastle-upon-tyne,E08000021,2005-10,421,monthly,142122,250265,156029,133525,111155,2005-10-01
Newcastle,http://landregistry.data.gov.uk/id/region/newcastle-upon-tyne,E08000021,2005-11,450,monthly,140395,247229,154385,131968,109675,2005-11-01
Newcastle,http://landregistry.data.gov.uk/id/region/newcastle-upon-tyne,E08000021,2005-12,492,monthly,142558,248951,156083,133772,111893,2005-12-01
Newcastle,http://landregistry.data.gov.uk/id/region/newcastle-upon-tyne,E08000021,2006-01,328,monthly,144031,251784,157482,135335,112983,2006-01-01
Newcastle,http://landregistry.data.gov.uk/id/region/newcastle-upon-tyne,E08000021,2006-02,423,monthly,142755,248434,155601,134164,112219,2006-02-01
Newcastle,http://landregistry.data.gov.uk/id/region/newcastle-upon-tyne,E08000021,2006-03,623,monthly,145161,254599,158992,136775,113456,2006-03-01
Newcastle,http://landregistry.data.gov.uk/id/region/newcastle-upon-tyne,E08000021,2006-04,457,monthly,146974,256359,161142,138710,114743,2006-04-01
Newcastle,http://landregistry.data.gov.uk/id/region/newcastle-upon-tyne,E08000021,2006-05,512,monthly,148769,259512,163386,140540,115933,2006-05-01
Newcastle,http://landregistry.data.gov.uk/id/region/newcastle-upon-tyne,E08000021,2006-06,656,monthly,149774,259850,164286,141567,116842,2006-06-01
Newcastle,http://landregistry.data.gov.uk/id/region/newcastle-upon-tyne,E08000021,2006-07,608,monthly,152222,264335,166904,144197,118535,2006-07-01
Newcastle,http://landregistry.data.gov.uk/id/region/newcastle-upon-tyne,E08000021,2006-08,540,monthly,154309,268546,169207,146619,119791,2006-08-01
Newcastle,http://landregistry.data.gov.uk/id/region/newcastle-upon-tyne,E08000021,2006-09,532,monthly,155905,272351,170988,148312,120818,2006-09-01
Newcastle,http://landregistry.data.gov.uk/id/region/newcastle-upon-tyne,E08000021,2006-10,495,monthly,156330,273602,171519,148447,121279,2006-10-01
Newcastle,http://landregistry.data.gov.uk/id/region/newcastle-upon-tyne,E08000021,2006-11,473,monthly,157635,275852,173177,149490,122344,2006-11-01
Newcastle,http://landregistry.data.gov.uk/id/region/newcastle-upon-tyne,E08000021,2006-12,544,monthly,158933,276646,174442,150703,123533,2006-12-01
Newcastle,http://landregistry.data.gov.uk/id/region/newcastle-upon-tyne,E08000021,2007-01,387,monthly,160556,279898,176369,152396,124597,2007-01-01
Newcastle,http://landregistry.data.gov.uk/id/region/newcastle-upon-tyne,E08000021,2007-02,383,monthly,159986,278658,175421,151588,124547,2007-02-01
Newcastle,http://landregistry.data.gov.uk/id/region/newcastle-upon-tyne,E08000021,2007-03,455,monthly,158465,277251,173969,150256,123126,2007-03-01
Newcastle,http://landregistry.data.gov.uk/id/region/newcastle-upon-tyne,E08000021,2007-04,375,monthly,156223,271754,171143,148460,121414,2007-04-01
Newcastle,http://landregistry.data.gov.uk/id/region/newcastle-upon-tyne,E08000021,2007-05,543,monthly,159844,276903,175015,152366,123986,2007-05-01
Newcastle,http://landregistry.data.gov.uk/id/region/newcastle-upon-tyne,E08000021,2007-06,610,monthly,162523,280898,177679,154978,126194,2007-06-01
Newcastle,http://landregistry.data.gov.uk/id/region/newcastle-upon-tyne,E08000021,2007-07,549,monthly,164935,286600,180398,157293,127891,2007-07-01
Newcastle,http://landregistry.data.gov.uk/id/region/newcastle-upon-tyne,E08000021,2007-08,522,monthly,164493,287391,180078,157233,127052,2007-08-01
Newcastle,http://landregistry.data.gov.uk/id/region/newcastle-upon-tyne,E08000021,2007-09,443,monthly,162483,285594,178063,155360,125233,2007-09-01
Newcastle,http://landregistry.data.gov.uk/id/region/newcastle-upon-tyne,E08000021,2007-10,434,monthly,161708,284817,177097,154379,124832,2007-10-01
Newcastle,http://landregistry.data.gov.uk/id/region/newcastle-upon-tyne,E08000021,2007-11,409,monthly,159278,281422,174605,151614,123164,2007-11-01
Newcastle,http://landregistry.data.gov.uk/id/region/newcastle-upon-tyne,E08000021,2007-12,345,monthly,159990,281429,175240,152193,123966,2007-12-01
Newcastle,http://landregistry.data.gov.uk/id/region/newcastle-upon-tyne,E08000021,2008-01,294,monthly,160311,282623,175659,152345,124257,2008-01-01
Newcastle,http://landregistry.data.gov.uk/id/region/newcastle-upon-tyne,E08000021,2008-02,260,monthly,160033,282885,175394,152122,123902,2008-02-01
Newcastle,http://landregistry.data.gov.uk/id/region/newcastle-upon-tyne,E08000021,2008-03,307,monthly,157099,279719,172832,149562,120963,2008-03-01
Newcastle,http://landregistry.data.gov.uk/id/region/newcastle-upon-tyne,E08000021,2008-04,331,monthly,155334,277678,171143,148281,119040,2008-04-01
Newcastle,http://landregistry.data.gov.uk/id/region/newcastle-upon-tyne,E08000021,2008-05,314,monthly,155359,277125,171211,148586,118883,2008-05-01
Newcastle,http://landregistry.data.gov.uk/id/region/newcastle-upon-tyne,E08000021,2008-06,251,monthly,155481,276893,171037,148820,119084,2008-06-01
Newcastle,http://landregistry.data.gov.uk/id/region/newcastle-upon-tyne,E08000021,2008-07,247,monthly,156080,278007,171880,149397,119445,2008-07-01
Newcastle,http://landregistry.data.gov.uk/id/region/newcastle-upon-tyne,E08000021,2008-08,199,monthly,154575,275648,170141,147913,118332,2008-08-01
Newcastle,http://landregistry.data.gov.uk/id/region/newcastle-upon-tyne,E08000021,2008-09,194,monthly,154753,278416,170117,147793,118536,2008-09-01
Newcastle,http://landregistry.data.gov.uk/id/region/newcastle-upon-tyne,E08000021,2008-10,201,monthly,148184,266672,162725,141336,113724,2008-10-01
Newcastle,http://landregistry.data.gov.uk/id/region/newcastle-upon-tyne,E08000021,2008-11,165,monthly,145283,262622,159732,138418,111392,2008-11-01
Newcastle,http://landregistry.data.gov.uk/id/region/newcastle-upon-tyne,E08000021,2008-12,172,monthly,137779,247454,151834,131559,105413,2008-12-01
Newcastle,http://landregistry.data.gov.uk/id/region/newcastle-upon-tyne,E08000021,2009-01,114,monthly,136135,245593,149967,129763,104244,2009-01-01
Newcastle,http://landregistry.data.gov.uk/id/region/newcastle-upon-tyne,E08000021,2009-02,146,monthly,134016,241554,147404,127582,102926,2009-02-01
Newcastle,http://landregistry.data.gov.uk/id/region/newcastle-upon-tyne,E08000021,2009-03,174,monthly,135987,245746,149096,129140,104956,2009-03-01
Newcastle,http://landregistry.data.gov.uk/id/region/newcastle-upon-tyne,E08000021,2009-04,179,monthly,136109,243848,149239,129517,105126,2009-04-01
Newcastle,http://landregistry.data.gov.uk/id/region/newcastle-upon-tyne,E08000021,2009-05,224,monthly,134346,239044,147165,128250,103714,2009-05-01
Newcastle,http://landregistry.data.gov.uk/id/region/newcastle-upon-tyne,E08000021,2009-06,274,monthly,135447,239986,148513,129678,104236,2009-06-01
Newcastle,http://landregistry.data.gov.uk/id/region/newcastle-upon-tyne,E08000021,2009-07,273,monthly,138838,246437,152381,133350,106223,2009-07-01
Newcastle,http://landregistry.data.gov.uk/id/region/newcastle-upon-tyne,E08000021,2009-08,268,monthly,141811,252878,155824,136398,107973,2009-08-01
Newcastle,http://landregistry.data.gov.uk/id/region/newcastle-upon-tyne,E08000021,2009-09,224,monthly,143231,256314,157652,137937,108528,2009-09-01
Newcastle,http://landregistry.data.gov.uk/id/region/newcastle-upon-tyne,E08000021,2009-10,287,monthly,143166,256686,158009,137865,108101,2009-10-01
Newcastle,http://landregistry.data.gov.uk/id/region/newcastle-upon-tyne,E08000021,2009-11,247,monthly,144183,258927,159249,139045,108514,2009-11-01
Newcastle,http://landregistry.data.gov.uk/id/region/newcastle-upon-tyne,E08000021,2009-12,368,monthly,145553,259431,161029,140563,109478,2009-12-01
Newcastle,http://landregistry.data.gov.uk/id/region/newcastle-upon-tyne,E08000021,2010-01,166,monthly,141936,253859,157110,137354,106274,2010-01-01
Newcastle,http://landregistry.data.gov.uk/id/region/newcastle-upon-tyne,E08000021,2010-02,161,monthly,141031,252827,156704,136528,105030,2010-02-01
Newcastle,http://landregistry.data.gov.uk/id/region/newcastle-upon-tyne,E08000021,2010-03,161,monthly,139385,253011,154765,134719,103575,2010-03-01
Newcastle,http://landregistry.data.gov.uk/id/region/newcastle-upon-tyne,E08000021,2010-04,190,monthly,143593,259708,159419,138714,106926,2010-04-01
Newcastle,http://landregistry.data.gov.uk/id/region/newcastle-upon-tyne,E08000021,2010-05,203,monthly,144695,260883,160306,139691,108185,2010-05-01
Newcastle,http://landregistry.data.gov.uk/id/region/newcastle-upon-tyne,E08000021,2010-06,228,monthly,145843,262082,161860,141130,108647,2010-06-01
Newcastle,http://landregistry.data.gov.uk/id/region/newcastle-upon-tyne,E08000021,2010-07,255,monthly,146325,263862,162450,141836,108596,2010-07-01
Newcastle,http://landregistry.data.gov.uk/id/region/newcastle-upon-tyne,E08000021,2010-08,209,monthly,147480,267278,164102,143120,108839,2010-08-01
Newcastle,http://landregistry.data.gov.uk/id/region/newcastle-upon-tyne,E08000021,2010-09,211,monthly,146234,267007,162775,141940,107559,2010-09-01
Newcastle,http://landregistry.data.gov.uk/id/region/newcastle-upon-tyne,E08000021,2010-10,233,monthly,146377,268555,163104,141837,107602,2010-10-01
Newcastle,http://landregistry.data.gov.uk/id/region/newcastle-upon-tyne,E08000021,2010-11,198,monthly,144201,265675,160631,139401,106200,2010-11-01
Newcastle,http://landregistry.data.gov.uk/id/region/newcastle-upon-tyne,E08000021,2010-12,202,monthly,143811,264761,160326,138791,106085,2010-12-01
Newcastle,http://landregistry.data.gov.uk/id/region/newcastle-upon-tyne,E08000021,2011-01,139,monthly,139425,257616,155309,134522,102839,2011-01-01
Newcastle,http://landregistry.data.gov.uk/id/region/newcastle-upon-tyne,E08000021,2011-02,149,monthly,137675,255712,153379,132766,101399,2011-02-01
Newcastle,http://landregistry.data.gov.uk/id/region/newcastle-upon-tyne,E08000021,2011-03,204,monthly,135297,253633,150703,130400,99390,2011-03-01
Newcastle,http://landregistry.data.gov.uk/id/region/newcastle-upon-tyne,E08000021,2011-04,205,monthly,135797,254864,151380,130843,99666,2011-04-01
Newcastle,http://landregistry.data.gov.uk/id/region/newcastle-upon-tyne,E08000021,2011-05,196,monthly,137206,255845,152769,132321,100972,2011-05-01
Newcastle,http://landregistry.data.gov.uk/id/region/newcastle-upon-tyne,E08000021,2011-06,233,monthly,140424,258646,156275,135604,103721,2011-06-01
Newcastle,http://landregistry.data.gov.uk/id/region/newcastle-upon-tyne,E08000021,2011-07,251,monthly,140785,258087,156397,136060,104280,2011-07-01
Newcastle,http://landregistry.data.gov.uk/id/region/newcastle-upon-tyne,E08000021,2011-08,274,monthly,139127,255738,154915,134744,102397,2011-08-01
Newcastle,http://landregistry.data.gov.uk/id/region/newcastle-upon-tyne,E08000021,2011-09,306,monthly,137088,253283,152791,132883,100474,2011-09-01
Newcastle,http://landregistry.data.gov.uk/id/region/newcastle-upon-tyne,E08000021,2011-10,230,monthly,136147,252779,152216,131826,99393,2011-10-01
Newcastle,http://landregistry.data.gov.uk/id/region/newcastle-upon-tyne,E08000021,2011-11,229,monthly,135233,251144,151085,130581,99147,2011-11-01
Newcastle,http://landregistry.data.gov.uk/id/region/newcastle-upon-tyne,E08000021,2011-12,285,monthly,134176,248406,150098,129384,98527,2011-12-01
Newcastle,http://landregistry.data.gov.uk/id/region/newcastle-upon-tyne,E08000021,2012-01,165,monthly,134038,246739,149911,129459,98467,2012-01-01
Newcastle,http://landregistry.data.gov.uk/id/region/newcastle-upon-tyne,E08000021,2012-02,177,monthly,135547,249351,151798,131289,99066,2012-02-01
Newcastle,http://landregistry.data.gov.uk/id/region/newcastle-upon-tyne,E08000021,2012-03,225,monthly,137543,252707,153898,133404,100538,2012-03-01
Newcastle,http://landregistry.data.gov.uk/id/region/newcastle-upon-tyne,E08000021,2012-04,155,monthly,140460,257992,157035,136166,102863,2012-04-01
Newcastle,http://landregistry.data.gov.uk/id/region/newcastle-upon-tyne,E08000021,2012-05,215,monthly,139133,255017,155368,134824,102209,2012-05-01
Newcastle,http://landregistry.data.gov.uk/id/region/newcastle-upon-tyne,E08000021,2012-06,220,monthly,138505,253166,154322,134653,101692,2012-06-01
Newcastle,http://landregistry.data.gov.uk/id/region/newcastle-upon-tyne,E08000021,2012-07,231,monthly,136663,249372,152126,133130,100247,2012-07-01
Newcastle,http://landregistry.data.gov.uk/id/region/newcastle-upon-tyne,E08000021,2012-08,218,monthly,138894,252881,154656,135733,101488,2012-08-01
Newcastle,http://landregistry.data.gov.uk/id/region/newcastle-upon-tyne,E08000021,2012-09,218,monthly,139038,254100,154898,135710,101513,2012-09-01
Newcastle,http://landregistry.data.gov.uk/id/region/newcastle-upon-tyne,E08000021,2012-10,215,monthly,136033,248833,151697,132765,99168,2012-10-01
Newcastle,http://landregistry.data.gov.uk/id/region/newcastle-upon-tyne,E08000021,2012-11,258,monthly,134479,247255,149977,131143,97893,2012-11-01
Newcastle,http://landregistry.data.gov.uk/id/region/newcastle-upon-tyne,E08000021,2012-12,258,monthly,133086,245556,148698,129838,96427,2012-12-01
Newcastle,http://landregistry.data.gov.uk/id/region/newcastle-upon-tyne,E08000021,2013-01,161,monthly,136423,252089,152789,132946,98638,2013-01-01
Newcastle,http://landregistry.data.gov.uk/id/region/newcastle-upon-tyne,E08000021,2013-02,159,monthly,133149,245858,149213,129599,96393,2013-02-01
Newcastle,http://landregistry.data.gov.uk/id/region/newcastle-upon-tyne,E08000021,2013-03,195,monthly,134352,249512,150712,130472,97153,2013-03-01
Newcastle,http://landregistry.data.gov.uk/id/region/newcastle-upon-tyne,E08000021,2013-04,180,monthly,133750,248892,149666,130157,96621,2013-04-01
Newcastle,http://landregistry.data.gov.uk/id/region/newcastle-upon-tyne,E08000021,2013-05,242,monthly,138507,257113,154969,134888,100104,2013-05-01
Newcastle,http://landregistry.data.gov.uk/id/region/newcastle-upon-tyne,E08000021,2013-06,298,monthly,137858,253755,154080,134667,99788,2013-06-01
Newcastle,http://landregistry.data.gov.uk/id/region/newcastle-upon-tyne,E08000021,2013-07,255,monthly,139188,255323,155459,136109,100870,2013-07-01
Newcastle,http://landregistry.data.gov.uk/id/region/newcastle-upon-tyne,E08000021,2013-08,287,monthly,141411,258942,157873,138533,102383,2013-08-01
Newcastle,http://landregistry.data.gov.uk/id/region/newcastle-upon-tyne,E08000021,2013-09,279,monthly,142617,262956,159335,139478,103033,2013-09-01
Newcastle,http://landregistry.data.gov.uk/id/region/newcastle-upon-tyne,E08000021,2013-10,287,monthly,140330,260280,157079,136984,101099,2013-10-01
Newcastle,http://landregistry.data.gov.uk/id/region/newcastle-upon-tyne,E08000021,2013-11,339,monthly,136601,254851,153184,133038,98206,2013-11-01
Newcastle,http://landregistry.data.gov.uk/id/region/newcastle-upon-tyne,E08000021,2013-12,291,monthly,134031,249052,150484,130463,96499,2013-12-01
Newcastle,http://landregistry.data.gov.uk/id/region/newcastle-upon-tyne,E08000021,2014-01,278,monthly,137129,254440,153989,133338,98924,2014-01-01
Newcastle,http://landregistry.data.gov.uk/id/region/newcastle-upon-tyne,E08000021,2014-02,284,monthly,139314,259039,156500,135309,100523,2014-02-01
Newcastle,http://landregistry.data.gov.uk/id/region/newcastle-upon-tyne,E08000021,2014-03,263,monthly,140993,262064,158315,136877,101838,2014-03-01
Newcastle,http://landregistry.data.gov.uk/id/region/newcastle-upon-tyne,E08000021,2014-04,270,monthly,139257,258181,156348,135437,100502,2014-04-01
Newcastle,http://landregistry.data.gov.uk/id/region/newcastle-upon-tyne,E08000021,2014-05,310,monthly,138407,255624,155203,134823,99993,2014-05-01
Newcastle,http://landregistry.data.gov.uk/id/region/newcastle-upon-tyne,E08000021,2014-06,372,monthly,140977,260477,158259,137438,101634,2014-06-01
Newcastle,http://landregistry.data.gov.uk/id/region/newcastle-upon-tyne,E08000021,2014-07,360,monthly,144792,267491,162524,141308,104284,2014-07-01
Newcastle,http://landregistry.data.gov.uk/id/region/newcastle-upon-tyne,E08000021,2014-08,375,monthly,147610,272808,165860,144243,106043,2014-08-01
Newcastle,http://landregistry.data.gov.uk/id/region/newcastle-upon-tyne,E08000021,2014-09,345,monthly,148053,273529,166230,144780,106374,2014-09-01
Newcastle,http://landregistry.data.gov.uk/id/region/newcastle-upon-tyne,E08000021,2014-10,385,monthly,142144,263050,159848,138736,102111,2014-10-01
Newcastle,http://landregistry.data.gov.uk/id/region/newcastle-upon-tyne,E08000021,2014-11,349,monthly,141256,261934,158948,137485,101631,2014-11-01
Newcastle,http://landregistry.data.gov.uk/id/region/newcastle-upon-tyne,E08000021,2014-12,329,monthly,140097,260238,157643,136072,100953,2014-12-01
Newcastle,http://landregistry.data.gov.uk/id/region/newcastle-upon-tyne,E08000021,2015-01,271,monthly,144018,267617,162058,139816,103812,2015-01-01
Newcastle,http://landregistry.data.gov.uk/id/region/newcastle-upon-tyne,E08000021,2015-02,231,monthly,144951,268968,162774,140826,104675,2015-02-01
Newcastle,http://landregistry.data.gov.uk/id/region/newcastle-upon-tyne,E08000021,2015-03,290,monthly,146291,271637,164302,142071,105652,2015-03-01
Newcastle,http://landregistry.data.gov.uk/id/region/newcastle-upon-tyne,E08000021,2015-04,273,monthly,149151,277309,167474,144910,107639,2015-04-01
Newcastle,http://landregistry.data.gov.uk/id/region/newcastle-upon-tyne,E08000021,2015-05,351,monthly,150033,278698,168730,145719,108179,2015-05-01
Newcastle,http://landregistry.data.gov.uk/id/region/newcastle-upon-tyne,E08000021,2015-06,391,monthly,151949,281648,171228,147999,109087,2015-06-01
Newcastle,http://landregistry.data.gov.uk/id/region/newcastle-upon-tyne,E08000021,2015-07,341,monthly,151278,279576,170546,147476,108575,2015-07-01
Newcastle,http://landregistry.data.gov.uk/id/region/newcastle-upon-tyne,E08000021,2015-08,361,monthly,152311,281510,171777,148712,109082,2015-08-01
Newcastle,http://landregistry.data.gov.uk/id/region/newcastle-upon-tyne,E08000021,2015-09,351,monthly,153037,284002,172516,149115,109731,2015-09-01
Newcastle,http://landregistry.data.gov.uk/id/region/newcastle-upon-tyne,E08000021,2015-10,345,monthly,155243,289268,175235,151106,111116,2015-10-01
Newcastle,http://landregistry.data.gov.uk/id/region/newcastle-upon-tyne,E08000021,2015-11,333,monthly,154535,288577,174648,150238,110526,2015-11-01
Newcastle,http://landregistry.data.gov.uk/id/region/newcastle-upon-tyne,E08000021,2015-12,381,monthly,153388,286975,173660,149138,109415,2015-12-01
Newcastle,http://landregistry.data.gov.uk/id/region/newcastle-upon-tyne,E08000021,2016-01,244,monthly,152201,284286,172496,147923,108572,2016-01-01
Newcastle,http://landregistry.data.gov.uk/id/region/newcastle-upon-tyne,E08000021,2016-02,264,monthly,150838,281636,171081,146644,107495,2016-02-01
Newcastle,http://landregistry.data.gov.uk/id/region/newcastle-upon-tyne,E08000021,2016-03,537,monthly,151331,281385,171185,147106,108329,2016-03-01
Newcastle,http://landregistry.data.gov.uk/id/region/newcastle-upon-tyne,E08000021,2016-04,200,monthly,149512,278491,169197,145401,106858,2016-04-01
Newcastle,http://landregistry.data.gov.uk/id/region/newcastle-upon-tyne,E08000021,2016-05,261,monthly,152439,283969,172155,148108,109288,2016-05-01
Newcastle,http://landregistry.data.gov.uk/id/region/newcastle-upon-tyne,E08000021,2016-06,374,monthly,153482,286522,173513,149131,109819,2016-06-01
Newcastle,http://landregistry.data.gov.uk/id/region/newcastle-upon-tyne,E08000021,2016-07,388,monthly,157503,293225,177662,153167,112964,2016-07-01
Newcastle,http://landregistry.data.gov.uk/id/region/newcastle-upon-tyne,E08000021,2016-08,332,monthly,158395,295166,178680,154019,113568,2016-08-01
Newcastle,http://landregistry.data.gov.uk/id/region/newcastle-upon-tyne,E08000021,2016-09,355,monthly,158270,295159,178735,153717,113467,2016-09-01
Newcastle,http://landregistry.data.gov.uk/id/region/newcastle-upon-tyne,E08000021,2016-10,312,monthly,157753,295824,178374,152547,113258,2016-10-01
Newcastle,http://landregistry.data.gov.uk/id/region/newcastle-upon-tyne,E08000021,2016-11,296,monthly,157831,297551,178652,152197,113308,2016-11-01
Newcastle,http://landregistry.data.gov.uk/id/region/newcastle-upon-tyne,E08000021,2016-12,366,monthly,159317,301048,180085,153391,114629,2016-12-01
Newcastle,http://landregistry.data.gov.uk/id/region/newcastle-upon-tyne,E08000021,2017-01,259,monthly,158645,300116,179092,152737,114252,2017-01-01
Newcastle,http://landregistry.data.gov.uk/id/region/newcastle-upon-tyne,E08000021,2017-02,298,monthly,154826,292444,174485,148848,111958,2017-02-01
Newcastle,http://landregistry.data.gov.uk/id/region/newcastle-upon-tyne,E08000021,2017-03,360,monthly,151191,285689,170316,145133,109560,2017-03-01
Newcastle,http://landregistry.data.gov.uk/id/region/newcastle-upon-tyne,E08000021,2017-04,286,monthly,150829,284040,169700,144727,109630,2017-04-01
Newcastle,http://landregistry.data.gov.uk/id/region/newcastle-upon-tyne,E08000021,2017-05,290,monthly,153651,288080,173053,147333,111848,2017-05-01
Newcastle,http://landregistry.data.gov.uk/id/region/newcastle-upon-tyne,E08000021,2017-06,412,monthly,156311,291198,175744,150109,114047,2017-06-01
Newcastle,http://landregistry.data.gov.uk/id/region/newcastle-upon-tyne,E08000021,2017-07,394,monthly,157137,292059,176821,150897,114655,2017-07-01
Newcastle,http://landregistry.data.gov.uk/id/region/newcastle-upon-tyne,E08000021,2017-08,394,monthly,158895,295262,178600,153124,115563,2017-08-01
Newcastle,http://landregistry.data.gov.uk/id/region/newcastle-upon-tyne,E08000021,2017-09,364,monthly,158012,294724,177834,152276,114605,2017-09-01
Newcastle,http://landregistry.data.gov.uk/id/region/newcastle-upon-tyne,E08000021,2017-10,337,monthly,159022,297418,179250,153331,114957,2017-10-01
Newcastle,http://landregistry.data.gov.uk/id/region/newcastle-upon-tyne,E08000021,2017-11,339,monthly,156643,293948,177116,150750,113008,2017-11-01
Newcastle,http://landregistry.data.gov.uk/id/region/newcastle-upon-tyne,E08000021,2017-12,330,monthly,157977,296392,179045,152067,113672,2017-12-01
Newcastle,http://landregistry.data.gov.uk/id/region/newcastle-upon-tyne,E08000021,2018-01,236,monthly,156325,293666,177159,150404,112505,2018-01-01
Newcastle,http://landregistry.data.gov.uk/id/region/newcastle-upon-tyne,E08000021,2018-02,246,monthly,158324,298741,179408,152357,113675,2018-02-01
Newcastle,http://landregistry.data.gov.uk/id/region/newcastle-upon-tyne,E08000021,2018-03,344,monthly,156606,295928,177405,150787,112343,2018-03-01
Newcastle,http://landregistry.data.gov.uk/id/region/newcastle-upon-tyne,E08000021,2018-04,275,monthly,157849,298262,179186,152357,112595,2018-04-01
Newcastle,http://landregistry.data.gov.uk/id/region/newcastle-upon-tyne,E08000021,2018-05,314,monthly,156823,294971,177988,151729,111799,2018-05-01
Newcastle,http://landregistry.data.gov.uk/id/region/newcastle-upon-tyne,E08000021,2018-06,380,monthly,159363,299494,181219,154018,113570,2018-06-01
Newcastle,http://landregistry.data.gov.uk/id/region/newcastle-upon-tyne,E08000021,2018-07,337,monthly,159399,299712,181004,154050,113754,2018-07-01
Newcastle,http://landregistry.data.gov.uk/id/region/newcastle-upon-tyne,E08000021,2018-08,375,monthly,161081,303359,182940,155674,114841,2018-08-01
Newcastle,http://landregistry.data.gov.uk/id/region/newcastle-upon-tyne,E08000021,2018-09,298,monthly,160648,303029,182265,155449,114379,2018-09-01
Newcastle,http://landregistry.data.gov.uk/id/region/newcastle-upon-tyne,E08000021,2018-10,350,monthly,161058,304450,183051,155641,114511,2018-10-01
Newcastle,http://landregistry.data.gov.uk/id/region/newcastle-upon-tyne,E08000021,2018-11,364,monthly,161841,306327,184230,156408,114768,2018-11-01
Newcastle,http://landregistry.data.gov.uk/id/region/newcastle-upon-tyne,E08000021,2018-12,318,monthly,160976,304483,183562,155379,114154,2018-12-01
Newcastle,http://landregistry.data.gov.uk/id/region/newcastle-upon-tyne,E08000021,2019-01,250,monthly,158458,300249,180810,152878,112246,2019-01-01
Newcastle,http://landregistry.data.gov.uk/id/region/newcastle-upon-tyne,E08000021,2019-02,251,monthly,155035,294948,177064,149275,109766,2019-02-01
Newcastle,http://landregistry.data.gov.uk/id/region/newcastle-upon-tyne,E08000021,2019-03,290,monthly,153729,293758,175927,148128,108198,2019-03-01
Newcastle,http://landregistry.data.gov.uk/id/region/newcastle-upon-tyne,E08000021,2019-04,273,monthly,154293,294283,176552,148960,108411,2019-04-01
Newcastle,http://landregistry.data.gov.uk/id/region/newcastle-upon-tyne,E08000021,2019-05,309,monthly,153265,291188,175458,148421,107359,2019-05-01
Newcastle,http://landregistry.data.gov.uk/id/region/newcastle-upon-tyne,E08000021,2019-06,361,monthly,155243,293756,177415,150528,109003,2019-06-01
Newcastle,http://landregistry.data.gov.uk/id/region/newcastle-upon-tyne,E08000021,2019-07,315,monthly,157350,297354,179673,152607,110630,2019-07-01
Newcastle,http://landregistry.data.gov.uk/id/region/newcastle-upon-tyne,E08000021,2019-08,349,monthly,163609,308907,186633,158990,114907,2019-08-01
Newcastle,http://landregistry.data.gov.uk/id/region/newcastle-upon-tyne,E08000021,2019-09,310,monthly,168533,318380,191920,163983,118378,2019-09-01
Newcastle,http://landregistry.data.gov.uk/id/region/newcastle-upon-tyne,E08000021,2019-10,317,monthly,167109,316007,190980,162529,116865,2019-10-01
Newcastle,http://landregistry.data.gov.uk/id/region/newcastle-upon-tyne,E08000021,2019-11,376,monthly,164594,311786,188607,159800,114911,2019-11-01
Newcastle,http://landregistry.data.gov.uk/id/region/newcastle-upon-tyne,E08000021,2019-12,401,monthly,158567,301236,182487,153865,110025,2019-12-01
Newcastle,http://landregistry.data.gov.uk/id/region/newcastle-upon-tyne,E08000021,2020-01,289,monthly,158325,301747,182266,153725,109544,2020-01-01
Newcastle,http://landregistry.data.gov.uk/id/region/newcastle-upon-tyne,E08000021,2020-02,220,monthly,155544,296430,179110,151036,107642,2020-02-01
Newcastle,http://landregistry.data.gov.uk/id/region/newcastle-upon-tyne,E08000021,2020-03,296,monthly,153897,293459,177211,149355,106603,2020-03-01
Newcastle,http://landregistry.data.gov.uk/id/region/newcastle-upon-tyne,E08000021,2020-04,97,monthly,154611,296326,178161,150333,106345,2020-04-01
Newcastle,http://landregistry.data.gov.uk/id/region/newcastle-upon-tyne,E08000021,2020-05,132,monthly,155157,299049,179181,150526,106379,2020-05-01
Newcastle,http://landregistry.data.gov.uk/id/region/newcastle-upon-tyne,E08000021,2020-06,229,monthly,158155,303298,182828,153746,108331,2020-06-01
Newcastle,http://landregistry.data.gov.uk/id/region/newcastle-upon-tyne,E08000021,2020-07,290,monthly,160987,306151,185761,156594,111037,2020-07-01
Newcastle,http://landregistry.data.gov.uk/id/region/newcastle-upon-tyne,E08000021,2020-08,307,monthly,163770,310320,188846,159961,112623,2020-08-01
Newcastle,http://landregistry.data.gov.uk/id/region/newcastle-upon-tyne,E08000021,2020-09,280,monthly,166428,316620,191736,162718,114110,2020-09-01
Newcastle,http://landregistry.data.gov.uk/id/region/newcastle-upon-tyne,E08000021,2020-10,389,monthly,165730,315335,190971,162264,113350,2020-10-01
Newcastle,http://landregistry.data.gov.uk/id/region/newcastle-upon-tyne,E08000021,2020-11,353,monthly,167100,316758,192180,163782,114671,2020-11-01
Newcastle,http://landregistry.data.gov.uk/id/region/newcastle-upon-tyne,E08000021,2020-12,398,monthly,166511,314795,191418,163478,114248,2020-12-01
Newcastle,http://landregistry.data.gov.uk/id/region/newcastle-upon-tyne,E08000021,2021-01,314,monthly,168843,315715,193649,165799,117029,2021-01-01
Newcastle,http://landregistry.data.gov.uk/id/region/newcastle-upon-tyne,E08000021,2021-02,332,monthly,168767,312984,193011,165577,118172,2021-02-01
Newcastle,http://landregistry.data.gov.uk/id/region/newcastle-upon-tyne,E08000021,2021-03,489,monthly,170819,314018,194533,167421,121090,2021-03-01
Newcastle,http://landregistry.data.gov.uk/id/region/newcastle-upon-tyne,E08000021,2021-04,346,monthly,171189,315767,194541,167367,121742,2021-04-01
Newcastle,http://landregistry.data.gov.uk/id/region/newcastle-upon-tyne,E08000021,2021-05,341,monthly,169179,312687,192309,165312,120195,2021-05-01
Newcastle,http://landregistry.data.gov.uk/id/region/newcastle-upon-tyne,E08000021,2021-06,618,monthly,173112,317623,196610,169970,123005,2021-06-01
Newcastle,http://landregistry.data.gov.uk/id/region/newcastle-upon-tyne,E08000021,2021-07,325,monthly,170273,313036,193956,166860,120708,2021-07-01
Newcastle,http://landregistry.data.gov.uk/id/region/newcastle-upon-tyne,E08000021,2021-08,417,monthly,173369,319067,198211,170016,122190,2021-08-01
Newcastle,http://landregistry.data.gov.uk/id/region/newcastle-upon-tyne,E08000021,2021-09,628,monthly,173036,319811,198519,169190,121539,2021-09-01
Newcastle,http://landregistry.data.gov.uk/id/region/newcastle-upon-tyne,E08000021,2021-10,368,monthly,175876,326115,202095,172210,122826,2021-10-01
Newcastle,http://landregistry.data.gov.uk/id/region/newcastle-upon-tyne,E08000021,2021-11,377,monthly,178182,331583,204740,174294,124292,2021-11-01
Newcastle,http://landregistry.data.gov.uk/id/region/newcastle-upon-tyne,E08000021,2021-12,480,monthly,176011,328944,202603,172163,122168,2021-12-01
Newcastle,http://landregistry.data.gov.uk/id/region/newcastle-upon-tyne,E08000021,2022-01,259,monthly,178351,331974,205576,174909,123533,2022-01-01
Newcastle,http://landregistry.data.gov.uk/id/region/newcastle-upon-tyne,E08000021,2022-02,297,monthly,178300,331231,205547,174890,123684,2022-02-01
Newcastle,http://landregistry.data.gov.uk/id/region/newcastle-upon-tyne,E08000021,2022-03,407,monthly,180096,336491,208066,176273,124456,2022-03-01
Newcastle,http://landregistry.data.gov.uk/id/region/newcastle-upon-tyne,E08000021,2022-04,317,monthly,180550,337245,208305,176953,124773,2022-04-01
Newcastle,http://landregistry.data.gov.uk/id/region/newcastle-upon-tyne,E08000021,2022-05,337,monthly,182479,340163,210655,179292,125683,2022-05-01
Newcastle,http://landregistry.data.gov.uk/id/region/newcastle-upon-tyne,E08000021,2022-06,351,monthly,181294,336635,209106,178508,124957,2022-06-01
Newcastle,http://landregistry.data.gov.uk/id/region/newcastle-upon-tyne,E08000021,2022-07,369,monthly,183784,340570,212166,181356,126262,2022-07-01
Newcastle,http://landregistry.data.gov.uk/id/region/newcastle-upon-tyne,E08000021,2022-08,331,monthly,186979,346409,215904,185029,127861,2022-08-01
Newcastle,http://landregistry.data.gov.uk/id/region/newcastle-upon-tyne,E08000021,2022-09,405,monthly,191186,353878,220847,189607,130295,2022-09-01
Newcastle,http://landregistry.data.gov.uk/id/region/newcastle-upon-tyne,E08000021,2022-10,373,monthly,190475,352940,220333,188864,129490,2022-10-01
Newcastle,http://landregistry.data.gov.uk/id/region/newcastle-upon-tyne,E08000021,2022-11,362,monthly,189469,351975,219507,187625,128547,2022-11-01
Newcastle,http://landregistry.data.gov.uk/id/region/newcastle-upon-tyne,E08000021,2022-12,374,monthly,188159,349564,218451,186239,127366,2022-12-01
Newcastle,http://landregistry.data.gov.uk/id/region/newcastle-upon-tyne,E08000021,2023-01,286,monthly,187459,349359,217726,185194,126911,2023-01-01
Newcastle,http://landregistry.data.gov.uk/id/region/newcastle-upon-tyne,E08000021,2023-02,283,monthly,186242,348718,216089,183667,126251,2023-02-01
Newcastle,http://landregistry.data.gov.uk/id/region/newcastle-upon-tyne,E08000021,2023-03,274,monthly,185329,350488,215162,181866,125667,2023-03-01
Newcastle,http://landregistry.data.gov.uk/id/region/newcastle-upon-tyne,E08000021,2023-04,191,monthly,186529,354085,216464,182725,126577,2023-04-01
Newcastle,http://landregistry.data.gov.uk/id/region/newcastle-upon-tyne,E08000021,2023-05,202,monthly,185200,350571,214857,181212,126078,2023-05-01
Newcastle,http://landregistry.data.gov.uk/id/region/newcastle-upon-tyne,E08000021,2023-06,300,monthly,184282,346576,213240,180964,125645,2023-06-01
Newcastle,http://landregistry.data.gov.uk/id/region/newcastle-upon-tyne,E08000021,2023-07,244,monthly,184336,344913,213342,181642,125437,2023-07-01
Newcastle,http://landregistry.data.gov.uk/id/region/newcastle-upon-tyne,E08000021,2023-08,301,monthly,188745,353179,218613,186644,127761,2023-08-01
Newcastle,http://landregistry.data.gov.uk/id/region/newcastle-upon-tyne,E08000021,2023-09,249,monthly,191112,358414,221779,189238,128731,2023-09-01
Newcastle,http://landregistry.data.gov.uk/id/region/newcastle-upon-tyne,E08000021,2023-10,275,monthly,193950,364353,225279,191813,130601,2023-10-01
Newcastle,http://landregistry.data.gov.uk/id/region/newcastle-upon-tyne,E08000021,2023-11,223,monthly,192222,363715,223729,189462,129238,2023-11-01
Newcastle,http://landregistry.data.gov.uk/id/region/newcastle-upon-tyne,E08000021,2023-12,230,monthly,194939,369854,227132,191632,131170,2023-12-01
Newcastle,http://landregistry.data.gov.uk/id/region/newcastle-upon-tyne,E08000021,2024-01,144,monthly,191957,366284,223540,188760,128816,2024-01-01
Newcastle,http://landregistry.data.gov.uk/id/region/newcastle-upon-tyne,E08000021,2024-02,108,monthly,193511,372231,225328,189859,129562,2024-02-01
Newcastle,http://landregistry.data.gov.uk/id/region/newcastle-upon-tyne,E08000021,2024-03,,monthly,190012,369412,221010,185692,127215,2024-03-01
Newcastle,http://landregistry.data.gov.uk/id/region/newcastle-upon-tyne,E08000021,2024-04,,monthly,192664,376721,224340,187526,129015,2024-04-01
