"Name","URI","Region GSS code","Period","Sales volume","Reporting period","Average price All property types","Average price Detached houses","Average price Semi-detached houses","Average price Terraced houses","Average price Flats and maisonettes","Pivotable date"
Newham,http://landregistry.data.gov.uk/id/region/newham,E09000025,2004-01,386,monthly,176329,313365,232169,174299,182544,2004-01-01
Newham,http://landregistry.data.gov.uk/id/region/newham,E09000025,2004-02,385,monthly,176489,311755,232003,174506,182625,2004-02-01
Newham,http://landregistry.data.gov.uk/id/region/newham,E09000025,2004-03,446,monthly,179859,318086,236352,177879,185936,2004-03-01
Newham,http://landregistry.data.gov.uk/id/region/newham,E09000025,2004-04,426,monthly,182634,318856,239226,180912,188382,2004-04-01
Newham,http://landregistry.data.gov.uk/id/region/newham,E09000025,2004-05,347,monthly,182238,314827,237767,180758,187643,2004-05-01
Newham,http://landregistry.data.gov.uk/id/region/newham,E09000025,2004-06,465,monthly,183560,314255,239132,182112,188968,2004-06-01
Newham,http://landregistry.data.gov.uk/id/region/newham,E09000025,2004-07,436,monthly,186131,318949,243255,185070,190888,2004-07-01
Newham,http://landregistry.data.gov.uk/id/region/newham,E09000025,2004-08,451,monthly,190368,327454,249346,189480,194857,2004-08-01
Newham,http://landregistry.data.gov.uk/id/region/newham,E09000025,2004-09,390,monthly,192660,332688,253217,192350,196144,2004-09-01
Newham,http://landregistry.data.gov.uk/id/region/newham,E09000025,2004-10,361,monthly,192757,331947,252321,192087,196909,2004-10-01
Newham,http://landregistry.data.gov.uk/id/region/newham,E09000025,2004-11,313,monthly,192817,330780,251800,192032,197208,2004-11-01
Newham,http://landregistry.data.gov.uk/id/region/newham,E09000025,2004-12,319,monthly,192322,327443,249870,191321,197159,2004-12-01
Newham,http://landregistry.data.gov.uk/id/region/newham,E09000025,2005-01,211,monthly,191246,324090,247733,190196,196200,2005-01-01
Newham,http://landregistry.data.gov.uk/id/region/newham,E09000025,2005-02,263,monthly,192277,323577,249463,191316,197100,2005-02-01
Newham,http://landregistry.data.gov.uk/id/region/newham,E09000025,2005-03,288,monthly,191365,321645,248769,190623,195792,2005-03-01
Newham,http://landregistry.data.gov.uk/id/region/newham,E09000025,2005-04,290,monthly,192854,322138,251083,192505,196660,2005-04-01
Newham,http://landregistry.data.gov.uk/id/region/newham,E09000025,2005-05,301,monthly,190856,319503,247870,190747,194263,2005-05-01
Newham,http://landregistry.data.gov.uk/id/region/newham,E09000025,2005-06,374,monthly,193028,319930,249952,193219,196043,2005-06-01
Newham,http://landregistry.data.gov.uk/id/region/newham,E09000025,2005-07,363,monthly,194183,321814,251694,194707,196673,2005-07-01
Newham,http://landregistry.data.gov.uk/id/region/newham,E09000025,2005-08,331,monthly,195870,324293,253944,196761,197801,2005-08-01
Newham,http://landregistry.data.gov.uk/id/region/newham,E09000025,2005-09,345,monthly,194370,322859,252847,195700,195530,2005-09-01
Newham,http://landregistry.data.gov.uk/id/region/newham,E09000025,2005-10,354,monthly,193764,321243,251605,195111,194912,2005-10-01
Newham,http://landregistry.data.gov.uk/id/region/newham,E09000025,2005-11,376,monthly,195198,322456,253630,196706,196114,2005-11-01
Newham,http://landregistry.data.gov.uk/id/region/newham,E09000025,2005-12,413,monthly,197653,324624,255677,198808,199238,2005-12-01
Newham,http://landregistry.data.gov.uk/id/region/newham,E09000025,2006-01,328,monthly,198196,326204,256434,199490,199562,2006-01-01
Newham,http://landregistry.data.gov.uk/id/region/newham,E09000025,2006-02,334,monthly,195776,321387,252732,196841,197485,2006-02-01
Newham,http://landregistry.data.gov.uk/id/region/newham,E09000025,2006-03,375,monthly,193713,321128,251106,195301,194510,2006-03-01
Newham,http://landregistry.data.gov.uk/id/region/newham,E09000025,2006-04,283,monthly,195140,323329,252892,196824,195824,2006-04-01
Newham,http://landregistry.data.gov.uk/id/region/newham,E09000025,2006-05,355,monthly,199912,331585,259311,201863,200258,2006-05-01
Newham,http://landregistry.data.gov.uk/id/region/newham,E09000025,2006-06,401,monthly,204067,336479,264474,206159,204314,2006-06-01
Newham,http://landregistry.data.gov.uk/id/region/newham,E09000025,2006-07,480,monthly,204821,336851,265670,207360,204430,2006-07-01
Newham,http://landregistry.data.gov.uk/id/region/newham,E09000025,2006-08,391,monthly,205592,337989,266772,208645,204459,2006-08-01
Newham,http://landregistry.data.gov.uk/id/region/newham,E09000025,2006-09,352,monthly,206486,340759,268257,209526,205347,2006-09-01
Newham,http://landregistry.data.gov.uk/id/region/newham,E09000025,2006-10,401,monthly,210510,348116,273072,213392,209679,2006-10-01
Newham,http://landregistry.data.gov.uk/id/region/newham,E09000025,2006-11,401,monthly,212391,352347,275885,215303,211510,2006-11-01
Newham,http://landregistry.data.gov.uk/id/region/newham,E09000025,2006-12,356,monthly,212813,351903,275955,215861,211783,2006-12-01
Newham,http://landregistry.data.gov.uk/id/region/newham,E09000025,2007-01,337,monthly,214193,353856,278093,217544,212731,2007-01-01
Newham,http://landregistry.data.gov.uk/id/region/newham,E09000025,2007-02,353,monthly,214554,353736,278178,217446,213667,2007-02-01
Newham,http://landregistry.data.gov.uk/id/region/newham,E09000025,2007-03,372,monthly,217956,360440,282896,221205,216605,2007-03-01
Newham,http://landregistry.data.gov.uk/id/region/newham,E09000025,2007-04,294,monthly,218737,360568,283287,222098,217291,2007-04-01
Newham,http://landregistry.data.gov.uk/id/region/newham,E09000025,2007-05,323,monthly,222008,363411,286658,225692,220258,2007-05-01
Newham,http://landregistry.data.gov.uk/id/region/newham,E09000025,2007-06,398,monthly,225445,367386,290670,229151,223740,2007-06-01
Newham,http://landregistry.data.gov.uk/id/region/newham,E09000025,2007-07,442,monthly,228414,372238,294709,232289,226530,2007-07-01
Newham,http://landregistry.data.gov.uk/id/region/newham,E09000025,2007-08,439,monthly,232671,382007,301068,237304,229858,2007-08-01
Newham,http://landregistry.data.gov.uk/id/region/newham,E09000025,2007-09,373,monthly,234415,384958,303635,239106,231539,2007-09-01
Newham,http://landregistry.data.gov.uk/id/region/newham,E09000025,2007-10,374,monthly,236584,389465,305725,240999,234096,2007-10-01
Newham,http://landregistry.data.gov.uk/id/region/newham,E09000025,2007-11,377,monthly,235942,388502,304940,239870,234038,2007-11-01
Newham,http://landregistry.data.gov.uk/id/region/newham,E09000025,2007-12,288,monthly,235744,389200,304230,239417,234163,2007-12-01
Newham,http://landregistry.data.gov.uk/id/region/newham,E09000025,2008-01,307,monthly,236617,392042,305939,240318,234977,2008-01-01
Newham,http://landregistry.data.gov.uk/id/region/newham,E09000025,2008-02,352,monthly,234151,388816,303249,237862,232457,2008-02-01
Newham,http://landregistry.data.gov.uk/id/region/newham,E09000025,2008-03,394,monthly,229874,383054,298758,234003,227769,2008-03-01
Newham,http://landregistry.data.gov.uk/id/region/newham,E09000025,2008-04,331,monthly,223486,373238,290844,228086,220967,2008-04-01
Newham,http://landregistry.data.gov.uk/id/region/newham,E09000025,2008-05,300,monthly,223903,372177,291287,228726,221222,2008-05-01
Newham,http://landregistry.data.gov.uk/id/region/newham,E09000025,2008-06,309,monthly,231056,381842,300189,236042,228303,2008-06-01
Newham,http://landregistry.data.gov.uk/id/region/newham,E09000025,2008-07,176,monthly,233407,383063,303334,238191,230828,2008-07-01
Newham,http://landregistry.data.gov.uk/id/region/newham,E09000025,2008-08,128,monthly,226064,371669,293964,230952,223362,2008-08-01
Newham,http://landregistry.data.gov.uk/id/region/newham,E09000025,2008-09,105,monthly,217829,360188,282791,222076,215593,2008-09-01
Newham,http://landregistry.data.gov.uk/id/region/newham,E09000025,2008-10,91,monthly,207060,342439,267864,210312,205584,2008-10-01
Newham,http://landregistry.data.gov.uk/id/region/newham,E09000025,2008-11,68,monthly,205992,339348,265501,208316,205275,2008-11-01
Newham,http://landregistry.data.gov.uk/id/region/newham,E09000025,2008-12,127,monthly,191782,315147,247827,194548,190629,2008-12-01
Newham,http://landregistry.data.gov.uk/id/region/newham,E09000025,2009-01,84,monthly,189086,312385,244858,191940,187826,2009-01-01
Newham,http://landregistry.data.gov.uk/id/region/newham,E09000025,2009-02,72,monthly,186697,306463,242370,189359,185749,2009-02-01
Newham,http://landregistry.data.gov.uk/id/region/newham,E09000025,2009-03,88,monthly,191434,311511,247654,193050,191458,2009-03-01
Newham,http://landregistry.data.gov.uk/id/region/newham,E09000025,2009-04,88,monthly,190233,305318,246246,191622,190621,2009-04-01
Newham,http://landregistry.data.gov.uk/id/region/newham,E09000025,2009-05,98,monthly,183363,294561,237488,185010,183229,2009-05-01
Newham,http://landregistry.data.gov.uk/id/region/newham,E09000025,2009-06,112,monthly,182436,292929,236648,184635,181383,2009-06-01
Newham,http://landregistry.data.gov.uk/id/region/newham,E09000025,2009-07,130,monthly,184975,296789,240825,188162,182330,2009-07-01
Newham,http://landregistry.data.gov.uk/id/region/newham,E09000025,2009-08,110,monthly,190484,305803,248450,194539,186511,2009-08-01
Newham,http://landregistry.data.gov.uk/id/region/newham,E09000025,2009-09,155,monthly,188168,301944,245897,192463,183759,2009-09-01
Newham,http://landregistry.data.gov.uk/id/region/newham,E09000025,2009-10,134,monthly,188467,305531,246806,192962,183706,2009-10-01
Newham,http://landregistry.data.gov.uk/id/region/newham,E09000025,2009-11,139,monthly,189741,309888,248508,194592,184431,2009-11-01
Newham,http://landregistry.data.gov.uk/id/region/newham,E09000025,2009-12,198,monthly,193524,316112,253948,199041,187199,2009-12-01
Newham,http://landregistry.data.gov.uk/id/region/newham,E09000025,2010-01,108,monthly,194632,317203,255765,200935,187102,2010-01-01
Newham,http://landregistry.data.gov.uk/id/region/newham,E09000025,2010-02,137,monthly,196745,318814,260309,203323,188740,2010-02-01
Newham,http://landregistry.data.gov.uk/id/region/newham,E09000025,2010-03,173,monthly,199933,323950,263975,206018,192814,2010-03-01
Newham,http://landregistry.data.gov.uk/id/region/newham,E09000025,2010-04,117,monthly,202170,326354,266752,207809,195801,2010-04-01
Newham,http://landregistry.data.gov.uk/id/region/newham,E09000025,2010-05,140,monthly,203815,328941,267150,209282,197846,2010-05-01
Newham,http://landregistry.data.gov.uk/id/region/newham,E09000025,2010-06,179,monthly,204238,329354,268381,210415,197102,2010-06-01
Newham,http://landregistry.data.gov.uk/id/region/newham,E09000025,2010-07,155,monthly,207952,336957,273248,214598,200110,2010-07-01
Newham,http://landregistry.data.gov.uk/id/region/newham,E09000025,2010-08,141,monthly,207821,337616,274490,214700,199520,2010-08-01
Newham,http://landregistry.data.gov.uk/id/region/newham,E09000025,2010-09,147,monthly,210674,343777,278469,217524,202428,2010-09-01
Newham,http://landregistry.data.gov.uk/id/region/newham,E09000025,2010-10,129,monthly,208508,340292,275749,214932,200900,2010-10-01
Newham,http://landregistry.data.gov.uk/id/region/newham,E09000025,2010-11,140,monthly,209060,343040,276163,215024,202192,2010-11-01
Newham,http://landregistry.data.gov.uk/id/region/newham,E09000025,2010-12,115,monthly,208056,340858,274767,213818,201506,2010-12-01
Newham,http://landregistry.data.gov.uk/id/region/newham,E09000025,2011-01,108,monthly,208687,340794,275394,214434,202190,2011-01-01
Newham,http://landregistry.data.gov.uk/id/region/newham,E09000025,2011-02,103,monthly,205504,333865,270957,211051,199248,2011-02-01
Newham,http://landregistry.data.gov.uk/id/region/newham,E09000025,2011-03,147,monthly,201980,329676,266038,207196,196164,2011-03-01
Newham,http://landregistry.data.gov.uk/id/region/newham,E09000025,2011-04,114,monthly,200682,327929,264251,205785,195013,2011-04-01
Newham,http://landregistry.data.gov.uk/id/region/newham,E09000025,2011-05,125,monthly,204107,331521,268053,209005,198807,2011-05-01
Newham,http://landregistry.data.gov.uk/id/region/newham,E09000025,2011-06,124,monthly,206952,333180,272300,211837,201682,2011-06-01
Newham,http://landregistry.data.gov.uk/id/region/newham,E09000025,2011-07,145,monthly,207741,332777,272915,212311,202949,2011-07-01
Newham,http://landregistry.data.gov.uk/id/region/newham,E09000025,2011-08,138,monthly,208896,336542,275670,214320,202848,2011-08-01
Newham,http://landregistry.data.gov.uk/id/region/newham,E09000025,2011-09,142,monthly,212026,343394,280316,218169,204972,2011-09-01
Newham,http://landregistry.data.gov.uk/id/region/newham,E09000025,2011-10,127,monthly,212406,346863,282240,218996,204630,2011-10-01
Newham,http://landregistry.data.gov.uk/id/region/newham,E09000025,2011-11,143,monthly,212496,345743,282560,218544,205460,2011-11-01
Newham,http://landregistry.data.gov.uk/id/region/newham,E09000025,2011-12,186,monthly,210485,342657,280238,216024,204107,2011-12-01
Newham,http://landregistry.data.gov.uk/id/region/newham,E09000025,2012-01,175,monthly,213513,347097,284787,219238,206871,2012-01-01
Newham,http://landregistry.data.gov.uk/id/region/newham,E09000025,2012-02,124,monthly,210451,344148,281728,217315,202446,2012-02-01
Newham,http://landregistry.data.gov.uk/id/region/newham,E09000025,2012-03,215,monthly,211701,345728,283644,219219,202920,2012-03-01
Newham,http://landregistry.data.gov.uk/id/region/newham,E09000025,2012-04,82,monthly,209250,341216,279442,216521,200779,2012-04-01
Newham,http://landregistry.data.gov.uk/id/region/newham,E09000025,2012-05,105,monthly,213290,346982,283754,219910,205512,2012-05-01
Newham,http://landregistry.data.gov.uk/id/region/newham,E09000025,2012-06,112,monthly,212423,344588,281716,219188,204547,2012-06-01
Newham,http://landregistry.data.gov.uk/id/region/newham,E09000025,2012-07,131,monthly,216463,351154,287719,224368,207378,2012-07-01
Newham,http://landregistry.data.gov.uk/id/region/newham,E09000025,2012-08,103,monthly,214977,349287,286504,223744,204988,2012-08-01
Newham,http://landregistry.data.gov.uk/id/region/newham,E09000025,2012-09,156,monthly,214194,349592,286510,223178,203935,2012-09-01
Newham,http://landregistry.data.gov.uk/id/region/newham,E09000025,2012-10,178,monthly,211658,345408,283166,220134,201925,2012-10-01
Newham,http://landregistry.data.gov.uk/id/region/newham,E09000025,2012-11,152,monthly,211473,344758,282458,219469,202247,2012-11-01
Newham,http://landregistry.data.gov.uk/id/region/newham,E09000025,2012-12,170,monthly,214504,350546,286025,222320,205459,2012-12-01
Newham,http://landregistry.data.gov.uk/id/region/newham,E09000025,2013-01,136,monthly,216276,354197,289495,224491,206767,2013-01-01
Newham,http://landregistry.data.gov.uk/id/region/newham,E09000025,2013-02,192,monthly,217656,356446,291626,226282,207715,2013-02-01
Newham,http://landregistry.data.gov.uk/id/region/newham,E09000025,2013-03,173,monthly,218740,358505,293292,227299,208830,2013-03-01
Newham,http://landregistry.data.gov.uk/id/region/newham,E09000025,2013-04,139,monthly,220203,361030,294294,228452,210619,2013-04-01
Newham,http://landregistry.data.gov.uk/id/region/newham,E09000025,2013-05,172,monthly,221686,362931,296065,229584,212441,2013-05-01
Newham,http://landregistry.data.gov.uk/id/region/newham,E09000025,2013-06,188,monthly,224762,365927,300244,233371,214826,2013-06-01
Newham,http://landregistry.data.gov.uk/id/region/newham,E09000025,2013-07,216,monthly,224133,363760,298966,233059,213925,2013-07-01
Newham,http://landregistry.data.gov.uk/id/region/newham,E09000025,2013-08,194,monthly,224817,365210,300224,234271,214080,2013-08-01
Newham,http://landregistry.data.gov.uk/id/region/newham,E09000025,2013-09,239,monthly,224015,365851,299242,233238,213486,2013-09-01
Newham,http://landregistry.data.gov.uk/id/region/newham,E09000025,2013-10,205,monthly,223556,366755,299149,232656,213113,2013-10-01
Newham,http://landregistry.data.gov.uk/id/region/newham,E09000025,2013-11,266,monthly,228005,375706,305228,236861,217743,2013-11-01
Newham,http://landregistry.data.gov.uk/id/region/newham,E09000025,2013-12,266,monthly,229561,377466,307539,238399,219299,2013-12-01
Newham,http://landregistry.data.gov.uk/id/region/newham,E09000025,2014-01,237,monthly,234334,386587,314380,243498,223694,2014-01-01
Newham,http://landregistry.data.gov.uk/id/region/newham,E09000025,2014-02,218,monthly,234169,388264,314901,243836,223045,2014-02-01
Newham,http://landregistry.data.gov.uk/id/region/newham,E09000025,2014-03,264,monthly,234548,390610,316042,244287,223316,2014-03-01
Newham,http://landregistry.data.gov.uk/id/region/newham,E09000025,2014-04,211,monthly,242493,402254,326851,252971,230551,2014-04-01
Newham,http://landregistry.data.gov.uk/id/region/newham,E09000025,2014-05,241,monthly,249075,410816,334960,259765,236905,2014-05-01
Newham,http://landregistry.data.gov.uk/id/region/newham,E09000025,2014-06,319,monthly,257977,425518,347004,269371,245105,2014-06-01
Newham,http://landregistry.data.gov.uk/id/region/newham,E09000025,2014-07,250,monthly,263542,435309,354831,275542,250085,2014-07-01
Newham,http://landregistry.data.gov.uk/id/region/newham,E09000025,2014-08,287,monthly,270521,448365,365193,283611,256037,2014-08-01
Newham,http://landregistry.data.gov.uk/id/region/newham,E09000025,2014-09,263,monthly,276292,458052,373091,290107,261132,2014-09-01
Newham,http://landregistry.data.gov.uk/id/region/newham,E09000025,2014-10,283,monthly,278469,463293,376368,291964,263520,2014-10-01
Newham,http://landregistry.data.gov.uk/id/region/newham,E09000025,2014-11,227,monthly,279108,465841,377357,292148,264506,2014-11-01
Newham,http://landregistry.data.gov.uk/id/region/newham,E09000025,2014-12,245,monthly,279219,466772,377569,291777,265003,2014-12-01
Newham,http://landregistry.data.gov.uk/id/region/newham,E09000025,2015-01,198,monthly,278132,463687,376375,290545,264051,2015-01-01
Newham,http://landregistry.data.gov.uk/id/region/newham,E09000025,2015-02,211,monthly,279870,462662,377713,291451,266454,2015-02-01
Newham,http://landregistry.data.gov.uk/id/region/newham,E09000025,2015-03,217,monthly,282742,466333,381506,293747,269726,2015-03-01
Newham,http://landregistry.data.gov.uk/id/region/newham,E09000025,2015-04,185,monthly,287539,475811,387664,298969,274124,2015-04-01
Newham,http://landregistry.data.gov.uk/id/region/newham,E09000025,2015-05,228,monthly,291590,484538,393936,303605,277632,2015-05-01
Newham,http://landregistry.data.gov.uk/id/region/newham,E09000025,2015-06,374,monthly,293256,489900,397572,306990,277932,2015-06-01
Newham,http://landregistry.data.gov.uk/id/region/newham,E09000025,2015-07,268,monthly,297453,495299,403462,311491,281830,2015-07-01
Newham,http://landregistry.data.gov.uk/id/region/newham,E09000025,2015-08,240,monthly,301504,502968,409529,316708,284918,2015-08-01
Newham,http://landregistry.data.gov.uk/id/region/newham,E09000025,2015-09,283,monthly,308543,515210,418230,323630,291940,2015-09-01
Newham,http://landregistry.data.gov.uk/id/region/newham,E09000025,2015-10,307,monthly,313025,526108,424376,328652,295925,2015-10-01
Newham,http://landregistry.data.gov.uk/id/region/newham,E09000025,2015-11,273,monthly,317550,534652,430589,333261,300302,2015-11-01
Newham,http://landregistry.data.gov.uk/id/region/newham,E09000025,2015-12,298,monthly,319493,538018,433695,335261,302155,2015-12-01
Newham,http://landregistry.data.gov.uk/id/region/newham,E09000025,2016-01,252,monthly,325990,547358,443937,341884,308414,2016-01-01
Newham,http://landregistry.data.gov.uk/id/region/newham,E09000025,2016-02,238,monthly,329609,554544,450311,345934,311605,2016-02-01
Newham,http://landregistry.data.gov.uk/id/region/newham,E09000025,2016-03,479,monthly,336144,565988,459563,352790,317775,2016-03-01
Newham,http://landregistry.data.gov.uk/id/region/newham,E09000025,2016-04,132,monthly,337626,569902,460416,354230,319287,2016-04-01
Newham,http://landregistry.data.gov.uk/id/region/newham,E09000025,2016-05,141,monthly,343814,575925,465347,359443,326211,2016-05-01
Newham,http://landregistry.data.gov.uk/id/region/newham,E09000025,2016-06,148,monthly,351368,588562,474546,367158,333541,2016-06-01
Newham,http://landregistry.data.gov.uk/id/region/newham,E09000025,2016-07,219,monthly,355960,593951,480795,372194,337733,2016-07-01
Newham,http://landregistry.data.gov.uk/id/region/newham,E09000025,2016-08,218,monthly,359410,602575,486075,376068,340775,2016-08-01
Newham,http://landregistry.data.gov.uk/id/region/newham,E09000025,2016-09,142,monthly,362358,607249,490757,378771,343838,2016-09-01
Newham,http://landregistry.data.gov.uk/id/region/newham,E09000025,2016-10,373,monthly,359280,603432,485824,374011,342094,2016-10-01
Newham,http://landregistry.data.gov.uk/id/region/newham,E09000025,2016-11,309,monthly,360642,607996,487960,374244,344273,2016-11-01
Newham,http://landregistry.data.gov.uk/id/region/newham,E09000025,2016-12,305,monthly,353282,596980,477082,365565,338054,2016-12-01
Newham,http://landregistry.data.gov.uk/id/region/newham,E09000025,2017-01,214,monthly,355298,601822,479446,367265,340282,2017-01-01
Newham,http://landregistry.data.gov.uk/id/region/newham,E09000025,2017-02,280,monthly,359315,607171,483127,370478,344940,2017-02-01
Newham,http://landregistry.data.gov.uk/id/region/newham,E09000025,2017-03,388,monthly,364544,615793,489421,374746,350869,2017-03-01
Newham,http://landregistry.data.gov.uk/id/region/newham,E09000025,2017-04,358,monthly,365240,615441,489134,374933,352009,2017-04-01
Newham,http://landregistry.data.gov.uk/id/region/newham,E09000025,2017-05,359,monthly,365854,614874,490452,375122,352948,2017-05-01
Newham,http://landregistry.data.gov.uk/id/region/newham,E09000025,2017-06,456,monthly,362237,604815,484460,371574,349392,2017-06-01
Newham,http://landregistry.data.gov.uk/id/region/newham,E09000025,2017-07,369,monthly,363805,606893,487418,373314,350774,2017-07-01
Newham,http://landregistry.data.gov.uk/id/region/newham,E09000025,2017-08,290,monthly,361141,601133,483683,371719,347305,2017-08-01
Newham,http://landregistry.data.gov.uk/id/region/newham,E09000025,2017-09,219,monthly,369229,616543,495475,380505,354672,2017-09-01
Newham,http://landregistry.data.gov.uk/id/region/newham,E09000025,2017-10,243,monthly,368084,616955,495471,379800,353131,2017-10-01
Newham,http://landregistry.data.gov.uk/id/region/newham,E09000025,2017-11,260,monthly,361402,608494,487910,373080,346518,2017-11-01
Newham,http://landregistry.data.gov.uk/id/region/newham,E09000025,2017-12,285,monthly,349429,589828,472544,361424,334447,2017-12-01
Newham,http://landregistry.data.gov.uk/id/region/newham,E09000025,2018-01,266,monthly,343800,579448,464619,355328,329291,2018-01-01
Newham,http://landregistry.data.gov.uk/id/region/newham,E09000025,2018-02,390,monthly,347618,586324,468478,358534,333296,2018-02-01
Newham,http://landregistry.data.gov.uk/id/region/newham,E09000025,2018-03,248,monthly,352992,597365,477156,364475,338669,2018-03-01
Newham,http://landregistry.data.gov.uk/id/region/newham,E09000025,2018-04,265,monthly,360618,613362,489261,374565,345304,2018-04-01
Newham,http://landregistry.data.gov.uk/id/region/newham,E09000025,2018-05,261,monthly,363096,622929,498210,381039,346450,2018-05-01
Newham,http://landregistry.data.gov.uk/id/region/newham,E09000025,2018-06,274,monthly,366703,631091,505142,385854,349560,2018-06-01
Newham,http://landregistry.data.gov.uk/id/region/newham,E09000025,2018-07,189,monthly,368343,636197,509009,388689,350777,2018-07-01
Newham,http://landregistry.data.gov.uk/id/region/newham,E09000025,2018-08,218,monthly,365932,629400,504002,385397,348724,2018-08-01
Newham,http://landregistry.data.gov.uk/id/region/newham,E09000025,2018-09,271,monthly,366285,630363,505268,386180,348931,2018-09-01
Newham,http://landregistry.data.gov.uk/id/region/newham,E09000025,2018-10,244,monthly,362002,621732,498137,380234,345283,2018-10-01
Newham,http://landregistry.data.gov.uk/id/region/newham,E09000025,2018-11,282,monthly,357621,621350,495871,377640,340466,2018-11-01
Newham,http://landregistry.data.gov.uk/id/region/newham,E09000025,2018-12,267,monthly,355100,618965,492545,375365,337947,2018-12-01
Newham,http://landregistry.data.gov.uk/id/region/newham,E09000025,2019-01,184,monthly,358029,626767,498358,379218,340487,2019-01-01
Newham,http://landregistry.data.gov.uk/id/region/newham,E09000025,2019-02,150,monthly,363433,630843,502943,381985,346714,2019-02-01
Newham,http://landregistry.data.gov.uk/id/region/newham,E09000025,2019-03,146,monthly,366830,635738,509049,385772,349767,2019-03-01
Newham,http://landregistry.data.gov.uk/id/region/newham,E09000025,2019-04,151,monthly,366811,635621,508885,386235,349523,2019-04-01
Newham,http://landregistry.data.gov.uk/id/region/newham,E09000025,2019-05,181,monthly,368293,639312,512411,389906,349895,2019-05-01
Newham,http://landregistry.data.gov.uk/id/region/newham,E09000025,2019-06,217,monthly,359549,624831,501145,381815,341020,2019-06-01
Newham,http://landregistry.data.gov.uk/id/region/newham,E09000025,2019-07,222,monthly,359608,622444,500172,381408,341329,2019-07-01
Newham,http://landregistry.data.gov.uk/id/region/newham,E09000025,2019-08,175,monthly,362277,626148,506486,386263,342871,2019-08-01
Newham,http://landregistry.data.gov.uk/id/region/newham,E09000025,2019-09,178,monthly,368978,634636,512915,392595,349664,2019-09-01
Newham,http://landregistry.data.gov.uk/id/region/newham,E09000025,2019-10,181,monthly,369186,636019,516580,394117,349172,2019-10-01
Newham,http://landregistry.data.gov.uk/id/region/newham,E09000025,2019-11,195,monthly,363378,630029,509511,387778,343710,2019-11-01
Newham,http://landregistry.data.gov.uk/id/region/newham,E09000025,2019-12,146,monthly,361100,633149,511052,387645,340370,2019-12-01
Newham,http://landregistry.data.gov.uk/id/region/newham,E09000025,2020-01,130,monthly,365657,642818,516625,392219,344826,2020-01-01
Newham,http://landregistry.data.gov.uk/id/region/newham,E09000025,2020-02,115,monthly,371245,656229,526621,399347,349411,2020-02-01
Newham,http://landregistry.data.gov.uk/id/region/newham,E09000025,2020-03,135,monthly,370082,652285,524765,397505,348542,2020-03-01
Newham,http://landregistry.data.gov.uk/id/region/newham,E09000025,2020-04,63,monthly,367288,647058,522059,395484,345392,2020-04-01
Newham,http://landregistry.data.gov.uk/id/region/newham,E09000025,2020-05,75,monthly,374194,656757,527142,399338,353776,2020-05-01
Newham,http://landregistry.data.gov.uk/id/region/newham,E09000025,2020-06,102,monthly,380286,668833,536806,406755,359056,2020-06-01
Newham,http://landregistry.data.gov.uk/id/region/newham,E09000025,2020-07,168,monthly,380567,669083,538069,407912,358877,2020-07-01
Newham,http://landregistry.data.gov.uk/id/region/newham,E09000025,2020-08,180,monthly,373577,657620,532466,404320,350255,2020-08-01
Newham,http://landregistry.data.gov.uk/id/region/newham,E09000025,2020-09,199,monthly,369567,650492,527179,401109,345934,2020-09-01
Newham,http://landregistry.data.gov.uk/id/region/newham,E09000025,2020-10,189,monthly,374524,664023,536163,408721,349424,2020-10-01
Newham,http://landregistry.data.gov.uk/id/region/newham,E09000025,2020-11,183,monthly,376484,669047,538955,412002,350694,2020-11-01
Newham,http://landregistry.data.gov.uk/id/region/newham,E09000025,2020-12,228,monthly,381893,681577,548751,420076,354648,2020-12-01
Newham,http://landregistry.data.gov.uk/id/region/newham,E09000025,2021-01,180,monthly,384402,682299,551089,421944,357452,2021-01-01
Newham,http://landregistry.data.gov.uk/id/region/newham,E09000025,2021-02,257,monthly,390044,687478,557096,426580,363520,2021-02-01
Newham,http://landregistry.data.gov.uk/id/region/newham,E09000025,2021-03,357,monthly,395360,688664,559335,429416,370084,2021-03-01
Newham,http://landregistry.data.gov.uk/id/region/newham,E09000025,2021-04,205,monthly,388962,678335,548635,422106,364347,2021-04-01
Newham,http://landregistry.data.gov.uk/id/region/newham,E09000025,2021-05,176,monthly,382858,668941,539920,415863,358398,2021-05-01
Newham,http://landregistry.data.gov.uk/id/region/newham,E09000025,2021-06,532,monthly,387538,679776,548058,424894,360410,2021-06-01
Newham,http://landregistry.data.gov.uk/id/region/newham,E09000025,2021-07,94,monthly,388335,678139,547829,422696,363082,2021-07-01
Newham,http://landregistry.data.gov.uk/id/region/newham,E09000025,2021-08,137,monthly,390708,687089,556212,426581,364399,2021-08-01
Newham,http://landregistry.data.gov.uk/id/region/newham,E09000025,2021-09,250,monthly,383721,677887,549042,417987,358370,2021-09-01
Newham,http://landregistry.data.gov.uk/id/region/newham,E09000025,2021-10,96,monthly,379381,682802,550985,418045,351181,2021-10-01
Newham,http://landregistry.data.gov.uk/id/region/newham,E09000025,2021-11,126,monthly,380213,685498,551968,419086,351878,2021-11-01
Newham,http://landregistry.data.gov.uk/id/region/newham,E09000025,2021-12,218,monthly,381154,693649,556791,421284,351981,2021-12-01
Newham,http://landregistry.data.gov.uk/id/region/newham,E09000025,2022-01,148,monthly,388984,706822,569455,432027,357976,2022-01-01
Newham,http://landregistry.data.gov.uk/id/region/newham,E09000025,2022-02,149,monthly,387159,704912,567278,430601,356243,2022-02-01
Newham,http://landregistry.data.gov.uk/id/region/newham,E09000025,2022-03,254,monthly,388924,709202,570706,432254,358049,2022-03-01
Newham,http://landregistry.data.gov.uk/id/region/newham,E09000025,2022-04,189,monthly,386172,704665,566071,429765,355083,2022-04-01
Newham,http://landregistry.data.gov.uk/id/region/newham,E09000025,2022-05,197,monthly,393603,719998,579754,440159,360111,2022-05-01
Newham,http://landregistry.data.gov.uk/id/region/newham,E09000025,2022-06,265,monthly,407762,743958,599182,456888,372418,2022-06-01
Newham,http://landregistry.data.gov.uk/id/region/newham,E09000025,2022-07,246,monthly,418099,760307,614906,469243,381248,2022-07-01
Newham,http://landregistry.data.gov.uk/id/region/newham,E09000025,2022-08,169,monthly,415418,753070,610479,467359,377954,2022-08-01
Newham,http://landregistry.data.gov.uk/id/region/newham,E09000025,2022-09,160,monthly,407176,738742,601028,459576,369198,2022-09-01
Newham,http://landregistry.data.gov.uk/id/region/newham,E09000025,2022-10,170,monthly,407047,742762,602462,460732,367992,2022-10-01
Newham,http://landregistry.data.gov.uk/id/region/newham,E09000025,2022-11,155,monthly,411962,754448,610808,466864,371943,2022-11-01
Newham,http://landregistry.data.gov.uk/id/region/newham,E09000025,2022-12,166,monthly,410673,753779,609684,465936,370333,2022-12-01
Newham,http://landregistry.data.gov.uk/id/region/newham,E09000025,2023-01,114,monthly,411045,753675,610514,465055,371672,2023-01-01
Newham,http://landregistry.data.gov.uk/id/region/newham,E09000025,2023-02,113,monthly,406503,743615,602320,457712,369444,2023-02-01
Newham,http://landregistry.data.gov.uk/id/region/newham,E09000025,2023-03,121,monthly,397421,728142,588670,444792,363436,2023-03-01
Newham,http://landregistry.data.gov.uk/id/region/newham,E09000025,2023-04,74,monthly,391935,716537,578744,437037,359922,2023-04-01
Newham,http://landregistry.data.gov.uk/id/region/newham,E09000025,2023-05,85,monthly,392681,714071,578267,436709,361720,2023-05-01
Newham,http://landregistry.data.gov.uk/id/region/newham,E09000025,2023-06,123,monthly,397843,717713,583135,442655,366405,2023-06-01
Newham,http://landregistry.data.gov.uk/id/region/newham,E09000025,2023-07,95,monthly,400286,720542,587900,446900,367262,2023-07-01
Newham,http://landregistry.data.gov.uk/id/region/newham,E09000025,2023-08,143,monthly,398622,718032,587344,447065,363859,2023-08-01
Newham,http://landregistry.data.gov.uk/id/region/newham,E09000025,2023-09,124,monthly,411348,742181,608091,462779,374126,2023-09-01
Newham,http://landregistry.data.gov.uk/id/region/newham,E09000025,2023-10,99,monthly,407678,734255,601997,457543,371798,2023-10-01
Newham,http://landregistry.data.gov.uk/id/region/newham,E09000025,2023-11,113,monthly,408861,737895,603974,457921,373706,2023-11-01
Newham,http://landregistry.data.gov.uk/id/region/newham,E09000025,2023-12,71,monthly,396096,714747,586469,442745,362771,2023-12-01
Newham,http://landregistry.data.gov.uk/id/region/newham,E09000025,2024-01,77,monthly,394755,710016,583440,441215,361615,2024-01-01
Newham,http://landregistry.data.gov.uk/id/region/newham,E09000025,2024-02,34,monthly,394616,705625,582901,438888,363341,2024-02-01
Newham,http://landregistry.data.gov.uk/id/region/newham,E09000025,2024-03,,monthly,399740,709695,587791,441474,370831,2024-03-01
Newham,http://landregistry.data.gov.uk/id/region/newham,E09000025,2024-04,,monthly,402435,711548,593346,443144,374375,2024-04-01
