"Name","URI","Region GSS code","Period","Sales volume","Reporting period","Average price All property types","Average price Detached houses","Average price Semi-detached houses","Average price Terraced houses","Average price Flats and maisonettes","Pivotable date"
Nottingham,http://landregistry.data.gov.uk/id/region/city-of-nottingham,E06000018,2004-01,407,monthly,94837,127632,100277,76266,87241,2004-01-01
Nottingham,http://landregistry.data.gov.uk/id/region/city-of-nottingham,E06000018,2004-02,482,monthly,95367,127588,100738,76963,87430,2004-02-01
Nottingham,http://landregistry.data.gov.uk/id/region/city-of-nottingham,E06000018,2004-03,512,monthly,97557,130417,102882,78851,89185,2004-03-01
Nottingham,http://landregistry.data.gov.uk/id/region/city-of-nottingham,E06000018,2004-04,662,monthly,99579,131599,104997,80846,90899,2004-04-01
Nottingham,http://landregistry.data.gov.uk/id/region/city-of-nottingham,E06000018,2004-05,578,monthly,100291,131172,105511,81816,91600,2004-05-01
Nottingham,http://landregistry.data.gov.uk/id/region/city-of-nottingham,E06000018,2004-06,609,monthly,102492,132721,107819,83797,93774,2004-06-01
Nottingham,http://landregistry.data.gov.uk/id/region/city-of-nottingham,E06000018,2004-07,715,monthly,105008,135804,110697,86054,95410,2004-07-01
Nottingham,http://landregistry.data.gov.uk/id/region/city-of-nottingham,E06000018,2004-08,576,monthly,107929,139782,113948,88534,97554,2004-08-01
Nottingham,http://landregistry.data.gov.uk/id/region/city-of-nottingham,E06000018,2004-09,495,monthly,109732,142749,116094,90217,98134,2004-09-01
Nottingham,http://landregistry.data.gov.uk/id/region/city-of-nottingham,E06000018,2004-10,445,monthly,111499,145051,117669,91628,100204,2004-10-01
Nottingham,http://landregistry.data.gov.uk/id/region/city-of-nottingham,E06000018,2004-11,384,monthly,111451,144684,117478,91640,100372,2004-11-01
Nottingham,http://landregistry.data.gov.uk/id/region/city-of-nottingham,E06000018,2004-12,442,monthly,111449,143691,117199,91750,100931,2004-12-01
Nottingham,http://landregistry.data.gov.uk/id/region/city-of-nottingham,E06000018,2005-01,284,monthly,110268,141691,115600,90835,100441,2005-01-01
Nottingham,http://landregistry.data.gov.uk/id/region/city-of-nottingham,E06000018,2005-02,286,monthly,111215,142271,116640,91556,101639,2005-02-01
Nottingham,http://landregistry.data.gov.uk/id/region/city-of-nottingham,E06000018,2005-03,324,monthly,110887,141707,116565,91365,100943,2005-03-01
Nottingham,http://landregistry.data.gov.uk/id/region/city-of-nottingham,E06000018,2005-04,374,monthly,109129,138596,115221,90192,98549,2005-04-01
Nottingham,http://landregistry.data.gov.uk/id/region/city-of-nottingham,E06000018,2005-05,353,monthly,108666,137905,114719,90066,97717,2005-05-01
Nottingham,http://landregistry.data.gov.uk/id/region/city-of-nottingham,E06000018,2005-06,471,monthly,109663,138126,115586,91216,98639,2005-06-01
Nottingham,http://landregistry.data.gov.uk/id/region/city-of-nottingham,E06000018,2005-07,495,monthly,111422,140267,117397,92756,100163,2005-07-01
Nottingham,http://landregistry.data.gov.uk/id/region/city-of-nottingham,E06000018,2005-08,460,monthly,112415,141492,118447,93780,100709,2005-08-01
Nottingham,http://landregistry.data.gov.uk/id/region/city-of-nottingham,E06000018,2005-09,471,monthly,111932,141499,118067,93486,99713,2005-09-01
Nottingham,http://landregistry.data.gov.uk/id/region/city-of-nottingham,E06000018,2005-10,472,monthly,114573,144961,120711,95841,101931,2005-10-01
Nottingham,http://landregistry.data.gov.uk/id/region/city-of-nottingham,E06000018,2005-11,389,monthly,114564,144713,120862,95968,101581,2005-11-01
Nottingham,http://landregistry.data.gov.uk/id/region/city-of-nottingham,E06000018,2005-12,550,monthly,118075,148145,124284,98981,105265,2005-12-01
Nottingham,http://landregistry.data.gov.uk/id/region/city-of-nottingham,E06000018,2006-01,355,monthly,114328,143131,120180,95928,102071,2006-01-01
Nottingham,http://landregistry.data.gov.uk/id/region/city-of-nottingham,E06000018,2006-02,394,monthly,112752,140441,118256,94617,101209,2006-02-01
Nottingham,http://landregistry.data.gov.uk/id/region/city-of-nottingham,E06000018,2006-03,482,monthly,108898,136253,114531,91434,97107,2006-03-01
Nottingham,http://landregistry.data.gov.uk/id/region/city-of-nottingham,E06000018,2006-04,433,monthly,112267,139935,118273,94397,99881,2006-04-01
Nottingham,http://landregistry.data.gov.uk/id/region/city-of-nottingham,E06000018,2006-05,430,monthly,113531,141595,119756,95502,100741,2006-05-01
Nottingham,http://landregistry.data.gov.uk/id/region/city-of-nottingham,E06000018,2006-06,602,monthly,115129,142868,121457,97024,102126,2006-06-01
Nottingham,http://landregistry.data.gov.uk/id/region/city-of-nottingham,E06000018,2006-07,557,monthly,115157,142843,121393,97291,101900,2006-07-01
Nottingham,http://landregistry.data.gov.uk/id/region/city-of-nottingham,E06000018,2006-08,617,monthly,117734,146168,124200,99830,103485,2006-08-01
Nottingham,http://landregistry.data.gov.uk/id/region/city-of-nottingham,E06000018,2006-09,536,monthly,119010,148129,125443,100811,104736,2006-09-01
Nottingham,http://landregistry.data.gov.uk/id/region/city-of-nottingham,E06000018,2006-10,470,monthly,118324,147735,124820,100146,103992,2006-10-01
Nottingham,http://landregistry.data.gov.uk/id/region/city-of-nottingham,E06000018,2006-11,527,monthly,116096,145085,122617,98233,101874,2006-11-01
Nottingham,http://landregistry.data.gov.uk/id/region/city-of-nottingham,E06000018,2006-12,485,monthly,115535,143961,122069,97995,101122,2006-12-01
Nottingham,http://landregistry.data.gov.uk/id/region/city-of-nottingham,E06000018,2007-01,383,monthly,116006,144302,122656,98547,101295,2007-01-01
Nottingham,http://landregistry.data.gov.uk/id/region/city-of-nottingham,E06000018,2007-02,457,monthly,118440,147055,125090,100473,104012,2007-02-01
Nottingham,http://landregistry.data.gov.uk/id/region/city-of-nottingham,E06000018,2007-03,482,monthly,117295,145805,123959,99596,102717,2007-03-01
Nottingham,http://landregistry.data.gov.uk/id/region/city-of-nottingham,E06000018,2007-04,453,monthly,115950,143713,122356,98616,101647,2007-04-01
Nottingham,http://landregistry.data.gov.uk/id/region/city-of-nottingham,E06000018,2007-05,519,monthly,114307,141043,120502,97523,100030,2007-05-01
Nottingham,http://landregistry.data.gov.uk/id/region/city-of-nottingham,E06000018,2007-06,573,monthly,114595,141145,120698,97883,100315,2007-06-01
Nottingham,http://landregistry.data.gov.uk/id/region/city-of-nottingham,E06000018,2007-07,525,monthly,116140,143223,122340,99190,101600,2007-07-01
Nottingham,http://landregistry.data.gov.uk/id/region/city-of-nottingham,E06000018,2007-08,666,monthly,116906,144812,123234,99971,101627,2007-08-01
Nottingham,http://landregistry.data.gov.uk/id/region/city-of-nottingham,E06000018,2007-09,560,monthly,117287,145756,123736,100271,101673,2007-09-01
Nottingham,http://landregistry.data.gov.uk/id/region/city-of-nottingham,E06000018,2007-10,485,monthly,116877,145776,123166,99877,101389,2007-10-01
Nottingham,http://landregistry.data.gov.uk/id/region/city-of-nottingham,E06000018,2007-11,482,monthly,116100,145279,122501,99047,100637,2007-11-01
Nottingham,http://landregistry.data.gov.uk/id/region/city-of-nottingham,E06000018,2007-12,381,monthly,116194,145283,122530,99059,100999,2007-12-01
Nottingham,http://landregistry.data.gov.uk/id/region/city-of-nottingham,E06000018,2008-01,309,monthly,114118,142821,120405,97261,99107,2008-01-01
Nottingham,http://landregistry.data.gov.uk/id/region/city-of-nottingham,E06000018,2008-02,338,monthly,112636,140900,118789,95977,97892,2008-02-01
Nottingham,http://landregistry.data.gov.uk/id/region/city-of-nottingham,E06000018,2008-03,301,monthly,111211,139647,117501,94759,96027,2008-03-01
Nottingham,http://landregistry.data.gov.uk/id/region/city-of-nottingham,E06000018,2008-04,322,monthly,109625,137803,115928,93522,94124,2008-04-01
Nottingham,http://landregistry.data.gov.uk/id/region/city-of-nottingham,E06000018,2008-05,300,monthly,111350,139471,117748,95027,95785,2008-05-01
Nottingham,http://landregistry.data.gov.uk/id/region/city-of-nottingham,E06000018,2008-06,244,monthly,111564,139178,117851,95276,96316,2008-06-01
Nottingham,http://landregistry.data.gov.uk/id/region/city-of-nottingham,E06000018,2008-07,263,monthly,113603,141474,120109,96857,98399,2008-07-01
Nottingham,http://landregistry.data.gov.uk/id/region/city-of-nottingham,E06000018,2008-08,217,monthly,110497,137816,116754,94238,95654,2008-08-01
Nottingham,http://landregistry.data.gov.uk/id/region/city-of-nottingham,E06000018,2008-09,199,monthly,109468,137682,115529,93155,94926,2008-09-01
Nottingham,http://landregistry.data.gov.uk/id/region/city-of-nottingham,E06000018,2008-10,204,monthly,107208,135068,113125,91178,93011,2008-10-01
Nottingham,http://landregistry.data.gov.uk/id/region/city-of-nottingham,E06000018,2008-11,192,monthly,105351,133084,111342,89495,91157,2008-11-01
Nottingham,http://landregistry.data.gov.uk/id/region/city-of-nottingham,E06000018,2008-12,180,monthly,102224,128571,108243,87021,87933,2008-12-01
Nottingham,http://landregistry.data.gov.uk/id/region/city-of-nottingham,E06000018,2009-01,131,monthly,100042,126488,105913,85057,86021,2009-01-01
Nottingham,http://landregistry.data.gov.uk/id/region/city-of-nottingham,E06000018,2009-02,125,monthly,98413,124549,104120,83564,85146,2009-02-01
Nottingham,http://landregistry.data.gov.uk/id/region/city-of-nottingham,E06000018,2009-03,164,monthly,97539,123707,103105,82633,85088,2009-03-01
Nottingham,http://landregistry.data.gov.uk/id/region/city-of-nottingham,E06000018,2009-04,149,monthly,94432,119192,100020,80103,82313,2009-04-01
Nottingham,http://landregistry.data.gov.uk/id/region/city-of-nottingham,E06000018,2009-05,214,monthly,93696,117984,99279,79632,81509,2009-05-01
Nottingham,http://landregistry.data.gov.uk/id/region/city-of-nottingham,E06000018,2009-06,195,monthly,94353,118718,100061,80360,81630,2009-06-01
Nottingham,http://landregistry.data.gov.uk/id/region/city-of-nottingham,E06000018,2009-07,264,monthly,98959,124693,104950,84465,85039,2009-07-01
Nottingham,http://landregistry.data.gov.uk/id/region/city-of-nottingham,E06000018,2009-08,241,monthly,101285,128054,107452,86612,86234,2009-08-01
Nottingham,http://landregistry.data.gov.uk/id/region/city-of-nottingham,E06000018,2009-09,318,monthly,101221,128226,107467,86577,85768,2009-09-01
Nottingham,http://landregistry.data.gov.uk/id/region/city-of-nottingham,E06000018,2009-10,276,monthly,100713,127917,107040,86072,85011,2009-10-01
Nottingham,http://landregistry.data.gov.uk/id/region/city-of-nottingham,E06000018,2009-11,230,monthly,100063,127373,106313,85563,84177,2009-11-01
Nottingham,http://landregistry.data.gov.uk/id/region/city-of-nottingham,E06000018,2009-12,291,monthly,101999,129226,108613,87494,85331,2009-12-01
Nottingham,http://landregistry.data.gov.uk/id/region/city-of-nottingham,E06000018,2010-01,147,monthly,98746,125687,105066,84806,82037,2010-01-01
Nottingham,http://landregistry.data.gov.uk/id/region/city-of-nottingham,E06000018,2010-02,185,monthly,99751,127046,106384,85629,82379,2010-02-01
Nottingham,http://landregistry.data.gov.uk/id/region/city-of-nottingham,E06000018,2010-03,227,monthly,98658,126684,104972,84326,81704,2010-03-01
Nottingham,http://landregistry.data.gov.uk/id/region/city-of-nottingham,E06000018,2010-04,216,monthly,101715,130021,108356,86882,84544,2010-04-01
Nottingham,http://landregistry.data.gov.uk/id/region/city-of-nottingham,E06000018,2010-05,201,monthly,102582,131324,109118,87508,85650,2010-05-01
Nottingham,http://landregistry.data.gov.uk/id/region/city-of-nottingham,E06000018,2010-06,250,monthly,103676,132501,110428,88662,85986,2010-06-01
Nottingham,http://landregistry.data.gov.uk/id/region/city-of-nottingham,E06000018,2010-07,244,monthly,104062,133479,110817,88981,86040,2010-07-01
Nottingham,http://landregistry.data.gov.uk/id/region/city-of-nottingham,E06000018,2010-08,256,monthly,104025,133585,111039,88904,85590,2010-08-01
Nottingham,http://landregistry.data.gov.uk/id/region/city-of-nottingham,E06000018,2010-09,266,monthly,102808,132624,109669,87744,84566,2010-09-01
Nottingham,http://landregistry.data.gov.uk/id/region/city-of-nottingham,E06000018,2010-10,266,monthly,103047,133119,109939,87863,84804,2010-10-01
Nottingham,http://landregistry.data.gov.uk/id/region/city-of-nottingham,E06000018,2010-11,240,monthly,101320,131280,108029,86271,83494,2010-11-01
Nottingham,http://landregistry.data.gov.uk/id/region/city-of-nottingham,E06000018,2010-12,234,monthly,101443,131225,108354,86270,83663,2010-12-01
Nottingham,http://landregistry.data.gov.uk/id/region/city-of-nottingham,E06000018,2011-01,175,monthly,99975,129508,106692,84967,82610,2011-01-01
Nottingham,http://landregistry.data.gov.uk/id/region/city-of-nottingham,E06000018,2011-02,155,monthly,99108,128423,105663,84256,81971,2011-02-01
Nottingham,http://landregistry.data.gov.uk/id/region/city-of-nottingham,E06000018,2011-03,190,monthly,98274,128131,104628,83399,81344,2011-03-01
Nottingham,http://landregistry.data.gov.uk/id/region/city-of-nottingham,E06000018,2011-04,181,monthly,96832,126172,103144,82207,80005,2011-04-01
Nottingham,http://landregistry.data.gov.uk/id/region/city-of-nottingham,E06000018,2011-05,214,monthly,97137,126131,103462,82444,80696,2011-05-01
Nottingham,http://landregistry.data.gov.uk/id/region/city-of-nottingham,E06000018,2011-06,209,monthly,96320,123992,102680,81915,80204,2011-06-01
Nottingham,http://landregistry.data.gov.uk/id/region/city-of-nottingham,E06000018,2011-07,258,monthly,99745,128117,106263,84804,83503,2011-07-01
Nottingham,http://landregistry.data.gov.uk/id/region/city-of-nottingham,E06000018,2011-08,280,monthly,100666,129521,107372,85650,83628,2011-08-01
Nottingham,http://landregistry.data.gov.uk/id/region/city-of-nottingham,E06000018,2011-09,274,monthly,103061,133193,109881,87717,85143,2011-09-01
Nottingham,http://landregistry.data.gov.uk/id/region/city-of-nottingham,E06000018,2011-10,224,monthly,100698,130658,107582,85597,82635,2011-10-01
Nottingham,http://landregistry.data.gov.uk/id/region/city-of-nottingham,E06000018,2011-11,200,monthly,99083,128615,105892,84081,81632,2011-11-01
Nottingham,http://landregistry.data.gov.uk/id/region/city-of-nottingham,E06000018,2011-12,246,monthly,97150,125859,104036,82315,80172,2011-12-01
Nottingham,http://landregistry.data.gov.uk/id/region/city-of-nottingham,E06000018,2012-01,196,monthly,97613,125862,104603,82803,80595,2012-01-01
Nottingham,http://landregistry.data.gov.uk/id/region/city-of-nottingham,E06000018,2012-02,184,monthly,98763,127130,105824,84035,80918,2012-02-01
Nottingham,http://landregistry.data.gov.uk/id/region/city-of-nottingham,E06000018,2012-03,240,monthly,99081,126834,106185,84563,81068,2012-03-01
Nottingham,http://landregistry.data.gov.uk/id/region/city-of-nottingham,E06000018,2012-04,171,monthly,99974,128197,107024,85295,81892,2012-04-01
Nottingham,http://landregistry.data.gov.uk/id/region/city-of-nottingham,E06000018,2012-05,226,monthly,99589,127667,106587,84889,81908,2012-05-01
Nottingham,http://landregistry.data.gov.uk/id/region/city-of-nottingham,E06000018,2012-06,231,monthly,101131,129716,107989,86324,83185,2012-06-01
Nottingham,http://landregistry.data.gov.uk/id/region/city-of-nottingham,E06000018,2012-07,213,monthly,101120,129431,107917,86478,83043,2012-07-01
Nottingham,http://landregistry.data.gov.uk/id/region/city-of-nottingham,E06000018,2012-08,229,monthly,101008,129090,107814,86557,82566,2012-08-01
Nottingham,http://landregistry.data.gov.uk/id/region/city-of-nottingham,E06000018,2012-09,182,monthly,100395,128687,107176,85939,81932,2012-09-01
Nottingham,http://landregistry.data.gov.uk/id/region/city-of-nottingham,E06000018,2012-10,207,monthly,99894,127975,106747,85499,81431,2012-10-01
Nottingham,http://landregistry.data.gov.uk/id/region/city-of-nottingham,E06000018,2012-11,222,monthly,99752,127947,106587,85313,81373,2012-11-01
Nottingham,http://landregistry.data.gov.uk/id/region/city-of-nottingham,E06000018,2012-12,201,monthly,99070,127254,106025,84626,80649,2012-12-01
Nottingham,http://landregistry.data.gov.uk/id/region/city-of-nottingham,E06000018,2013-01,174,monthly,98221,126363,105312,83790,79741,2013-01-01
Nottingham,http://landregistry.data.gov.uk/id/region/city-of-nottingham,E06000018,2013-02,170,monthly,97564,125523,104674,83249,79061,2013-02-01
Nottingham,http://landregistry.data.gov.uk/id/region/city-of-nottingham,E06000018,2013-03,194,monthly,98377,127001,105595,83862,79529,2013-03-01
Nottingham,http://landregistry.data.gov.uk/id/region/city-of-nottingham,E06000018,2013-04,195,monthly,98916,127659,106010,84406,80036,2013-04-01
Nottingham,http://landregistry.data.gov.uk/id/region/city-of-nottingham,E06000018,2013-05,261,monthly,100516,129630,107775,85702,81490,2013-05-01
Nottingham,http://landregistry.data.gov.uk/id/region/city-of-nottingham,E06000018,2013-06,247,monthly,101210,129700,108513,86515,82137,2013-06-01
Nottingham,http://landregistry.data.gov.uk/id/region/city-of-nottingham,E06000018,2013-07,283,monthly,100237,128131,107331,85835,81431,2013-07-01
Nottingham,http://landregistry.data.gov.uk/id/region/city-of-nottingham,E06000018,2013-08,297,monthly,101354,129391,108447,86877,82381,2013-08-01
Nottingham,http://landregistry.data.gov.uk/id/region/city-of-nottingham,E06000018,2013-09,260,monthly,100947,129719,107955,86365,81901,2013-09-01
Nottingham,http://landregistry.data.gov.uk/id/region/city-of-nottingham,E06000018,2013-10,316,monthly,103831,134130,111277,88570,83993,2013-10-01
Nottingham,http://landregistry.data.gov.uk/id/region/city-of-nottingham,E06000018,2013-11,323,monthly,103061,133695,110597,87783,83053,2013-11-01
Nottingham,http://landregistry.data.gov.uk/id/region/city-of-nottingham,E06000018,2013-12,312,monthly,103707,133883,111527,88377,83585,2013-12-01
Nottingham,http://landregistry.data.gov.uk/id/region/city-of-nottingham,E06000018,2014-01,273,monthly,103704,133679,111513,88465,83528,2014-01-01
Nottingham,http://landregistry.data.gov.uk/id/region/city-of-nottingham,E06000018,2014-02,279,monthly,105378,135790,113419,89953,84653,2014-02-01
Nottingham,http://landregistry.data.gov.uk/id/region/city-of-nottingham,E06000018,2014-03,314,monthly,106198,136906,114278,90573,85482,2014-03-01
Nottingham,http://landregistry.data.gov.uk/id/region/city-of-nottingham,E06000018,2014-04,291,monthly,106282,136569,114396,90784,85496,2014-04-01
Nottingham,http://landregistry.data.gov.uk/id/region/city-of-nottingham,E06000018,2014-05,305,monthly,107258,137323,115382,91705,86497,2014-05-01
Nottingham,http://landregistry.data.gov.uk/id/region/city-of-nottingham,E06000018,2014-06,331,monthly,107594,137786,115828,92168,86260,2014-06-01
Nottingham,http://landregistry.data.gov.uk/id/region/city-of-nottingham,E06000018,2014-07,353,monthly,109977,140849,118388,94327,87918,2014-07-01
Nottingham,http://landregistry.data.gov.uk/id/region/city-of-nottingham,E06000018,2014-08,370,monthly,112127,143926,120764,96254,89170,2014-08-01
Nottingham,http://landregistry.data.gov.uk/id/region/city-of-nottingham,E06000018,2014-09,368,monthly,115307,148061,124030,99022,91789,2014-09-01
Nottingham,http://landregistry.data.gov.uk/id/region/city-of-nottingham,E06000018,2014-10,371,monthly,116304,149767,125295,99712,92420,2014-10-01
Nottingham,http://landregistry.data.gov.uk/id/region/city-of-nottingham,E06000018,2014-11,336,monthly,114415,147613,123341,97937,90975,2014-11-01
Nottingham,http://landregistry.data.gov.uk/id/region/city-of-nottingham,E06000018,2014-12,312,monthly,113892,147037,122845,97323,90763,2014-12-01
Nottingham,http://landregistry.data.gov.uk/id/region/city-of-nottingham,E06000018,2015-01,242,monthly,113171,145829,122043,96625,90573,2015-01-01
Nottingham,http://landregistry.data.gov.uk/id/region/city-of-nottingham,E06000018,2015-02,259,monthly,114686,146575,123475,97879,92397,2015-02-01
Nottingham,http://landregistry.data.gov.uk/id/region/city-of-nottingham,E06000018,2015-03,290,monthly,114157,146281,122967,97207,92222,2015-03-01
Nottingham,http://landregistry.data.gov.uk/id/region/city-of-nottingham,E06000018,2015-04,255,monthly,112771,145256,121438,96049,90897,2015-04-01
Nottingham,http://landregistry.data.gov.uk/id/region/city-of-nottingham,E06000018,2015-05,324,monthly,112004,145666,120825,95345,89963,2015-05-01
Nottingham,http://landregistry.data.gov.uk/id/region/city-of-nottingham,E06000018,2015-06,370,monthly,111562,145395,120451,95281,88856,2015-06-01
Nottingham,http://landregistry.data.gov.uk/id/region/city-of-nottingham,E06000018,2015-07,357,monthly,114228,148793,123401,97575,91016,2015-07-01
Nottingham,http://landregistry.data.gov.uk/id/region/city-of-nottingham,E06000018,2015-08,368,monthly,116639,151904,125922,99760,92690,2015-08-01
Nottingham,http://landregistry.data.gov.uk/id/region/city-of-nottingham,E06000018,2015-09,411,monthly,118726,155101,128035,101349,94492,2015-09-01
Nottingham,http://landregistry.data.gov.uk/id/region/city-of-nottingham,E06000018,2015-10,435,monthly,120236,158147,129738,102584,95235,2015-10-01
Nottingham,http://landregistry.data.gov.uk/id/region/city-of-nottingham,E06000018,2015-11,351,monthly,119052,157246,128572,101443,94255,2015-11-01
Nottingham,http://landregistry.data.gov.uk/id/region/city-of-nottingham,E06000018,2015-12,359,monthly,119188,157668,128988,101548,94084,2015-12-01
Nottingham,http://landregistry.data.gov.uk/id/region/city-of-nottingham,E06000018,2016-01,271,monthly,118013,197386,127922,100530,93200,2016-01-01
Nottingham,http://landregistry.data.gov.uk/id/region/city-of-nottingham,E06000018,2016-02,319,monthly,119298,199359,129394,101625,94189,2016-02-01
Nottingham,http://landregistry.data.gov.uk/id/region/city-of-nottingham,E06000018,2016-03,679,monthly,119644,199565,129472,101928,95018,2016-03-01
Nottingham,http://landregistry.data.gov.uk/id/region/city-of-nottingham,E06000018,2016-04,220,monthly,122305,204434,132459,104190,96798,2016-04-01
Nottingham,http://landregistry.data.gov.uk/id/region/city-of-nottingham,E06000018,2016-05,257,monthly,123311,205363,133466,105145,97820,2016-05-01
Nottingham,http://landregistry.data.gov.uk/id/region/city-of-nottingham,E06000018,2016-06,309,monthly,124368,207284,134821,106019,98361,2016-06-01
Nottingham,http://landregistry.data.gov.uk/id/region/city-of-nottingham,E06000018,2016-07,329,monthly,124201,206352,134285,105950,98835,2016-07-01
Nottingham,http://landregistry.data.gov.uk/id/region/city-of-nottingham,E06000018,2016-08,345,monthly,125224,208755,135309,106665,99813,2016-08-01
Nottingham,http://landregistry.data.gov.uk/id/region/city-of-nottingham,E06000018,2016-09,356,monthly,126845,211633,137198,107963,101034,2016-09-01
Nottingham,http://landregistry.data.gov.uk/id/region/city-of-nottingham,E06000018,2016-10,303,monthly,126691,212455,137255,107482,100946,2016-10-01
Nottingham,http://landregistry.data.gov.uk/id/region/city-of-nottingham,E06000018,2016-11,349,monthly,127038,214083,137784,107502,101193,2016-11-01
Nottingham,http://landregistry.data.gov.uk/id/region/city-of-nottingham,E06000018,2016-12,393,monthly,128841,217368,139606,108862,103093,2016-12-01
Nottingham,http://landregistry.data.gov.uk/id/region/city-of-nottingham,E06000018,2017-01,303,monthly,129018,217687,139640,108951,103586,2017-01-01
Nottingham,http://landregistry.data.gov.uk/id/region/city-of-nottingham,E06000018,2017-02,255,monthly,129721,218477,140248,109583,104455,2017-02-01
Nottingham,http://landregistry.data.gov.uk/id/region/city-of-nottingham,E06000018,2017-03,342,monthly,127345,214611,137698,107382,102893,2017-03-01
Nottingham,http://landregistry.data.gov.uk/id/region/city-of-nottingham,E06000018,2017-04,264,monthly,129143,217314,139597,108864,104626,2017-04-01
Nottingham,http://landregistry.data.gov.uk/id/region/city-of-nottingham,E06000018,2017-05,314,monthly,130130,218349,140928,109593,105570,2017-05-01
Nottingham,http://landregistry.data.gov.uk/id/region/city-of-nottingham,E06000018,2017-06,385,monthly,131511,219532,142301,110933,106978,2017-06-01
Nottingham,http://landregistry.data.gov.uk/id/region/city-of-nottingham,E06000018,2017-07,340,monthly,134019,223188,145074,113194,108860,2017-07-01
Nottingham,http://landregistry.data.gov.uk/id/region/city-of-nottingham,E06000018,2017-08,379,monthly,133705,222352,144517,113238,108372,2017-08-01
Nottingham,http://landregistry.data.gov.uk/id/region/city-of-nottingham,E06000018,2017-09,401,monthly,136858,228145,147961,115937,110572,2017-09-01
Nottingham,http://landregistry.data.gov.uk/id/region/city-of-nottingham,E06000018,2017-10,342,monthly,136771,228564,148086,115750,110201,2017-10-01
Nottingham,http://landregistry.data.gov.uk/id/region/city-of-nottingham,E06000018,2017-11,323,monthly,138714,232513,150529,117252,111310,2017-11-01
Nottingham,http://landregistry.data.gov.uk/id/region/city-of-nottingham,E06000018,2017-12,357,monthly,138453,232052,150568,117135,110466,2017-12-01
Nottingham,http://landregistry.data.gov.uk/id/region/city-of-nottingham,E06000018,2018-01,273,monthly,138128,231201,150292,116834,110290,2018-01-01
Nottingham,http://landregistry.data.gov.uk/id/region/city-of-nottingham,E06000018,2018-02,303,monthly,137698,230574,149798,116426,110030,2018-02-01
Nottingham,http://landregistry.data.gov.uk/id/region/city-of-nottingham,E06000018,2018-03,321,monthly,136477,228573,148463,115427,109032,2018-03-01
Nottingham,http://landregistry.data.gov.uk/id/region/city-of-nottingham,E06000018,2018-04,287,monthly,136300,228642,148421,115584,107962,2018-04-01
Nottingham,http://landregistry.data.gov.uk/id/region/city-of-nottingham,E06000018,2018-05,337,monthly,137582,230505,149932,116874,108597,2018-05-01
Nottingham,http://landregistry.data.gov.uk/id/region/city-of-nottingham,E06000018,2018-06,333,monthly,138179,231806,150837,117247,108856,2018-06-01
Nottingham,http://landregistry.data.gov.uk/id/region/city-of-nottingham,E06000018,2018-07,307,monthly,139501,234042,152102,118266,110295,2018-07-01
Nottingham,http://landregistry.data.gov.uk/id/region/city-of-nottingham,E06000018,2018-08,402,monthly,141454,237286,154151,119934,111932,2018-08-01
Nottingham,http://landregistry.data.gov.uk/id/region/city-of-nottingham,E06000018,2018-09,342,monthly,145211,243577,158051,123191,115021,2018-09-01
Nottingham,http://landregistry.data.gov.uk/id/region/city-of-nottingham,E06000018,2018-10,382,monthly,146358,245637,159463,124191,115611,2018-10-01
Nottingham,http://landregistry.data.gov.uk/id/region/city-of-nottingham,E06000018,2018-11,430,monthly,146249,246396,159603,124040,114871,2018-11-01
Nottingham,http://landregistry.data.gov.uk/id/region/city-of-nottingham,E06000018,2018-12,351,monthly,145266,244863,158814,123204,113695,2018-12-01
Nottingham,http://landregistry.data.gov.uk/id/region/city-of-nottingham,E06000018,2019-01,266,monthly,143800,242925,157374,121731,112518,2019-01-01
Nottingham,http://landregistry.data.gov.uk/id/region/city-of-nottingham,E06000018,2019-02,282,monthly,142728,240941,156084,120775,111944,2019-02-01
Nottingham,http://landregistry.data.gov.uk/id/region/city-of-nottingham,E06000018,2019-03,338,monthly,141927,239819,155445,120100,110889,2019-03-01
Nottingham,http://landregistry.data.gov.uk/id/region/city-of-nottingham,E06000018,2019-04,284,monthly,142409,239985,155842,120753,111214,2019-04-01
Nottingham,http://landregistry.data.gov.uk/id/region/city-of-nottingham,E06000018,2019-05,354,monthly,143574,241471,157358,121966,111617,2019-05-01
Nottingham,http://landregistry.data.gov.uk/id/region/city-of-nottingham,E06000018,2019-06,327,monthly,142190,238593,155657,120886,110798,2019-06-01
Nottingham,http://landregistry.data.gov.uk/id/region/city-of-nottingham,E06000018,2019-07,380,monthly,142574,238580,155986,121323,111272,2019-07-01
Nottingham,http://landregistry.data.gov.uk/id/region/city-of-nottingham,E06000018,2019-08,398,monthly,142956,238934,156246,121779,111619,2019-08-01
Nottingham,http://landregistry.data.gov.uk/id/region/city-of-nottingham,E06000018,2019-09,367,monthly,145826,243571,159011,124364,114082,2019-09-01
Nottingham,http://landregistry.data.gov.uk/id/region/city-of-nottingham,E06000018,2019-10,399,monthly,147874,247679,161838,126064,114809,2019-10-01
Nottingham,http://landregistry.data.gov.uk/id/region/city-of-nottingham,E06000018,2019-11,336,monthly,148605,249451,163227,126529,114788,2019-11-01
Nottingham,http://landregistry.data.gov.uk/id/region/city-of-nottingham,E06000018,2019-12,292,monthly,147632,248532,162899,125847,112627,2019-12-01
Nottingham,http://landregistry.data.gov.uk/id/region/city-of-nottingham,E06000018,2020-01,262,monthly,147986,249518,163275,126190,112678,2020-01-01
Nottingham,http://landregistry.data.gov.uk/id/region/city-of-nottingham,E06000018,2020-02,297,monthly,147916,249410,162935,126301,112621,2020-02-01
Nottingham,http://landregistry.data.gov.uk/id/region/city-of-nottingham,E06000018,2020-03,233,monthly,148646,250463,163541,126784,113778,2020-03-01
Nottingham,http://landregistry.data.gov.uk/id/region/city-of-nottingham,E06000018,2020-04,84,monthly,149620,252582,164649,127878,113749,2020-04-01
Nottingham,http://landregistry.data.gov.uk/id/region/city-of-nottingham,E06000018,2020-05,161,monthly,149880,253586,165219,127835,113823,2020-05-01
Nottingham,http://landregistry.data.gov.uk/id/region/city-of-nottingham,E06000018,2020-06,200,monthly,151958,256980,167645,129777,114955,2020-06-01
Nottingham,http://landregistry.data.gov.uk/id/region/city-of-nottingham,E06000018,2020-07,243,monthly,153725,258754,169467,131321,116961,2020-07-01
Nottingham,http://landregistry.data.gov.uk/id/region/city-of-nottingham,E06000018,2020-08,247,monthly,157126,264024,173221,134473,119284,2020-08-01
Nottingham,http://landregistry.data.gov.uk/id/region/city-of-nottingham,E06000018,2020-09,242,monthly,157906,265601,173951,135147,119903,2020-09-01
Nottingham,http://landregistry.data.gov.uk/id/region/city-of-nottingham,E06000018,2020-10,282,monthly,157764,266360,173677,135009,119511,2020-10-01
Nottingham,http://landregistry.data.gov.uk/id/region/city-of-nottingham,E06000018,2020-11,272,monthly,158920,268534,174525,136181,120481,2020-11-01
Nottingham,http://landregistry.data.gov.uk/id/region/city-of-nottingham,E06000018,2020-12,292,monthly,161440,272770,177154,138588,122114,2020-12-01
Nottingham,http://landregistry.data.gov.uk/id/region/city-of-nottingham,E06000018,2021-01,304,monthly,161640,270946,177190,138828,123412,2021-01-01
Nottingham,http://landregistry.data.gov.uk/id/region/city-of-nottingham,E06000018,2021-02,329,monthly,164916,273840,180424,141835,127263,2021-02-01
Nottingham,http://landregistry.data.gov.uk/id/region/city-of-nottingham,E06000018,2021-03,427,monthly,167599,275502,182867,144241,131148,2021-03-01
Nottingham,http://landregistry.data.gov.uk/id/region/city-of-nottingham,E06000018,2021-04,290,monthly,169207,277985,184358,145820,132466,2021-04-01
Nottingham,http://landregistry.data.gov.uk/id/region/city-of-nottingham,E06000018,2021-05,285,monthly,167373,275483,182401,144247,130719,2021-05-01
Nottingham,http://landregistry.data.gov.uk/id/region/city-of-nottingham,E06000018,2021-06,461,monthly,169717,278305,184615,147015,132090,2021-06-01
Nottingham,http://landregistry.data.gov.uk/id/region/city-of-nottingham,E06000018,2021-07,228,monthly,170166,279835,185495,147024,132266,2021-07-01
Nottingham,http://landregistry.data.gov.uk/id/region/city-of-nottingham,E06000018,2021-08,272,monthly,172526,284586,188640,148922,133207,2021-08-01
Nottingham,http://landregistry.data.gov.uk/id/region/city-of-nottingham,E06000018,2021-09,503,monthly,173806,287752,190709,149682,133437,2021-09-01
Nottingham,http://landregistry.data.gov.uk/id/region/city-of-nottingham,E06000018,2021-10,236,monthly,176511,294519,193813,151864,134571,2021-10-01
Nottingham,http://landregistry.data.gov.uk/id/region/city-of-nottingham,E06000018,2021-11,261,monthly,178072,297870,195496,153093,135679,2021-11-01
Nottingham,http://landregistry.data.gov.uk/id/region/city-of-nottingham,E06000018,2021-12,279,monthly,177277,298713,194836,152133,134307,2021-12-01
Nottingham,http://landregistry.data.gov.uk/id/region/city-of-nottingham,E06000018,2022-01,279,monthly,178914,299693,196954,154049,134972,2022-01-01
Nottingham,http://landregistry.data.gov.uk/id/region/city-of-nottingham,E06000018,2022-02,308,monthly,179937,300633,198150,155186,135596,2022-02-01
Nottingham,http://landregistry.data.gov.uk/id/region/city-of-nottingham,E06000018,2022-03,329,monthly,179065,299395,197706,154252,134459,2022-03-01
Nottingham,http://landregistry.data.gov.uk/id/region/city-of-nottingham,E06000018,2022-04,288,monthly,180954,302546,199517,156119,135774,2022-04-01
Nottingham,http://landregistry.data.gov.uk/id/region/city-of-nottingham,E06000018,2022-05,296,monthly,183901,307354,202944,158845,137376,2022-05-01
Nottingham,http://landregistry.data.gov.uk/id/region/city-of-nottingham,E06000018,2022-06,271,monthly,188606,314324,207979,163282,140842,2022-06-01
Nottingham,http://landregistry.data.gov.uk/id/region/city-of-nottingham,E06000018,2022-07,317,monthly,192351,319223,212424,166783,143387,2022-07-01
Nottingham,http://landregistry.data.gov.uk/id/region/city-of-nottingham,E06000018,2022-08,307,monthly,195539,324036,215935,169874,145348,2022-08-01
Nottingham,http://landregistry.data.gov.uk/id/region/city-of-nottingham,E06000018,2022-09,337,monthly,195731,324123,216189,170203,145209,2022-09-01
Nottingham,http://landregistry.data.gov.uk/id/region/city-of-nottingham,E06000018,2022-10,300,monthly,197242,327719,217913,171528,145577,2022-10-01
Nottingham,http://landregistry.data.gov.uk/id/region/city-of-nottingham,E06000018,2022-11,260,monthly,196043,326136,216782,170548,144024,2022-11-01
Nottingham,http://landregistry.data.gov.uk/id/region/city-of-nottingham,E06000018,2022-12,261,monthly,199665,332257,221136,173745,146003,2022-12-01
Nottingham,http://landregistry.data.gov.uk/id/region/city-of-nottingham,E06000018,2023-01,220,monthly,198432,330674,219904,172390,145239,2023-01-01
Nottingham,http://landregistry.data.gov.uk/id/region/city-of-nottingham,E06000018,2023-02,192,monthly,197931,330489,219227,171522,145584,2023-02-01
Nottingham,http://landregistry.data.gov.uk/id/region/city-of-nottingham,E06000018,2023-03,270,monthly,195621,328552,216834,168733,144370,2023-03-01
Nottingham,http://landregistry.data.gov.uk/id/region/city-of-nottingham,E06000018,2023-04,173,monthly,196303,330339,217566,168978,145372,2023-04-01
Nottingham,http://landregistry.data.gov.uk/id/region/city-of-nottingham,E06000018,2023-05,209,monthly,195272,328373,216378,167908,145165,2023-05-01
Nottingham,http://landregistry.data.gov.uk/id/region/city-of-nottingham,E06000018,2023-06,199,monthly,198346,332033,219212,170966,147986,2023-06-01
Nottingham,http://landregistry.data.gov.uk/id/region/city-of-nottingham,E06000018,2023-07,237,monthly,197738,329655,218639,170759,147299,2023-07-01
Nottingham,http://landregistry.data.gov.uk/id/region/city-of-nottingham,E06000018,2023-08,242,monthly,198898,330673,220108,172270,147203,2023-08-01
Nottingham,http://landregistry.data.gov.uk/id/region/city-of-nottingham,E06000018,2023-09,206,monthly,196403,326573,217656,170379,144336,2023-09-01
Nottingham,http://landregistry.data.gov.uk/id/region/city-of-nottingham,E06000018,2023-10,224,monthly,196176,325951,217549,170216,144005,2023-10-01
Nottingham,http://landregistry.data.gov.uk/id/region/city-of-nottingham,E06000018,2023-11,206,monthly,195906,326878,217500,169634,143624,2023-11-01
Nottingham,http://landregistry.data.gov.uk/id/region/city-of-nottingham,E06000018,2023-12,161,monthly,193477,322839,215103,167341,141832,2023-12-01
Nottingham,http://landregistry.data.gov.uk/id/region/city-of-nottingham,E06000018,2024-01,120,monthly,191116,319297,212354,165458,139762,2024-01-01
Nottingham,http://landregistry.data.gov.uk/id/region/city-of-nottingham,E06000018,2024-02,83,monthly,188949,315514,210106,163345,138500,2024-02-01
Nottingham,http://landregistry.data.gov.uk/id/region/city-of-nottingham,E06000018,2024-03,,monthly,189100,316291,210257,162855,139715,2024-03-01
Nottingham,http://landregistry.data.gov.uk/id/region/city-of-nottingham,E06000018,2024-04,,monthly,193614,322636,215747,166515,143397,2024-04-01
