"Name","URI","Region GSS code","Period","Sales volume","Reporting period","Average price All property types","Average price Detached houses","Average price Semi-detached houses","Average price Terraced houses","Average price Flats and maisonettes","Pivotable date"
Outer London,http://landregistry.data.gov.uk/id/region/outer-london,E13000002,2004-01,7830,monthly,207315,422182,263578,196122,170405,2004-01-01
Outer London,http://landregistry.data.gov.uk/id/region/outer-london,E13000002,2004-02,7637,monthly,208928,425350,265535,197806,171649,2004-02-01
Outer London,http://landregistry.data.gov.uk/id/region/outer-london,E13000002,2004-03,8840,monthly,210094,428829,266523,199730,172478,2004-03-01
Outer London,http://landregistry.data.gov.uk/id/region/outer-london,E13000002,2004-04,8929,monthly,212434,429311,268972,202572,174369,2004-04-01
Outer London,http://landregistry.data.gov.uk/id/region/outer-london,E13000002,2004-05,8371,monthly,214762,427644,270990,205110,176770,2004-05-01
Outer London,http://landregistry.data.gov.uk/id/region/outer-london,E13000002,2004-06,9900,monthly,217786,429657,274485,208061,179579,2004-06-01
Outer London,http://landregistry.data.gov.uk/id/region/outer-london,E13000002,2004-07,10600,monthly,219793,433301,277499,210104,180972,2004-07-01
Outer London,http://landregistry.data.gov.uk/id/region/outer-london,E13000002,2004-08,9032,monthly,221903,440738,280389,212206,182355,2004-08-01
Outer London,http://landregistry.data.gov.uk/id/region/outer-london,E13000002,2004-09,8127,monthly,222918,444960,282234,213627,182486,2004-09-01
Outer London,http://landregistry.data.gov.uk/id/region/outer-london,E13000002,2004-10,7376,monthly,223418,445674,281959,213947,183379,2004-10-01
Outer London,http://landregistry.data.gov.uk/id/region/outer-london,E13000002,2004-11,6759,monthly,223613,444575,281917,214142,183733,2004-11-01
Outer London,http://landregistry.data.gov.uk/id/region/outer-london,E13000002,2004-12,6710,monthly,223023,441700,280432,213419,183758,2004-12-01
Outer London,http://landregistry.data.gov.uk/id/region/outer-london,E13000002,2005-01,4801,monthly,222732,441604,279666,213326,183496,2005-01-01
Outer London,http://landregistry.data.gov.uk/id/region/outer-london,E13000002,2005-02,4686,monthly,221096,439255,277970,211802,181921,2005-02-01
Outer London,http://landregistry.data.gov.uk/id/region/outer-london,E13000002,2005-03,5644,monthly,220895,438537,277657,212185,181350,2005-03-01
Outer London,http://landregistry.data.gov.uk/id/region/outer-london,E13000002,2005-04,6102,monthly,221006,436613,278232,212784,181022,2005-04-01
Outer London,http://landregistry.data.gov.uk/id/region/outer-london,E13000002,2005-05,6347,monthly,222892,438499,279967,214853,182733,2005-05-01
Outer London,http://landregistry.data.gov.uk/id/region/outer-london,E13000002,2005-06,7438,monthly,224375,439361,281648,216595,183905,2005-06-01
Outer London,http://landregistry.data.gov.uk/id/region/outer-london,E13000002,2005-07,8105,monthly,225071,441096,282815,217129,184448,2005-07-01
Outer London,http://landregistry.data.gov.uk/id/region/outer-london,E13000002,2005-08,7906,monthly,224920,441299,282589,216646,183923,2005-08-01
Outer London,http://landregistry.data.gov.uk/id/region/outer-london,E13000002,2005-09,8082,monthly,225269,444062,283459,217066,183846,2005-09-01
Outer London,http://landregistry.data.gov.uk/id/region/outer-london,E13000002,2005-10,7546,monthly,224778,442319,282162,216709,183664,2005-10-01
Outer London,http://landregistry.data.gov.uk/id/region/outer-london,E13000002,2005-11,7757,monthly,224807,441132,282307,217537,183744,2005-11-01
Outer London,http://landregistry.data.gov.uk/id/region/outer-london,E13000002,2005-12,7925,monthly,224487,436835,280646,217176,184253,2005-12-01
Outer London,http://landregistry.data.gov.uk/id/region/outer-london,E13000002,2006-01,6403,monthly,225564,440253,282156,218338,184897,2006-01-01
Outer London,http://landregistry.data.gov.uk/id/region/outer-london,E13000002,2006-02,6533,monthly,226449,441328,282685,219217,185886,2006-02-01
Outer London,http://landregistry.data.gov.uk/id/region/outer-london,E13000002,2006-03,8395,monthly,227024,446054,284626,219954,185509,2006-03-01
Outer London,http://landregistry.data.gov.uk/id/region/outer-london,E13000002,2006-04,6939,monthly,228292,446271,286047,221546,186491,2006-04-01
Outer London,http://landregistry.data.gov.uk/id/region/outer-london,E13000002,2006-05,7983,monthly,229832,449499,288163,223136,187586,2006-05-01
Outer London,http://landregistry.data.gov.uk/id/region/outer-london,E13000002,2006-06,9661,monthly,232407,453124,290944,225825,189816,2006-06-01
Outer London,http://landregistry.data.gov.uk/id/region/outer-london,E13000002,2006-07,9586,monthly,234615,458627,293834,228354,191193,2006-07-01
Outer London,http://landregistry.data.gov.uk/id/region/outer-london,E13000002,2006-08,10284,monthly,237235,464609,297378,231455,192742,2006-08-01
Outer London,http://landregistry.data.gov.uk/id/region/outer-london,E13000002,2006-09,9362,monthly,239230,470266,300229,233288,194191,2006-09-01
Outer London,http://landregistry.data.gov.uk/id/region/outer-london,E13000002,2006-10,9383,monthly,240654,473606,301943,234233,195677,2006-10-01
Outer London,http://landregistry.data.gov.uk/id/region/outer-london,E13000002,2006-11,9340,monthly,241641,475812,303267,235209,196416,2006-11-01
Outer London,http://landregistry.data.gov.uk/id/region/outer-london,E13000002,2006-12,9364,monthly,243622,478141,305184,237391,198163,2006-12-01
Outer London,http://landregistry.data.gov.uk/id/region/outer-london,E13000002,2007-01,7583,monthly,245738,482323,307718,239806,199659,2007-01-01
Outer London,http://landregistry.data.gov.uk/id/region/outer-london,E13000002,2007-02,7483,monthly,248592,487499,310660,241893,202711,2007-02-01
Outer London,http://landregistry.data.gov.uk/id/region/outer-london,E13000002,2007-03,8851,monthly,250448,492444,313347,243989,203775,2007-03-01
Outer London,http://landregistry.data.gov.uk/id/region/outer-london,E13000002,2007-04,7630,monthly,253408,497410,316677,247149,206180,2007-04-01
Outer London,http://landregistry.data.gov.uk/id/region/outer-london,E13000002,2007-05,8755,monthly,256399,501671,320170,250669,208386,2007-05-01
Outer London,http://landregistry.data.gov.uk/id/region/outer-london,E13000002,2007-06,9639,monthly,259701,507552,323932,253832,211276,2007-06-01
Outer London,http://landregistry.data.gov.uk/id/region/outer-london,E13000002,2007-07,9634,monthly,264430,518988,330401,258214,214950,2007-07-01
Outer London,http://landregistry.data.gov.uk/id/region/outer-london,E13000002,2007-08,10426,monthly,267967,528737,335232,262298,217065,2007-08-01
Outer London,http://landregistry.data.gov.uk/id/region/outer-london,E13000002,2007-09,8429,monthly,271126,537582,339537,265121,219519,2007-09-01
Outer London,http://landregistry.data.gov.uk/id/region/outer-london,E13000002,2007-10,8847,monthly,271923,540358,339754,265596,220565,2007-10-01
Outer London,http://landregistry.data.gov.uk/id/region/outer-london,E13000002,2007-11,8224,monthly,273062,545378,341591,265815,221779,2007-11-01
Outer London,http://landregistry.data.gov.uk/id/region/outer-london,E13000002,2007-12,6115,monthly,274023,545600,342367,265815,222896,2007-12-01
Outer London,http://landregistry.data.gov.uk/id/region/outer-london,E13000002,2008-01,5202,monthly,274751,547912,343405,266545,223373,2008-01-01
Outer London,http://landregistry.data.gov.uk/id/region/outer-london,E13000002,2008-02,5447,monthly,273761,545328,342222,265834,222425,2008-02-01
Outer London,http://landregistry.data.gov.uk/id/region/outer-london,E13000002,2008-03,4805,monthly,272290,543934,341196,266113,220281,2008-03-01
Outer London,http://landregistry.data.gov.uk/id/region/outer-london,E13000002,2008-04,4940,monthly,270682,542284,339651,265102,218375,2008-04-01
Outer London,http://landregistry.data.gov.uk/id/region/outer-london,E13000002,2008-05,4837,monthly,270369,541250,339439,265001,217955,2008-05-01
Outer London,http://landregistry.data.gov.uk/id/region/outer-london,E13000002,2008-06,4573,monthly,269282,539546,337878,263700,217265,2008-06-01
Outer London,http://landregistry.data.gov.uk/id/region/outer-london,E13000002,2008-07,4325,monthly,266841,535354,335649,261068,215140,2008-07-01
Outer London,http://landregistry.data.gov.uk/id/region/outer-london,E13000002,2008-08,3599,monthly,262935,529689,330838,257310,211791,2008-08-01
Outer London,http://landregistry.data.gov.uk/id/region/outer-london,E13000002,2008-09,3197,monthly,257878,523408,324798,251739,207788,2008-09-01
Outer London,http://landregistry.data.gov.uk/id/region/outer-london,E13000002,2008-10,3266,monthly,251516,510964,316270,244724,203322,2008-10-01
Outer London,http://landregistry.data.gov.uk/id/region/outer-london,E13000002,2008-11,2497,monthly,244203,498264,307569,237328,197306,2008-11-01
Outer London,http://landregistry.data.gov.uk/id/region/outer-london,E13000002,2008-12,2863,monthly,238453,484361,300471,232304,192376,2008-12-01
Outer London,http://landregistry.data.gov.uk/id/region/outer-london,E13000002,2009-01,1999,monthly,234448,477179,295475,228601,188946,2009-01-01
Outer London,http://landregistry.data.gov.uk/id/region/outer-london,E13000002,2009-02,1961,monthly,231587,467739,291306,225302,187506,2009-02-01
Outer London,http://landregistry.data.gov.uk/id/region/outer-london,E13000002,2009-03,2410,monthly,228401,460929,287181,221269,185687,2009-03-01
Outer London,http://landregistry.data.gov.uk/id/region/outer-london,E13000002,2009-04,2632,monthly,225821,451823,284244,218884,183692,2009-04-01
Outer London,http://landregistry.data.gov.uk/id/region/outer-london,E13000002,2009-05,3018,monthly,225429,450907,284174,218920,182838,2009-05-01
Outer London,http://landregistry.data.gov.uk/id/region/outer-london,E13000002,2009-06,3505,monthly,227006,453160,286474,221291,183352,2009-06-01
Outer London,http://landregistry.data.gov.uk/id/region/outer-london,E13000002,2009-07,4598,monthly,230628,461667,292101,225604,185030,2009-07-01
Outer London,http://landregistry.data.gov.uk/id/region/outer-london,E13000002,2009-08,4376,monthly,234642,471149,297905,230098,187319,2009-08-01
Outer London,http://landregistry.data.gov.uk/id/region/outer-london,E13000002,2009-09,4585,monthly,238330,480472,303307,233933,189582,2009-09-01
Outer London,http://landregistry.data.gov.uk/id/region/outer-london,E13000002,2009-10,5078,monthly,240970,487165,306955,236759,191243,2009-10-01
Outer London,http://landregistry.data.gov.uk/id/region/outer-london,E13000002,2009-11,4665,monthly,242107,490436,308302,238577,191543,2009-11-01
Outer London,http://landregistry.data.gov.uk/id/region/outer-london,E13000002,2009-12,5685,monthly,244178,492644,311029,241200,192847,2009-12-01
Outer London,http://landregistry.data.gov.uk/id/region/outer-london,E13000002,2010-01,3462,monthly,246747,499242,315218,244376,193836,2010-01-01
Outer London,http://landregistry.data.gov.uk/id/region/outer-london,E13000002,2010-02,3688,monthly,249485,506293,320443,247311,194909,2010-02-01
Outer London,http://landregistry.data.gov.uk/id/region/outer-london,E13000002,2010-03,4217,monthly,251921,515964,324068,249152,196593,2010-03-01
Outer London,http://landregistry.data.gov.uk/id/region/outer-london,E13000002,2010-04,4014,monthly,252635,517651,324930,249389,197504,2010-04-01
Outer London,http://landregistry.data.gov.uk/id/region/outer-london,E13000002,2010-05,4116,monthly,253835,520296,325751,250137,199069,2010-05-01
Outer London,http://landregistry.data.gov.uk/id/region/outer-london,E13000002,2010-06,5090,monthly,254258,520979,326713,251264,198700,2010-06-01
Outer London,http://landregistry.data.gov.uk/id/region/outer-london,E13000002,2010-07,5340,monthly,257471,530153,330883,254972,200570,2010-07-01
Outer London,http://landregistry.data.gov.uk/id/region/outer-london,E13000002,2010-08,4933,monthly,260118,536845,335487,257825,201822,2010-08-01
Outer London,http://landregistry.data.gov.uk/id/region/outer-london,E13000002,2010-09,4706,monthly,262614,544684,339031,260262,203408,2010-09-01
Outer London,http://landregistry.data.gov.uk/id/region/outer-london,E13000002,2010-10,4606,monthly,261308,541485,337564,258818,202453,2010-10-01
Outer London,http://landregistry.data.gov.uk/id/region/outer-london,E13000002,2010-11,4377,monthly,259549,539520,334995,256509,201495,2010-11-01
Outer London,http://landregistry.data.gov.uk/id/region/outer-london,E13000002,2010-12,4319,monthly,257742,534718,333148,254346,200248,2010-12-01
Outer London,http://landregistry.data.gov.uk/id/region/outer-london,E13000002,2011-01,3154,monthly,257847,538548,333266,254031,200337,2011-01-01
Outer London,http://landregistry.data.gov.uk/id/region/outer-london,E13000002,2011-02,3367,monthly,257755,541552,332963,253714,200245,2011-02-01
Outer London,http://landregistry.data.gov.uk/id/region/outer-london,E13000002,2011-03,3766,monthly,257125,545874,331923,252722,199649,2011-03-01
Outer London,http://landregistry.data.gov.uk/id/region/outer-london,E13000002,2011-04,3882,monthly,256849,543761,331366,252472,199637,2011-04-01
Outer London,http://landregistry.data.gov.uk/id/region/outer-london,E13000002,2011-05,3729,monthly,257322,538788,331302,253166,200656,2011-05-01
Outer London,http://landregistry.data.gov.uk/id/region/outer-london,E13000002,2011-06,4445,monthly,256882,530466,330745,253126,200660,2011-06-01
Outer London,http://landregistry.data.gov.uk/id/region/outer-london,E13000002,2011-07,5079,monthly,258057,530067,332073,254455,201779,2011-07-01
Outer London,http://landregistry.data.gov.uk/id/region/outer-london,E13000002,2011-08,5128,monthly,259231,535048,334819,256378,201355,2011-08-01
Outer London,http://landregistry.data.gov.uk/id/region/outer-london,E13000002,2011-09,4958,monthly,262250,545530,338849,259811,202937,2011-09-01
Outer London,http://landregistry.data.gov.uk/id/region/outer-london,E13000002,2011-10,4681,monthly,262083,549320,340267,259390,201929,2011-10-01
Outer London,http://landregistry.data.gov.uk/id/region/outer-london,E13000002,2011-11,4703,monthly,261425,550228,339243,257789,202005,2011-11-01
Outer London,http://landregistry.data.gov.uk/id/region/outer-london,E13000002,2011-12,4968,monthly,260790,546137,338574,256673,202051,2011-12-01
Outer London,http://landregistry.data.gov.uk/id/region/outer-london,E13000002,2012-01,3746,monthly,260452,541950,337820,256681,201974,2012-01-01
Outer London,http://landregistry.data.gov.uk/id/region/outer-london,E13000002,2012-02,3878,monthly,261397,545068,339625,258402,201806,2012-02-01
Outer London,http://landregistry.data.gov.uk/id/region/outer-london,E13000002,2012-03,5411,monthly,260217,541495,337559,257787,200759,2012-03-01
Outer London,http://landregistry.data.gov.uk/id/region/outer-london,E13000002,2012-04,3326,monthly,261426,543893,338202,259025,202032,2012-04-01
Outer London,http://landregistry.data.gov.uk/id/region/outer-london,E13000002,2012-05,4167,monthly,263628,543670,339939,261306,204472,2012-05-01
Outer London,http://landregistry.data.gov.uk/id/region/outer-london,E13000002,2012-06,4658,monthly,267855,551197,344989,266225,207495,2012-06-01
Outer London,http://landregistry.data.gov.uk/id/region/outer-london,E13000002,2012-07,4841,monthly,270718,556769,348537,269657,209385,2012-07-01
Outer London,http://landregistry.data.gov.uk/id/region/outer-london,E13000002,2012-08,5261,monthly,272010,560349,350655,271630,209657,2012-08-01
Outer London,http://landregistry.data.gov.uk/id/region/outer-london,E13000002,2012-09,4393,monthly,272343,564195,351834,271637,209597,2012-09-01
Outer London,http://landregistry.data.gov.uk/id/region/outer-london,E13000002,2012-10,4795,monthly,272555,564652,352342,271696,209773,2012-10-01
Outer London,http://landregistry.data.gov.uk/id/region/outer-london,E13000002,2012-11,5165,monthly,272232,564125,351793,271254,209646,2012-11-01
Outer London,http://landregistry.data.gov.uk/id/region/outer-london,E13000002,2012-12,4475,monthly,272916,565238,352480,272313,210014,2012-12-01
Outer London,http://landregistry.data.gov.uk/id/region/outer-london,E13000002,2013-01,3764,monthly,272940,566557,353555,272316,209544,2013-01-01
Outer London,http://landregistry.data.gov.uk/id/region/outer-london,E13000002,2013-02,3931,monthly,272864,567396,353852,272179,209294,2013-02-01
Outer London,http://landregistry.data.gov.uk/id/region/outer-london,E13000002,2013-03,4515,monthly,273228,568575,354466,271976,209843,2013-03-01
Outer London,http://landregistry.data.gov.uk/id/region/outer-london,E13000002,2013-04,4190,monthly,274815,570486,355012,274043,211392,2013-04-01
Outer London,http://landregistry.data.gov.uk/id/region/outer-london,E13000002,2013-05,5107,monthly,277958,575995,358630,277222,214017,2013-05-01
Outer London,http://landregistry.data.gov.uk/id/region/outer-london,E13000002,2013-06,4962,monthly,280600,580051,361760,280653,215751,2013-06-01
Outer London,http://landregistry.data.gov.uk/id/region/outer-london,E13000002,2013-07,6102,monthly,284014,586176,366109,284415,218247,2013-07-01
Outer London,http://landregistry.data.gov.uk/id/region/outer-london,E13000002,2013-08,6475,monthly,287478,592226,370569,288315,220718,2013-08-01
Outer London,http://landregistry.data.gov.uk/id/region/outer-london,E13000002,2013-09,5837,monthly,290390,600199,374336,291118,222875,2013-09-01
Outer London,http://landregistry.data.gov.uk/id/region/outer-london,E13000002,2013-10,6648,monthly,292254,605817,377528,292562,224159,2013-10-01
Outer London,http://landregistry.data.gov.uk/id/region/outer-london,E13000002,2013-11,6718,monthly,293991,609324,379720,294086,225654,2013-11-01
Outer London,http://landregistry.data.gov.uk/id/region/outer-london,E13000002,2013-12,6169,monthly,297099,611037,383472,297388,228374,2013-12-01
Outer London,http://landregistry.data.gov.uk/id/region/outer-london,E13000002,2014-01,5809,monthly,301242,617881,388160,299824,231941,2014-01-01
Outer London,http://landregistry.data.gov.uk/id/region/outer-london,E13000002,2014-02,5597,monthly,304738,626106,392513,303374,234639,2014-02-01
Outer London,http://landregistry.data.gov.uk/id/region/outer-london,E13000002,2014-03,5612,monthly,307979,633855,396490,306460,237223,2014-03-01
Outer London,http://landregistry.data.gov.uk/id/region/outer-london,E13000002,2014-04,5659,monthly,313806,645691,403511,314448,241614,2014-04-01
Outer London,http://landregistry.data.gov.uk/id/region/outer-london,E13000002,2014-05,5965,monthly,320352,656443,411233,321418,246798,2014-05-01
Outer London,http://landregistry.data.gov.uk/id/region/outer-london,E13000002,2014-06,6161,monthly,327717,670111,420306,329335,252384,2014-06-01
Outer London,http://landregistry.data.gov.uk/id/region/outer-london,E13000002,2014-07,6772,monthly,334424,683030,429679,336598,257102,2014-07-01
Outer London,http://landregistry.data.gov.uk/id/region/outer-london,E13000002,2014-08,6782,monthly,341526,698259,439503,344396,261972,2014-08-01
Outer London,http://landregistry.data.gov.uk/id/region/outer-london,E13000002,2014-09,6392,monthly,346341,711072,446495,349277,265240,2014-09-01
Outer London,http://landregistry.data.gov.uk/id/region/outer-london,E13000002,2014-10,6658,monthly,347870,715467,448567,350567,266438,2014-10-01
Outer London,http://landregistry.data.gov.uk/id/region/outer-london,E13000002,2014-11,5686,monthly,347994,717325,449175,350068,266643,2014-11-01
Outer London,http://landregistry.data.gov.uk/id/region/outer-london,E13000002,2014-12,5955,monthly,348665,718068,449782,350291,267515,2014-12-01
Outer London,http://landregistry.data.gov.uk/id/region/outer-london,E13000002,2015-01,5043,monthly,348673,718862,450046,349726,267712,2015-01-01
Outer London,http://landregistry.data.gov.uk/id/region/outer-london,E13000002,2015-02,5029,monthly,349499,720470,450468,349994,268860,2015-02-01
Outer London,http://landregistry.data.gov.uk/id/region/outer-london,E13000002,2015-03,5374,monthly,350559,723009,452141,350613,269836,2015-03-01
Outer London,http://landregistry.data.gov.uk/id/region/outer-london,E13000002,2015-04,4961,monthly,353110,728346,454984,353608,271664,2015-04-01
Outer London,http://landregistry.data.gov.uk/id/region/outer-london,E13000002,2015-05,5479,monthly,355717,731420,458617,356534,273550,2015-05-01
Outer London,http://landregistry.data.gov.uk/id/region/outer-london,E13000002,2015-06,6375,monthly,359886,739288,464445,362425,275636,2015-06-01
Outer London,http://landregistry.data.gov.uk/id/region/outer-london,E13000002,2015-07,7431,monthly,366101,748086,472445,369714,280052,2015-07-01
Outer London,http://landregistry.data.gov.uk/id/region/outer-london,E13000002,2015-08,6349,monthly,373092,763551,481887,377719,284625,2015-08-01
Outer London,http://landregistry.data.gov.uk/id/region/outer-london,E13000002,2015-09,6663,monthly,378841,779126,489446,382914,289088,2015-09-01
Outer London,http://landregistry.data.gov.uk/id/region/outer-london,E13000002,2015-10,6826,monthly,383465,791835,496124,387588,292188,2015-10-01
Outer London,http://landregistry.data.gov.uk/id/region/outer-london,E13000002,2015-11,6233,monthly,386808,799639,500829,391058,294506,2015-11-01
Outer London,http://landregistry.data.gov.uk/id/region/outer-london,E13000002,2015-12,6095,monthly,391612,808087,507481,395774,298214,2015-12-01
Outer London,http://landregistry.data.gov.uk/id/region/outer-london,E13000002,2016-01,4921,monthly,395627,814899,514097,399371,301216,2016-01-01
Outer London,http://landregistry.data.gov.uk/id/region/outer-london,E13000002,2016-02,5117,monthly,400431,826353,521130,404119,304592,2016-02-01
Outer London,http://landregistry.data.gov.uk/id/region/outer-london,E13000002,2016-03,10456,monthly,403845,835323,525183,407816,307031,2016-03-01
Outer London,http://landregistry.data.gov.uk/id/region/outer-london,E13000002,2016-04,3461,monthly,406940,840007,527103,411220,309970,2016-04-01
Outer London,http://landregistry.data.gov.uk/id/region/outer-london,E13000002,2016-05,4125,monthly,410966,840880,529919,414637,314659,2016-05-01
Outer London,http://landregistry.data.gov.uk/id/region/outer-london,E13000002,2016-06,5064,monthly,414608,845616,533924,418060,317989,2016-06-01
Outer London,http://landregistry.data.gov.uk/id/region/outer-london,E13000002,2016-07,5259,monthly,419288,856649,540683,422799,321245,2016-07-01
Outer London,http://landregistry.data.gov.uk/id/region/outer-london,E13000002,2016-08,5462,monthly,421382,864680,544184,425362,322074,2016-08-01
Outer London,http://landregistry.data.gov.uk/id/region/outer-london,E13000002,2016-09,5295,monthly,421397,863826,545539,425597,321608,2016-09-01
Outer London,http://landregistry.data.gov.uk/id/region/outer-london,E13000002,2016-10,4967,monthly,419810,860632,543533,422734,321133,2016-10-01
Outer London,http://landregistry.data.gov.uk/id/region/outer-london,E13000002,2016-11,5042,monthly,417765,859545,541430,419846,319692,2016-11-01
Outer London,http://landregistry.data.gov.uk/id/region/outer-london,E13000002,2016-12,4999,monthly,418403,860830,540735,419685,321129,2016-12-01
Outer London,http://landregistry.data.gov.uk/id/region/outer-london,E13000002,2017-01,4073,monthly,419564,864084,541717,421005,322027,2017-01-01
Outer London,http://landregistry.data.gov.uk/id/region/outer-london,E13000002,2017-02,4321,monthly,421117,864686,542183,421362,324558,2017-02-01
Outer London,http://landregistry.data.gov.uk/id/region/outer-london,E13000002,2017-03,5327,monthly,422510,866736,543533,421818,326362,2017-03-01
Outer London,http://landregistry.data.gov.uk/id/region/outer-london,E13000002,2017-04,4160,monthly,423456,868647,543252,422156,327900,2017-04-01
Outer London,http://landregistry.data.gov.uk/id/region/outer-london,E13000002,2017-05,4613,monthly,425571,869457,545965,424452,329659,2017-05-01
Outer London,http://landregistry.data.gov.uk/id/region/outer-london,E13000002,2017-06,5366,monthly,426715,868351,546689,426363,330545,2017-06-01
Outer London,http://landregistry.data.gov.uk/id/region/outer-london,E13000002,2017-07,5096,monthly,429518,869434,551194,429644,332462,2017-07-01
Outer London,http://landregistry.data.gov.uk/id/region/outer-london,E13000002,2017-08,5508,monthly,431207,873707,553565,432883,332746,2017-08-01
Outer London,http://landregistry.data.gov.uk/id/region/outer-london,E13000002,2017-09,5048,monthly,432669,881219,556625,434499,333133,2017-09-01
Outer London,http://landregistry.data.gov.uk/id/region/outer-london,E13000002,2017-10,5011,monthly,431629,883561,556407,433673,331578,2017-10-01
Outer London,http://landregistry.data.gov.uk/id/region/outer-london,E13000002,2017-11,4847,monthly,429386,880534,554859,431127,329520,2017-11-01
Outer London,http://landregistry.data.gov.uk/id/region/outer-london,E13000002,2017-12,4725,monthly,427693,876143,553507,430058,327666,2017-12-01
Outer London,http://landregistry.data.gov.uk/id/region/outer-london,E13000002,2018-01,3914,monthly,426583,871726,552231,428999,326874,2018-01-01
Outer London,http://landregistry.data.gov.uk/id/region/outer-london,E13000002,2018-02,3781,monthly,426693,872749,552317,429156,326904,2018-02-01
Outer London,http://landregistry.data.gov.uk/id/region/outer-london,E13000002,2018-03,4502,monthly,425584,870189,552041,428228,325681,2018-03-01
Outer London,http://landregistry.data.gov.uk/id/region/outer-london,E13000002,2018-04,3969,monthly,424520,871023,552529,428267,323595,2018-04-01
Outer London,http://landregistry.data.gov.uk/id/region/outer-london,E13000002,2018-05,4149,monthly,424992,872913,554845,430327,322604,2018-05-01
Outer London,http://landregistry.data.gov.uk/id/region/outer-london,E13000002,2018-06,4870,monthly,427835,878851,559690,433212,324440,2018-06-01
Outer London,http://landregistry.data.gov.uk/id/region/outer-london,E13000002,2018-07,5155,monthly,431482,888895,564013,437196,327033,2018-07-01
Outer London,http://landregistry.data.gov.uk/id/region/outer-london,E13000002,2018-08,5562,monthly,432352,892205,564821,437683,327900,2018-08-01
Outer London,http://landregistry.data.gov.uk/id/region/outer-london,E13000002,2018-09,4702,monthly,431722,893625,563645,437869,326940,2018-09-01
Outer London,http://landregistry.data.gov.uk/id/region/outer-london,E13000002,2018-10,4944,monthly,430358,890615,561905,436464,325917,2018-10-01
Outer London,http://landregistry.data.gov.uk/id/region/outer-london,E13000002,2018-11,5040,monthly,428301,890731,560808,435177,323268,2018-11-01
Outer London,http://landregistry.data.gov.uk/id/region/outer-london,E13000002,2018-12,4139,monthly,427176,885942,559650,433604,322695,2018-12-01
Outer London,http://landregistry.data.gov.uk/id/region/outer-london,E13000002,2019-01,3750,monthly,424913,883093,557153,430822,321003,2019-01-01
Outer London,http://landregistry.data.gov.uk/id/region/outer-london,E13000002,2019-02,3770,monthly,423834,878053,554365,428804,321219,2019-02-01
Outer London,http://landregistry.data.gov.uk/id/region/outer-london,E13000002,2019-03,4288,monthly,419770,871617,549657,425259,317520,2019-03-01
Outer London,http://landregistry.data.gov.uk/id/region/outer-london,E13000002,2019-04,3846,monthly,418082,863555,546920,424746,315998,2019-04-01
Outer London,http://landregistry.data.gov.uk/id/region/outer-london,E13000002,2019-05,4158,monthly,415786,856636,545153,423870,313163,2019-05-01
Outer London,http://landregistry.data.gov.uk/id/region/outer-london,E13000002,2019-06,4319,monthly,418951,860867,549513,427410,315448,2019-06-01
Outer London,http://landregistry.data.gov.uk/id/region/outer-london,E13000002,2019-07,4811,monthly,421354,865084,552684,429600,317451,2019-07-01
Outer London,http://landregistry.data.gov.uk/id/region/outer-london,E13000002,2019-08,5415,monthly,424817,873273,556919,433738,319736,2019-08-01
Outer London,http://landregistry.data.gov.uk/id/region/outer-london,E13000002,2019-09,4624,monthly,425801,875911,556265,434665,321091,2019-09-01
Outer London,http://landregistry.data.gov.uk/id/region/outer-london,E13000002,2019-10,4933,monthly,425042,876297,557375,434041,319649,2019-10-01
Outer London,http://landregistry.data.gov.uk/id/region/outer-london,E13000002,2019-11,4880,monthly,423414,876898,557235,432779,317333,2019-11-01
Outer London,http://landregistry.data.gov.uk/id/region/outer-london,E13000002,2019-12,4270,monthly,423263,879284,559155,433625,315800,2019-12-01
Outer London,http://landregistry.data.gov.uk/id/region/outer-london,E13000002,2020-01,4000,monthly,422566,876187,557629,433792,315064,2020-01-01
Outer London,http://landregistry.data.gov.uk/id/region/outer-london,E13000002,2020-02,4066,monthly,423607,878968,558931,434663,315907,2020-02-01
Outer London,http://landregistry.data.gov.uk/id/region/outer-london,E13000002,2020-03,4099,monthly,424841,881516,561012,435559,316892,2020-03-01
Outer London,http://landregistry.data.gov.uk/id/region/outer-london,E13000002,2020-04,1841,monthly,425935,890911,562801,437254,316802,2020-04-01
Outer London,http://landregistry.data.gov.uk/id/region/outer-london,E13000002,2020-05,1719,monthly,425923,889417,561834,436506,317608,2020-05-01
Outer London,http://landregistry.data.gov.uk/id/region/outer-london,E13000002,2020-06,2862,monthly,425393,886408,562338,437902,315857,2020-06-01
Outer London,http://landregistry.data.gov.uk/id/region/outer-london,E13000002,2020-07,3600,monthly,427414,886567,565450,439919,317520,2020-07-01
Outer London,http://landregistry.data.gov.uk/id/region/outer-london,E13000002,2020-08,3763,monthly,431595,895528,572973,445877,319040,2020-08-01
Outer London,http://landregistry.data.gov.uk/id/region/outer-london,E13000002,2020-09,4213,monthly,435372,906049,577701,449640,321826,2020-09-01
Outer London,http://landregistry.data.gov.uk/id/region/outer-london,E13000002,2020-10,5049,monthly,437242,912312,580872,453293,321868,2020-10-01
Outer London,http://landregistry.data.gov.uk/id/region/outer-london,E13000002,2020-11,4957,monthly,440242,920072,584377,457068,323759,2020-11-01
Outer London,http://landregistry.data.gov.uk/id/region/outer-london,E13000002,2020-12,5606,monthly,442303,926152,588097,460559,324102,2020-12-01
Outer London,http://landregistry.data.gov.uk/id/region/outer-london,E13000002,2021-01,5043,monthly,445452,926315,590546,462468,328151,2021-01-01
Outer London,http://landregistry.data.gov.uk/id/region/outer-london,E13000002,2021-02,6586,monthly,445378,917821,588496,461129,329975,2021-02-01
Outer London,http://landregistry.data.gov.uk/id/region/outer-london,E13000002,2021-03,9969,monthly,446619,910895,586657,460331,333894,2021-03-01
Outer London,http://landregistry.data.gov.uk/id/region/outer-london,E13000002,2021-04,5810,monthly,446616,912840,586364,460049,334020,2021-04-01
Outer London,http://landregistry.data.gov.uk/id/region/outer-london,E13000002,2021-05,4852,monthly,446857,916893,586948,460131,333923,2021-05-01
Outer London,http://landregistry.data.gov.uk/id/region/outer-london,E13000002,2021-06,15498,monthly,450286,923777,590843,465274,335690,2021-06-01
Outer London,http://landregistry.data.gov.uk/id/region/outer-london,E13000002,2021-07,1943,monthly,448486,929329,589789,462019,334037,2021-07-01
Outer London,http://landregistry.data.gov.uk/id/region/outer-london,E13000002,2021-08,3813,monthly,452181,946439,597835,465928,334835,2021-08-01
Outer London,http://landregistry.data.gov.uk/id/region/outer-london,E13000002,2021-09,8054,monthly,452815,956580,601886,465957,333820,2021-09-01
Outer London,http://landregistry.data.gov.uk/id/region/outer-london,E13000002,2021-10,3100,monthly,458922,973794,612501,473639,336199,2021-10-01
Outer London,http://landregistry.data.gov.uk/id/region/outer-london,E13000002,2021-11,4272,monthly,460681,980376,615904,475143,337095,2021-11-01
Outer London,http://landregistry.data.gov.uk/id/region/outer-london,E13000002,2021-12,4617,monthly,461948,989249,619536,476681,336711,2021-12-01
Outer London,http://landregistry.data.gov.uk/id/region/outer-london,E13000002,2022-01,3884,monthly,464205,990773,623713,480265,337415,2022-01-01
Outer London,http://landregistry.data.gov.uk/id/region/outer-london,E13000002,2022-02,4365,monthly,466471,993356,626567,482815,339333,2022-02-01
Outer London,http://landregistry.data.gov.uk/id/region/outer-london,E13000002,2022-03,5071,monthly,467207,997953,629219,483150,339310,2022-03-01
Outer London,http://landregistry.data.gov.uk/id/region/outer-london,E13000002,2022-04,4254,monthly,469345,1001961,631763,485899,340651,2022-04-01
Outer London,http://landregistry.data.gov.uk/id/region/outer-london,E13000002,2022-05,4518,monthly,471580,1007261,635955,489494,340775,2022-05-01
Outer London,http://landregistry.data.gov.uk/id/region/outer-london,E13000002,2022-06,4889,monthly,479030,1018701,645166,498176,346184,2022-06-01
Outer London,http://landregistry.data.gov.uk/id/region/outer-london,E13000002,2022-07,5319,monthly,484881,1028464,653492,505442,349588,2022-07-01
Outer London,http://landregistry.data.gov.uk/id/region/outer-london,E13000002,2022-08,5297,monthly,491767,1040965,662888,514282,353463,2022-08-01
Outer London,http://landregistry.data.gov.uk/id/region/outer-london,E13000002,2022-09,5266,monthly,494264,1048383,667591,517787,353867,2022-09-01
Outer London,http://landregistry.data.gov.uk/id/region/outer-london,E13000002,2022-10,4978,monthly,495395,1052746,670157,519367,353794,2022-10-01
Outer London,http://landregistry.data.gov.uk/id/region/outer-london,E13000002,2022-11,5032,monthly,494626,1053284,669840,518810,352585,2022-11-01
Outer London,http://landregistry.data.gov.uk/id/region/outer-london,E13000002,2022-12,4222,monthly,492941,1049468,668337,517539,350724,2022-12-01
Outer London,http://landregistry.data.gov.uk/id/region/outer-london,E13000002,2023-01,3249,monthly,492499,1050878,668213,515828,350924,2023-01-01
Outer London,http://landregistry.data.gov.uk/id/region/outer-london,E13000002,2023-02,3059,monthly,490212,1045978,664710,512138,350364,2023-02-01
Outer London,http://landregistry.data.gov.uk/id/region/outer-london,E13000002,2023-03,3572,monthly,483900,1036558,656723,503508,346732,2023-03-01
Outer London,http://landregistry.data.gov.uk/id/region/outer-london,E13000002,2023-04,2434,monthly,478595,1025449,648654,497533,343489,2023-04-01
Outer London,http://landregistry.data.gov.uk/id/region/outer-london,E13000002,2023-05,2810,monthly,473548,1012970,641209,491632,340601,2023-05-01
Outer London,http://landregistry.data.gov.uk/id/region/outer-london,E13000002,2023-06,3412,monthly,473598,1010738,639558,492687,340774,2023-06-01
Outer London,http://landregistry.data.gov.uk/id/region/outer-london,E13000002,2023-07,3384,monthly,475359,1012319,642533,496116,341019,2023-07-01
Outer London,http://landregistry.data.gov.uk/id/region/outer-london,E13000002,2023-08,4028,monthly,479709,1022039,648847,502752,342669,2023-08-01
Outer London,http://landregistry.data.gov.uk/id/region/outer-london,E13000002,2023-09,3531,monthly,481766,1026139,652894,506370,342841,2023-09-01
Outer London,http://landregistry.data.gov.uk/id/region/outer-london,E13000002,2023-10,3245,monthly,478641,1018223,649113,502617,340841,2023-10-01
Outer London,http://landregistry.data.gov.uk/id/region/outer-london,E13000002,2023-11,3068,monthly,474190,1008652,644068,496885,337990,2023-11-01
Outer London,http://landregistry.data.gov.uk/id/region/outer-london,E13000002,2023-12,2623,monthly,471314,999405,640138,492723,336879,2023-12-01
Outer London,http://landregistry.data.gov.uk/id/region/outer-london,E13000002,2024-01,2026,monthly,471512,996646,639646,493717,337035,2024-01-01
Outer London,http://landregistry.data.gov.uk/id/region/outer-london,E13000002,2024-02,1208,monthly,472234,993968,640050,493284,338730,2024-02-01
Outer London,http://landregistry.data.gov.uk/id/region/outer-london,E13000002,2024-03,,monthly,472182,991468,637949,492464,339977,2024-03-01
Outer London,http://landregistry.data.gov.uk/id/region/outer-london,E13000002,2024-04,,monthly,467468,975988,631554,486700,337492,2024-04-01
