"Name","URI","Region GSS code","Period","Sales volume","Reporting period","Average price All property types","Average price Detached houses","Average price Semi-detached houses","Average price Terraced houses","Average price Flats and maisonettes","Pivotable date"
Oxford,http://landregistry.data.gov.uk/id/region/oxford,E07000178,2004-01,216,monthly,205471,409273,245814,188062,157742,2004-01-01
Oxford,http://landregistry.data.gov.uk/id/region/oxford,E07000178,2004-02,180,monthly,207096,411367,247480,189421,159601,2004-02-01
Oxford,http://landregistry.data.gov.uk/id/region/oxford,E07000178,2004-03,204,monthly,213258,423874,254731,195222,164194,2004-03-01
Oxford,http://landregistry.data.gov.uk/id/region/oxford,E07000178,2004-04,241,monthly,214835,422946,256477,197718,164990,2004-04-01
Oxford,http://landregistry.data.gov.uk/id/region/oxford,E07000178,2004-05,225,monthly,221505,431224,264051,204787,170146,2004-05-01
Oxford,http://landregistry.data.gov.uk/id/region/oxford,E07000178,2004-06,240,monthly,222403,429558,265014,205886,171121,2004-06-01
Oxford,http://landregistry.data.gov.uk/id/region/oxford,E07000178,2004-07,302,monthly,227519,439226,271581,210698,174612,2004-07-01
Oxford,http://landregistry.data.gov.uk/id/region/oxford,E07000178,2004-08,227,monthly,229166,444849,273869,212266,175222,2004-08-01
Oxford,http://landregistry.data.gov.uk/id/region/oxford,E07000178,2004-09,222,monthly,229604,447928,274866,212611,174906,2004-09-01
Oxford,http://landregistry.data.gov.uk/id/region/oxford,E07000178,2004-10,169,monthly,227402,443447,271389,210198,174347,2004-10-01
Oxford,http://landregistry.data.gov.uk/id/region/oxford,E07000178,2004-11,170,monthly,225910,439386,269296,208581,173870,2004-11-01
Oxford,http://landregistry.data.gov.uk/id/region/oxford,E07000178,2004-12,136,monthly,230439,445299,273919,212934,178250,2004-12-01
Oxford,http://landregistry.data.gov.uk/id/region/oxford,E07000178,2005-01,126,monthly,231329,447277,274423,214153,178970,2005-01-01
Oxford,http://landregistry.data.gov.uk/id/region/oxford,E07000178,2005-02,98,monthly,230297,445554,273422,213094,178110,2005-02-01
Oxford,http://landregistry.data.gov.uk/id/region/oxford,E07000178,2005-03,120,monthly,229481,445295,272783,212488,176895,2005-03-01
Oxford,http://landregistry.data.gov.uk/id/region/oxford,E07000178,2005-04,175,monthly,227709,440070,271271,210964,175284,2005-04-01
Oxford,http://landregistry.data.gov.uk/id/region/oxford,E07000178,2005-05,172,monthly,229238,441965,272649,212784,176536,2005-05-01
Oxford,http://landregistry.data.gov.uk/id/region/oxford,E07000178,2005-06,272,monthly,222559,426978,264380,207174,171377,2005-06-01
Oxford,http://landregistry.data.gov.uk/id/region/oxford,E07000178,2005-07,232,monthly,225372,433032,267967,209839,173274,2005-07-01
Oxford,http://landregistry.data.gov.uk/id/region/oxford,E07000178,2005-08,252,monthly,226594,436212,269451,211318,173812,2005-08-01
Oxford,http://landregistry.data.gov.uk/id/region/oxford,E07000178,2005-09,295,monthly,234097,452772,278758,218069,179266,2005-09-01
Oxford,http://landregistry.data.gov.uk/id/region/oxford,E07000178,2005-10,222,monthly,234393,452892,278577,218191,180006,2005-10-01
Oxford,http://landregistry.data.gov.uk/id/region/oxford,E07000178,2005-11,190,monthly,231606,446420,275498,215321,178077,2005-11-01
Oxford,http://landregistry.data.gov.uk/id/region/oxford,E07000178,2005-12,209,monthly,234110,447762,277563,217595,181056,2005-12-01
Oxford,http://landregistry.data.gov.uk/id/region/oxford,E07000178,2006-01,162,monthly,238385,456784,282555,222154,183831,2006-01-01
Oxford,http://landregistry.data.gov.uk/id/region/oxford,E07000178,2006-02,179,monthly,236713,452440,279908,220909,182999,2006-02-01
Oxford,http://landregistry.data.gov.uk/id/region/oxford,E07000178,2006-03,222,monthly,235802,453409,279649,220202,181354,2006-03-01
Oxford,http://landregistry.data.gov.uk/id/region/oxford,E07000178,2006-04,195,monthly,235251,450720,279091,219951,180818,2006-04-01
Oxford,http://landregistry.data.gov.uk/id/region/oxford,E07000178,2006-05,250,monthly,242717,465633,288278,226939,186178,2006-05-01
Oxford,http://landregistry.data.gov.uk/id/region/oxford,E07000178,2006-06,237,monthly,244626,468043,290500,228998,187592,2006-06-01
Oxford,http://landregistry.data.gov.uk/id/region/oxford,E07000178,2006-07,312,monthly,246879,472832,293237,231557,188791,2006-07-01
Oxford,http://landregistry.data.gov.uk/id/region/oxford,E07000178,2006-08,294,monthly,251597,482588,298957,236787,191454,2006-08-01
Oxford,http://landregistry.data.gov.uk/id/region/oxford,E07000178,2006-09,298,monthly,253941,489051,301941,239334,192489,2006-09-01
Oxford,http://landregistry.data.gov.uk/id/region/oxford,E07000178,2006-10,225,monthly,253392,488585,301224,238379,192452,2006-10-01
Oxford,http://landregistry.data.gov.uk/id/region/oxford,E07000178,2006-11,239,monthly,252191,486811,300104,236946,191482,2006-11-01
Oxford,http://landregistry.data.gov.uk/id/region/oxford,E07000178,2006-12,237,monthly,254541,489289,302490,239164,193885,2006-12-01
Oxford,http://landregistry.data.gov.uk/id/region/oxford,E07000178,2007-01,179,monthly,260459,501067,309631,244879,198103,2007-01-01
Oxford,http://landregistry.data.gov.uk/id/region/oxford,E07000178,2007-02,159,monthly,262571,504652,311668,246478,200336,2007-02-01
Oxford,http://landregistry.data.gov.uk/id/region/oxford,E07000178,2007-03,216,monthly,253720,489175,301494,238360,192942,2007-03-01
Oxford,http://landregistry.data.gov.uk/id/region/oxford,E07000178,2007-04,216,monthly,256690,492997,304588,241965,195148,2007-04-01
Oxford,http://landregistry.data.gov.uk/id/region/oxford,E07000178,2007-05,192,monthly,256941,491602,304537,242976,195253,2007-05-01
Oxford,http://landregistry.data.gov.uk/id/region/oxford,E07000178,2007-06,215,monthly,266881,509664,316026,252525,203005,2007-06-01
Oxford,http://landregistry.data.gov.uk/id/region/oxford,E07000178,2007-07,248,monthly,267341,512279,316856,252926,202995,2007-07-01
Oxford,http://landregistry.data.gov.uk/id/region/oxford,E07000178,2007-08,251,monthly,277092,534041,329164,262883,209071,2007-08-01
Oxford,http://landregistry.data.gov.uk/id/region/oxford,E07000178,2007-09,225,monthly,284276,549542,337928,269443,214329,2007-09-01
Oxford,http://landregistry.data.gov.uk/id/region/oxford,E07000178,2007-10,214,monthly,289855,561724,344010,274368,218978,2007-10-01
Oxford,http://landregistry.data.gov.uk/id/region/oxford,E07000178,2007-11,159,monthly,286278,555178,339464,269873,217169,2007-11-01
Oxford,http://landregistry.data.gov.uk/id/region/oxford,E07000178,2007-12,124,monthly,285490,552808,338303,269204,216764,2007-12-01
Oxford,http://landregistry.data.gov.uk/id/region/oxford,E07000178,2008-01,115,monthly,286943,557223,340207,270135,217867,2008-01-01
Oxford,http://landregistry.data.gov.uk/id/region/oxford,E07000178,2008-02,137,monthly,287781,559633,341562,271063,218040,2008-02-01
Oxford,http://landregistry.data.gov.uk/id/region/oxford,E07000178,2008-03,107,monthly,282568,552800,336074,266361,213012,2008-03-01
Oxford,http://landregistry.data.gov.uk/id/region/oxford,E07000178,2008-04,140,monthly,278384,546303,331523,263084,208824,2008-04-01
Oxford,http://landregistry.data.gov.uk/id/region/oxford,E07000178,2008-05,140,monthly,270540,530069,322090,256293,202638,2008-05-01
Oxford,http://landregistry.data.gov.uk/id/region/oxford,E07000178,2008-06,140,monthly,270220,527525,321424,256244,202652,2008-06-01
Oxford,http://landregistry.data.gov.uk/id/region/oxford,E07000178,2008-07,123,monthly,267147,519987,318368,253220,200181,2008-07-01
Oxford,http://landregistry.data.gov.uk/id/region/oxford,E07000178,2008-08,155,monthly,271744,529716,324036,257537,203421,2008-08-01
Oxford,http://landregistry.data.gov.uk/id/region/oxford,E07000178,2008-09,111,monthly,271211,532420,323172,256783,202916,2008-09-01
Oxford,http://landregistry.data.gov.uk/id/region/oxford,E07000178,2008-10,105,monthly,256503,504345,305030,243027,192135,2008-10-01
Oxford,http://landregistry.data.gov.uk/id/region/oxford,E07000178,2008-11,84,monthly,243539,480721,289726,230620,182208,2008-11-01
Oxford,http://landregistry.data.gov.uk/id/region/oxford,E07000178,2008-12,101,monthly,226295,445091,269690,214562,168945,2008-12-01
Oxford,http://landregistry.data.gov.uk/id/region/oxford,E07000178,2009-01,95,monthly,224196,441815,267110,212041,167735,2009-01-01
Oxford,http://landregistry.data.gov.uk/id/region/oxford,E07000178,2009-02,63,monthly,223319,438116,265836,211000,167765,2009-02-01
Oxford,http://landregistry.data.gov.uk/id/region/oxford,E07000178,2009-03,99,monthly,228586,446957,271511,215761,172633,2009-03-01
Oxford,http://landregistry.data.gov.uk/id/region/oxford,E07000178,2009-04,112,monthly,230901,447560,274607,218908,173842,2009-04-01
Oxford,http://landregistry.data.gov.uk/id/region/oxford,E07000178,2009-05,131,monthly,230877,445788,274522,219931,173165,2009-05-01
Oxford,http://landregistry.data.gov.uk/id/region/oxford,E07000178,2009-06,113,monthly,239036,461149,284635,228753,177957,2009-06-01
Oxford,http://landregistry.data.gov.uk/id/region/oxford,E07000178,2009-07,170,monthly,242816,469453,289613,232862,179690,2009-07-01
Oxford,http://landregistry.data.gov.uk/id/region/oxford,E07000178,2009-08,169,monthly,252655,491208,302083,242352,185769,2009-08-01
Oxford,http://landregistry.data.gov.uk/id/region/oxford,E07000178,2009-09,194,monthly,252680,492586,302554,242388,185144,2009-09-01
Oxford,http://landregistry.data.gov.uk/id/region/oxford,E07000178,2009-10,186,monthly,254958,498391,305689,244337,186441,2009-10-01
Oxford,http://landregistry.data.gov.uk/id/region/oxford,E07000178,2009-11,146,monthly,253216,495761,303379,243195,184718,2009-11-01
Oxford,http://landregistry.data.gov.uk/id/region/oxford,E07000178,2009-12,193,monthly,256211,499763,307253,246463,186619,2009-12-01
Oxford,http://landregistry.data.gov.uk/id/region/oxford,E07000178,2010-01,105,monthly,261647,512355,314382,252418,189030,2010-01-01
Oxford,http://landregistry.data.gov.uk/id/region/oxford,E07000178,2010-02,102,monthly,267622,524805,323128,258249,191815,2010-02-01
Oxford,http://landregistry.data.gov.uk/id/region/oxford,E07000178,2010-03,120,monthly,272197,538183,329024,262327,194218,2010-03-01
Oxford,http://landregistry.data.gov.uk/id/region/oxford,E07000178,2010-04,131,monthly,274040,540443,331291,264032,195776,2010-04-01
Oxford,http://landregistry.data.gov.uk/id/region/oxford,E07000178,2010-05,120,monthly,274038,539728,330466,263816,196709,2010-05-01
Oxford,http://landregistry.data.gov.uk/id/region/oxford,E07000178,2010-06,165,monthly,275999,542311,333132,266344,197565,2010-06-01
Oxford,http://landregistry.data.gov.uk/id/region/oxford,E07000178,2010-07,184,monthly,280956,554990,339091,271677,200240,2010-07-01
Oxford,http://landregistry.data.gov.uk/id/region/oxford,E07000178,2010-08,188,monthly,285610,565973,345642,276585,202215,2010-08-01
Oxford,http://landregistry.data.gov.uk/id/region/oxford,E07000178,2010-09,186,monthly,292148,582425,353762,282900,206154,2010-09-01
Oxford,http://landregistry.data.gov.uk/id/region/oxford,E07000178,2010-10,152,monthly,289969,578347,351524,280378,204585,2010-10-01
Oxford,http://landregistry.data.gov.uk/id/region/oxford,E07000178,2010-11,146,monthly,280512,561182,339861,270631,198284,2010-11-01
Oxford,http://landregistry.data.gov.uk/id/region/oxford,E07000178,2010-12,155,monthly,268619,536346,325882,258736,190034,2010-12-01
Oxford,http://landregistry.data.gov.uk/id/region/oxford,E07000178,2011-01,91,monthly,265220,531013,321510,255175,187829,2011-01-01
Oxford,http://landregistry.data.gov.uk/id/region/oxford,E07000178,2011-02,115,monthly,270136,542845,327429,259919,191091,2011-02-01
Oxford,http://landregistry.data.gov.uk/id/region/oxford,E07000178,2011-03,91,monthly,272977,552367,330554,262591,192844,2011-03-01
Oxford,http://landregistry.data.gov.uk/id/region/oxford,E07000178,2011-04,114,monthly,269442,544434,326323,259352,190246,2011-04-01
Oxford,http://landregistry.data.gov.uk/id/region/oxford,E07000178,2011-05,104,monthly,267551,535159,323459,257975,189732,2011-05-01
Oxford,http://landregistry.data.gov.uk/id/region/oxford,E07000178,2011-06,137,monthly,270729,534332,327317,261675,192351,2011-06-01
Oxford,http://landregistry.data.gov.uk/id/region/oxford,E07000178,2011-07,175,monthly,277502,545041,335330,268424,197484,2011-07-01
Oxford,http://landregistry.data.gov.uk/id/region/oxford,E07000178,2011-08,183,monthly,282968,558307,343063,273947,199795,2011-08-01
Oxford,http://landregistry.data.gov.uk/id/region/oxford,E07000178,2011-09,168,monthly,279354,555968,338979,270330,196416,2011-09-01
Oxford,http://landregistry.data.gov.uk/id/region/oxford,E07000178,2011-10,141,monthly,274343,548408,333861,265087,192146,2011-10-01
Oxford,http://landregistry.data.gov.uk/id/region/oxford,E07000178,2011-11,135,monthly,271054,542398,329611,261312,190595,2011-11-01
Oxford,http://landregistry.data.gov.uk/id/region/oxford,E07000178,2011-12,134,monthly,269384,535644,327607,259750,189845,2011-12-01
Oxford,http://landregistry.data.gov.uk/id/region/oxford,E07000178,2012-01,118,monthly,277471,549077,337451,268210,195230,2012-01-01
Oxford,http://landregistry.data.gov.uk/id/region/oxford,E07000178,2012-02,112,monthly,284511,563452,346360,275435,199429,2012-02-01
Oxford,http://landregistry.data.gov.uk/id/region/oxford,E07000178,2012-03,155,monthly,289649,571706,352546,280553,203079,2012-03-01
Oxford,http://landregistry.data.gov.uk/id/region/oxford,E07000178,2012-04,93,monthly,285285,562841,346733,276050,200688,2012-04-01
Oxford,http://landregistry.data.gov.uk/id/region/oxford,E07000178,2012-05,107,monthly,286946,562629,348349,278082,202108,2012-05-01
Oxford,http://landregistry.data.gov.uk/id/region/oxford,E07000178,2012-06,109,monthly,287038,562289,347848,279126,201656,2012-06-01
Oxford,http://landregistry.data.gov.uk/id/region/oxford,E07000178,2012-07,164,monthly,296359,580857,358936,288623,207851,2012-07-01
Oxford,http://landregistry.data.gov.uk/id/region/oxford,E07000178,2012-08,148,monthly,296929,582673,359522,289957,207418,2012-08-01
Oxford,http://landregistry.data.gov.uk/id/region/oxford,E07000178,2012-09,145,monthly,301518,593676,365457,294102,210468,2012-09-01
Oxford,http://landregistry.data.gov.uk/id/region/oxford,E07000178,2012-10,109,monthly,297061,584108,360214,289916,207173,2012-10-01
Oxford,http://landregistry.data.gov.uk/id/region/oxford,E07000178,2012-11,133,monthly,297795,586028,361419,290363,207693,2012-11-01
Oxford,http://landregistry.data.gov.uk/id/region/oxford,E07000178,2012-12,96,monthly,297409,586175,361228,290084,207021,2012-12-01
Oxford,http://landregistry.data.gov.uk/id/region/oxford,E07000178,2013-01,109,monthly,301849,596446,367724,294068,209537,2013-01-01
Oxford,http://landregistry.data.gov.uk/id/region/oxford,E07000178,2013-02,82,monthly,290471,574361,354110,282716,201672,2013-02-01
Oxford,http://landregistry.data.gov.uk/id/region/oxford,E07000178,2013-03,113,monthly,289657,573587,353543,281265,201372,2013-03-01
Oxford,http://landregistry.data.gov.uk/id/region/oxford,E07000178,2013-04,106,monthly,288113,569579,350674,280566,200180,2013-04-01
Oxford,http://landregistry.data.gov.uk/id/region/oxford,E07000178,2013-05,140,monthly,293939,580262,357721,286250,204342,2013-05-01
Oxford,http://landregistry.data.gov.uk/id/region/oxford,E07000178,2013-06,129,monthly,295857,581106,359869,288846,205361,2013-06-01
Oxford,http://landregistry.data.gov.uk/id/region/oxford,E07000178,2013-07,210,monthly,299160,586636,363790,292221,207668,2013-07-01
Oxford,http://landregistry.data.gov.uk/id/region/oxford,E07000178,2013-08,213,monthly,307574,602191,374044,301036,212971,2013-08-01
Oxford,http://landregistry.data.gov.uk/id/region/oxford,E07000178,2013-09,171,monthly,311785,614107,379365,304751,215759,2013-09-01
Oxford,http://landregistry.data.gov.uk/id/region/oxford,E07000178,2013-10,168,monthly,310807,613662,378848,303338,214969,2013-10-01
Oxford,http://landregistry.data.gov.uk/id/region/oxford,E07000178,2013-11,148,monthly,306784,606027,374285,299123,212241,2013-11-01
Oxford,http://landregistry.data.gov.uk/id/region/oxford,E07000178,2013-12,142,monthly,307503,602482,375405,299847,213146,2013-12-01
Oxford,http://landregistry.data.gov.uk/id/region/oxford,E07000178,2014-01,136,monthly,309083,605061,377543,301055,214526,2014-01-01
Oxford,http://landregistry.data.gov.uk/id/region/oxford,E07000178,2014-02,116,monthly,311135,610124,380441,302679,215970,2014-02-01
Oxford,http://landregistry.data.gov.uk/id/region/oxford,E07000178,2014-03,125,monthly,313392,615477,383305,305027,217196,2014-03-01
Oxford,http://landregistry.data.gov.uk/id/region/oxford,E07000178,2014-04,133,monthly,315072,617635,385127,307187,218069,2014-04-01
Oxford,http://landregistry.data.gov.uk/id/region/oxford,E07000178,2014-05,155,monthly,322946,630316,394194,315457,223570,2014-05-01
Oxford,http://landregistry.data.gov.uk/id/region/oxford,E07000178,2014-06,146,monthly,329539,642503,402305,322156,227891,2014-06-01
Oxford,http://landregistry.data.gov.uk/id/region/oxford,E07000178,2014-07,180,monthly,342136,666350,417914,334837,236140,2014-07-01
Oxford,http://landregistry.data.gov.uk/id/region/oxford,E07000178,2014-08,199,monthly,352043,687031,430672,344527,242384,2014-08-01
Oxford,http://landregistry.data.gov.uk/id/region/oxford,E07000178,2014-09,196,monthly,358125,700115,438156,350218,246679,2014-09-01
Oxford,http://landregistry.data.gov.uk/id/region/oxford,E07000178,2014-10,173,monthly,357046,698921,437140,348429,246439,2014-10-01
Oxford,http://landregistry.data.gov.uk/id/region/oxford,E07000178,2014-11,146,monthly,352269,690407,431431,343168,243610,2014-11-01
Oxford,http://landregistry.data.gov.uk/id/region/oxford,E07000178,2014-12,156,monthly,351015,688139,429781,341768,242991,2014-12-01
Oxford,http://landregistry.data.gov.uk/id/region/oxford,E07000178,2015-01,105,monthly,351819,689866,430884,342542,243461,2015-01-01
Oxford,http://landregistry.data.gov.uk/id/region/oxford,E07000178,2015-02,95,monthly,355921,697706,435016,346632,246770,2015-02-01
Oxford,http://landregistry.data.gov.uk/id/region/oxford,E07000178,2015-03,147,monthly,358711,704107,438814,349314,248390,2015-03-01
Oxford,http://landregistry.data.gov.uk/id/region/oxford,E07000178,2015-04,148,monthly,361336,710202,441962,352199,249830,2015-04-01
Oxford,http://landregistry.data.gov.uk/id/region/oxford,E07000178,2015-05,125,monthly,367461,721216,450480,358340,253377,2015-05-01
Oxford,http://landregistry.data.gov.uk/id/region/oxford,E07000178,2015-06,141,monthly,373992,733413,458937,365456,256945,2015-06-01
Oxford,http://landregistry.data.gov.uk/id/region/oxford,E07000178,2015-07,197,monthly,391365,766142,480777,382691,268449,2015-07-01
Oxford,http://landregistry.data.gov.uk/id/region/oxford,E07000178,2015-08,172,monthly,395737,775417,486108,387567,270816,2015-08-01
Oxford,http://landregistry.data.gov.uk/id/region/oxford,E07000178,2015-09,182,monthly,398839,785182,489690,389740,273558,2015-09-01
Oxford,http://landregistry.data.gov.uk/id/region/oxford,E07000178,2015-10,159,monthly,388339,767121,477317,379398,265874,2015-10-01
Oxford,http://landregistry.data.gov.uk/id/region/oxford,E07000178,2015-11,121,monthly,388471,768652,477789,378928,266237,2015-11-01
Oxford,http://landregistry.data.gov.uk/id/region/oxford,E07000178,2015-12,129,monthly,387778,766377,477537,378521,265230,2015-12-01
Oxford,http://landregistry.data.gov.uk/id/region/oxford,E07000178,2016-01,126,monthly,394481,778541,486432,384619,269971,2016-01-01
Oxford,http://landregistry.data.gov.uk/id/region/oxford,E07000178,2016-02,114,monthly,393454,777886,485805,383577,268794,2016-02-01
Oxford,http://landregistry.data.gov.uk/id/region/oxford,E07000178,2016-03,272,monthly,406422,805551,501629,396123,277664,2016-03-01
Oxford,http://landregistry.data.gov.uk/id/region/oxford,E07000178,2016-04,71,monthly,396693,784811,488926,387259,270970,2016-04-01
Oxford,http://landregistry.data.gov.uk/id/region/oxford,E07000178,2016-05,67,monthly,389705,765289,478889,380755,267298,2016-05-01
Oxford,http://landregistry.data.gov.uk/id/region/oxford,E07000178,2016-06,99,monthly,384433,750195,471565,375915,264347,2016-06-01
Oxford,http://landregistry.data.gov.uk/id/region/oxford,E07000178,2016-07,125,monthly,402308,784789,492937,393319,277069,2016-07-01
Oxford,http://landregistry.data.gov.uk/id/region/oxford,E07000178,2016-08,146,monthly,419571,821126,514301,410082,288676,2016-08-01
Oxford,http://landregistry.data.gov.uk/id/region/oxford,E07000178,2016-09,104,monthly,419363,821623,515200,409640,287987,2016-09-01
Oxford,http://landregistry.data.gov.uk/id/region/oxford,E07000178,2016-10,128,monthly,416745,818900,512367,405549,287229,2016-10-01
Oxford,http://landregistry.data.gov.uk/id/region/oxford,E07000178,2016-11,117,monthly,413473,815908,508743,401309,285433,2016-11-01
Oxford,http://landregistry.data.gov.uk/id/region/oxford,E07000178,2016-12,120,monthly,409499,809083,503095,396861,283624,2016-12-01
Oxford,http://landregistry.data.gov.uk/id/region/oxford,E07000178,2017-01,104,monthly,412321,814871,506398,400191,285069,2017-01-01
Oxford,http://landregistry.data.gov.uk/id/region/oxford,E07000178,2017-02,88,monthly,405888,800120,497466,393525,281735,2017-02-01
Oxford,http://landregistry.data.gov.uk/id/region/oxford,E07000178,2017-03,87,monthly,410782,809578,502947,397939,285695,2017-03-01
Oxford,http://landregistry.data.gov.uk/id/region/oxford,E07000178,2017-04,95,monthly,407918,803875,498357,394777,284635,2017-04-01
Oxford,http://landregistry.data.gov.uk/id/region/oxford,E07000178,2017-05,78,monthly,412860,810916,504988,399505,288112,2017-05-01
Oxford,http://landregistry.data.gov.uk/id/region/oxford,E07000178,2017-06,120,monthly,411177,803520,502136,398385,287282,2017-06-01
Oxford,http://landregistry.data.gov.uk/id/region/oxford,E07000178,2017-07,160,monthly,413515,804955,505722,400374,289133,2017-07-01
Oxford,http://landregistry.data.gov.uk/id/region/oxford,E07000178,2017-08,138,monthly,415529,810052,507871,403261,289674,2017-08-01
Oxford,http://landregistry.data.gov.uk/id/region/oxford,E07000178,2017-09,124,monthly,419693,821941,514093,407115,291781,2017-09-01
Oxford,http://landregistry.data.gov.uk/id/region/oxford,E07000178,2017-10,102,monthly,420813,827347,516106,408439,291672,2017-10-01
Oxford,http://landregistry.data.gov.uk/id/region/oxford,E07000178,2017-11,77,monthly,417259,820933,512775,404487,289106,2017-11-01
Oxford,http://landregistry.data.gov.uk/id/region/oxford,E07000178,2017-12,112,monthly,409123,803654,503211,396598,283381,2017-12-01
Oxford,http://landregistry.data.gov.uk/id/region/oxford,E07000178,2018-01,92,monthly,395731,775597,486837,383657,274197,2018-01-01
Oxford,http://landregistry.data.gov.uk/id/region/oxford,E07000178,2018-02,82,monthly,396161,778033,487731,384416,273810,2018-02-01
Oxford,http://landregistry.data.gov.uk/id/region/oxford,E07000178,2018-03,111,monthly,396482,778699,488682,385297,273224,2018-03-01
Oxford,http://landregistry.data.gov.uk/id/region/oxford,E07000178,2018-04,97,monthly,399943,785592,493620,389308,274545,2018-04-01
Oxford,http://landregistry.data.gov.uk/id/region/oxford,E07000178,2018-05,104,monthly,403766,792911,498739,393514,276474,2018-05-01
Oxford,http://landregistry.data.gov.uk/id/region/oxford,E07000178,2018-06,110,monthly,411100,808227,508859,399832,281435,2018-06-01
Oxford,http://landregistry.data.gov.uk/id/region/oxford,E07000178,2018-07,129,monthly,414056,817028,512373,402661,283253,2018-07-01
Oxford,http://landregistry.data.gov.uk/id/region/oxford,E07000178,2018-08,143,monthly,424210,837727,525131,412654,289886,2018-08-01
Oxford,http://landregistry.data.gov.uk/id/region/oxford,E07000178,2018-09,109,monthly,426221,843409,527267,415662,290342,2018-09-01
Oxford,http://landregistry.data.gov.uk/id/region/oxford,E07000178,2018-10,116,monthly,421721,834747,522241,410975,287158,2018-10-01
Oxford,http://landregistry.data.gov.uk/id/region/oxford,E07000178,2018-11,111,monthly,405946,806535,503314,395299,275942,2018-11-01
Oxford,http://landregistry.data.gov.uk/id/region/oxford,E07000178,2018-12,119,monthly,403617,801124,501018,391734,275235,2018-12-01
Oxford,http://landregistry.data.gov.uk/id/region/oxford,E07000178,2019-01,93,monthly,409640,814344,508842,397524,279016,2019-01-01
Oxford,http://landregistry.data.gov.uk/id/region/oxford,E07000178,2019-02,78,monthly,410400,815005,509719,397969,279947,2019-02-01
Oxford,http://landregistry.data.gov.uk/id/region/oxford,E07000178,2019-03,87,monthly,408538,810986,507776,397151,277574,2019-03-01
Oxford,http://landregistry.data.gov.uk/id/region/oxford,E07000178,2019-04,86,monthly,399164,790238,495827,389050,270771,2019-04-01
Oxford,http://landregistry.data.gov.uk/id/region/oxford,E07000178,2019-05,91,monthly,401049,791658,498389,392100,271101,2019-05-01
Oxford,http://landregistry.data.gov.uk/id/region/oxford,E07000178,2019-06,103,monthly,389560,767131,483847,381021,263591,2019-06-01
Oxford,http://landregistry.data.gov.uk/id/region/oxford,E07000178,2019-07,129,monthly,398548,783125,495072,389919,269729,2019-07-01
Oxford,http://landregistry.data.gov.uk/id/region/oxford,E07000178,2019-08,116,monthly,407528,800920,506277,399140,275382,2019-08-01
Oxford,http://landregistry.data.gov.uk/id/region/oxford,E07000178,2019-09,108,monthly,417029,821436,517198,409180,281571,2019-09-01
Oxford,http://landregistry.data.gov.uk/id/region/oxford,E07000178,2019-10,112,monthly,414692,818847,515608,406057,279587,2019-10-01
Oxford,http://landregistry.data.gov.uk/id/region/oxford,E07000178,2019-11,119,monthly,420156,832423,523428,410614,282940,2019-11-01
Oxford,http://landregistry.data.gov.uk/id/region/oxford,E07000178,2019-12,93,monthly,420579,835243,525162,410402,282709,2019-12-01
Oxford,http://landregistry.data.gov.uk/id/region/oxford,E07000178,2020-01,92,monthly,428294,850038,534966,418724,287156,2020-01-01
Oxford,http://landregistry.data.gov.uk/id/region/oxford,E07000178,2020-02,82,monthly,406934,809140,508623,398144,272115,2020-02-01
Oxford,http://landregistry.data.gov.uk/id/region/oxford,E07000178,2020-03,80,monthly,404562,805216,506373,395873,269898,2020-03-01
Oxford,http://landregistry.data.gov.uk/id/region/oxford,E07000178,2020-04,44,monthly,392767,789136,491915,385289,260017,2020-04-01
Oxford,http://landregistry.data.gov.uk/id/region/oxford,E07000178,2020-05,41,monthly,392528,789405,491864,384647,259956,2020-05-01
Oxford,http://landregistry.data.gov.uk/id/region/oxford,E07000178,2020-06,67,monthly,390733,784023,490207,383943,257613,2020-06-01
Oxford,http://landregistry.data.gov.uk/id/region/oxford,E07000178,2020-07,92,monthly,398891,793851,499932,391738,264372,2020-07-01
Oxford,http://landregistry.data.gov.uk/id/region/oxford,E07000178,2020-08,97,monthly,424223,843916,531999,418015,279719,2020-08-01
Oxford,http://landregistry.data.gov.uk/id/region/oxford,E07000178,2020-09,115,monthly,428481,855675,537382,422237,282056,2020-09-01
Oxford,http://landregistry.data.gov.uk/id/region/oxford,E07000178,2020-10,127,monthly,433729,868954,544651,428080,284071,2020-10-01
Oxford,http://landregistry.data.gov.uk/id/region/oxford,E07000178,2020-11,130,monthly,429723,861405,539289,424474,281312,2020-11-01
Oxford,http://landregistry.data.gov.uk/id/region/oxford,E07000178,2020-12,115,monthly,437611,876755,549042,432872,286100,2020-12-01
Oxford,http://landregistry.data.gov.uk/id/region/oxford,E07000178,2021-01,122,monthly,428189,852217,536138,423454,281515,2021-01-01
Oxford,http://landregistry.data.gov.uk/id/region/oxford,E07000178,2021-02,156,monthly,423645,835644,529282,419045,280258,2021-02-01
Oxford,http://landregistry.data.gov.uk/id/region/oxford,E07000178,2021-03,235,monthly,422436,824548,526049,418042,281713,2021-03-01
Oxford,http://landregistry.data.gov.uk/id/region/oxford,E07000178,2021-04,121,monthly,426655,833881,530800,422333,284580,2021-04-01
Oxford,http://landregistry.data.gov.uk/id/region/oxford,E07000178,2021-05,115,monthly,431604,846219,537073,427100,287485,2021-05-01
Oxford,http://landregistry.data.gov.uk/id/region/oxford,E07000178,2021-06,366,monthly,437005,856494,543095,433524,290561,2021-06-01
Oxford,http://landregistry.data.gov.uk/id/region/oxford,E07000178,2021-07,55,monthly,433310,858098,538995,429046,287130,2021-07-01
Oxford,http://landregistry.data.gov.uk/id/region/oxford,E07000178,2021-08,104,monthly,427694,855544,533693,422749,281597,2021-08-01
Oxford,http://landregistry.data.gov.uk/id/region/oxford,E07000178,2021-09,205,monthly,430544,868796,538978,424498,282068,2021-09-01
Oxford,http://landregistry.data.gov.uk/id/region/oxford,E07000178,2021-10,85,monthly,439219,889020,551895,432022,286937,2021-10-01
Oxford,http://landregistry.data.gov.uk/id/region/oxford,E07000178,2021-11,111,monthly,434016,879401,545693,426678,283388,2021-11-01
Oxford,http://landregistry.data.gov.uk/id/region/oxford,E07000178,2021-12,115,monthly,419815,854598,529058,412123,273229,2021-12-01
Oxford,http://landregistry.data.gov.uk/id/region/oxford,E07000178,2022-01,88,monthly,438899,889845,553664,432169,284567,2022-01-01
Oxford,http://landregistry.data.gov.uk/id/region/oxford,E07000178,2022-02,89,monthly,444330,898582,560578,437796,288266,2022-02-01
Oxford,http://landregistry.data.gov.uk/id/region/oxford,E07000178,2022-03,122,monthly,455371,923338,575907,448035,294757,2022-03-01
Oxford,http://landregistry.data.gov.uk/id/region/oxford,E07000178,2022-04,137,monthly,444722,900211,561648,438082,288133,2022-04-01
Oxford,http://landregistry.data.gov.uk/id/region/oxford,E07000178,2022-05,109,monthly,449448,909034,568183,443344,290105,2022-05-01
Oxford,http://landregistry.data.gov.uk/id/region/oxford,E07000178,2022-06,107,monthly,452658,912988,571556,447312,292180,2022-06-01
Oxford,http://landregistry.data.gov.uk/id/region/oxford,E07000178,2022-07,132,monthly,458774,923156,579998,454544,294456,2022-07-01
Oxford,http://landregistry.data.gov.uk/id/region/oxford,E07000178,2022-08,143,monthly,466007,935924,589198,463095,297684,2022-08-01
Oxford,http://landregistry.data.gov.uk/id/region/oxford,E07000178,2022-09,134,monthly,475324,955052,601344,473450,301943,2022-09-01
Oxford,http://landregistry.data.gov.uk/id/region/oxford,E07000178,2022-10,132,monthly,473666,953846,599585,471361,300793,2022-10-01
Oxford,http://landregistry.data.gov.uk/id/region/oxford,E07000178,2022-11,112,monthly,467799,944841,592720,464918,296874,2022-11-01
Oxford,http://landregistry.data.gov.uk/id/region/oxford,E07000178,2022-12,125,monthly,456593,921586,578970,453452,289891,2022-12-01
Oxford,http://landregistry.data.gov.uk/id/region/oxford,E07000178,2023-01,77,monthly,444545,898090,564206,440877,282421,2023-01-01
Oxford,http://landregistry.data.gov.uk/id/region/oxford,E07000178,2023-02,70,monthly,452911,916886,574947,448829,287920,2023-02-01
Oxford,http://landregistry.data.gov.uk/id/region/oxford,E07000178,2023-03,95,monthly,456617,930367,580757,451049,290198,2023-03-01
Oxford,http://landregistry.data.gov.uk/id/region/oxford,E07000178,2023-04,88,monthly,455552,929576,579228,449611,289769,2023-04-01
Oxford,http://landregistry.data.gov.uk/id/region/oxford,E07000178,2023-05,74,monthly,443566,903243,563516,437376,282979,2023-05-01
Oxford,http://landregistry.data.gov.uk/id/region/oxford,E07000178,2023-06,93,monthly,441181,895538,558924,436453,281478,2023-06-01
Oxford,http://landregistry.data.gov.uk/id/region/oxford,E07000178,2023-07,120,monthly,463386,937358,587349,459937,294629,2023-07-01
Oxford,http://landregistry.data.gov.uk/id/region/oxford,E07000178,2023-08,108,monthly,477694,967617,606364,475704,301782,2023-08-01
Oxford,http://landregistry.data.gov.uk/id/region/oxford,E07000178,2023-09,77,monthly,482834,978409,613698,481701,303814,2023-09-01
Oxford,http://landregistry.data.gov.uk/id/region/oxford,E07000178,2023-10,105,monthly,472136,957278,600610,470898,296844,2023-10-01
Oxford,http://landregistry.data.gov.uk/id/region/oxford,E07000178,2023-11,80,monthly,459939,934924,585737,457214,289783,2023-11-01
Oxford,http://landregistry.data.gov.uk/id/region/oxford,E07000178,2023-12,66,monthly,450070,912908,574134,446455,284061,2023-12-01
Oxford,http://landregistry.data.gov.uk/id/region/oxford,E07000178,2024-01,70,monthly,442686,898889,564697,439760,278775,2024-01-01
Oxford,http://landregistry.data.gov.uk/id/region/oxford,E07000178,2024-02,37,monthly,447228,906250,570676,445381,280720,2024-02-01
Oxford,http://landregistry.data.gov.uk/id/region/oxford,E07000178,2024-03,,monthly,447063,907846,569955,444839,281099,2024-03-01
Oxford,http://landregistry.data.gov.uk/id/region/oxford,E07000178,2024-04,,monthly,446424,902936,570148,443518,281067,2024-04-01
