"Name","URI","Region GSS code","Period","Sales volume","Reporting period","Average price All property types","Average price Detached houses","Average price Semi-detached houses","Average price Terraced houses","Average price Flats and maisonettes","Pivotable date"
Reading,http://landregistry.data.gov.uk/id/region/reading,E06000038,2004-01,301,monthly,161621,324056,194840,152717,132167,2004-01-01
Reading,http://landregistry.data.gov.uk/id/region/reading,E06000038,2004-02,272,monthly,162420,324096,195395,153519,133217,2004-02-01
Reading,http://landregistry.data.gov.uk/id/region/reading,E06000038,2004-03,301,monthly,163496,326078,196356,154721,134029,2004-03-01
Reading,http://landregistry.data.gov.uk/id/region/reading,E06000038,2004-04,366,monthly,165431,326302,198580,157325,135310,2004-04-01
Reading,http://landregistry.data.gov.uk/id/region/reading,E06000038,2004-05,358,monthly,168691,329502,202202,161023,137912,2004-05-01
Reading,http://landregistry.data.gov.uk/id/region/reading,E06000038,2004-06,394,monthly,171737,332774,205779,164101,140577,2004-06-01
Reading,http://landregistry.data.gov.uk/id/region/reading,E06000038,2004-07,455,monthly,171989,333268,206483,164477,140427,2004-07-01
Reading,http://landregistry.data.gov.uk/id/region/reading,E06000038,2004-08,359,monthly,173271,336874,208291,165853,141053,2004-08-01
Reading,http://landregistry.data.gov.uk/id/region/reading,E06000038,2004-09,364,monthly,175890,343953,211930,168439,142605,2004-09-01
Reading,http://landregistry.data.gov.uk/id/region/reading,E06000038,2004-10,331,monthly,178279,347664,214047,170405,145388,2004-10-01
Reading,http://landregistry.data.gov.uk/id/region/reading,E06000038,2004-11,320,monthly,180141,350763,215977,171885,147430,2004-11-01
Reading,http://landregistry.data.gov.uk/id/region/reading,E06000038,2004-12,307,monthly,178645,345372,213518,170450,146870,2004-12-01
Reading,http://landregistry.data.gov.uk/id/region/reading,E06000038,2005-01,200,monthly,175400,338968,209156,167412,144434,2005-01-01
Reading,http://landregistry.data.gov.uk/id/region/reading,E06000038,2005-02,219,monthly,174893,337272,208654,166834,144163,2005-02-01
Reading,http://landregistry.data.gov.uk/id/region/reading,E06000038,2005-03,219,monthly,174755,337389,208850,166683,143833,2005-03-01
Reading,http://landregistry.data.gov.uk/id/region/reading,E06000038,2005-04,300,monthly,177526,340908,212680,169562,145761,2005-04-01
Reading,http://landregistry.data.gov.uk/id/region/reading,E06000038,2005-05,304,monthly,176268,338163,211002,168649,144525,2005-05-01
Reading,http://landregistry.data.gov.uk/id/region/reading,E06000038,2005-06,326,monthly,178691,341096,213720,171376,146376,2005-06-01
Reading,http://landregistry.data.gov.uk/id/region/reading,E06000038,2005-07,288,monthly,180970,346591,216807,173586,147814,2005-07-01
Reading,http://landregistry.data.gov.uk/id/region/reading,E06000038,2005-08,323,monthly,182802,350644,219048,175613,148867,2005-08-01
Reading,http://landregistry.data.gov.uk/id/region/reading,E06000038,2005-09,297,monthly,181781,350579,218007,174578,147702,2005-09-01
Reading,http://landregistry.data.gov.uk/id/region/reading,E06000038,2005-10,301,monthly,178498,343833,213450,171316,145624,2005-10-01
Reading,http://landregistry.data.gov.uk/id/region/reading,E06000038,2005-11,297,monthly,179585,345302,214885,172159,146764,2005-11-01
Reading,http://landregistry.data.gov.uk/id/region/reading,E06000038,2005-12,292,monthly,179395,342650,214123,171945,147338,2005-12-01
Reading,http://landregistry.data.gov.uk/id/region/reading,E06000038,2006-01,246,monthly,179913,343701,214647,172879,147274,2006-01-01
Reading,http://landregistry.data.gov.uk/id/region/reading,E06000038,2006-02,268,monthly,177363,337702,211177,170564,145481,2006-02-01
Reading,http://landregistry.data.gov.uk/id/region/reading,E06000038,2006-03,330,monthly,176837,338215,211002,170227,144322,2006-03-01
Reading,http://landregistry.data.gov.uk/id/region/reading,E06000038,2006-04,284,monthly,179806,342724,214791,173103,146739,2006-04-01
Reading,http://landregistry.data.gov.uk/id/region/reading,E06000038,2006-05,280,monthly,180797,344897,216292,174042,147309,2006-05-01
Reading,http://landregistry.data.gov.uk/id/region/reading,E06000038,2006-06,370,monthly,183877,349203,219949,177218,149815,2006-06-01
Reading,http://landregistry.data.gov.uk/id/region/reading,E06000038,2006-07,342,monthly,185637,352942,222053,179194,150836,2006-07-01
Reading,http://landregistry.data.gov.uk/id/region/reading,E06000038,2006-08,381,monthly,188877,359360,225809,182833,152863,2006-08-01
Reading,http://landregistry.data.gov.uk/id/region/reading,E06000038,2006-09,449,monthly,192067,367203,229810,185915,155052,2006-09-01
Reading,http://landregistry.data.gov.uk/id/region/reading,E06000038,2006-10,384,monthly,194360,371644,232351,188090,157083,2006-10-01
Reading,http://landregistry.data.gov.uk/id/region/reading,E06000038,2006-11,372,monthly,196591,376021,235302,190113,158852,2006-11-01
Reading,http://landregistry.data.gov.uk/id/region/reading,E06000038,2006-12,379,monthly,196449,373673,234757,190204,159022,2006-12-01
Reading,http://landregistry.data.gov.uk/id/region/reading,E06000038,2007-01,319,monthly,197335,376055,236073,190996,159543,2007-01-01
Reading,http://landregistry.data.gov.uk/id/region/reading,E06000038,2007-02,259,monthly,200706,382067,239780,194007,162739,2007-02-01
Reading,http://landregistry.data.gov.uk/id/region/reading,E06000038,2007-03,353,monthly,203643,388632,243521,196986,164679,2007-03-01
Reading,http://landregistry.data.gov.uk/id/region/reading,E06000038,2007-04,335,monthly,204850,389193,244562,198584,165705,2007-04-01
Reading,http://landregistry.data.gov.uk/id/region/reading,E06000038,2007-05,337,monthly,204439,387103,243848,198598,165279,2007-05-01
Reading,http://landregistry.data.gov.uk/id/region/reading,E06000038,2007-06,397,monthly,207285,391973,246998,201525,167633,2007-06-01
Reading,http://landregistry.data.gov.uk/id/region/reading,E06000038,2007-07,391,monthly,210674,400314,251372,204781,169953,2007-07-01
Reading,http://landregistry.data.gov.uk/id/region/reading,E06000038,2007-08,375,monthly,212541,405985,253981,207008,170553,2007-08-01
Reading,http://landregistry.data.gov.uk/id/region/reading,E06000038,2007-09,297,monthly,212228,407221,253777,206446,170199,2007-09-01
Reading,http://landregistry.data.gov.uk/id/region/reading,E06000038,2007-10,313,monthly,213649,410059,254848,207738,171763,2007-10-01
Reading,http://landregistry.data.gov.uk/id/region/reading,E06000038,2007-11,295,monthly,216040,415272,257638,209504,174176,2007-11-01
Reading,http://landregistry.data.gov.uk/id/region/reading,E06000038,2007-12,246,monthly,216724,415674,258282,210212,174906,2007-12-01
Reading,http://landregistry.data.gov.uk/id/region/reading,E06000038,2008-01,228,monthly,215958,415612,257759,209121,174213,2008-01-01
Reading,http://landregistry.data.gov.uk/id/region/reading,E06000038,2008-02,217,monthly,212315,408935,253605,205579,171129,2008-02-01
Reading,http://landregistry.data.gov.uk/id/region/reading,E06000038,2008-03,191,monthly,209830,405421,251276,203277,168439,2008-03-01
Reading,http://landregistry.data.gov.uk/id/region/reading,E06000038,2008-04,238,monthly,205776,397685,246567,199848,164545,2008-04-01
Reading,http://landregistry.data.gov.uk/id/region/reading,E06000038,2008-05,205,monthly,204722,394995,245476,199115,163381,2008-05-01
Reading,http://landregistry.data.gov.uk/id/region/reading,E06000038,2008-06,203,monthly,203217,392084,243600,197721,162150,2008-06-01
Reading,http://landregistry.data.gov.uk/id/region/reading,E06000038,2008-07,136,monthly,202380,390437,242987,196650,161523,2008-07-01
Reading,http://landregistry.data.gov.uk/id/region/reading,E06000038,2008-08,160,monthly,199268,385691,239074,193576,159011,2008-08-01
Reading,http://landregistry.data.gov.uk/id/region/reading,E06000038,2008-09,136,monthly,197059,384494,236168,191280,157107,2008-09-01
Reading,http://landregistry.data.gov.uk/id/region/reading,E06000038,2008-10,146,monthly,189940,371007,227256,184261,151720,2008-10-01
Reading,http://landregistry.data.gov.uk/id/region/reading,E06000038,2008-11,94,monthly,183775,359456,220049,178124,146787,2008-11-01
Reading,http://landregistry.data.gov.uk/id/region/reading,E06000038,2008-12,134,monthly,180035,350065,215739,174790,143697,2008-12-01
Reading,http://landregistry.data.gov.uk/id/region/reading,E06000038,2009-01,86,monthly,176087,343800,210879,170716,140676,2009-01-01
Reading,http://landregistry.data.gov.uk/id/region/reading,E06000038,2009-02,93,monthly,179700,350777,214928,173684,144385,2009-02-01
Reading,http://landregistry.data.gov.uk/id/region/reading,E06000038,2009-03,138,monthly,177688,347051,211990,171203,143724,2009-03-01
Reading,http://landregistry.data.gov.uk/id/region/reading,E06000038,2009-04,143,monthly,178822,346756,213697,172567,144612,2009-04-01
Reading,http://landregistry.data.gov.uk/id/region/reading,E06000038,2009-05,147,monthly,177707,343155,212670,172408,142822,2009-05-01
Reading,http://landregistry.data.gov.uk/id/region/reading,E06000038,2009-06,217,monthly,177084,341777,212587,172586,141133,2009-06-01
Reading,http://landregistry.data.gov.uk/id/region/reading,E06000038,2009-07,217,monthly,180827,350659,217658,176862,142806,2009-07-01
Reading,http://landregistry.data.gov.uk/id/region/reading,E06000038,2009-08,199,monthly,183011,356584,220651,179474,143509,2009-08-01
Reading,http://landregistry.data.gov.uk/id/region/reading,E06000038,2009-09,237,monthly,184185,359873,222326,180650,144065,2009-09-01
Reading,http://landregistry.data.gov.uk/id/region/reading,E06000038,2009-10,230,monthly,184546,360851,223041,180945,144191,2009-10-01
Reading,http://landregistry.data.gov.uk/id/region/reading,E06000038,2009-11,190,monthly,183857,360128,222273,180493,143278,2009-11-01
Reading,http://landregistry.data.gov.uk/id/region/reading,E06000038,2009-12,298,monthly,186418,363344,226017,183579,144647,2009-12-01
Reading,http://landregistry.data.gov.uk/id/region/reading,E06000038,2010-01,109,monthly,189031,370692,229597,186862,145330,2010-01-01
Reading,http://landregistry.data.gov.uk/id/region/reading,E06000038,2010-02,140,monthly,190649,374406,232476,188733,145693,2010-02-01
Reading,http://landregistry.data.gov.uk/id/region/reading,E06000038,2010-03,152,monthly,191430,379258,233275,189156,146207,2010-03-01
Reading,http://landregistry.data.gov.uk/id/region/reading,E06000038,2010-04,187,monthly,190572,376051,232342,188078,146007,2010-04-01
Reading,http://landregistry.data.gov.uk/id/region/reading,E06000038,2010-05,140,monthly,192076,378985,233913,189279,147641,2010-05-01
Reading,http://landregistry.data.gov.uk/id/region/reading,E06000038,2010-06,200,monthly,194962,383702,237592,192633,149401,2010-06-01
Reading,http://landregistry.data.gov.uk/id/region/reading,E06000038,2010-07,206,monthly,197473,390412,240720,195383,150662,2010-07-01
Reading,http://landregistry.data.gov.uk/id/region/reading,E06000038,2010-08,204,monthly,197078,391468,240926,195094,149435,2010-08-01
Reading,http://landregistry.data.gov.uk/id/region/reading,E06000038,2010-09,200,monthly,197420,394867,241585,195150,149298,2010-09-01
Reading,http://landregistry.data.gov.uk/id/region/reading,E06000038,2010-10,187,monthly,196348,392988,240335,193898,148597,2010-10-01
Reading,http://landregistry.data.gov.uk/id/region/reading,E06000038,2010-11,164,monthly,196588,394191,240298,193735,149280,2010-11-01
Reading,http://landregistry.data.gov.uk/id/region/reading,E06000038,2010-12,158,monthly,194900,390234,238488,191902,148116,2010-12-01
Reading,http://landregistry.data.gov.uk/id/region/reading,E06000038,2011-01,132,monthly,195760,393224,239502,192474,148840,2011-01-01
Reading,http://landregistry.data.gov.uk/id/region/reading,E06000038,2011-02,119,monthly,193517,389563,236574,190528,146822,2011-02-01
Reading,http://landregistry.data.gov.uk/id/region/reading,E06000038,2011-03,146,monthly,194238,393623,237260,190971,147307,2011-03-01
Reading,http://landregistry.data.gov.uk/id/region/reading,E06000038,2011-04,152,monthly,193267,391099,235985,190129,146599,2011-04-01
Reading,http://landregistry.data.gov.uk/id/region/reading,E06000038,2011-05,137,monthly,192531,387171,234968,189193,146718,2011-05-01
Reading,http://landregistry.data.gov.uk/id/region/reading,E06000038,2011-06,164,monthly,190934,380095,233098,188131,145533,2011-06-01
Reading,http://landregistry.data.gov.uk/id/region/reading,E06000038,2011-07,259,monthly,192547,382258,234946,189694,147031,2011-07-01
Reading,http://landregistry.data.gov.uk/id/region/reading,E06000038,2011-08,200,monthly,194221,387504,237749,191728,147122,2011-08-01
Reading,http://landregistry.data.gov.uk/id/region/reading,E06000038,2011-09,185,monthly,195450,392484,239465,192978,147485,2011-09-01
Reading,http://landregistry.data.gov.uk/id/region/reading,E06000038,2011-10,169,monthly,193419,390116,237780,190926,145222,2011-10-01
Reading,http://landregistry.data.gov.uk/id/region/reading,E06000038,2011-11,161,monthly,195922,394823,240516,193105,147670,2011-11-01
Reading,http://landregistry.data.gov.uk/id/region/reading,E06000038,2011-12,199,monthly,195568,392446,240334,192545,147713,2011-12-01
Reading,http://landregistry.data.gov.uk/id/region/reading,E06000038,2012-01,157,monthly,196957,394217,242153,194207,148549,2012-01-01
Reading,http://landregistry.data.gov.uk/id/region/reading,E06000038,2012-02,141,monthly,194283,389423,239200,191777,146022,2012-02-01
Reading,http://landregistry.data.gov.uk/id/region/reading,E06000038,2012-03,244,monthly,197067,393603,242369,194754,148285,2012-03-01
Reading,http://landregistry.data.gov.uk/id/region/reading,E06000038,2012-04,102,monthly,197238,393464,242167,194793,148892,2012-04-01
Reading,http://landregistry.data.gov.uk/id/region/reading,E06000038,2012-05,149,monthly,199719,396770,244945,197380,151048,2012-05-01
Reading,http://landregistry.data.gov.uk/id/region/reading,E06000038,2012-06,146,monthly,199405,396228,244383,197650,150166,2012-06-01
Reading,http://landregistry.data.gov.uk/id/region/reading,E06000038,2012-07,186,monthly,202019,401823,247515,200484,151788,2012-07-01
Reading,http://landregistry.data.gov.uk/id/region/reading,E06000038,2012-08,222,monthly,202893,404082,248887,201668,151787,2012-08-01
Reading,http://landregistry.data.gov.uk/id/region/reading,E06000038,2012-09,168,monthly,202807,405546,248715,201414,151653,2012-09-01
Reading,http://landregistry.data.gov.uk/id/region/reading,E06000038,2012-10,214,monthly,201744,402434,247561,200516,150769,2012-10-01
Reading,http://landregistry.data.gov.uk/id/region/reading,E06000038,2012-11,198,monthly,200791,400582,246244,199486,150231,2012-11-01
Reading,http://landregistry.data.gov.uk/id/region/reading,E06000038,2012-12,204,monthly,202174,403576,248515,200667,151152,2012-12-01
Reading,http://landregistry.data.gov.uk/id/region/reading,E06000038,2013-01,167,monthly,202705,405949,249791,201109,151075,2013-01-01
Reading,http://landregistry.data.gov.uk/id/region/reading,E06000038,2013-02,164,monthly,203790,408622,251234,202152,151743,2013-02-01
Reading,http://landregistry.data.gov.uk/id/region/reading,E06000038,2013-03,182,monthly,203108,408219,250113,201114,151593,2013-03-01
Reading,http://landregistry.data.gov.uk/id/region/reading,E06000038,2013-04,185,monthly,205542,412418,252448,203659,153694,2013-04-01
Reading,http://landregistry.data.gov.uk/id/region/reading,E06000038,2013-05,220,monthly,205597,411590,252541,203716,153857,2013-05-01
Reading,http://landregistry.data.gov.uk/id/region/reading,E06000038,2013-06,240,monthly,207440,413550,254982,206111,154785,2013-06-01
Reading,http://landregistry.data.gov.uk/id/region/reading,E06000038,2013-07,239,monthly,207255,412937,254729,206116,154493,2013-07-01
Reading,http://landregistry.data.gov.uk/id/region/reading,E06000038,2013-08,297,monthly,212164,423235,261113,211118,157771,2013-08-01
Reading,http://landregistry.data.gov.uk/id/region/reading,E06000038,2013-09,267,monthly,212736,426425,261722,211519,158124,2013-09-01
Reading,http://landregistry.data.gov.uk/id/region/reading,E06000038,2013-10,253,monthly,212832,428270,262294,211226,158151,2013-10-01
Reading,http://landregistry.data.gov.uk/id/region/reading,E06000038,2013-11,262,monthly,211231,425081,260069,209681,157031,2013-11-01
Reading,http://landregistry.data.gov.uk/id/region/reading,E06000038,2013-12,261,monthly,212234,424305,261412,210776,158028,2013-12-01
Reading,http://landregistry.data.gov.uk/id/region/reading,E06000038,2014-01,252,monthly,215642,430450,265509,214137,160738,2014-01-01
Reading,http://landregistry.data.gov.uk/id/region/reading,E06000038,2014-02,183,monthly,218100,435728,268778,216400,162625,2014-02-01
Reading,http://landregistry.data.gov.uk/id/region/reading,E06000038,2014-03,196,monthly,220503,441062,272004,218619,164360,2014-03-01
Reading,http://landregistry.data.gov.uk/id/region/reading,E06000038,2014-04,221,monthly,223542,445770,275712,221837,166610,2014-04-01
Reading,http://landregistry.data.gov.uk/id/region/reading,E06000038,2014-05,240,monthly,226845,450439,279618,225517,168992,2014-05-01
Reading,http://landregistry.data.gov.uk/id/region/reading,E06000038,2014-06,251,monthly,230977,458544,284908,229927,171752,2014-06-01
Reading,http://landregistry.data.gov.uk/id/region/reading,E06000038,2014-07,262,monthly,234540,466346,289707,233825,173880,2014-07-01
Reading,http://landregistry.data.gov.uk/id/region/reading,E06000038,2014-08,313,monthly,238909,477082,295635,238247,176656,2014-08-01
Reading,http://landregistry.data.gov.uk/id/region/reading,E06000038,2014-09,257,monthly,238343,477104,294798,237686,176157,2014-09-01
Reading,http://landregistry.data.gov.uk/id/region/reading,E06000038,2014-10,282,monthly,240323,481484,297340,239348,177813,2014-10-01
Reading,http://landregistry.data.gov.uk/id/region/reading,E06000038,2014-11,237,monthly,241086,482904,298075,239767,178753,2014-11-01
Reading,http://landregistry.data.gov.uk/id/region/reading,E06000038,2014-12,276,monthly,246245,493063,304382,244547,182923,2014-12-01
Reading,http://landregistry.data.gov.uk/id/region/reading,E06000038,2015-01,195,monthly,247957,496215,306442,245988,184468,2015-01-01
Reading,http://landregistry.data.gov.uk/id/region/reading,E06000038,2015-02,228,monthly,247781,495989,305937,245461,184731,2015-02-01
Reading,http://landregistry.data.gov.uk/id/region/reading,E06000038,2015-03,239,monthly,246802,494781,305027,244184,184086,2015-03-01
Reading,http://landregistry.data.gov.uk/id/region/reading,E06000038,2015-04,250,monthly,247411,496138,305558,245137,184293,2015-04-01
Reading,http://landregistry.data.gov.uk/id/region/reading,E06000038,2015-05,305,monthly,250664,501871,310029,248432,186573,2015-05-01
Reading,http://landregistry.data.gov.uk/id/region/reading,E06000038,2015-06,254,monthly,257891,515660,319366,256440,191139,2015-06-01
Reading,http://landregistry.data.gov.uk/id/region/reading,E06000038,2015-07,285,monthly,259675,519006,322113,258198,192312,2015-07-01
Reading,http://landregistry.data.gov.uk/id/region/reading,E06000038,2015-08,288,monthly,263970,528203,327512,263139,194822,2015-08-01
Reading,http://landregistry.data.gov.uk/id/region/reading,E06000038,2015-09,259,monthly,265886,534604,329610,264648,196431,2015-09-01
Reading,http://landregistry.data.gov.uk/id/region/reading,E06000038,2015-10,281,monthly,273094,550486,338702,272021,201395,2015-10-01
Reading,http://landregistry.data.gov.uk/id/region/reading,E06000038,2015-11,243,monthly,277964,561154,345041,276598,205040,2015-11-01
Reading,http://landregistry.data.gov.uk/id/region/reading,E06000038,2015-12,227,monthly,282024,569059,350662,280428,208048,2015-12-01
Reading,http://landregistry.data.gov.uk/id/region/reading,E06000038,2016-01,188,monthly,284850,574568,354922,282797,210282,2016-01-01
Reading,http://landregistry.data.gov.uk/id/region/reading,E06000038,2016-02,225,monthly,289111,583884,360751,286710,213457,2016-02-01
Reading,http://landregistry.data.gov.uk/id/region/reading,E06000038,2016-03,461,monthly,294153,594833,366772,291731,217180,2016-03-01
Reading,http://landregistry.data.gov.uk/id/region/reading,E06000038,2016-04,194,monthly,298230,600914,371075,295927,220535,2016-04-01
Reading,http://landregistry.data.gov.uk/id/region/reading,E06000038,2016-05,155,monthly,298329,596132,369593,295912,221752,2016-05-01
Reading,http://landregistry.data.gov.uk/id/region/reading,E06000038,2016-06,261,monthly,297137,590977,367615,294638,221389,2016-06-01
Reading,http://landregistry.data.gov.uk/id/region/reading,E06000038,2016-07,291,monthly,303390,603985,375153,300921,225988,2016-07-01
Reading,http://landregistry.data.gov.uk/id/region/reading,E06000038,2016-08,255,monthly,308503,617048,381774,306129,229284,2016-08-01
Reading,http://landregistry.data.gov.uk/id/region/reading,E06000038,2016-09,213,monthly,312036,624783,386599,309550,231763,2016-09-01
Reading,http://landregistry.data.gov.uk/id/region/reading,E06000038,2016-10,201,monthly,304771,612067,377712,301327,227047,2016-10-01
Reading,http://landregistry.data.gov.uk/id/region/reading,E06000038,2016-11,184,monthly,299759,604375,371885,295539,223685,2016-11-01
Reading,http://landregistry.data.gov.uk/id/region/reading,E06000038,2016-12,214,monthly,295429,596015,365939,290686,221136,2016-12-01
Reading,http://landregistry.data.gov.uk/id/region/reading,E06000038,2017-01,194,monthly,297733,599872,368215,293322,222810,2017-01-01
Reading,http://landregistry.data.gov.uk/id/region/reading,E06000038,2017-02,195,monthly,301373,604017,371272,296782,226211,2017-02-01
Reading,http://landregistry.data.gov.uk/id/region/reading,E06000038,2017-03,222,monthly,305014,610914,375621,300250,229026,2017-03-01
Reading,http://landregistry.data.gov.uk/id/region/reading,E06000038,2017-04,164,monthly,303420,607199,373309,298485,228095,2017-04-01
Reading,http://landregistry.data.gov.uk/id/region/reading,E06000038,2017-05,171,monthly,306428,611708,377845,301364,230274,2017-05-01
Reading,http://landregistry.data.gov.uk/id/region/reading,E06000038,2017-06,239,monthly,307120,610551,378297,302382,230856,2017-06-01
Reading,http://landregistry.data.gov.uk/id/region/reading,E06000038,2017-07,216,monthly,309919,614628,381949,304958,233123,2017-07-01
Reading,http://landregistry.data.gov.uk/id/region/reading,E06000038,2017-08,236,monthly,312875,621963,385772,308630,234682,2017-08-01
Reading,http://landregistry.data.gov.uk/id/region/reading,E06000038,2017-09,205,monthly,314780,628453,388829,310570,235684,2017-09-01
Reading,http://landregistry.data.gov.uk/id/region/reading,E06000038,2017-10,226,monthly,316449,634020,391730,312068,236643,2017-10-01
Reading,http://landregistry.data.gov.uk/id/region/reading,E06000038,2017-11,256,monthly,311371,625146,386080,306636,232860,2017-11-01
Reading,http://landregistry.data.gov.uk/id/region/reading,E06000038,2017-12,197,monthly,310239,622034,385299,305730,231756,2017-12-01
Reading,http://landregistry.data.gov.uk/id/region/reading,E06000038,2018-01,170,monthly,304286,609208,377807,300044,227275,2018-01-01
Reading,http://landregistry.data.gov.uk/id/region/reading,E06000038,2018-02,180,monthly,303502,607672,376545,299331,226747,2018-02-01
Reading,http://landregistry.data.gov.uk/id/region/reading,E06000038,2018-03,178,monthly,301684,604402,374187,297528,225393,2018-03-01
Reading,http://landregistry.data.gov.uk/id/region/reading,E06000038,2018-04,155,monthly,305322,612100,379388,301891,227335,2018-04-01
Reading,http://landregistry.data.gov.uk/id/region/reading,E06000038,2018-05,179,monthly,306667,615845,382362,303765,227449,2018-05-01
Reading,http://landregistry.data.gov.uk/id/region/reading,E06000038,2018-06,223,monthly,303127,609039,378954,300341,224409,2018-06-01
Reading,http://landregistry.data.gov.uk/id/region/reading,E06000038,2018-07,211,monthly,303309,610998,379241,300515,224383,2018-07-01
Reading,http://landregistry.data.gov.uk/id/region/reading,E06000038,2018-08,266,monthly,300802,605417,375753,298409,222446,2018-08-01
Reading,http://landregistry.data.gov.uk/id/region/reading,E06000038,2018-09,215,monthly,303337,611753,378777,301248,224046,2018-09-01
Reading,http://landregistry.data.gov.uk/id/region/reading,E06000038,2018-10,195,monthly,303157,611308,378566,300762,224116,2018-10-01
Reading,http://landregistry.data.gov.uk/id/region/reading,E06000038,2018-11,194,monthly,300920,609428,376753,298627,221851,2018-11-01
Reading,http://landregistry.data.gov.uk/id/region/reading,E06000038,2018-12,189,monthly,300690,608310,376831,297903,221943,2018-12-01
Reading,http://landregistry.data.gov.uk/id/region/reading,E06000038,2019-01,160,monthly,298742,606089,375094,296091,220043,2019-01-01
Reading,http://landregistry.data.gov.uk/id/region/reading,E06000038,2019-02,148,monthly,296740,601082,372199,293420,219272,2019-02-01
Reading,http://landregistry.data.gov.uk/id/region/reading,E06000038,2019-03,167,monthly,291755,591605,366387,289111,214972,2019-03-01
Reading,http://landregistry.data.gov.uk/id/region/reading,E06000038,2019-04,196,monthly,292877,591479,367564,290945,215635,2019-04-01
Reading,http://landregistry.data.gov.uk/id/region/reading,E06000038,2019-05,168,monthly,290433,586065,365050,289605,212909,2019-05-01
Reading,http://landregistry.data.gov.uk/id/region/reading,E06000038,2019-06,220,monthly,294442,594086,370109,293541,215891,2019-06-01
Reading,http://landregistry.data.gov.uk/id/region/reading,E06000038,2019-07,204,monthly,292191,589373,367150,291244,214347,2019-07-01
Reading,http://landregistry.data.gov.uk/id/region/reading,E06000038,2019-08,202,monthly,295263,596212,371121,294580,216303,2019-08-01
Reading,http://landregistry.data.gov.uk/id/region/reading,E06000038,2019-09,207,monthly,294283,593612,369050,294061,215657,2019-09-01
Reading,http://landregistry.data.gov.uk/id/region/reading,E06000038,2019-10,201,monthly,291282,588373,366664,291036,212858,2019-10-01
Reading,http://landregistry.data.gov.uk/id/region/reading,E06000038,2019-11,191,monthly,289497,586527,365345,288957,211221,2019-11-01
Reading,http://landregistry.data.gov.uk/id/region/reading,E06000038,2019-12,139,monthly,290852,591563,368429,290507,211304,2019-12-01
Reading,http://landregistry.data.gov.uk/id/region/reading,E06000038,2020-01,175,monthly,289952,589953,367194,290082,210335,2020-01-01
Reading,http://landregistry.data.gov.uk/id/region/reading,E06000038,2020-02,158,monthly,286947,583920,363056,287301,208095,2020-02-01
Reading,http://landregistry.data.gov.uk/id/region/reading,E06000038,2020-03,127,monthly,286973,583613,362920,287102,208397,2020-03-01
Reading,http://landregistry.data.gov.uk/id/region/reading,E06000038,2020-04,54,monthly,288489,589061,365176,289208,208629,2020-04-01
Reading,http://landregistry.data.gov.uk/id/region/reading,E06000038,2020-05,67,monthly,289248,588961,366390,289726,209456,2020-05-01
Reading,http://landregistry.data.gov.uk/id/region/reading,E06000038,2020-06,120,monthly,283625,576964,359888,284749,204671,2020-06-01
Reading,http://landregistry.data.gov.uk/id/region/reading,E06000038,2020-07,138,monthly,285200,578322,361551,286072,206351,2020-07-01
Reading,http://landregistry.data.gov.uk/id/region/reading,E06000038,2020-08,138,monthly,289865,590880,368272,291640,208356,2020-08-01
Reading,http://landregistry.data.gov.uk/id/region/reading,E06000038,2020-09,163,monthly,291713,597931,370873,293440,209266,2020-09-01
Reading,http://landregistry.data.gov.uk/id/region/reading,E06000038,2020-10,150,monthly,292577,603360,372513,294584,209045,2020-10-01
Reading,http://landregistry.data.gov.uk/id/region/reading,E06000038,2020-11,167,monthly,292195,603581,371496,294273,208816,2020-11-01
Reading,http://landregistry.data.gov.uk/id/region/reading,E06000038,2020-12,218,monthly,296610,613086,376973,299253,211565,2020-12-01
Reading,http://landregistry.data.gov.uk/id/region/reading,E06000038,2021-01,203,monthly,297139,609845,376905,299546,212911,2021-01-01
Reading,http://landregistry.data.gov.uk/id/region/reading,E06000038,2021-02,250,monthly,301215,611513,380537,303481,217364,2021-02-01
Reading,http://landregistry.data.gov.uk/id/region/reading,E06000038,2021-03,330,monthly,302824,607432,380643,304594,220569,2021-03-01
Reading,http://landregistry.data.gov.uk/id/region/reading,E06000038,2021-04,214,monthly,303461,607156,380316,305050,221833,2021-04-01
Reading,http://landregistry.data.gov.uk/id/region/reading,E06000038,2021-05,197,monthly,300346,602782,376599,301856,219302,2021-05-01
Reading,http://landregistry.data.gov.uk/id/region/reading,E06000038,2021-06,469,monthly,301362,604748,377706,304017,219263,2021-06-01
Reading,http://landregistry.data.gov.uk/id/region/reading,E06000038,2021-07,122,monthly,301610,607614,379023,303693,219173,2021-07-01
Reading,http://landregistry.data.gov.uk/id/region/reading,E06000038,2021-08,183,monthly,306314,622219,387078,308493,221067,2021-08-01
Reading,http://landregistry.data.gov.uk/id/region/reading,E06000038,2021-09,330,monthly,309159,631635,392312,311003,222268,2021-09-01
Reading,http://landregistry.data.gov.uk/id/region/reading,E06000038,2021-10,154,monthly,311274,643714,396599,313684,221818,2021-10-01
Reading,http://landregistry.data.gov.uk/id/region/reading,E06000038,2021-11,180,monthly,315763,653874,402545,318114,224894,2021-11-01
Reading,http://landregistry.data.gov.uk/id/region/reading,E06000038,2021-12,190,monthly,315523,659121,403643,317977,223417,2021-12-01
Reading,http://landregistry.data.gov.uk/id/region/reading,E06000038,2022-01,164,monthly,319251,664340,409265,322617,225355,2022-01-01
Reading,http://landregistry.data.gov.uk/id/region/reading,E06000038,2022-02,179,monthly,314847,653966,403581,318483,222417,2022-02-01
Reading,http://landregistry.data.gov.uk/id/region/reading,E06000038,2022-03,251,monthly,322339,669136,413843,325803,227720,2022-03-01
Reading,http://landregistry.data.gov.uk/id/region/reading,E06000038,2022-04,159,monthly,326631,676689,418434,330755,230872,2022-04-01
Reading,http://landregistry.data.gov.uk/id/region/reading,E06000038,2022-05,189,monthly,331549,687037,425312,336480,233236,2022-05-01
Reading,http://landregistry.data.gov.uk/id/region/reading,E06000038,2022-06,211,monthly,334185,690042,428125,340143,234817,2022-06-01
Reading,http://landregistry.data.gov.uk/id/region/reading,E06000038,2022-07,200,monthly,340014,701488,436669,346531,237951,2022-07-01
Reading,http://landregistry.data.gov.uk/id/region/reading,E06000038,2022-08,233,monthly,342403,706145,440005,349933,238554,2022-08-01
Reading,http://landregistry.data.gov.uk/id/region/reading,E06000038,2022-09,187,monthly,339466,701933,437083,347136,235519,2022-09-01
Reading,http://landregistry.data.gov.uk/id/region/reading,E06000038,2022-10,261,monthly,339691,703978,437697,347361,235245,2022-10-01
Reading,http://landregistry.data.gov.uk/id/region/reading,E06000038,2022-11,242,monthly,343753,713602,443397,351163,237952,2022-11-01
Reading,http://landregistry.data.gov.uk/id/region/reading,E06000038,2022-12,196,monthly,348280,721896,449619,355966,240877,2022-12-01
Reading,http://landregistry.data.gov.uk/id/region/reading,E06000038,2023-01,175,monthly,348586,722673,450019,356124,241218,2023-01-01
Reading,http://landregistry.data.gov.uk/id/region/reading,E06000038,2023-02,174,monthly,350068,726975,451867,357007,242729,2023-02-01
Reading,http://landregistry.data.gov.uk/id/region/reading,E06000038,2023-03,173,monthly,343174,715776,443404,348888,238338,2023-03-01
Reading,http://landregistry.data.gov.uk/id/region/reading,E06000038,2023-04,114,monthly,333666,696473,431025,338606,232244,2023-04-01
Reading,http://landregistry.data.gov.uk/id/region/reading,E06000038,2023-05,124,monthly,324369,674131,418457,329064,226461,2023-05-01
Reading,http://landregistry.data.gov.uk/id/region/reading,E06000038,2023-06,131,monthly,328400,680493,422848,333778,229303,2023-06-01
Reading,http://landregistry.data.gov.uk/id/region/reading,E06000038,2023-07,143,monthly,330195,683399,425843,336190,229873,2023-07-01
Reading,http://landregistry.data.gov.uk/id/region/reading,E06000038,2023-08,188,monthly,337836,701290,436874,344870,233680,2023-08-01
Reading,http://landregistry.data.gov.uk/id/region/reading,E06000038,2023-09,184,monthly,338199,703299,438137,345873,232915,2023-09-01
Reading,http://landregistry.data.gov.uk/id/region/reading,E06000038,2023-10,157,monthly,336838,699852,436734,344425,231963,2023-10-01
Reading,http://landregistry.data.gov.uk/id/region/reading,E06000038,2023-11,139,monthly,332053,691479,430869,338420,229306,2023-11-01
Reading,http://landregistry.data.gov.uk/id/region/reading,E06000038,2023-12,117,monthly,321925,668969,418187,327366,222940,2023-12-01
Reading,http://landregistry.data.gov.uk/id/region/reading,E06000038,2024-01,97,monthly,320884,666988,416646,326802,221843,2024-01-01
Reading,http://landregistry.data.gov.uk/id/region/reading,E06000038,2024-02,51,monthly,322394,666220,418067,328245,223406,2024-02-01
Reading,http://landregistry.data.gov.uk/id/region/reading,E06000038,2024-03,,monthly,321098,661418,415363,325922,223692,2024-03-01
Reading,http://landregistry.data.gov.uk/id/region/reading,E06000038,2024-04,,monthly,325332,665206,420491,329451,227818,2024-04-01
