"Name","URI","Region GSS code","Period","Sales volume","Reporting period","Average price All property types","Average price Detached houses","Average price Semi-detached houses","Average price Terraced houses","Average price Flats and maisonettes","Pivotable date"
Richmond upon Thames,http://landregistry.data.gov.uk/id/region/richmond-upon-thames,E09000027,2004-01,408,monthly,302973,606267,406675,313192,233381,2004-01-01
Richmond upon Thames,http://landregistry.data.gov.uk/id/region/richmond-upon-thames,E09000027,2004-02,328,monthly,306591,614884,411779,316653,236219,2004-02-01
Richmond upon Thames,http://landregistry.data.gov.uk/id/region/richmond-upon-thames,E09000027,2004-03,347,monthly,308336,619244,413546,319173,237166,2004-03-01
Richmond upon Thames,http://landregistry.data.gov.uk/id/region/richmond-upon-thames,E09000027,2004-04,487,monthly,313674,624018,419847,326295,240878,2004-04-01
Richmond upon Thames,http://landregistry.data.gov.uk/id/region/richmond-upon-thames,E09000027,2004-05,450,monthly,312684,612650,416673,326503,240421,2004-05-01
Richmond upon Thames,http://landregistry.data.gov.uk/id/region/richmond-upon-thames,E09000027,2004-06,493,monthly,320264,623906,426742,334133,246645,2004-06-01
Richmond upon Thames,http://landregistry.data.gov.uk/id/region/richmond-upon-thames,E09000027,2004-07,551,monthly,324732,633409,433752,338855,249716,2004-07-01
Richmond upon Thames,http://landregistry.data.gov.uk/id/region/richmond-upon-thames,E09000027,2004-08,472,monthly,329563,648937,441452,343882,252736,2004-08-01
Richmond upon Thames,http://landregistry.data.gov.uk/id/region/richmond-upon-thames,E09000027,2004-09,379,monthly,327566,649476,440271,341716,250581,2004-09-01
Richmond upon Thames,http://landregistry.data.gov.uk/id/region/richmond-upon-thames,E09000027,2004-10,363,monthly,320810,634867,429229,333873,246499,2004-10-01
Richmond upon Thames,http://landregistry.data.gov.uk/id/region/richmond-upon-thames,E09000027,2004-11,330,monthly,317197,625602,423687,329530,244394,2004-11-01
Richmond upon Thames,http://landregistry.data.gov.uk/id/region/richmond-upon-thames,E09000027,2004-12,303,monthly,314102,615184,417766,326290,242773,2004-12-01
Richmond upon Thames,http://landregistry.data.gov.uk/id/region/richmond-upon-thames,E09000027,2005-01,267,monthly,316809,620678,421133,330062,244335,2005-01-01
Richmond upon Thames,http://landregistry.data.gov.uk/id/region/richmond-upon-thames,E09000027,2005-02,227,monthly,314194,618031,419220,327341,241693,2005-02-01
Richmond upon Thames,http://landregistry.data.gov.uk/id/region/richmond-upon-thames,E09000027,2005-03,257,monthly,317435,625466,424161,331652,243392,2005-03-01
Richmond upon Thames,http://landregistry.data.gov.uk/id/region/richmond-upon-thames,E09000027,2005-04,326,monthly,320604,629939,429177,335170,245569,2005-04-01
Richmond upon Thames,http://landregistry.data.gov.uk/id/region/richmond-upon-thames,E09000027,2005-05,302,monthly,328421,641265,437654,344148,251921,2005-05-01
Richmond upon Thames,http://landregistry.data.gov.uk/id/region/richmond-upon-thames,E09000027,2005-06,383,monthly,331299,644201,440821,348307,253809,2005-06-01
Richmond upon Thames,http://landregistry.data.gov.uk/id/region/richmond-upon-thames,E09000027,2005-07,463,monthly,330099,643513,440121,347041,252519,2005-07-01
Richmond upon Thames,http://landregistry.data.gov.uk/id/region/richmond-upon-thames,E09000027,2005-08,436,monthly,325284,636642,434092,342462,248262,2005-08-01
Richmond upon Thames,http://landregistry.data.gov.uk/id/region/richmond-upon-thames,E09000027,2005-09,406,monthly,322138,635594,431473,338381,245523,2005-09-01
Richmond upon Thames,http://landregistry.data.gov.uk/id/region/richmond-upon-thames,E09000027,2005-10,397,monthly,323562,637611,432220,339375,247316,2005-10-01
Richmond upon Thames,http://landregistry.data.gov.uk/id/region/richmond-upon-thames,E09000027,2005-11,374,monthly,326104,640956,435925,341651,249506,2005-11-01
Richmond upon Thames,http://landregistry.data.gov.uk/id/region/richmond-upon-thames,E09000027,2005-12,416,monthly,327478,638074,435744,343004,251581,2005-12-01
Richmond upon Thames,http://landregistry.data.gov.uk/id/region/richmond-upon-thames,E09000027,2006-01,365,monthly,330499,645790,440113,347350,252967,2006-01-01
Richmond upon Thames,http://landregistry.data.gov.uk/id/region/richmond-upon-thames,E09000027,2006-02,319,monthly,331927,647760,441623,349061,254045,2006-02-01
Richmond upon Thames,http://landregistry.data.gov.uk/id/region/richmond-upon-thames,E09000027,2006-03,373,monthly,335319,659456,448046,352908,255543,2006-03-01
Richmond upon Thames,http://landregistry.data.gov.uk/id/region/richmond-upon-thames,E09000027,2006-04,402,monthly,339898,664836,453386,358728,258881,2006-04-01
Richmond upon Thames,http://landregistry.data.gov.uk/id/region/richmond-upon-thames,E09000027,2006-05,400,monthly,342562,671304,457376,361807,260562,2006-05-01
Richmond upon Thames,http://landregistry.data.gov.uk/id/region/richmond-upon-thames,E09000027,2006-06,558,monthly,345831,676964,461706,365734,262827,2006-06-01
Richmond upon Thames,http://landregistry.data.gov.uk/id/region/richmond-upon-thames,E09000027,2006-07,511,monthly,347123,680830,464701,367581,263114,2006-07-01
Richmond upon Thames,http://landregistry.data.gov.uk/id/region/richmond-upon-thames,E09000027,2006-08,557,monthly,353711,693253,473477,376189,267215,2006-08-01
Richmond upon Thames,http://landregistry.data.gov.uk/id/region/richmond-upon-thames,E09000027,2006-09,498,monthly,359347,705648,481419,383150,270740,2006-09-01
Richmond upon Thames,http://landregistry.data.gov.uk/id/region/richmond-upon-thames,E09000027,2006-10,467,monthly,361508,711368,483770,384359,273055,2006-10-01
Richmond upon Thames,http://landregistry.data.gov.uk/id/region/richmond-upon-thames,E09000027,2006-11,420,monthly,364931,718456,488726,387588,275749,2006-11-01
Richmond upon Thames,http://landregistry.data.gov.uk/id/region/richmond-upon-thames,E09000027,2006-12,453,monthly,369305,726288,494070,391645,279573,2006-12-01
Richmond upon Thames,http://landregistry.data.gov.uk/id/region/richmond-upon-thames,E09000027,2007-01,387,monthly,375900,740784,503776,398837,284124,2007-01-01
Richmond upon Thames,http://landregistry.data.gov.uk/id/region/richmond-upon-thames,E09000027,2007-02,342,monthly,383529,758263,514093,405428,290553,2007-02-01
Richmond upon Thames,http://landregistry.data.gov.uk/id/region/richmond-upon-thames,E09000027,2007-03,378,monthly,387737,769228,520636,410291,293110,2007-03-01
Richmond upon Thames,http://landregistry.data.gov.uk/id/region/richmond-upon-thames,E09000027,2007-04,377,monthly,398047,787130,533579,422544,300543,2007-04-01
Richmond upon Thames,http://landregistry.data.gov.uk/id/region/richmond-upon-thames,E09000027,2007-05,400,monthly,402455,791558,538491,428923,303433,2007-05-01
Richmond upon Thames,http://landregistry.data.gov.uk/id/region/richmond-upon-thames,E09000027,2007-06,410,monthly,407292,800357,544851,433905,307244,2007-06-01
Richmond upon Thames,http://landregistry.data.gov.uk/id/region/richmond-upon-thames,E09000027,2007-07,504,monthly,417304,824249,559837,444954,313949,2007-07-01
Richmond upon Thames,http://landregistry.data.gov.uk/id/region/richmond-upon-thames,E09000027,2007-08,541,monthly,429700,852994,577546,460002,321759,2007-08-01
Richmond upon Thames,http://landregistry.data.gov.uk/id/region/richmond-upon-thames,E09000027,2007-09,382,monthly,430730,859482,580368,460678,322150,2007-09-01
Richmond upon Thames,http://landregistry.data.gov.uk/id/region/richmond-upon-thames,E09000027,2007-10,345,monthly,428431,855450,575636,457088,321422,2007-10-01
Richmond upon Thames,http://landregistry.data.gov.uk/id/region/richmond-upon-thames,E09000027,2007-11,339,monthly,427783,858728,575349,453637,322030,2007-11-01
Richmond upon Thames,http://landregistry.data.gov.uk/id/region/richmond-upon-thames,E09000027,2007-12,234,monthly,435685,869760,583673,462383,328634,2007-12-01
Richmond upon Thames,http://landregistry.data.gov.uk/id/region/richmond-upon-thames,E09000027,2008-01,254,monthly,430126,862809,577135,455931,324280,2008-01-01
Richmond upon Thames,http://landregistry.data.gov.uk/id/region/richmond-upon-thames,E09000027,2008-02,235,monthly,426086,855313,572607,452080,320753,2008-02-01
Richmond upon Thames,http://landregistry.data.gov.uk/id/region/richmond-upon-thames,E09000027,2008-03,186,monthly,422956,852019,570409,450151,317023,2008-03-01
Richmond upon Thames,http://landregistry.data.gov.uk/id/region/richmond-upon-thames,E09000027,2008-04,243,monthly,428110,862138,578381,457313,319817,2008-04-01
Richmond upon Thames,http://landregistry.data.gov.uk/id/region/richmond-upon-thames,E09000027,2008-05,262,monthly,427191,861657,577627,457785,318209,2008-05-01
Richmond upon Thames,http://landregistry.data.gov.uk/id/region/richmond-upon-thames,E09000027,2008-06,221,monthly,427990,865771,578962,458728,318568,2008-06-01
Richmond upon Thames,http://landregistry.data.gov.uk/id/region/richmond-upon-thames,E09000027,2008-07,268,monthly,426115,865067,577913,456273,316897,2008-07-01
Richmond upon Thames,http://landregistry.data.gov.uk/id/region/richmond-upon-thames,E09000027,2008-08,175,monthly,420440,855528,570341,449600,312845,2008-08-01
Richmond upon Thames,http://landregistry.data.gov.uk/id/region/richmond-upon-thames,E09000027,2008-09,151,monthly,405966,829394,550279,433879,302120,2008-09-01
Richmond upon Thames,http://landregistry.data.gov.uk/id/region/richmond-upon-thames,E09000027,2008-10,139,monthly,385048,782394,519547,412060,287046,2008-10-01
Richmond upon Thames,http://landregistry.data.gov.uk/id/region/richmond-upon-thames,E09000027,2008-11,113,monthly,360266,732595,485723,385901,268448,2008-11-01
Richmond upon Thames,http://landregistry.data.gov.uk/id/region/richmond-upon-thames,E09000027,2008-12,138,monthly,352375,715417,475328,377469,262562,2008-12-01
Richmond upon Thames,http://landregistry.data.gov.uk/id/region/richmond-upon-thames,E09000027,2009-01,110,monthly,352455,721735,475699,375717,263167,2009-01-01
Richmond upon Thames,http://landregistry.data.gov.uk/id/region/richmond-upon-thames,E09000027,2009-02,104,monthly,358995,729859,483847,381880,268902,2009-02-01
Richmond upon Thames,http://landregistry.data.gov.uk/id/region/richmond-upon-thames,E09000027,2009-03,128,monthly,356226,720933,479301,377879,267786,2009-03-01
Richmond upon Thames,http://landregistry.data.gov.uk/id/region/richmond-upon-thames,E09000027,2009-04,175,monthly,351764,700448,471610,375645,263965,2009-04-01
Richmond upon Thames,http://landregistry.data.gov.uk/id/region/richmond-upon-thames,E09000027,2009-05,159,monthly,351843,696467,470433,378104,263009,2009-05-01
Richmond upon Thames,http://landregistry.data.gov.uk/id/region/richmond-upon-thames,E09000027,2009-06,207,monthly,355781,701532,474985,384870,264520,2009-06-01
Richmond upon Thames,http://landregistry.data.gov.uk/id/region/richmond-upon-thames,E09000027,2009-07,277,monthly,362856,719181,486860,393223,268163,2009-07-01
Richmond upon Thames,http://landregistry.data.gov.uk/id/region/richmond-upon-thames,E09000027,2009-08,272,monthly,372389,745938,502764,402890,274063,2009-08-01
Richmond upon Thames,http://landregistry.data.gov.uk/id/region/richmond-upon-thames,E09000027,2009-09,275,monthly,380410,764757,515122,411770,279098,2009-09-01
Richmond upon Thames,http://landregistry.data.gov.uk/id/region/richmond-upon-thames,E09000027,2009-10,303,monthly,391209,790694,531118,422950,286630,2009-10-01
Richmond upon Thames,http://landregistry.data.gov.uk/id/region/richmond-upon-thames,E09000027,2009-11,267,monthly,395323,797348,534869,428904,289303,2009-11-01
Richmond upon Thames,http://landregistry.data.gov.uk/id/region/richmond-upon-thames,E09000027,2009-12,290,monthly,403432,812123,546036,438246,294889,2009-12-01
Richmond upon Thames,http://landregistry.data.gov.uk/id/region/richmond-upon-thames,E09000027,2010-01,213,monthly,411912,829016,558423,448707,299903,2010-01-01
Richmond upon Thames,http://landregistry.data.gov.uk/id/region/richmond-upon-thames,E09000027,2010-02,218,monthly,421222,850824,575058,459270,304911,2010-02-01
Richmond upon Thames,http://landregistry.data.gov.uk/id/region/richmond-upon-thames,E09000027,2010-03,228,monthly,424030,863074,579856,461862,306392,2010-03-01
Richmond upon Thames,http://landregistry.data.gov.uk/id/region/richmond-upon-thames,E09000027,2010-04,233,monthly,417128,847790,569606,454614,301540,2010-04-01
Richmond upon Thames,http://landregistry.data.gov.uk/id/region/richmond-upon-thames,E09000027,2010-05,263,monthly,413234,837521,562041,449751,299874,2010-05-01
Richmond upon Thames,http://landregistry.data.gov.uk/id/region/richmond-upon-thames,E09000027,2010-06,314,monthly,415708,840785,565707,453495,301035,2010-06-01
Richmond upon Thames,http://landregistry.data.gov.uk/id/region/richmond-upon-thames,E09000027,2010-07,360,monthly,419732,855856,571668,459434,302473,2010-07-01
Richmond upon Thames,http://landregistry.data.gov.uk/id/region/richmond-upon-thames,E09000027,2010-08,303,monthly,422722,861857,577301,464696,302978,2010-08-01
Richmond upon Thames,http://landregistry.data.gov.uk/id/region/richmond-upon-thames,E09000027,2010-09,294,monthly,426091,874502,583324,469101,304235,2010-09-01
Richmond upon Thames,http://landregistry.data.gov.uk/id/region/richmond-upon-thames,E09000027,2010-10,277,monthly,423661,867183,580761,465752,302828,2010-10-01
Richmond upon Thames,http://landregistry.data.gov.uk/id/region/richmond-upon-thames,E09000027,2010-11,242,monthly,421437,866129,577066,462072,301966,2010-11-01
Richmond upon Thames,http://landregistry.data.gov.uk/id/region/richmond-upon-thames,E09000027,2010-12,243,monthly,424126,871290,581706,464121,304195,2010-12-01
Richmond upon Thames,http://landregistry.data.gov.uk/id/region/richmond-upon-thames,E09000027,2011-01,233,monthly,429859,892628,591475,469437,307826,2011-01-01
Richmond upon Thames,http://landregistry.data.gov.uk/id/region/richmond-upon-thames,E09000027,2011-02,187,monthly,433669,912432,598912,472641,309857,2011-02-01
Richmond upon Thames,http://landregistry.data.gov.uk/id/region/richmond-upon-thames,E09000027,2011-03,231,monthly,425867,907255,588357,464380,303450,2011-03-01
Richmond upon Thames,http://landregistry.data.gov.uk/id/region/richmond-upon-thames,E09000027,2011-04,248,monthly,426903,907201,588289,466070,304418,2011-04-01
Richmond upon Thames,http://landregistry.data.gov.uk/id/region/richmond-upon-thames,E09000027,2011-05,193,monthly,428183,893054,586156,468835,306649,2011-05-01
Richmond upon Thames,http://landregistry.data.gov.uk/id/region/richmond-upon-thames,E09000027,2011-06,279,monthly,426807,874453,582678,468013,306637,2011-06-01
Richmond upon Thames,http://landregistry.data.gov.uk/id/region/richmond-upon-thames,E09000027,2011-07,328,monthly,429591,873445,585764,471560,308943,2011-07-01
Richmond upon Thames,http://landregistry.data.gov.uk/id/region/richmond-upon-thames,E09000027,2011-08,334,monthly,434882,894041,597874,477933,310384,2011-08-01
Richmond upon Thames,http://landregistry.data.gov.uk/id/region/richmond-upon-thames,E09000027,2011-09,298,monthly,449384,934416,619930,494378,319192,2011-09-01
Richmond upon Thames,http://landregistry.data.gov.uk/id/region/richmond-upon-thames,E09000027,2011-10,269,monthly,448735,938849,621784,493145,317905,2011-10-01
Richmond upon Thames,http://landregistry.data.gov.uk/id/region/richmond-upon-thames,E09000027,2011-11,263,monthly,443367,929544,613535,485826,315076,2011-11-01
Richmond upon Thames,http://landregistry.data.gov.uk/id/region/richmond-upon-thames,E09000027,2011-12,269,monthly,437198,906280,602492,479484,311778,2011-12-01
Richmond upon Thames,http://landregistry.data.gov.uk/id/region/richmond-upon-thames,E09000027,2012-01,211,monthly,434898,896783,599289,478166,309705,2012-01-01
Richmond upon Thames,http://landregistry.data.gov.uk/id/region/richmond-upon-thames,E09000027,2012-02,197,monthly,442194,914616,611270,487022,313690,2012-02-01
Richmond upon Thames,http://landregistry.data.gov.uk/id/region/richmond-upon-thames,E09000027,2012-03,254,monthly,442765,919542,613552,486515,313989,2012-03-01
Richmond upon Thames,http://landregistry.data.gov.uk/id/region/richmond-upon-thames,E09000027,2012-04,222,monthly,445566,924465,615488,488850,316913,2012-04-01
Richmond upon Thames,http://landregistry.data.gov.uk/id/region/richmond-upon-thames,E09000027,2012-05,265,monthly,446787,917413,613283,491705,318466,2012-05-01
Richmond upon Thames,http://landregistry.data.gov.uk/id/region/richmond-upon-thames,E09000027,2012-06,299,monthly,457135,935637,626278,506229,324662,2012-06-01
Richmond upon Thames,http://landregistry.data.gov.uk/id/region/richmond-upon-thames,E09000027,2012-07,339,monthly,468670,962433,643107,519975,331913,2012-07-01
Richmond upon Thames,http://landregistry.data.gov.uk/id/region/richmond-upon-thames,E09000027,2012-08,346,monthly,470964,968036,647060,524916,332038,2012-08-01
Richmond upon Thames,http://landregistry.data.gov.uk/id/region/richmond-upon-thames,E09000027,2012-09,308,monthly,465848,962648,641443,518079,328396,2012-09-01
Richmond upon Thames,http://landregistry.data.gov.uk/id/region/richmond-upon-thames,E09000027,2012-10,258,monthly,456331,940346,627632,507926,321778,2012-10-01
Richmond upon Thames,http://landregistry.data.gov.uk/id/region/richmond-upon-thames,E09000027,2012-11,302,monthly,462003,953197,635375,513443,326142,2012-11-01
Richmond upon Thames,http://landregistry.data.gov.uk/id/region/richmond-upon-thames,E09000027,2012-12,271,monthly,466141,960170,640814,518788,328819,2012-12-01
Richmond upon Thames,http://landregistry.data.gov.uk/id/region/richmond-upon-thames,E09000027,2013-01,219,monthly,473974,983373,655732,526358,333537,2013-01-01
Richmond upon Thames,http://landregistry.data.gov.uk/id/region/richmond-upon-thames,E09000027,2013-02,199,monthly,474164,988722,658009,525059,333712,2013-02-01
Richmond upon Thames,http://landregistry.data.gov.uk/id/region/richmond-upon-thames,E09000027,2013-03,242,monthly,474810,991321,658604,525040,334596,2013-03-01
Richmond upon Thames,http://landregistry.data.gov.uk/id/region/richmond-upon-thames,E09000027,2013-04,244,monthly,481102,998810,662366,535423,338890,2013-04-01
Richmond upon Thames,http://landregistry.data.gov.uk/id/region/richmond-upon-thames,E09000027,2013-05,315,monthly,482861,999679,663759,537987,340244,2013-05-01
Richmond upon Thames,http://landregistry.data.gov.uk/id/region/richmond-upon-thames,E09000027,2013-06,278,monthly,489625,1012607,673970,546829,344209,2013-06-01
Richmond upon Thames,http://landregistry.data.gov.uk/id/region/richmond-upon-thames,E09000027,2013-07,369,monthly,491192,1014578,677339,548571,345090,2013-07-01
Richmond upon Thames,http://landregistry.data.gov.uk/id/region/richmond-upon-thames,E09000027,2013-08,404,monthly,504619,1041014,696186,565696,353483,2013-08-01
Richmond upon Thames,http://landregistry.data.gov.uk/id/region/richmond-upon-thames,E09000027,2013-09,298,monthly,509786,1056858,703786,570375,357230,2013-09-01
Richmond upon Thames,http://landregistry.data.gov.uk/id/region/richmond-upon-thames,E09000027,2013-10,365,monthly,512942,1063490,707824,573092,359909,2013-10-01
Richmond upon Thames,http://landregistry.data.gov.uk/id/region/richmond-upon-thames,E09000027,2013-11,370,monthly,506504,1047414,697567,565230,356212,2013-11-01
Richmond upon Thames,http://landregistry.data.gov.uk/id/region/richmond-upon-thames,E09000027,2013-12,318,monthly,503809,1033049,692602,562108,355195,2013-12-01
Richmond upon Thames,http://landregistry.data.gov.uk/id/region/richmond-upon-thames,E09000027,2014-01,296,monthly,512942,1056018,706362,570563,361940,2014-01-01
Richmond upon Thames,http://landregistry.data.gov.uk/id/region/richmond-upon-thames,E09000027,2014-02,256,monthly,516210,1069652,712241,571882,364623,2014-02-01
Richmond upon Thames,http://landregistry.data.gov.uk/id/region/richmond-upon-thames,E09000027,2014-03,268,monthly,534264,1109725,736669,592394,377016,2014-03-01
Richmond upon Thames,http://landregistry.data.gov.uk/id/region/richmond-upon-thames,E09000027,2014-04,280,monthly,554546,1151390,764183,615893,391002,2014-04-01
Richmond upon Thames,http://landregistry.data.gov.uk/id/region/richmond-upon-thames,E09000027,2014-05,294,monthly,574048,1185715,789700,639310,404563,2014-05-01
Richmond upon Thames,http://landregistry.data.gov.uk/id/region/richmond-upon-thames,E09000027,2014-06,271,monthly,586768,1208038,806187,655094,413228,2014-06-01
Richmond upon Thames,http://landregistry.data.gov.uk/id/region/richmond-upon-thames,E09000027,2014-07,345,monthly,598031,1227089,821621,669460,420598,2014-07-01
Richmond upon Thames,http://landregistry.data.gov.uk/id/region/richmond-upon-thames,E09000027,2014-08,358,monthly,607599,1249209,836222,680918,426592,2014-08-01
Richmond upon Thames,http://landregistry.data.gov.uk/id/region/richmond-upon-thames,E09000027,2014-09,277,monthly,615843,1272924,850802,687992,432332,2014-09-01
Richmond upon Thames,http://landregistry.data.gov.uk/id/region/richmond-upon-thames,E09000027,2014-10,312,monthly,610019,1263644,843100,678808,429194,2014-10-01
Richmond upon Thames,http://landregistry.data.gov.uk/id/region/richmond-upon-thames,E09000027,2014-11,232,monthly,609362,1263727,842014,676040,429577,2014-11-01
Richmond upon Thames,http://landregistry.data.gov.uk/id/region/richmond-upon-thames,E09000027,2014-12,277,monthly,605032,1252427,834438,670572,427247,2014-12-01
Richmond upon Thames,http://landregistry.data.gov.uk/id/region/richmond-upon-thames,E09000027,2015-01,206,monthly,593230,1226628,818432,658097,418663,2015-01-01
Richmond upon Thames,http://landregistry.data.gov.uk/id/region/richmond-upon-thames,E09000027,2015-02,225,monthly,591960,1223771,816678,656350,418010,2015-02-01
Richmond upon Thames,http://landregistry.data.gov.uk/id/region/richmond-upon-thames,E09000027,2015-03,196,monthly,593410,1224388,818036,659223,418759,2015-03-01
Richmond upon Thames,http://landregistry.data.gov.uk/id/region/richmond-upon-thames,E09000027,2015-04,240,monthly,605763,1253177,835057,672575,427499,2015-04-01
Richmond upon Thames,http://landregistry.data.gov.uk/id/region/richmond-upon-thames,E09000027,2015-05,236,monthly,603859,1244369,831467,671078,426310,2015-05-01
Richmond upon Thames,http://landregistry.data.gov.uk/id/region/richmond-upon-thames,E09000027,2015-06,287,monthly,607109,1253338,837605,676058,427372,2015-06-01
Richmond upon Thames,http://landregistry.data.gov.uk/id/region/richmond-upon-thames,E09000027,2015-07,351,monthly,614134,1262543,847100,685155,431967,2015-07-01
Richmond upon Thames,http://landregistry.data.gov.uk/id/region/richmond-upon-thames,E09000027,2015-08,314,monthly,632845,1302258,873530,707460,444151,2015-08-01
Richmond upon Thames,http://landregistry.data.gov.uk/id/region/richmond-upon-thames,E09000027,2015-09,326,monthly,643019,1330685,888707,716448,451901,2015-09-01
Richmond upon Thames,http://landregistry.data.gov.uk/id/region/richmond-upon-thames,E09000027,2015-10,331,monthly,654907,1359760,906614,728823,460143,2015-10-01
Richmond upon Thames,http://landregistry.data.gov.uk/id/region/richmond-upon-thames,E09000027,2015-11,273,monthly,644455,1341873,893677,715931,452915,2015-11-01
Richmond upon Thames,http://landregistry.data.gov.uk/id/region/richmond-upon-thames,E09000027,2015-12,273,monthly,640645,1329955,887962,712542,450098,2015-12-01
Richmond upon Thames,http://landregistry.data.gov.uk/id/region/richmond-upon-thames,E09000027,2016-01,268,monthly,643448,1333537,893573,715252,452017,2016-01-01
Richmond upon Thames,http://landregistry.data.gov.uk/id/region/richmond-upon-thames,E09000027,2016-02,199,monthly,653025,1357896,908127,725472,458446,2016-02-01
Richmond upon Thames,http://landregistry.data.gov.uk/id/region/richmond-upon-thames,E09000027,2016-03,499,monthly,662897,1383332,922373,735767,465354,2016-03-01
Richmond upon Thames,http://landregistry.data.gov.uk/id/region/richmond-upon-thames,E09000027,2016-04,182,monthly,647205,1346956,895268,719733,454997,2016-04-01
Richmond upon Thames,http://landregistry.data.gov.uk/id/region/richmond-upon-thames,E09000027,2016-05,182,monthly,654692,1345888,899539,728639,462259,2016-05-01
Richmond upon Thames,http://landregistry.data.gov.uk/id/region/richmond-upon-thames,E09000027,2016-06,218,monthly,654186,1335735,894870,727994,463352,2016-06-01
Richmond upon Thames,http://landregistry.data.gov.uk/id/region/richmond-upon-thames,E09000027,2016-07,241,monthly,677067,1381463,927516,753568,479244,2016-07-01
Richmond upon Thames,http://landregistry.data.gov.uk/id/region/richmond-upon-thames,E09000027,2016-08,242,monthly,670081,1372025,919098,745714,473805,2016-08-01
Richmond upon Thames,http://landregistry.data.gov.uk/id/region/richmond-upon-thames,E09000027,2016-09,248,monthly,666263,1361537,915321,741886,470687,2016-09-01
Richmond upon Thames,http://landregistry.data.gov.uk/id/region/richmond-upon-thames,E09000027,2016-10,196,monthly,639088,1308835,878793,708205,452997,2016-10-01
Richmond upon Thames,http://landregistry.data.gov.uk/id/region/richmond-upon-thames,E09000027,2016-11,220,monthly,639469,1314399,879426,707511,453580,2016-11-01
Richmond upon Thames,http://landregistry.data.gov.uk/id/region/richmond-upon-thames,E09000027,2016-12,224,monthly,637708,1313351,875330,704168,453334,2016-12-01
Richmond upon Thames,http://landregistry.data.gov.uk/id/region/richmond-upon-thames,E09000027,2017-01,201,monthly,655125,1348484,897786,725033,465202,2017-01-01
Richmond upon Thames,http://landregistry.data.gov.uk/id/region/richmond-upon-thames,E09000027,2017-02,187,monthly,654376,1343557,894498,721578,466564,2017-02-01
Richmond upon Thames,http://landregistry.data.gov.uk/id/region/richmond-upon-thames,E09000027,2017-03,280,monthly,661515,1357880,903396,729333,471842,2017-03-01
Richmond upon Thames,http://landregistry.data.gov.uk/id/region/richmond-upon-thames,E09000027,2017-04,199,monthly,663701,1364916,904993,730188,474300,2017-04-01
Richmond upon Thames,http://landregistry.data.gov.uk/id/region/richmond-upon-thames,E09000027,2017-05,238,monthly,671201,1375740,915430,738551,479808,2017-05-01
Richmond upon Thames,http://landregistry.data.gov.uk/id/region/richmond-upon-thames,E09000027,2017-06,219,monthly,674209,1373745,917528,742422,482561,2017-06-01
Richmond upon Thames,http://landregistry.data.gov.uk/id/region/richmond-upon-thames,E09000027,2017-07,268,monthly,674638,1366854,918417,742764,483280,2017-07-01
Richmond upon Thames,http://landregistry.data.gov.uk/id/region/richmond-upon-thames,E09000027,2017-08,262,monthly,682854,1386900,931645,754486,487262,2017-08-01
Richmond upon Thames,http://landregistry.data.gov.uk/id/region/richmond-upon-thames,E09000027,2017-09,216,monthly,674672,1378518,924826,744815,480350,2017-09-01
Richmond upon Thames,http://landregistry.data.gov.uk/id/region/richmond-upon-thames,E09000027,2017-10,250,monthly,669034,1374002,919638,739164,475150,2017-10-01
Richmond upon Thames,http://landregistry.data.gov.uk/id/region/richmond-upon-thames,E09000027,2017-11,218,monthly,651931,1337707,896426,719546,463345,2017-11-01
Richmond upon Thames,http://landregistry.data.gov.uk/id/region/richmond-upon-thames,E09000027,2017-12,222,monthly,650160,1333773,893845,718253,461820,2017-12-01
Richmond upon Thames,http://landregistry.data.gov.uk/id/region/richmond-upon-thames,E09000027,2018-01,181,monthly,639200,1307645,878390,706026,454366,2018-01-01
Richmond upon Thames,http://landregistry.data.gov.uk/id/region/richmond-upon-thames,E09000027,2018-02,171,monthly,636391,1306954,876017,703062,451738,2018-02-01
Richmond upon Thames,http://landregistry.data.gov.uk/id/region/richmond-upon-thames,E09000027,2018-03,211,monthly,639450,1309823,880597,707831,453330,2018-03-01
Richmond upon Thames,http://landregistry.data.gov.uk/id/region/richmond-upon-thames,E09000027,2018-04,199,monthly,649078,1331221,895422,720426,458741,2018-04-01
Richmond upon Thames,http://landregistry.data.gov.uk/id/region/richmond-upon-thames,E09000027,2018-05,193,monthly,656497,1344737,906747,731472,462419,2018-05-01
Richmond upon Thames,http://landregistry.data.gov.uk/id/region/richmond-upon-thames,E09000027,2018-06,220,monthly,651404,1340288,903245,724110,458525,2018-06-01
Richmond upon Thames,http://landregistry.data.gov.uk/id/region/richmond-upon-thames,E09000027,2018-07,257,monthly,662605,1370976,920247,736716,465643,2018-07-01
Richmond upon Thames,http://landregistry.data.gov.uk/id/region/richmond-upon-thames,E09000027,2018-08,309,monthly,667088,1385996,928100,740334,468808,2018-08-01
Richmond upon Thames,http://landregistry.data.gov.uk/id/region/richmond-upon-thames,E09000027,2018-09,229,monthly,677357,1407748,941555,755064,474590,2018-09-01
Richmond upon Thames,http://landregistry.data.gov.uk/id/region/richmond-upon-thames,E09000027,2018-10,224,monthly,656809,1365769,913026,731634,460410,2018-10-01
Richmond upon Thames,http://landregistry.data.gov.uk/id/region/richmond-upon-thames,E09000027,2018-11,249,monthly,647996,1353941,901981,722619,453272,2018-11-01
Richmond upon Thames,http://landregistry.data.gov.uk/id/region/richmond-upon-thames,E09000027,2018-12,189,monthly,643414,1345569,897118,713166,451760,2018-12-01
Richmond upon Thames,http://landregistry.data.gov.uk/id/region/richmond-upon-thames,E09000027,2019-01,162,monthly,655056,1370268,913848,726338,459668,2019-01-01
Richmond upon Thames,http://landregistry.data.gov.uk/id/region/richmond-upon-thames,E09000027,2019-02,165,monthly,656018,1369246,914868,725505,461488,2019-02-01
Richmond upon Thames,http://landregistry.data.gov.uk/id/region/richmond-upon-thames,E09000027,2019-03,188,monthly,646356,1346903,901209,717570,453518,2019-03-01
Richmond upon Thames,http://landregistry.data.gov.uk/id/region/richmond-upon-thames,E09000027,2019-04,170,monthly,638921,1328746,889666,711272,447747,2019-04-01
Richmond upon Thames,http://landregistry.data.gov.uk/id/region/richmond-upon-thames,E09000027,2019-05,207,monthly,635649,1315072,884904,711461,443952,2019-05-01
Richmond upon Thames,http://landregistry.data.gov.uk/id/region/richmond-upon-thames,E09000027,2019-06,194,monthly,650776,1343759,906289,729242,454153,2019-06-01
Richmond upon Thames,http://landregistry.data.gov.uk/id/region/richmond-upon-thames,E09000027,2019-07,251,monthly,654927,1348110,913247,733630,457117,2019-07-01
Richmond upon Thames,http://landregistry.data.gov.uk/id/region/richmond-upon-thames,E09000027,2019-08,273,monthly,656014,1352488,916825,735616,456909,2019-08-01
Richmond upon Thames,http://landregistry.data.gov.uk/id/region/richmond-upon-thames,E09000027,2019-09,225,monthly,646808,1337714,903189,725951,450139,2019-09-01
Richmond upon Thames,http://landregistry.data.gov.uk/id/region/richmond-upon-thames,E09000027,2019-10,231,monthly,643367,1338609,902423,720590,447132,2019-10-01
Richmond upon Thames,http://landregistry.data.gov.uk/id/region/richmond-upon-thames,E09000027,2019-11,259,monthly,648044,1352123,909414,725992,450014,2019-11-01
Richmond upon Thames,http://landregistry.data.gov.uk/id/region/richmond-upon-thames,E09000027,2019-12,216,monthly,651835,1364404,915983,730097,452199,2019-12-01
Richmond upon Thames,http://landregistry.data.gov.uk/id/region/richmond-upon-thames,E09000027,2020-01,208,monthly,658772,1376518,925078,739331,456563,2020-01-01
Richmond upon Thames,http://landregistry.data.gov.uk/id/region/richmond-upon-thames,E09000027,2020-02,203,monthly,656740,1381624,923735,735058,455143,2020-02-01
Richmond upon Thames,http://landregistry.data.gov.uk/id/region/richmond-upon-thames,E09000027,2020-03,190,monthly,658817,1390930,929261,735836,456519,2020-03-01
Richmond upon Thames,http://landregistry.data.gov.uk/id/region/richmond-upon-thames,E09000027,2020-04,91,monthly,671578,1430913,948686,753130,462379,2020-04-01
Richmond upon Thames,http://landregistry.data.gov.uk/id/region/richmond-upon-thames,E09000027,2020-05,86,monthly,689191,1467626,973749,772343,474822,2020-05-01
Richmond upon Thames,http://landregistry.data.gov.uk/id/region/richmond-upon-thames,E09000027,2020-06,119,monthly,699684,1478868,987715,787915,480773,2020-06-01
Richmond upon Thames,http://landregistry.data.gov.uk/id/region/richmond-upon-thames,E09000027,2020-07,217,monthly,690279,1446587,972196,776744,476039,2020-07-01
Richmond upon Thames,http://landregistry.data.gov.uk/id/region/richmond-upon-thames,E09000027,2020-08,203,monthly,689620,1445058,973434,779994,472699,2020-08-01
Richmond upon Thames,http://landregistry.data.gov.uk/id/region/richmond-upon-thames,E09000027,2020-09,227,monthly,689779,1456049,976759,780623,471022,2020-09-01
Richmond upon Thames,http://landregistry.data.gov.uk/id/region/richmond-upon-thames,E09000027,2020-10,268,monthly,689597,1458044,977230,783005,469064,2020-10-01
Richmond upon Thames,http://landregistry.data.gov.uk/id/region/richmond-upon-thames,E09000027,2020-11,274,monthly,691212,1458036,977408,785612,470505,2020-11-01
Richmond upon Thames,http://landregistry.data.gov.uk/id/region/richmond-upon-thames,E09000027,2020-12,299,monthly,688835,1452654,973387,783419,468797,2020-12-01
Richmond upon Thames,http://landregistry.data.gov.uk/id/region/richmond-upon-thames,E09000027,2021-01,279,monthly,687620,1444251,969363,779910,470195,2021-01-01
Richmond upon Thames,http://landregistry.data.gov.uk/id/region/richmond-upon-thames,E09000027,2021-02,331,monthly,672427,1406978,945961,758859,462811,2021-02-01
Richmond upon Thames,http://landregistry.data.gov.uk/id/region/richmond-upon-thames,E09000027,2021-03,518,monthly,671670,1393728,940638,754878,465945,2021-03-01
Richmond upon Thames,http://landregistry.data.gov.uk/id/region/richmond-upon-thames,E09000027,2021-04,268,monthly,672122,1401063,941944,753196,466826,2021-04-01
Richmond upon Thames,http://landregistry.data.gov.uk/id/region/richmond-upon-thames,E09000027,2021-05,214,monthly,680893,1422632,954767,763313,472391,2021-05-01
Richmond upon Thames,http://landregistry.data.gov.uk/id/region/richmond-upon-thames,E09000027,2021-06,820,monthly,680575,1422688,953763,764280,471537,2021-06-01
Richmond upon Thames,http://landregistry.data.gov.uk/id/region/richmond-upon-thames,E09000027,2021-07,91,monthly,707255,1492605,992166,797456,487055,2021-07-01
Richmond upon Thames,http://landregistry.data.gov.uk/id/region/richmond-upon-thames,E09000027,2021-08,227,monthly,721033,1539370,1017541,814483,492995,2021-08-01
Richmond upon Thames,http://landregistry.data.gov.uk/id/region/richmond-upon-thames,E09000027,2021-09,392,monthly,722060,1556415,1024321,815195,491521,2021-09-01
Richmond upon Thames,http://landregistry.data.gov.uk/id/region/richmond-upon-thames,E09000027,2021-10,152,monthly,724994,1573263,1035661,813619,493629,2021-10-01
Richmond upon Thames,http://landregistry.data.gov.uk/id/region/richmond-upon-thames,E09000027,2021-11,218,monthly,720999,1567103,1031109,807821,491157,2021-11-01
Richmond upon Thames,http://landregistry.data.gov.uk/id/region/richmond-upon-thames,E09000027,2021-12,200,monthly,736093,1604124,1054607,825741,500126,2021-12-01
Richmond upon Thames,http://landregistry.data.gov.uk/id/region/richmond-upon-thames,E09000027,2022-01,206,monthly,731498,1587979,1049547,823256,495596,2022-01-01
Richmond upon Thames,http://landregistry.data.gov.uk/id/region/richmond-upon-thames,E09000027,2022-02,206,monthly,739204,1598678,1059154,832363,501519,2022-02-01
Richmond upon Thames,http://landregistry.data.gov.uk/id/region/richmond-upon-thames,E09000027,2022-03,259,monthly,741003,1613207,1066260,832410,502118,2022-03-01
Richmond upon Thames,http://landregistry.data.gov.uk/id/region/richmond-upon-thames,E09000027,2022-04,211,monthly,745102,1620725,1071155,837007,505295,2022-04-01
Richmond upon Thames,http://landregistry.data.gov.uk/id/region/richmond-upon-thames,E09000027,2022-05,240,monthly,739366,1612980,1065854,831570,499515,2022-05-01
Richmond upon Thames,http://landregistry.data.gov.uk/id/region/richmond-upon-thames,E09000027,2022-06,229,monthly,747133,1622692,1075090,841790,504791,2022-06-01
Richmond upon Thames,http://landregistry.data.gov.uk/id/region/richmond-upon-thames,E09000027,2022-07,310,monthly,740389,1602561,1065409,838630,497562,2022-07-01
Richmond upon Thames,http://landregistry.data.gov.uk/id/region/richmond-upon-thames,E09000027,2022-08,304,monthly,762015,1642062,1096650,866595,510178,2022-08-01
Richmond upon Thames,http://landregistry.data.gov.uk/id/region/richmond-upon-thames,E09000027,2022-09,299,monthly,763359,1648649,1100458,871448,508021,2022-09-01
Richmond upon Thames,http://landregistry.data.gov.uk/id/region/richmond-upon-thames,E09000027,2022-10,264,monthly,765015,1654114,1104301,872210,509327,2022-10-01
Richmond upon Thames,http://landregistry.data.gov.uk/id/region/richmond-upon-thames,E09000027,2022-11,239,monthly,747318,1625073,1081076,850415,497360,2022-11-01
Richmond upon Thames,http://landregistry.data.gov.uk/id/region/richmond-upon-thames,E09000027,2022-12,218,monthly,735111,1596532,1063834,835576,489875,2022-12-01
Richmond upon Thames,http://landregistry.data.gov.uk/id/region/richmond-upon-thames,E09000027,2023-01,189,monthly,741512,1620903,1076044,839897,494604,2023-01-01
Richmond upon Thames,http://landregistry.data.gov.uk/id/region/richmond-upon-thames,E09000027,2023-02,144,monthly,753559,1645221,1092204,853999,503043,2023-02-01
Richmond upon Thames,http://landregistry.data.gov.uk/id/region/richmond-upon-thames,E09000027,2023-03,168,monthly,749064,1643741,1087659,846831,500334,2023-03-01
Richmond upon Thames,http://landregistry.data.gov.uk/id/region/richmond-upon-thames,E09000027,2023-04,135,monthly,740343,1622027,1072604,838008,494678,2023-04-01
Richmond upon Thames,http://landregistry.data.gov.uk/id/region/richmond-upon-thames,E09000027,2023-05,150,monthly,738954,1610084,1068004,836507,494916,2023-05-01
Richmond upon Thames,http://landregistry.data.gov.uk/id/region/richmond-upon-thames,E09000027,2023-06,191,monthly,746410,1621551,1075639,849089,498652,2023-06-01
Richmond upon Thames,http://landregistry.data.gov.uk/id/region/richmond-upon-thames,E09000027,2023-07,216,monthly,754746,1635845,1087581,862454,502293,2023-07-01
Richmond upon Thames,http://landregistry.data.gov.uk/id/region/richmond-upon-thames,E09000027,2023-08,261,monthly,754976,1644068,1091604,866295,499049,2023-08-01
Richmond upon Thames,http://landregistry.data.gov.uk/id/region/richmond-upon-thames,E09000027,2023-09,193,monthly,760474,1653714,1100809,874866,501259,2023-09-01
Richmond upon Thames,http://landregistry.data.gov.uk/id/region/richmond-upon-thames,E09000027,2023-10,189,monthly,757010,1639291,1094996,871919,499026,2023-10-01
Richmond upon Thames,http://landregistry.data.gov.uk/id/region/richmond-upon-thames,E09000027,2023-11,156,monthly,742948,1608492,1075013,853236,491063,2023-11-01
Richmond upon Thames,http://landregistry.data.gov.uk/id/region/richmond-upon-thames,E09000027,2023-12,147,monthly,733674,1579896,1060457,841604,486281,2023-12-01
Richmond upon Thames,http://landregistry.data.gov.uk/id/region/richmond-upon-thames,E09000027,2024-01,95,monthly,721013,1547208,1040648,829311,477378,2024-01-01
Richmond upon Thames,http://landregistry.data.gov.uk/id/region/richmond-upon-thames,E09000027,2024-02,75,monthly,722811,1533626,1037291,837245,477923,2024-02-01
Richmond upon Thames,http://landregistry.data.gov.uk/id/region/richmond-upon-thames,E09000027,2024-03,,monthly,734603,1549783,1048487,852130,486799,2024-03-01
Richmond upon Thames,http://landregistry.data.gov.uk/id/region/richmond-upon-thames,E09000027,2024-04,,monthly,725536,1517958,1034695,840984,481988,2024-04-01
