"Name","URI","Region GSS code","Period","Sales volume","Reporting period","Average price All property types","Average price Detached houses","Average price Semi-detached houses","Average price Terraced houses","Average price Flats and maisonettes","Pivotable date"
Sheffield,http://landregistry.data.gov.uk/id/region/sheffield,E08000019,2004-01,779,monthly,94656,165391,100268,78046,74322,2004-01-01
Sheffield,http://landregistry.data.gov.uk/id/region/sheffield,E08000019,2004-02,721,monthly,94601,164774,100128,78142,74273,2004-02-01
Sheffield,http://landregistry.data.gov.uk/id/region/sheffield,E08000019,2004-03,750,monthly,95828,167149,101221,79236,74905,2004-03-01
Sheffield,http://landregistry.data.gov.uk/id/region/sheffield,E08000019,2004-04,839,monthly,97615,168394,103126,81161,76161,2004-04-01
Sheffield,http://landregistry.data.gov.uk/id/region/sheffield,E08000019,2004-05,829,monthly,103381,176497,109065,86377,80794,2004-05-01
Sheffield,http://landregistry.data.gov.uk/id/region/sheffield,E08000019,2004-06,1010,monthly,107678,182250,113591,90129,84479,2004-06-01
Sheffield,http://landregistry.data.gov.uk/id/region/sheffield,E08000019,2004-07,1110,monthly,112423,190036,118820,94206,87798,2004-07-01
Sheffield,http://landregistry.data.gov.uk/id/region/sheffield,E08000019,2004-08,952,monthly,114166,193501,120762,95710,88743,2004-08-01
Sheffield,http://landregistry.data.gov.uk/id/region/sheffield,E08000019,2004-09,824,monthly,117268,199577,124215,98394,90445,2004-09-01
Sheffield,http://landregistry.data.gov.uk/id/region/sheffield,E08000019,2004-10,889,monthly,116726,198761,123291,97882,90566,2004-10-01
Sheffield,http://landregistry.data.gov.uk/id/region/sheffield,E08000019,2004-11,764,monthly,116573,198238,123041,97675,90811,2004-11-01
Sheffield,http://landregistry.data.gov.uk/id/region/sheffield,E08000019,2004-12,891,monthly,115252,194801,121382,96698,90376,2004-12-01
Sheffield,http://landregistry.data.gov.uk/id/region/sheffield,E08000019,2005-01,676,monthly,115147,194466,120967,96686,90641,2005-01-01
Sheffield,http://landregistry.data.gov.uk/id/region/sheffield,E08000019,2005-02,592,monthly,115673,194944,121439,97090,91395,2005-02-01
Sheffield,http://landregistry.data.gov.uk/id/region/sheffield,E08000019,2005-03,642,monthly,114632,193291,120470,96147,90467,2005-03-01
Sheffield,http://landregistry.data.gov.uk/id/region/sheffield,E08000019,2005-04,703,monthly,115880,194267,122065,97325,91197,2005-04-01
Sheffield,http://landregistry.data.gov.uk/id/region/sheffield,E08000019,2005-05,766,monthly,116802,195452,122917,98308,91813,2005-05-01
Sheffield,http://landregistry.data.gov.uk/id/region/sheffield,E08000019,2005-06,964,monthly,119726,199065,125846,101133,94090,2005-06-01
Sheffield,http://landregistry.data.gov.uk/id/region/sheffield,E08000019,2005-07,1014,monthly,121402,201907,127663,102564,95276,2005-07-01
Sheffield,http://landregistry.data.gov.uk/id/region/sheffield,E08000019,2005-08,850,monthly,123423,205354,129734,104448,96559,2005-08-01
Sheffield,http://landregistry.data.gov.uk/id/region/sheffield,E08000019,2005-09,945,monthly,124704,208289,131075,105545,97231,2005-09-01
Sheffield,http://landregistry.data.gov.uk/id/region/sheffield,E08000019,2005-10,791,monthly,125197,209115,131323,106066,97805,2005-10-01
Sheffield,http://landregistry.data.gov.uk/id/region/sheffield,E08000019,2005-11,748,monthly,123485,205920,129626,104614,96451,2005-11-01
Sheffield,http://landregistry.data.gov.uk/id/region/sheffield,E08000019,2005-12,917,monthly,123925,205505,129846,105055,97465,2005-12-01
Sheffield,http://landregistry.data.gov.uk/id/region/sheffield,E08000019,2006-01,708,monthly,122987,203899,128774,104435,96531,2006-01-01
Sheffield,http://landregistry.data.gov.uk/id/region/sheffield,E08000019,2006-02,724,monthly,125506,207312,131186,106717,98854,2006-02-01
Sheffield,http://landregistry.data.gov.uk/id/region/sheffield,E08000019,2006-03,797,monthly,124946,207145,130880,106266,97655,2006-03-01
Sheffield,http://landregistry.data.gov.uk/id/region/sheffield,E08000019,2006-04,790,monthly,127677,210897,133868,108701,99702,2006-04-01
Sheffield,http://landregistry.data.gov.uk/id/region/sheffield,E08000019,2006-05,857,monthly,127971,211402,134370,108959,99622,2006-05-01
Sheffield,http://landregistry.data.gov.uk/id/region/sheffield,E08000019,2006-06,1032,monthly,129519,213106,135962,110474,100856,2006-06-01
Sheffield,http://landregistry.data.gov.uk/id/region/sheffield,E08000019,2006-07,966,monthly,131484,216399,137960,112366,102073,2006-07-01
Sheffield,http://landregistry.data.gov.uk/id/region/sheffield,E08000019,2006-08,1051,monthly,133683,220368,140258,114569,103081,2006-08-01
Sheffield,http://landregistry.data.gov.uk/id/region/sheffield,E08000019,2006-09,1021,monthly,135814,224662,142494,116352,104493,2006-09-01
Sheffield,http://landregistry.data.gov.uk/id/region/sheffield,E08000019,2006-10,947,monthly,136701,226512,143412,117016,105215,2006-10-01
Sheffield,http://landregistry.data.gov.uk/id/region/sheffield,E08000019,2006-11,990,monthly,137404,227759,144289,117522,105692,2006-11-01
Sheffield,http://landregistry.data.gov.uk/id/region/sheffield,E08000019,2006-12,952,monthly,136963,226095,143753,117361,105440,2006-12-01
Sheffield,http://landregistry.data.gov.uk/id/region/sheffield,E08000019,2007-01,766,monthly,136426,225183,143275,116950,104825,2007-01-01
Sheffield,http://landregistry.data.gov.uk/id/region/sheffield,E08000019,2007-02,712,monthly,135798,223862,142398,116294,104862,2007-02-01
Sheffield,http://landregistry.data.gov.uk/id/region/sheffield,E08000019,2007-03,789,monthly,136857,226217,143579,117247,105259,2007-03-01
Sheffield,http://landregistry.data.gov.uk/id/region/sheffield,E08000019,2007-04,796,monthly,138558,228292,145247,119017,106460,2007-04-01
Sheffield,http://landregistry.data.gov.uk/id/region/sheffield,E08000019,2007-05,1000,monthly,139939,229688,146628,120498,107420,2007-05-01
Sheffield,http://landregistry.data.gov.uk/id/region/sheffield,E08000019,2007-06,1028,monthly,142320,233269,148991,122669,109319,2007-06-01
Sheffield,http://landregistry.data.gov.uk/id/region/sheffield,E08000019,2007-07,1069,monthly,143516,235947,150229,123608,110191,2007-07-01
Sheffield,http://landregistry.data.gov.uk/id/region/sheffield,E08000019,2007-08,1088,monthly,144655,239116,151595,124825,110176,2007-08-01
Sheffield,http://landregistry.data.gov.uk/id/region/sheffield,E08000019,2007-09,848,monthly,144536,239907,151553,124667,109799,2007-09-01
Sheffield,http://landregistry.data.gov.uk/id/region/sheffield,E08000019,2007-10,958,monthly,144875,241031,151736,124884,110217,2007-10-01
Sheffield,http://landregistry.data.gov.uk/id/region/sheffield,E08000019,2007-11,914,monthly,144062,240185,150930,123920,109777,2007-11-01
Sheffield,http://landregistry.data.gov.uk/id/region/sheffield,E08000019,2007-12,763,monthly,144341,240197,151068,124096,110384,2007-12-01
Sheffield,http://landregistry.data.gov.uk/id/region/sheffield,E08000019,2008-01,584,monthly,142917,238307,149644,122714,109314,2008-01-01
Sheffield,http://landregistry.data.gov.uk/id/region/sheffield,E08000019,2008-02,602,monthly,141975,236567,148483,121721,109071,2008-02-01
Sheffield,http://landregistry.data.gov.uk/id/region/sheffield,E08000019,2008-03,512,monthly,141116,235772,147906,120959,107929,2008-03-01
Sheffield,http://landregistry.data.gov.uk/id/region/sheffield,E08000019,2008-04,622,monthly,140291,234609,147070,120441,106989,2008-04-01
Sheffield,http://landregistry.data.gov.uk/id/region/sheffield,E08000019,2008-05,732,monthly,141195,235779,148121,121380,107443,2008-05-01
Sheffield,http://landregistry.data.gov.uk/id/region/sheffield,E08000019,2008-06,587,monthly,140007,233457,146722,120384,106757,2008-06-01
Sheffield,http://landregistry.data.gov.uk/id/region/sheffield,E08000019,2008-07,579,monthly,139870,232999,146736,120100,106727,2008-07-01
Sheffield,http://landregistry.data.gov.uk/id/region/sheffield,E08000019,2008-08,465,monthly,137842,230464,144639,118442,104854,2008-08-01
Sheffield,http://landregistry.data.gov.uk/id/region/sheffield,E08000019,2008-09,389,monthly,133570,225225,140051,114611,101485,2008-09-01
Sheffield,http://landregistry.data.gov.uk/id/region/sheffield,E08000019,2008-10,452,monthly,130276,220170,136617,111810,98819,2008-10-01
Sheffield,http://landregistry.data.gov.uk/id/region/sheffield,E08000019,2008-11,378,monthly,127466,215688,133845,109229,96638,2008-11-01
Sheffield,http://landregistry.data.gov.uk/id/region/sheffield,E08000019,2008-12,366,monthly,125658,211667,132183,107965,94878,2008-12-01
Sheffield,http://landregistry.data.gov.uk/id/region/sheffield,E08000019,2009-01,224,monthly,123331,208533,129702,105909,93051,2009-01-01
Sheffield,http://landregistry.data.gov.uk/id/region/sheffield,E08000019,2009-02,235,monthly,121482,205418,127743,104253,91916,2009-02-01
Sheffield,http://landregistry.data.gov.uk/id/region/sheffield,E08000019,2009-03,300,monthly,121117,204899,127262,103724,92203,2009-03-01
Sheffield,http://landregistry.data.gov.uk/id/region/sheffield,E08000019,2009-04,292,monthly,120480,202526,126807,103309,91672,2009-04-01
Sheffield,http://landregistry.data.gov.uk/id/region/sheffield,E08000019,2009-05,389,monthly,120196,201291,126468,103381,91218,2009-05-01
Sheffield,http://landregistry.data.gov.uk/id/region/sheffield,E08000019,2009-06,378,monthly,120193,201002,126589,103598,90608,2009-06-01
Sheffield,http://landregistry.data.gov.uk/id/region/sheffield,E08000019,2009-07,488,monthly,122182,204647,128719,105489,91466,2009-07-01
Sheffield,http://landregistry.data.gov.uk/id/region/sheffield,E08000019,2009-08,445,monthly,125495,211020,132251,108398,93312,2009-08-01
Sheffield,http://landregistry.data.gov.uk/id/region/sheffield,E08000019,2009-09,498,monthly,128229,216142,135199,110780,94888,2009-09-01
Sheffield,http://landregistry.data.gov.uk/id/region/sheffield,E08000019,2009-10,526,monthly,130189,219880,137435,112377,95990,2009-10-01
Sheffield,http://landregistry.data.gov.uk/id/region/sheffield,E08000019,2009-11,514,monthly,129337,218750,136543,111782,94873,2009-11-01
Sheffield,http://landregistry.data.gov.uk/id/region/sheffield,E08000019,2009-12,629,monthly,129418,217700,136804,112142,94571,2009-12-01
Sheffield,http://landregistry.data.gov.uk/id/region/sheffield,E08000019,2010-01,295,monthly,128647,217503,136004,111548,93253,2010-01-01
Sheffield,http://landregistry.data.gov.uk/id/region/sheffield,E08000019,2010-02,360,monthly,128017,216816,135631,110870,92328,2010-02-01
Sheffield,http://landregistry.data.gov.uk/id/region/sheffield,E08000019,2010-03,394,monthly,128717,220000,136225,111064,92943,2010-03-01
Sheffield,http://landregistry.data.gov.uk/id/region/sheffield,E08000019,2010-04,404,monthly,128249,218315,135780,110658,92952,2010-04-01
Sheffield,http://landregistry.data.gov.uk/id/region/sheffield,E08000019,2010-05,432,monthly,128949,219486,136324,111280,93786,2010-05-01
Sheffield,http://landregistry.data.gov.uk/id/region/sheffield,E08000019,2010-06,460,monthly,129258,219623,136760,111838,93436,2010-06-01
Sheffield,http://landregistry.data.gov.uk/id/region/sheffield,E08000019,2010-07,559,monthly,128985,220122,136421,111645,92774,2010-07-01
Sheffield,http://landregistry.data.gov.uk/id/region/sheffield,E08000019,2010-08,470,monthly,129634,221670,137443,112094,92645,2010-08-01
Sheffield,http://landregistry.data.gov.uk/id/region/sheffield,E08000019,2010-09,470,monthly,128485,220942,136226,110872,91660,2010-09-01
Sheffield,http://landregistry.data.gov.uk/id/region/sheffield,E08000019,2010-10,456,monthly,128533,221106,136365,110770,91770,2010-10-01
Sheffield,http://landregistry.data.gov.uk/id/region/sheffield,E08000019,2010-11,410,monthly,126439,218172,134039,108801,90462,2010-11-01
Sheffield,http://landregistry.data.gov.uk/id/region/sheffield,E08000019,2010-12,470,monthly,126808,218290,134561,109049,90878,2010-12-01
Sheffield,http://landregistry.data.gov.uk/id/region/sheffield,E08000019,2011-01,289,monthly,124385,214784,131852,106842,89306,2011-01-01
Sheffield,http://landregistry.data.gov.uk/id/region/sheffield,E08000019,2011-02,339,monthly,122679,212304,129839,105411,88152,2011-02-01
Sheffield,http://landregistry.data.gov.uk/id/region/sheffield,E08000019,2011-03,325,monthly,120304,209654,127181,103175,86394,2011-03-01
Sheffield,http://landregistry.data.gov.uk/id/region/sheffield,E08000019,2011-04,459,monthly,121086,210777,128007,103937,86876,2011-04-01
Sheffield,http://landregistry.data.gov.uk/id/region/sheffield,E08000019,2011-05,366,monthly,122787,212578,129834,105412,88529,2011-05-01
Sheffield,http://landregistry.data.gov.uk/id/region/sheffield,E08000019,2011-06,504,monthly,123040,211123,130191,105885,88865,2011-06-01
Sheffield,http://landregistry.data.gov.uk/id/region/sheffield,E08000019,2011-07,477,monthly,124015,212074,131217,106716,89912,2011-07-01
Sheffield,http://landregistry.data.gov.uk/id/region/sheffield,E08000019,2011-08,533,monthly,125921,215958,133495,108421,90440,2011-08-01
Sheffield,http://landregistry.data.gov.uk/id/region/sheffield,E08000019,2011-09,470,monthly,126144,217509,133737,108617,90065,2011-09-01
Sheffield,http://landregistry.data.gov.uk/id/region/sheffield,E08000019,2011-10,475,monthly,125586,217468,133399,108005,89103,2011-10-01
Sheffield,http://landregistry.data.gov.uk/id/region/sheffield,E08000019,2011-11,492,monthly,123755,214272,131365,106275,88286,2011-11-01
Sheffield,http://landregistry.data.gov.uk/id/region/sheffield,E08000019,2011-12,491,monthly,124359,214566,132177,106685,88971,2011-12-01
Sheffield,http://landregistry.data.gov.uk/id/region/sheffield,E08000019,2012-01,346,monthly,123367,211954,131191,105986,88229,2012-01-01
Sheffield,http://landregistry.data.gov.uk/id/region/sheffield,E08000019,2012-02,356,monthly,124690,214132,132680,107288,88721,2012-02-01
Sheffield,http://landregistry.data.gov.uk/id/region/sheffield,E08000019,2012-03,468,monthly,123236,210878,131082,106284,87676,2012-03-01
Sheffield,http://landregistry.data.gov.uk/id/region/sheffield,E08000019,2012-04,321,monthly,124195,212659,131937,107072,88655,2012-04-01
Sheffield,http://landregistry.data.gov.uk/id/region/sheffield,E08000019,2012-05,424,monthly,123518,211084,131136,106570,88360,2012-05-01
Sheffield,http://landregistry.data.gov.uk/id/region/sheffield,E08000019,2012-06,480,monthly,125006,213606,132531,108067,89315,2012-06-01
Sheffield,http://landregistry.data.gov.uk/id/region/sheffield,E08000019,2012-07,481,monthly,127036,216933,134605,110054,90489,2012-07-01
Sheffield,http://landregistry.data.gov.uk/id/region/sheffield,E08000019,2012-08,566,monthly,129346,220800,137057,112262,91736,2012-08-01
Sheffield,http://landregistry.data.gov.uk/id/region/sheffield,E08000019,2012-09,437,monthly,130389,223323,138172,113060,92287,2012-09-01
Sheffield,http://landregistry.data.gov.uk/id/region/sheffield,E08000019,2012-10,479,monthly,128960,220684,136719,111794,91330,2012-10-01
Sheffield,http://landregistry.data.gov.uk/id/region/sheffield,E08000019,2012-11,538,monthly,127541,218383,135231,110485,90394,2012-11-01
Sheffield,http://landregistry.data.gov.uk/id/region/sheffield,E08000019,2012-12,455,monthly,125342,214682,133042,108456,88807,2012-12-01
Sheffield,http://landregistry.data.gov.uk/id/region/sheffield,E08000019,2013-01,348,monthly,125723,215783,133705,108662,88656,2013-01-01
Sheffield,http://landregistry.data.gov.uk/id/region/sheffield,E08000019,2013-02,375,monthly,123872,212893,131816,107029,87133,2013-02-01
Sheffield,http://landregistry.data.gov.uk/id/region/sheffield,E08000019,2013-03,474,monthly,125062,215541,133137,107915,87857,2013-03-01
Sheffield,http://landregistry.data.gov.uk/id/region/sheffield,E08000019,2013-04,406,monthly,124209,213907,132010,107339,87363,2013-04-01
Sheffield,http://landregistry.data.gov.uk/id/region/sheffield,E08000019,2013-05,497,monthly,125696,216078,133562,108644,88583,2013-05-01
Sheffield,http://landregistry.data.gov.uk/id/region/sheffield,E08000019,2013-06,461,monthly,126900,217043,134785,110009,89371,2013-06-01
Sheffield,http://landregistry.data.gov.uk/id/region/sheffield,E08000019,2013-07,571,monthly,127997,218631,135877,111087,90137,2013-07-01
Sheffield,http://landregistry.data.gov.uk/id/region/sheffield,E08000019,2013-08,639,monthly,129225,220627,137209,112253,90807,2013-08-01
Sheffield,http://landregistry.data.gov.uk/id/region/sheffield,E08000019,2013-09,541,monthly,129124,221626,137111,111945,90642,2013-09-01
Sheffield,http://landregistry.data.gov.uk/id/region/sheffield,E08000019,2013-10,647,monthly,129781,223601,138031,112223,90956,2013-10-01
Sheffield,http://landregistry.data.gov.uk/id/region/sheffield,E08000019,2013-11,662,monthly,128847,222418,137159,111263,90219,2013-11-01
Sheffield,http://landregistry.data.gov.uk/id/region/sheffield,E08000019,2013-12,661,monthly,130141,223380,138714,112422,91306,2013-12-01
Sheffield,http://landregistry.data.gov.uk/id/region/sheffield,E08000019,2014-01,525,monthly,129482,221857,137997,111884,90970,2014-01-01
Sheffield,http://landregistry.data.gov.uk/id/region/sheffield,E08000019,2014-02,549,monthly,131484,225377,140170,113590,92316,2014-02-01
Sheffield,http://landregistry.data.gov.uk/id/region/sheffield,E08000019,2014-03,552,monthly,130449,223788,139126,112632,91533,2014-03-01
Sheffield,http://landregistry.data.gov.uk/id/region/sheffield,E08000019,2014-04,552,monthly,132879,227447,141683,114910,93153,2014-04-01
Sheffield,http://landregistry.data.gov.uk/id/region/sheffield,E08000019,2014-05,587,monthly,133544,227676,142317,115675,93753,2014-05-01
Sheffield,http://landregistry.data.gov.uk/id/region/sheffield,E08000019,2014-06,643,monthly,134538,229308,143431,116652,94153,2014-06-01
Sheffield,http://landregistry.data.gov.uk/id/region/sheffield,E08000019,2014-07,756,monthly,135132,230304,144109,117230,94377,2014-07-01
Sheffield,http://landregistry.data.gov.uk/id/region/sheffield,E08000019,2014-08,786,monthly,136769,233682,145927,118642,95158,2014-08-01
Sheffield,http://landregistry.data.gov.uk/id/region/sheffield,E08000019,2014-09,658,monthly,138768,237347,147938,120378,96628,2014-09-01
Sheffield,http://landregistry.data.gov.uk/id/region/sheffield,E08000019,2014-10,743,monthly,140658,240937,150051,121829,98011,2014-10-01
Sheffield,http://landregistry.data.gov.uk/id/region/sheffield,E08000019,2014-11,612,monthly,140656,241194,150170,121643,98075,2014-11-01
Sheffield,http://landregistry.data.gov.uk/id/region/sheffield,E08000019,2014-12,704,monthly,141246,242370,150869,122011,98595,2014-12-01
Sheffield,http://landregistry.data.gov.uk/id/region/sheffield,E08000019,2015-01,440,monthly,140618,241169,150257,121424,98208,2015-01-01
Sheffield,http://landregistry.data.gov.uk/id/region/sheffield,E08000019,2015-02,513,monthly,139027,238064,148368,120032,97607,2015-02-01
Sheffield,http://landregistry.data.gov.uk/id/region/sheffield,E08000019,2015-03,494,monthly,138350,237197,147708,119263,97283,2015-03-01
Sheffield,http://landregistry.data.gov.uk/id/region/sheffield,E08000019,2015-04,471,monthly,137916,236722,147140,118967,96867,2015-04-01
Sheffield,http://landregistry.data.gov.uk/id/region/sheffield,E08000019,2015-05,597,monthly,139023,238546,148508,119895,97432,2015-05-01
Sheffield,http://landregistry.data.gov.uk/id/region/sheffield,E08000019,2015-06,674,monthly,139958,239891,149632,121000,97375,2015-06-01
Sheffield,http://landregistry.data.gov.uk/id/region/sheffield,E08000019,2015-07,776,monthly,143975,246257,154112,124450,100142,2015-07-01
Sheffield,http://landregistry.data.gov.uk/id/region/sheffield,E08000019,2015-08,769,monthly,146877,251537,157132,127119,101830,2015-08-01
Sheffield,http://landregistry.data.gov.uk/id/region/sheffield,E08000019,2015-09,711,monthly,148263,255081,158458,128102,102988,2015-09-01
Sheffield,http://landregistry.data.gov.uk/id/region/sheffield,E08000019,2015-10,782,monthly,146320,252640,156435,126357,101303,2015-10-01
Sheffield,http://landregistry.data.gov.uk/id/region/sheffield,E08000019,2015-11,662,monthly,145286,251291,155490,125289,100505,2015-11-01
Sheffield,http://landregistry.data.gov.uk/id/region/sheffield,E08000019,2015-12,672,monthly,144767,250076,155168,124831,99927,2015-12-01
Sheffield,http://landregistry.data.gov.uk/id/region/sheffield,E08000019,2016-01,508,monthly,145079,250143,155704,125007,100217,2016-01-01
Sheffield,http://landregistry.data.gov.uk/id/region/sheffield,E08000019,2016-02,536,monthly,144773,249595,155411,124709,100030,2016-02-01
Sheffield,http://landregistry.data.gov.uk/id/region/sheffield,E08000019,2016-03,879,monthly,145013,250187,155422,124849,100655,2016-03-01
Sheffield,http://landregistry.data.gov.uk/id/region/sheffield,E08000019,2016-04,449,monthly,146031,251926,156410,125910,101153,2016-04-01
Sheffield,http://landregistry.data.gov.uk/id/region/sheffield,E08000019,2016-05,474,monthly,146356,251269,156626,126373,101737,2016-05-01
Sheffield,http://landregistry.data.gov.uk/id/region/sheffield,E08000019,2016-06,554,monthly,148554,254417,159028,128418,103143,2016-06-01
Sheffield,http://landregistry.data.gov.uk/id/region/sheffield,E08000019,2016-07,672,monthly,150125,256924,160466,129819,104612,2016-07-01
Sheffield,http://landregistry.data.gov.uk/id/region/sheffield,E08000019,2016-08,720,monthly,151805,260614,162245,131150,105713,2016-08-01
Sheffield,http://landregistry.data.gov.uk/id/region/sheffield,E08000019,2016-09,704,monthly,152074,261362,162710,131236,105797,2016-09-01
Sheffield,http://landregistry.data.gov.uk/id/region/sheffield,E08000019,2016-10,607,monthly,149344,257624,160018,128437,104041,2016-10-01
Sheffield,http://landregistry.data.gov.uk/id/region/sheffield,E08000019,2016-11,653,monthly,148852,258005,159676,127619,103698,2016-11-01
Sheffield,http://landregistry.data.gov.uk/id/region/sheffield,E08000019,2016-12,678,monthly,149261,259009,160026,127799,104357,2016-12-01
Sheffield,http://landregistry.data.gov.uk/id/region/sheffield,E08000019,2017-01,523,monthly,150809,261758,161542,129150,105590,2017-01-01
Sheffield,http://landregistry.data.gov.uk/id/region/sheffield,E08000019,2017-02,554,monthly,150641,260941,161111,129128,105801,2017-02-01
Sheffield,http://landregistry.data.gov.uk/id/region/sheffield,E08000019,2017-03,639,monthly,148643,257597,158919,127308,104618,2017-03-01
Sheffield,http://landregistry.data.gov.uk/id/region/sheffield,E08000019,2017-04,502,monthly,148679,257439,158780,127359,104927,2017-04-01
Sheffield,http://landregistry.data.gov.uk/id/region/sheffield,E08000019,2017-05,579,monthly,149382,257863,159725,127861,105633,2017-05-01
Sheffield,http://landregistry.data.gov.uk/id/region/sheffield,E08000019,2017-06,675,monthly,151984,261220,162360,130299,107724,2017-06-01
Sheffield,http://landregistry.data.gov.uk/id/region/sheffield,E08000019,2017-07,723,monthly,154056,264219,164756,132096,109119,2017-07-01
Sheffield,http://landregistry.data.gov.uk/id/region/sheffield,E08000019,2017-08,720,monthly,157313,270022,168080,135169,111066,2017-08-01
Sheffield,http://landregistry.data.gov.uk/id/region/sheffield,E08000019,2017-09,723,monthly,160734,276739,171828,138019,113196,2017-09-01
Sheffield,http://landregistry.data.gov.uk/id/region/sheffield,E08000019,2017-10,695,monthly,161868,279311,173260,138882,113666,2017-10-01
Sheffield,http://landregistry.data.gov.uk/id/region/sheffield,E08000019,2017-11,739,monthly,159771,276231,171463,136899,111716,2017-11-01
Sheffield,http://landregistry.data.gov.uk/id/region/sheffield,E08000019,2017-12,666,monthly,156945,271145,168821,134531,109198,2017-12-01
Sheffield,http://landregistry.data.gov.uk/id/region/sheffield,E08000019,2018-01,514,monthly,156092,269334,167985,133793,108631,2018-01-01
Sheffield,http://landregistry.data.gov.uk/id/region/sheffield,E08000019,2018-02,527,monthly,159306,274814,171255,136589,111098,2018-02-01
Sheffield,http://landregistry.data.gov.uk/id/region/sheffield,E08000019,2018-03,596,monthly,160607,277137,172670,137736,111909,2018-03-01
Sheffield,http://landregistry.data.gov.uk/id/region/sheffield,E08000019,2018-04,511,monthly,162205,280013,174499,139406,112300,2018-04-01
Sheffield,http://landregistry.data.gov.uk/id/region/sheffield,E08000019,2018-05,577,monthly,161277,278375,173706,138701,111204,2018-05-01
Sheffield,http://landregistry.data.gov.uk/id/region/sheffield,E08000019,2018-06,663,monthly,162250,280088,174952,139437,111740,2018-06-01
Sheffield,http://landregistry.data.gov.uk/id/region/sheffield,E08000019,2018-07,599,monthly,162632,281106,175247,139670,112190,2018-07-01
Sheffield,http://landregistry.data.gov.uk/id/region/sheffield,E08000019,2018-08,778,monthly,165185,285465,177930,141925,113970,2018-08-01
Sheffield,http://landregistry.data.gov.uk/id/region/sheffield,E08000019,2018-09,645,monthly,164804,285186,177390,141657,113647,2018-09-01
Sheffield,http://landregistry.data.gov.uk/id/region/sheffield,E08000019,2018-10,672,monthly,166000,287512,178859,142529,114359,2018-10-01
Sheffield,http://landregistry.data.gov.uk/id/region/sheffield,E08000019,2018-11,814,monthly,163820,284737,176757,140557,112264,2018-11-01
Sheffield,http://landregistry.data.gov.uk/id/region/sheffield,E08000019,2018-12,617,monthly,165617,287651,178894,142001,113449,2018-12-01
Sheffield,http://landregistry.data.gov.uk/id/region/sheffield,E08000019,2019-01,548,monthly,164509,286246,177805,140939,112515,2019-01-01
Sheffield,http://landregistry.data.gov.uk/id/region/sheffield,E08000019,2019-02,611,monthly,165741,288269,179177,141732,113796,2019-02-01
Sheffield,http://landregistry.data.gov.uk/id/region/sheffield,E08000019,2019-03,613,monthly,163117,283987,176579,139533,111448,2019-03-01
Sheffield,http://landregistry.data.gov.uk/id/region/sheffield,E08000019,2019-04,505,monthly,164507,285501,178040,141011,112352,2019-04-01
Sheffield,http://landregistry.data.gov.uk/id/region/sheffield,E08000019,2019-05,692,monthly,164039,283988,177639,141047,111413,2019-05-01
Sheffield,http://landregistry.data.gov.uk/id/region/sheffield,E08000019,2019-06,581,monthly,165342,285689,178963,142225,112570,2019-06-01
Sheffield,http://landregistry.data.gov.uk/id/region/sheffield,E08000019,2019-07,659,monthly,165483,285634,179020,142387,112870,2019-07-01
Sheffield,http://landregistry.data.gov.uk/id/region/sheffield,E08000019,2019-08,673,monthly,165468,285537,178852,142498,112913,2019-08-01
Sheffield,http://landregistry.data.gov.uk/id/region/sheffield,E08000019,2019-09,616,monthly,167407,288974,180593,144388,114372,2019-09-01
Sheffield,http://landregistry.data.gov.uk/id/region/sheffield,E08000019,2019-10,702,monthly,168649,291283,182506,145326,114493,2019-10-01
Sheffield,http://landregistry.data.gov.uk/id/region/sheffield,E08000019,2019-11,672,monthly,169335,293116,183660,145722,114395,2019-11-01
Sheffield,http://landregistry.data.gov.uk/id/region/sheffield,E08000019,2019-12,661,monthly,170587,295819,185581,146792,114163,2019-12-01
Sheffield,http://landregistry.data.gov.uk/id/region/sheffield,E08000019,2020-01,544,monthly,169928,295001,184835,146328,113459,2020-01-01
Sheffield,http://landregistry.data.gov.uk/id/region/sheffield,E08000019,2020-02,540,monthly,171310,297272,186288,147676,114274,2020-02-01
Sheffield,http://landregistry.data.gov.uk/id/region/sheffield,E08000019,2020-03,479,monthly,169933,294777,184728,146415,113622,2020-03-01
Sheffield,http://landregistry.data.gov.uk/id/region/sheffield,E08000019,2020-04,215,monthly,166364,289517,180864,143491,110614,2020-04-01
Sheffield,http://landregistry.data.gov.uk/id/region/sheffield,E08000019,2020-05,282,monthly,164152,286011,178532,141257,109402,2020-05-01
Sheffield,http://landregistry.data.gov.uk/id/region/sheffield,E08000019,2020-06,424,monthly,163896,285206,178416,141315,108716,2020-06-01
Sheffield,http://landregistry.data.gov.uk/id/region/sheffield,E08000019,2020-07,494,monthly,167849,290840,182623,144870,111745,2020-07-01
Sheffield,http://landregistry.data.gov.uk/id/region/sheffield,E08000019,2020-08,467,monthly,170609,295582,185741,147660,112815,2020-08-01
Sheffield,http://landregistry.data.gov.uk/id/region/sheffield,E08000019,2020-09,492,monthly,173865,302253,189149,150435,114823,2020-09-01
Sheffield,http://landregistry.data.gov.uk/id/region/sheffield,E08000019,2020-10,727,monthly,175098,305484,190461,151614,115084,2020-10-01
Sheffield,http://landregistry.data.gov.uk/id/region/sheffield,E08000019,2020-11,619,monthly,178431,311597,193757,154721,117298,2020-11-01
Sheffield,http://landregistry.data.gov.uk/id/region/sheffield,E08000019,2020-12,757,monthly,179803,313820,195075,156223,118050,2020-12-01
Sheffield,http://landregistry.data.gov.uk/id/region/sheffield,E08000019,2021-01,606,monthly,185113,320581,200550,161036,122648,2021-01-01
Sheffield,http://landregistry.data.gov.uk/id/region/sheffield,E08000019,2021-02,749,monthly,187319,321545,202569,163277,125317,2021-02-01
Sheffield,http://landregistry.data.gov.uk/id/region/sheffield,E08000019,2021-03,1003,monthly,189223,321889,204164,165199,128097,2021-03-01
Sheffield,http://landregistry.data.gov.uk/id/region/sheffield,E08000019,2021-04,647,monthly,187133,318307,201683,163502,126837,2021-04-01
Sheffield,http://landregistry.data.gov.uk/id/region/sheffield,E08000019,2021-05,564,monthly,184090,313758,198440,160761,124561,2021-05-01
Sheffield,http://landregistry.data.gov.uk/id/region/sheffield,E08000019,2021-06,958,monthly,188272,320010,202658,165089,127113,2021-06-01
Sheffield,http://landregistry.data.gov.uk/id/region/sheffield,E08000019,2021-07,448,monthly,185750,316633,200332,162432,125136,2021-07-01
Sheffield,http://landregistry.data.gov.uk/id/region/sheffield,E08000019,2021-08,551,monthly,188406,322245,203670,164530,126062,2021-08-01
Sheffield,http://landregistry.data.gov.uk/id/region/sheffield,E08000019,2021-09,949,monthly,188658,323876,204521,164283,125532,2021-09-01
Sheffield,http://landregistry.data.gov.uk/id/region/sheffield,E08000019,2021-10,483,monthly,191261,330424,207374,166423,126490,2021-10-01
Sheffield,http://landregistry.data.gov.uk/id/region/sheffield,E08000019,2021-11,577,monthly,193535,335182,209847,168246,127877,2021-11-01
Sheffield,http://landregistry.data.gov.uk/id/region/sheffield,E08000019,2021-12,642,monthly,192542,335410,208934,167100,126548,2021-12-01
Sheffield,http://landregistry.data.gov.uk/id/region/sheffield,E08000019,2022-01,473,monthly,196863,341327,213903,171266,128963,2022-01-01
Sheffield,http://landregistry.data.gov.uk/id/region/sheffield,E08000019,2022-02,630,monthly,197988,342366,215094,172322,130005,2022-02-01
Sheffield,http://landregistry.data.gov.uk/id/region/sheffield,E08000019,2022-03,595,monthly,197227,341243,214696,171398,129191,2022-03-01
Sheffield,http://landregistry.data.gov.uk/id/region/sheffield,E08000019,2022-04,518,monthly,198762,343574,215997,173073,130289,2022-04-01
Sheffield,http://landregistry.data.gov.uk/id/region/sheffield,E08000019,2022-05,509,monthly,200517,346292,218111,175029,130533,2022-05-01
Sheffield,http://landregistry.data.gov.uk/id/region/sheffield,E08000019,2022-06,573,monthly,204807,352825,222632,179300,133011,2022-06-01
Sheffield,http://landregistry.data.gov.uk/id/region/sheffield,E08000019,2022-07,606,monthly,206625,355030,224938,181134,133693,2022-07-01
Sheffield,http://landregistry.data.gov.uk/id/region/sheffield,E08000019,2022-08,553,monthly,210376,360933,228994,184783,135779,2022-08-01
Sheffield,http://landregistry.data.gov.uk/id/region/sheffield,E08000019,2022-09,657,monthly,216327,371308,235602,190125,139164,2022-09-01
Sheffield,http://landregistry.data.gov.uk/id/region/sheffield,E08000019,2022-10,579,monthly,221743,381678,241720,194718,142165,2022-10-01
Sheffield,http://landregistry.data.gov.uk/id/region/sheffield,E08000019,2022-11,620,monthly,224723,387616,245101,197120,143904,2022-11-01
Sheffield,http://landregistry.data.gov.uk/id/region/sheffield,E08000019,2022-12,532,monthly,223205,384771,243651,195750,142796,2022-12-01
Sheffield,http://landregistry.data.gov.uk/id/region/sheffield,E08000019,2023-01,462,monthly,220660,380452,240767,193375,141534,2023-01-01
Sheffield,http://landregistry.data.gov.uk/id/region/sheffield,E08000019,2023-02,470,monthly,215039,371210,234661,188163,138196,2023-02-01
Sheffield,http://landregistry.data.gov.uk/id/region/sheffield,E08000019,2023-03,528,monthly,211683,367037,231234,184460,136371,2023-03-01
Sheffield,http://landregistry.data.gov.uk/id/region/sheffield,E08000019,2023-04,337,monthly,208715,362503,227995,181605,134694,2023-04-01
Sheffield,http://landregistry.data.gov.uk/id/region/sheffield,E08000019,2023-05,336,monthly,206868,358710,225822,179986,133952,2023-05-01
Sheffield,http://landregistry.data.gov.uk/id/region/sheffield,E08000019,2023-06,429,monthly,205914,355951,224230,179698,133594,2023-06-01
Sheffield,http://landregistry.data.gov.uk/id/region/sheffield,E08000019,2023-07,485,monthly,210318,362379,229131,183920,136070,2023-07-01
Sheffield,http://landregistry.data.gov.uk/id/region/sheffield,E08000019,2023-08,512,monthly,216259,372688,235780,189497,139000,2023-08-01
Sheffield,http://landregistry.data.gov.uk/id/region/sheffield,E08000019,2023-09,467,monthly,220143,379640,240336,193070,140667,2023-09-01
Sheffield,http://landregistry.data.gov.uk/id/region/sheffield,E08000019,2023-10,445,monthly,219745,378934,240044,192650,140334,2023-10-01
Sheffield,http://landregistry.data.gov.uk/id/region/sheffield,E08000019,2023-11,466,monthly,219288,379100,239819,191674,140282,2023-11-01
Sheffield,http://landregistry.data.gov.uk/id/region/sheffield,E08000019,2023-12,331,monthly,215395,372109,235847,187969,137973,2023-12-01
Sheffield,http://landregistry.data.gov.uk/id/region/sheffield,E08000019,2024-01,267,monthly,215575,372730,236035,188292,137721,2024-01-01
Sheffield,http://landregistry.data.gov.uk/id/region/sheffield,E08000019,2024-02,207,monthly,214291,369967,234782,187368,136532,2024-02-01
Sheffield,http://landregistry.data.gov.uk/id/region/sheffield,E08000019,2024-03,,monthly,214697,370795,235158,187414,137372,2024-03-01
Sheffield,http://landregistry.data.gov.uk/id/region/sheffield,E08000019,2024-04,,monthly,213543,367462,234133,186276,136998,2024-04-01
