"Name","URI","Region GSS code","Period","Sales volume","Reporting period","Average price All property types","Average price Detached houses","Average price Semi-detached houses","Average price Terraced houses","Average price Flats and maisonettes","Pivotable date"
Southampton,http://landregistry.data.gov.uk/id/region/southampton,E06000045,2004-01,395,monthly,135843,229299,158149,127499,109849,2004-01-01
Southampton,http://landregistry.data.gov.uk/id/region/southampton,E06000045,2004-02,428,monthly,138452,232580,160845,130087,112206,2004-02-01
Southampton,http://landregistry.data.gov.uk/id/region/southampton,E06000045,2004-03,385,monthly,139554,234738,161887,131245,113068,2004-03-01
Southampton,http://landregistry.data.gov.uk/id/region/southampton,E06000045,2004-04,537,monthly,139481,232187,161774,131920,112889,2004-04-01
Southampton,http://landregistry.data.gov.uk/id/region/southampton,E06000045,2004-05,494,monthly,141320,233105,163607,134272,114445,2004-05-01
Southampton,http://landregistry.data.gov.uk/id/region/southampton,E06000045,2004-06,520,monthly,141136,230728,163260,134415,114463,2004-06-01
Southampton,http://landregistry.data.gov.uk/id/region/southampton,E06000045,2004-07,581,monthly,142979,233729,165648,136363,115706,2004-07-01
Southampton,http://landregistry.data.gov.uk/id/region/southampton,E06000045,2004-08,491,monthly,143804,235537,166835,137262,116113,2004-08-01
Southampton,http://landregistry.data.gov.uk/id/region/southampton,E06000045,2004-09,443,monthly,147425,242672,171334,140866,118606,2004-09-01
Southampton,http://landregistry.data.gov.uk/id/region/southampton,E06000045,2004-10,371,monthly,148995,244989,172575,142026,120426,2004-10-01
Southampton,http://landregistry.data.gov.uk/id/region/southampton,E06000045,2004-11,315,monthly,149744,245752,173109,142589,121373,2004-11-01
Southampton,http://landregistry.data.gov.uk/id/region/southampton,E06000045,2004-12,347,monthly,148595,242333,171191,141549,120941,2004-12-01
Southampton,http://landregistry.data.gov.uk/id/region/southampton,E06000045,2005-01,251,monthly,146907,239129,168887,140142,119687,2005-01-01
Southampton,http://landregistry.data.gov.uk/id/region/southampton,E06000045,2005-02,287,monthly,146636,237773,168735,139962,119468,2005-02-01
Southampton,http://landregistry.data.gov.uk/id/region/southampton,E06000045,2005-03,301,monthly,146109,236678,168374,139593,118856,2005-03-01
Southampton,http://landregistry.data.gov.uk/id/region/southampton,E06000045,2005-04,344,monthly,148140,238467,171058,141839,120367,2005-04-01
Southampton,http://landregistry.data.gov.uk/id/region/southampton,E06000045,2005-05,355,monthly,147524,237517,169966,141518,119881,2005-05-01
Southampton,http://landregistry.data.gov.uk/id/region/southampton,E06000045,2005-06,393,monthly,147787,236742,170133,142265,120032,2005-06-01
Southampton,http://landregistry.data.gov.uk/id/region/southampton,E06000045,2005-07,423,monthly,148062,237583,170512,142728,120050,2005-07-01
Southampton,http://landregistry.data.gov.uk/id/region/southampton,E06000045,2005-08,485,monthly,149896,240847,172720,144842,121236,2005-08-01
Southampton,http://landregistry.data.gov.uk/id/region/southampton,E06000045,2005-09,402,monthly,149816,241662,172668,144746,121032,2005-09-01
Southampton,http://landregistry.data.gov.uk/id/region/southampton,E06000045,2005-10,415,monthly,147716,238067,169765,142595,119670,2005-10-01
Southampton,http://landregistry.data.gov.uk/id/region/southampton,E06000045,2005-11,402,monthly,147656,237237,169646,142480,119784,2005-11-01
Southampton,http://landregistry.data.gov.uk/id/region/southampton,E06000045,2005-12,459,monthly,147306,235154,168718,142120,119987,2005-12-01
Southampton,http://landregistry.data.gov.uk/id/region/southampton,E06000045,2006-01,329,monthly,149308,238451,171148,144375,121341,2006-01-01
Southampton,http://landregistry.data.gov.uk/id/region/southampton,E06000045,2006-02,367,monthly,146758,233350,167971,142081,119468,2006-02-01
Southampton,http://landregistry.data.gov.uk/id/region/southampton,E06000045,2006-03,430,monthly,148513,237367,170498,144004,120336,2006-03-01
Southampton,http://landregistry.data.gov.uk/id/region/southampton,E06000045,2006-04,435,monthly,148999,237557,171172,144717,120625,2006-04-01
Southampton,http://landregistry.data.gov.uk/id/region/southampton,E06000045,2006-05,479,monthly,150385,240014,173019,146160,121517,2006-05-01
Southampton,http://landregistry.data.gov.uk/id/region/southampton,E06000045,2006-06,585,monthly,151047,239934,173885,147045,122048,2006-06-01
Southampton,http://landregistry.data.gov.uk/id/region/southampton,E06000045,2006-07,581,monthly,151138,240026,174058,147450,121904,2006-07-01
Southampton,http://landregistry.data.gov.uk/id/region/southampton,E06000045,2006-08,508,monthly,152122,242006,175306,148852,122298,2006-08-01
Southampton,http://landregistry.data.gov.uk/id/region/southampton,E06000045,2006-09,518,monthly,152839,244192,176224,149641,122596,2006-09-01
Southampton,http://landregistry.data.gov.uk/id/region/southampton,E06000045,2006-10,486,monthly,152890,244650,176195,149471,122750,2006-10-01
Southampton,http://landregistry.data.gov.uk/id/region/southampton,E06000045,2006-11,522,monthly,154194,247035,177898,150634,123718,2006-11-01
Southampton,http://landregistry.data.gov.uk/id/region/southampton,E06000045,2006-12,544,monthly,154687,246680,178267,151265,124315,2006-12-01
Southampton,http://landregistry.data.gov.uk/id/region/southampton,E06000045,2007-01,465,monthly,157135,250521,181188,153820,126147,2007-01-01
Southampton,http://landregistry.data.gov.uk/id/region/southampton,E06000045,2007-02,374,monthly,157968,251222,181809,154376,127220,2007-02-01
Southampton,http://landregistry.data.gov.uk/id/region/southampton,E06000045,2007-03,451,monthly,155909,248640,179629,152468,125281,2007-03-01
Southampton,http://landregistry.data.gov.uk/id/region/southampton,E06000045,2007-04,402,monthly,157427,250343,181205,154327,126475,2007-04-01
Southampton,http://landregistry.data.gov.uk/id/region/southampton,E06000045,2007-05,440,monthly,157847,250114,181537,155212,126743,2007-05-01
Southampton,http://landregistry.data.gov.uk/id/region/southampton,E06000045,2007-06,531,monthly,161953,256226,186110,159366,130102,2007-06-01
Southampton,http://landregistry.data.gov.uk/id/region/southampton,E06000045,2007-07,475,monthly,162764,258017,187276,160207,130547,2007-07-01
Southampton,http://landregistry.data.gov.uk/id/region/southampton,E06000045,2007-08,542,monthly,165526,264069,190972,163301,132064,2007-08-01
Southampton,http://landregistry.data.gov.uk/id/region/southampton,E06000045,2007-09,392,monthly,168578,269464,194616,166229,134412,2007-09-01
Southampton,http://landregistry.data.gov.uk/id/region/southampton,E06000045,2007-10,438,monthly,168599,269999,194163,166012,134708,2007-10-01
Southampton,http://landregistry.data.gov.uk/id/region/southampton,E06000045,2007-11,433,monthly,168795,270431,194194,165792,135170,2007-11-01
Southampton,http://landregistry.data.gov.uk/id/region/southampton,E06000045,2007-12,355,monthly,165869,265943,190689,162818,132918,2007-12-01
Southampton,http://landregistry.data.gov.uk/id/region/southampton,E06000045,2008-01,263,monthly,166342,267282,191324,163140,133252,2008-01-01
Southampton,http://landregistry.data.gov.uk/id/region/southampton,E06000045,2008-02,291,monthly,164483,264529,189191,161108,131825,2008-02-01
Southampton,http://landregistry.data.gov.uk/id/region/southampton,E06000045,2008-03,259,monthly,163687,264348,188683,160436,130742,2008-03-01
Southampton,http://landregistry.data.gov.uk/id/region/southampton,E06000045,2008-04,301,monthly,161943,262096,186948,159028,128946,2008-04-01
Southampton,http://landregistry.data.gov.uk/id/region/southampton,E06000045,2008-05,309,monthly,161546,260878,186741,159123,128322,2008-05-01
Southampton,http://landregistry.data.gov.uk/id/region/southampton,E06000045,2008-06,282,monthly,160831,258679,185916,158715,127758,2008-06-01
Southampton,http://landregistry.data.gov.uk/id/region/southampton,E06000045,2008-07,256,monthly,160463,257190,185800,158336,127454,2008-07-01
Southampton,http://landregistry.data.gov.uk/id/region/southampton,E06000045,2008-08,272,monthly,159654,256166,184825,157549,126782,2008-08-01
Southampton,http://landregistry.data.gov.uk/id/region/southampton,E06000045,2008-09,190,monthly,158801,256792,183706,156430,126007,2008-09-01
Southampton,http://landregistry.data.gov.uk/id/region/southampton,E06000045,2008-10,191,monthly,153269,248416,177052,150783,121768,2008-10-01
Southampton,http://landregistry.data.gov.uk/id/region/southampton,E06000045,2008-11,170,monthly,147750,239845,170804,145131,117381,2008-11-01
Southampton,http://landregistry.data.gov.uk/id/region/southampton,E06000045,2008-12,143,monthly,142701,230707,165097,140462,113292,2008-12-01
Southampton,http://landregistry.data.gov.uk/id/region/southampton,E06000045,2009-01,114,monthly,137619,223087,159102,135275,109327,2009-01-01
Southampton,http://landregistry.data.gov.uk/id/region/southampton,E06000045,2009-02,140,monthly,136517,221073,157625,133939,108818,2009-02-01
Southampton,http://landregistry.data.gov.uk/id/region/southampton,E06000045,2009-03,142,monthly,134665,217662,155149,131637,107956,2009-03-01
Southampton,http://landregistry.data.gov.uk/id/region/southampton,E06000045,2009-04,142,monthly,136668,219820,157774,133789,109472,2009-04-01
Southampton,http://landregistry.data.gov.uk/id/region/southampton,E06000045,2009-05,177,monthly,136096,218547,157285,133574,108725,2009-05-01
Southampton,http://landregistry.data.gov.uk/id/region/southampton,E06000045,2009-06,206,monthly,136793,219852,158440,134631,108694,2009-06-01
Southampton,http://landregistry.data.gov.uk/id/region/southampton,E06000045,2009-07,266,monthly,139478,224688,161869,137699,110146,2009-07-01
Southampton,http://landregistry.data.gov.uk/id/region/southampton,E06000045,2009-08,254,monthly,142846,230740,165948,141284,112320,2009-08-01
Southampton,http://landregistry.data.gov.uk/id/region/southampton,E06000045,2009-09,238,monthly,145303,235071,169092,143857,113845,2009-09-01
Southampton,http://landregistry.data.gov.uk/id/region/southampton,E06000045,2009-10,255,monthly,148360,240460,172888,146868,115971,2009-10-01
Southampton,http://landregistry.data.gov.uk/id/region/southampton,E06000045,2009-11,244,monthly,150079,244242,174971,148877,116773,2009-11-01
Southampton,http://landregistry.data.gov.uk/id/region/southampton,E06000045,2009-12,331,monthly,152233,247126,177657,151449,118170,2009-12-01
Southampton,http://landregistry.data.gov.uk/id/region/southampton,E06000045,2010-01,110,monthly,153392,250063,179251,152855,118449,2010-01-01
Southampton,http://landregistry.data.gov.uk/id/region/southampton,E06000045,2010-02,139,monthly,154305,251632,181022,153702,118704,2010-02-01
Southampton,http://landregistry.data.gov.uk/id/region/southampton,E06000045,2010-03,192,monthly,157128,257407,184244,155978,120927,2010-03-01
Southampton,http://landregistry.data.gov.uk/id/region/southampton,E06000045,2010-04,233,monthly,157940,257873,185216,156668,121815,2010-04-01
Southampton,http://landregistry.data.gov.uk/id/region/southampton,E06000045,2010-05,195,monthly,159147,259826,186243,157762,123033,2010-05-01
Southampton,http://landregistry.data.gov.uk/id/region/southampton,E06000045,2010-06,249,monthly,157355,256590,184471,156436,121257,2010-06-01
Southampton,http://landregistry.data.gov.uk/id/region/southampton,E06000045,2010-07,262,monthly,155264,254399,182247,154642,119058,2010-07-01
Southampton,http://landregistry.data.gov.uk/id/region/southampton,E06000045,2010-08,249,monthly,153737,252622,181149,153177,117291,2010-08-01
Southampton,http://landregistry.data.gov.uk/id/region/southampton,E06000045,2010-09,203,monthly,153925,254253,181483,153261,117126,2010-09-01
Southampton,http://landregistry.data.gov.uk/id/region/southampton,E06000045,2010-10,211,monthly,156347,258348,184315,155362,119149,2010-10-01
Southampton,http://landregistry.data.gov.uk/id/region/southampton,E06000045,2010-11,221,monthly,155749,258000,183289,154411,118947,2010-11-01
Southampton,http://landregistry.data.gov.uk/id/region/southampton,E06000045,2010-12,201,monthly,156867,259389,184837,155343,119884,2010-12-01
Southampton,http://landregistry.data.gov.uk/id/region/southampton,E06000045,2011-01,163,monthly,156039,258068,183713,154471,119357,2011-01-01
Southampton,http://landregistry.data.gov.uk/id/region/southampton,E06000045,2011-02,142,monthly,154600,255536,181884,153161,118293,2011-02-01
Southampton,http://landregistry.data.gov.uk/id/region/southampton,E06000045,2011-03,192,monthly,152069,252799,178575,150495,116320,2011-03-01
Southampton,http://landregistry.data.gov.uk/id/region/southampton,E06000045,2011-04,175,monthly,151605,251978,177906,149983,116072,2011-04-01
Southampton,http://landregistry.data.gov.uk/id/region/southampton,E06000045,2011-05,189,monthly,152238,251989,178459,150517,116926,2011-05-01
Southampton,http://landregistry.data.gov.uk/id/region/southampton,E06000045,2011-06,227,monthly,153315,251911,180001,151818,117838,2011-06-01
Southampton,http://landregistry.data.gov.uk/id/region/southampton,E06000045,2011-07,238,monthly,150874,247261,177163,149427,116059,2011-07-01
Southampton,http://landregistry.data.gov.uk/id/region/southampton,E06000045,2011-08,247,monthly,153086,251994,180511,152122,116839,2011-08-01
Southampton,http://landregistry.data.gov.uk/id/region/southampton,E06000045,2011-09,244,monthly,152379,252058,179880,151510,115892,2011-09-01
Southampton,http://landregistry.data.gov.uk/id/region/southampton,E06000045,2011-10,202,monthly,152338,253188,180390,151415,115357,2011-10-01
Southampton,http://landregistry.data.gov.uk/id/region/southampton,E06000045,2011-11,243,monthly,150702,250097,178186,149274,114636,2011-11-01
Southampton,http://landregistry.data.gov.uk/id/region/southampton,E06000045,2011-12,253,monthly,151134,250404,178768,149496,115130,2011-12-01
Southampton,http://landregistry.data.gov.uk/id/region/southampton,E06000045,2012-01,175,monthly,151468,250468,179348,150173,115182,2012-01-01
Southampton,http://landregistry.data.gov.uk/id/region/southampton,E06000045,2012-02,190,monthly,150997,249868,179097,150306,114274,2012-02-01
Southampton,http://landregistry.data.gov.uk/id/region/southampton,E06000045,2012-03,287,monthly,150585,248401,178572,150340,113891,2012-03-01
Southampton,http://landregistry.data.gov.uk/id/region/southampton,E06000045,2012-04,175,monthly,151976,250585,179888,151608,115213,2012-04-01
Southampton,http://landregistry.data.gov.uk/id/region/southampton,E06000045,2012-05,178,monthly,153779,253506,181853,153216,116791,2012-05-01
Southampton,http://landregistry.data.gov.uk/id/region/southampton,E06000045,2012-06,247,monthly,154877,255364,183091,154758,117380,2012-06-01
Southampton,http://landregistry.data.gov.uk/id/region/southampton,E06000045,2012-07,201,monthly,155875,256775,184387,156132,117900,2012-07-01
Southampton,http://landregistry.data.gov.uk/id/region/southampton,E06000045,2012-08,205,monthly,155045,255428,183721,155934,116731,2012-08-01
Southampton,http://landregistry.data.gov.uk/id/region/southampton,E06000045,2012-09,207,monthly,156453,258634,185470,157137,117685,2012-09-01
Southampton,http://landregistry.data.gov.uk/id/region/southampton,E06000045,2012-10,243,monthly,155631,257249,184553,156296,117051,2012-10-01
Southampton,http://landregistry.data.gov.uk/id/region/southampton,E06000045,2012-11,223,monthly,153982,254757,182505,154485,115902,2012-11-01
Southampton,http://landregistry.data.gov.uk/id/region/southampton,E06000045,2012-12,205,monthly,150044,248568,178021,150623,112721,2012-12-01
Southampton,http://landregistry.data.gov.uk/id/region/southampton,E06000045,2013-01,161,monthly,149015,247267,177311,149550,111626,2013-01-01
Southampton,http://landregistry.data.gov.uk/id/region/southampton,E06000045,2013-02,169,monthly,149757,248457,178289,150285,112144,2013-02-01
Southampton,http://landregistry.data.gov.uk/id/region/southampton,E06000045,2013-03,201,monthly,151068,251069,179847,151221,113266,2013-03-01
Southampton,http://landregistry.data.gov.uk/id/region/southampton,E06000045,2013-04,198,monthly,152767,253913,181557,153045,114618,2013-04-01
Southampton,http://landregistry.data.gov.uk/id/region/southampton,E06000045,2013-05,241,monthly,153068,253959,181982,153312,114927,2013-05-01
Southampton,http://landregistry.data.gov.uk/id/region/southampton,E06000045,2013-06,275,monthly,153712,253850,182924,154504,115224,2013-06-01
Southampton,http://landregistry.data.gov.uk/id/region/southampton,E06000045,2013-07,297,monthly,153285,252547,182342,154285,114937,2013-07-01
Southampton,http://landregistry.data.gov.uk/id/region/southampton,E06000045,2013-08,319,monthly,154359,254431,183756,155521,115549,2013-08-01
Southampton,http://landregistry.data.gov.uk/id/region/southampton,E06000045,2013-09,281,monthly,153834,254907,182999,154717,115114,2013-09-01
Southampton,http://landregistry.data.gov.uk/id/region/southampton,E06000045,2013-10,294,monthly,153690,256004,183079,154243,114804,2013-10-01
Southampton,http://landregistry.data.gov.uk/id/region/southampton,E06000045,2013-11,307,monthly,155033,259109,184664,155412,115745,2013-11-01
Southampton,http://landregistry.data.gov.uk/id/region/southampton,E06000045,2013-12,336,monthly,157855,262755,188223,158228,117981,2013-12-01
Southampton,http://landregistry.data.gov.uk/id/region/southampton,E06000045,2014-01,278,monthly,158784,264285,189111,159108,118825,2014-01-01
Southampton,http://landregistry.data.gov.uk/id/region/southampton,E06000045,2014-02,248,monthly,159124,265140,189489,159378,119122,2014-02-01
Southampton,http://landregistry.data.gov.uk/id/region/southampton,E06000045,2014-03,311,monthly,159030,265507,189369,159183,119018,2014-03-01
Southampton,http://landregistry.data.gov.uk/id/region/southampton,E06000045,2014-04,283,monthly,160841,267805,191567,161324,120316,2014-04-01
Southampton,http://landregistry.data.gov.uk/id/region/southampton,E06000045,2014-05,339,monthly,162502,269577,193453,163302,121603,2014-05-01
Southampton,http://landregistry.data.gov.uk/id/region/southampton,E06000045,2014-06,325,monthly,163649,271587,195032,164635,122281,2014-06-01
Southampton,http://landregistry.data.gov.uk/id/region/southampton,E06000045,2014-07,425,monthly,167104,277748,199383,168301,124620,2014-07-01
Southampton,http://landregistry.data.gov.uk/id/region/southampton,E06000045,2014-08,439,monthly,169379,282553,202534,170678,125953,2014-08-01
Southampton,http://landregistry.data.gov.uk/id/region/southampton,E06000045,2014-09,309,monthly,173689,289949,207498,175048,129180,2014-09-01
Southampton,http://landregistry.data.gov.uk/id/region/southampton,E06000045,2014-10,377,monthly,173490,290004,207333,174501,129110,2014-10-01
Southampton,http://landregistry.data.gov.uk/id/region/southampton,E06000045,2014-11,330,monthly,173259,289937,206964,173882,129104,2014-11-01
Southampton,http://landregistry.data.gov.uk/id/region/southampton,E06000045,2014-12,375,monthly,173029,289668,206575,173399,129077,2014-12-01
Southampton,http://landregistry.data.gov.uk/id/region/southampton,E06000045,2015-01,265,monthly,174040,290960,207756,174249,129983,2015-01-01
Southampton,http://landregistry.data.gov.uk/id/region/southampton,E06000045,2015-02,295,monthly,175341,292156,208769,175531,131325,2015-02-01
Southampton,http://landregistry.data.gov.uk/id/region/southampton,E06000045,2015-03,313,monthly,174845,291779,208349,174725,130970,2015-03-01
Southampton,http://landregistry.data.gov.uk/id/region/southampton,E06000045,2015-04,334,monthly,175074,292783,208536,175140,130987,2015-04-01
Southampton,http://landregistry.data.gov.uk/id/region/southampton,E06000045,2015-05,329,monthly,174399,292193,208198,174372,130263,2015-05-01
Southampton,http://landregistry.data.gov.uk/id/region/southampton,E06000045,2015-06,368,monthly,175422,293986,209898,176056,130517,2015-06-01
Southampton,http://landregistry.data.gov.uk/id/region/southampton,E06000045,2015-07,416,monthly,177380,296867,212521,178059,131915,2015-07-01
Southampton,http://landregistry.data.gov.uk/id/region/southampton,E06000045,2015-08,335,monthly,179754,301439,215534,180773,133362,2015-08-01
Southampton,http://landregistry.data.gov.uk/id/region/southampton,E06000045,2015-09,375,monthly,181041,304793,216727,181692,134439,2015-09-01
Southampton,http://landregistry.data.gov.uk/id/region/southampton,E06000045,2015-10,370,monthly,182758,309185,218876,183420,135440,2015-10-01
Southampton,http://landregistry.data.gov.uk/id/region/southampton,E06000045,2015-11,361,monthly,186522,315955,223485,187054,138198,2015-11-01
Southampton,http://landregistry.data.gov.uk/id/region/southampton,E06000045,2015-12,375,monthly,188597,319466,226319,189215,139566,2015-12-01
Southampton,http://landregistry.data.gov.uk/id/region/southampton,E06000045,2016-01,291,monthly,188740,318900,226902,189190,139726,2016-01-01
Southampton,http://landregistry.data.gov.uk/id/region/southampton,E06000045,2016-02,302,monthly,186127,314552,223976,186399,137781,2016-02-01
Southampton,http://landregistry.data.gov.uk/id/region/southampton,E06000045,2016-03,607,monthly,186514,314841,224191,186437,138387,2016-03-01
Southampton,http://landregistry.data.gov.uk/id/region/southampton,E06000045,2016-04,221,monthly,189746,320768,227935,189939,140634,2016-04-01
Southampton,http://landregistry.data.gov.uk/id/region/southampton,E06000045,2016-05,256,monthly,194265,326657,232626,194595,144476,2016-05-01
Southampton,http://landregistry.data.gov.uk/id/region/southampton,E06000045,2016-06,345,monthly,197760,332672,236621,198390,146983,2016-06-01
Southampton,http://landregistry.data.gov.uk/id/region/southampton,E06000045,2016-07,329,monthly,198646,333387,237392,199210,147905,2016-07-01
Southampton,http://landregistry.data.gov.uk/id/region/southampton,E06000045,2016-08,344,monthly,199191,335497,238171,199647,148124,2016-08-01
Southampton,http://landregistry.data.gov.uk/id/region/southampton,E06000045,2016-09,295,monthly,198116,333707,237308,198359,147263,2016-09-01
Southampton,http://landregistry.data.gov.uk/id/region/southampton,E06000045,2016-10,274,monthly,198936,335994,238103,198417,148166,2016-10-01
Southampton,http://landregistry.data.gov.uk/id/region/southampton,E06000045,2016-11,278,monthly,198931,337301,238146,197794,148235,2016-11-01
Southampton,http://landregistry.data.gov.uk/id/region/southampton,E06000045,2016-12,306,monthly,200826,340633,239909,199249,150025,2016-12-01
Southampton,http://landregistry.data.gov.uk/id/region/southampton,E06000045,2017-01,251,monthly,199002,337651,237652,197472,148659,2017-01-01
Southampton,http://landregistry.data.gov.uk/id/region/southampton,E06000045,2017-02,288,monthly,199584,337446,237606,197752,149719,2017-02-01
Southampton,http://landregistry.data.gov.uk/id/region/southampton,E06000045,2017-03,314,monthly,198900,336239,236618,196875,149381,2017-03-01
Southampton,http://landregistry.data.gov.uk/id/region/southampton,E06000045,2017-04,243,monthly,201383,339883,239177,199232,151537,2017-04-01
Southampton,http://landregistry.data.gov.uk/id/region/southampton,E06000045,2017-05,289,monthly,201260,338986,239433,199049,151424,2017-05-01
Southampton,http://landregistry.data.gov.uk/id/region/southampton,E06000045,2017-06,356,monthly,204357,342593,242917,202449,153926,2017-06-01
Southampton,http://landregistry.data.gov.uk/id/region/southampton,E06000045,2017-07,306,monthly,205687,343949,244614,203613,155096,2017-07-01
Southampton,http://landregistry.data.gov.uk/id/region/southampton,E06000045,2017-08,369,monthly,209854,350708,249595,208570,157860,2017-08-01
Southampton,http://landregistry.data.gov.uk/id/region/southampton,E06000045,2017-09,311,monthly,210057,351862,250043,208869,157754,2017-09-01
Southampton,http://landregistry.data.gov.uk/id/region/southampton,E06000045,2017-10,400,monthly,211556,355398,252249,210660,158406,2017-10-01
Southampton,http://landregistry.data.gov.uk/id/region/southampton,E06000045,2017-11,327,monthly,209631,353363,250414,208301,156803,2017-11-01
Southampton,http://landregistry.data.gov.uk/id/region/southampton,E06000045,2017-12,327,monthly,208758,352386,249839,207631,155795,2017-12-01
Southampton,http://landregistry.data.gov.uk/id/region/southampton,E06000045,2018-01,247,monthly,209160,352652,250413,208054,156111,2018-01-01
Southampton,http://landregistry.data.gov.uk/id/region/southampton,E06000045,2018-02,230,monthly,209056,352541,250362,208452,155769,2018-02-01
Southampton,http://landregistry.data.gov.uk/id/region/southampton,E06000045,2018-03,276,monthly,208982,352478,250461,208535,155574,2018-03-01
Southampton,http://landregistry.data.gov.uk/id/region/southampton,E06000045,2018-04,237,monthly,207426,350796,249122,207693,153760,2018-04-01
Southampton,http://landregistry.data.gov.uk/id/region/southampton,E06000045,2018-05,274,monthly,208119,352437,250564,208645,153862,2018-05-01
Southampton,http://landregistry.data.gov.uk/id/region/southampton,E06000045,2018-06,348,monthly,208738,353813,251859,209114,154137,2018-06-01
Southampton,http://landregistry.data.gov.uk/id/region/southampton,E06000045,2018-07,321,monthly,209777,355900,253069,210056,154921,2018-07-01
Southampton,http://landregistry.data.gov.uk/id/region/southampton,E06000045,2018-08,326,monthly,210940,357549,254337,211366,155808,2018-08-01
Southampton,http://landregistry.data.gov.uk/id/region/southampton,E06000045,2018-09,415,monthly,211935,359575,255569,212618,156369,2018-09-01
Southampton,http://landregistry.data.gov.uk/id/region/southampton,E06000045,2018-10,299,monthly,211515,358899,255234,212027,156067,2018-10-01
Southampton,http://landregistry.data.gov.uk/id/region/southampton,E06000045,2018-11,333,monthly,211602,360882,255871,212021,155728,2018-11-01
Southampton,http://landregistry.data.gov.uk/id/region/southampton,E06000045,2018-12,271,monthly,211996,361711,256336,212170,156114,2018-12-01
Southampton,http://landregistry.data.gov.uk/id/region/southampton,E06000045,2019-01,226,monthly,212922,364264,257856,213024,156549,2019-01-01
Southampton,http://landregistry.data.gov.uk/id/region/southampton,E06000045,2019-02,283,monthly,209945,358265,253867,209713,154805,2019-02-01
Southampton,http://landregistry.data.gov.uk/id/region/southampton,E06000045,2019-03,267,monthly,208053,355436,252186,208156,152973,2019-03-01
Southampton,http://landregistry.data.gov.uk/id/region/southampton,E06000045,2019-04,225,monthly,206688,352310,250422,207245,151921,2019-04-01
Southampton,http://landregistry.data.gov.uk/id/region/southampton,E06000045,2019-05,282,monthly,206627,352015,250990,207980,151267,2019-05-01
Southampton,http://landregistry.data.gov.uk/id/region/southampton,E06000045,2019-06,219,monthly,204777,348395,248661,206252,149954,2019-06-01
Southampton,http://landregistry.data.gov.uk/id/region/southampton,E06000045,2019-07,263,monthly,205468,348785,249384,207000,150601,2019-07-01
Southampton,http://landregistry.data.gov.uk/id/region/southampton,E06000045,2019-08,318,monthly,207395,352111,251830,209289,151803,2019-08-01
Southampton,http://landregistry.data.gov.uk/id/region/southampton,E06000045,2019-09,235,monthly,210457,356832,255016,212823,154127,2019-09-01
Southampton,http://landregistry.data.gov.uk/id/region/southampton,E06000045,2019-10,298,monthly,209445,355643,254602,211792,152978,2019-10-01
Southampton,http://landregistry.data.gov.uk/id/region/southampton,E06000045,2019-11,287,monthly,208269,354628,253856,210291,151842,2019-11-01
Southampton,http://landregistry.data.gov.uk/id/region/southampton,E06000045,2019-12,208,monthly,208103,355980,254533,210056,151152,2019-12-01
Southampton,http://landregistry.data.gov.uk/id/region/southampton,E06000045,2020-01,198,monthly,207979,356312,254543,210112,150834,2020-01-01
Southampton,http://landregistry.data.gov.uk/id/region/southampton,E06000045,2020-02,257,monthly,207362,355414,253663,209660,150317,2020-02-01
Southampton,http://landregistry.data.gov.uk/id/region/southampton,E06000045,2020-03,247,monthly,207397,354760,253761,209621,150454,2020-03-01
Southampton,http://landregistry.data.gov.uk/id/region/southampton,E06000045,2020-04,83,monthly,209864,360333,257068,212845,151565,2020-04-01
Southampton,http://landregistry.data.gov.uk/id/region/southampton,E06000045,2020-05,119,monthly,211895,363617,259601,214548,153218,2020-05-01
Southampton,http://landregistry.data.gov.uk/id/region/southampton,E06000045,2020-06,158,monthly,213919,367655,262596,217056,154171,2020-06-01
Southampton,http://landregistry.data.gov.uk/id/region/southampton,E06000045,2020-07,189,monthly,212769,364092,261031,215638,153778,2020-07-01
Southampton,http://landregistry.data.gov.uk/id/region/southampton,E06000045,2020-08,199,monthly,212234,363612,261203,216009,152571,2020-08-01
Southampton,http://landregistry.data.gov.uk/id/region/southampton,E06000045,2020-09,231,monthly,211560,362678,260678,215486,151859,2020-09-01
Southampton,http://landregistry.data.gov.uk/id/region/southampton,E06000045,2020-10,264,monthly,211274,364313,260709,215572,150986,2020-10-01
Southampton,http://landregistry.data.gov.uk/id/region/southampton,E06000045,2020-11,259,monthly,211751,365857,260804,216172,151344,2020-11-01
Southampton,http://landregistry.data.gov.uk/id/region/southampton,E06000045,2020-12,306,monthly,212386,367514,261454,217256,151553,2020-12-01
Southampton,http://landregistry.data.gov.uk/id/region/southampton,E06000045,2021-01,219,monthly,213462,366292,262196,218208,153113,2021-01-01
Southampton,http://landregistry.data.gov.uk/id/region/southampton,E06000045,2021-02,288,monthly,215797,366508,264091,220471,155867,2021-02-01
Southampton,http://landregistry.data.gov.uk/id/region/southampton,E06000045,2021-03,427,monthly,216945,364211,264184,221518,158013,2021-03-01
Southampton,http://landregistry.data.gov.uk/id/region/southampton,E06000045,2021-04,315,monthly,218944,366915,266051,223654,159794,2021-04-01
Southampton,http://landregistry.data.gov.uk/id/region/southampton,E06000045,2021-05,233,monthly,218683,367243,265842,223484,159372,2021-05-01
Southampton,http://landregistry.data.gov.uk/id/region/southampton,E06000045,2021-06,482,monthly,220321,369854,267443,225991,160345,2021-06-01
Southampton,http://landregistry.data.gov.uk/id/region/southampton,E06000045,2021-07,244,monthly,221595,372639,269547,226795,161163,2021-07-01
Southampton,http://landregistry.data.gov.uk/id/region/southampton,E06000045,2021-08,281,monthly,223739,378307,273330,229020,161827,2021-08-01
Southampton,http://landregistry.data.gov.uk/id/region/southampton,E06000045,2021-09,478,monthly,226501,384398,277756,231574,163232,2021-09-01
Southampton,http://landregistry.data.gov.uk/id/region/southampton,E06000045,2021-10,222,monthly,228477,392259,281105,233591,163485,2021-10-01
Southampton,http://landregistry.data.gov.uk/id/region/southampton,E06000045,2021-11,267,monthly,232418,399886,286072,237533,166153,2021-11-01
Southampton,http://landregistry.data.gov.uk/id/region/southampton,E06000045,2021-12,271,monthly,234069,405907,288874,239019,166552,2021-12-01
Southampton,http://landregistry.data.gov.uk/id/region/southampton,E06000045,2022-01,217,monthly,234585,405109,290071,240450,166495,2022-01-01
Southampton,http://landregistry.data.gov.uk/id/region/southampton,E06000045,2022-02,245,monthly,235079,405417,290660,240970,167031,2022-02-01
Southampton,http://landregistry.data.gov.uk/id/region/southampton,E06000045,2022-03,319,monthly,235338,406098,291679,241054,166966,2022-03-01
Southampton,http://landregistry.data.gov.uk/id/region/southampton,E06000045,2022-04,248,monthly,238230,410850,294761,244310,169150,2022-04-01
Southampton,http://landregistry.data.gov.uk/id/region/southampton,E06000045,2022-05,282,monthly,238847,412113,296025,245577,168906,2022-05-01
Southampton,http://landregistry.data.gov.uk/id/region/southampton,E06000045,2022-06,241,monthly,240328,413357,297700,247762,169925,2022-06-01
Southampton,http://landregistry.data.gov.uk/id/region/southampton,E06000045,2022-07,293,monthly,242472,416217,301219,250675,170765,2022-07-01
Southampton,http://landregistry.data.gov.uk/id/region/southampton,E06000045,2022-08,292,monthly,246174,422294,306252,255439,172660,2022-08-01
Southampton,http://landregistry.data.gov.uk/id/region/southampton,E06000045,2022-09,258,monthly,248596,427051,309827,258519,173608,2022-09-01
Southampton,http://landregistry.data.gov.uk/id/region/southampton,E06000045,2022-10,264,monthly,250109,431149,311803,259932,174393,2022-10-01
Southampton,http://landregistry.data.gov.uk/id/region/southampton,E06000045,2022-11,269,monthly,252051,435243,314453,261741,175596,2022-11-01
Southampton,http://landregistry.data.gov.uk/id/region/southampton,E06000045,2022-12,272,monthly,253561,437988,316646,263256,176494,2022-12-01
Southampton,http://landregistry.data.gov.uk/id/region/southampton,E06000045,2023-01,178,monthly,253926,438670,317237,263375,176821,2023-01-01
Southampton,http://landregistry.data.gov.uk/id/region/southampton,E06000045,2023-02,211,monthly,250298,432792,312496,259029,174632,2023-02-01
Southampton,http://landregistry.data.gov.uk/id/region/southampton,E06000045,2023-03,230,monthly,246775,428485,308330,254235,172355,2023-03-01
Southampton,http://landregistry.data.gov.uk/id/region/southampton,E06000045,2023-04,176,monthly,242329,421048,302690,249134,169467,2023-04-01
Southampton,http://landregistry.data.gov.uk/id/region/southampton,E06000045,2023-05,171,monthly,242845,420565,303142,249221,170301,2023-05-01
Southampton,http://landregistry.data.gov.uk/id/region/southampton,E06000045,2023-06,218,monthly,244681,421825,304998,251784,171724,2023-06-01
Southampton,http://landregistry.data.gov.uk/id/region/southampton,E06000045,2023-07,209,monthly,247041,425193,308634,254970,172920,2023-07-01
Southampton,http://landregistry.data.gov.uk/id/region/southampton,E06000045,2023-08,214,monthly,245795,423570,307928,255004,171102,2023-08-01
Southampton,http://landregistry.data.gov.uk/id/region/southampton,E06000045,2023-09,232,monthly,244846,422858,307495,254701,169750,2023-09-01
Southampton,http://landregistry.data.gov.uk/id/region/southampton,E06000045,2023-10,164,monthly,244509,421961,307148,254250,169585,2023-10-01
Southampton,http://landregistry.data.gov.uk/id/region/southampton,E06000045,2023-11,192,monthly,243825,421872,306299,252663,169324,2023-11-01
Southampton,http://landregistry.data.gov.uk/id/region/southampton,E06000045,2023-12,158,monthly,236501,409168,297313,244402,164463,2023-12-01
Southampton,http://landregistry.data.gov.uk/id/region/southampton,E06000045,2024-01,123,monthly,233482,404583,293614,241654,162074,2024-01-01
Southampton,http://landregistry.data.gov.uk/id/region/southampton,E06000045,2024-02,87,monthly,231505,401291,291592,239659,160510,2024-02-01
Southampton,http://landregistry.data.gov.uk/id/region/southampton,E06000045,2024-03,,monthly,237491,411592,299114,245257,164951,2024-03-01
Southampton,http://landregistry.data.gov.uk/id/region/southampton,E06000045,2024-04,,monthly,239806,413554,302627,247162,166827,2024-04-01
