"Name","URI","Region GSS code","Period","Sales volume","Reporting period","Average price All property types","Average price Detached houses","Average price Semi-detached houses","Average price Terraced houses","Average price Flats and maisonettes","Pivotable date"
St Albans,http://landregistry.data.gov.uk/id/region/st-albans,E07000240,2004-01,252,monthly,245265,462949,279313,204598,161002,2004-01-01
St Albans,http://landregistry.data.gov.uk/id/region/st-albans,E07000240,2004-02,251,monthly,249405,470272,283600,208057,164130,2004-02-01
St Albans,http://landregistry.data.gov.uk/id/region/st-albans,E07000240,2004-03,253,monthly,252618,477539,286721,210848,166053,2004-03-01
St Albans,http://landregistry.data.gov.uk/id/region/st-albans,E07000240,2004-04,315,monthly,251762,471842,285638,211318,165572,2004-04-01
St Albans,http://landregistry.data.gov.uk/id/region/st-albans,E07000240,2004-05,296,monthly,253694,470314,287757,214095,167259,2004-05-01
St Albans,http://landregistry.data.gov.uk/id/region/st-albans,E07000240,2004-06,404,monthly,259159,476965,294111,219051,171437,2004-06-01
St Albans,http://landregistry.data.gov.uk/id/region/st-albans,E07000240,2004-07,363,monthly,262906,483556,298781,222235,173719,2004-07-01
St Albans,http://landregistry.data.gov.uk/id/region/st-albans,E07000240,2004-08,320,monthly,267739,495449,304231,225961,176411,2004-08-01
St Albans,http://landregistry.data.gov.uk/id/region/st-albans,E07000240,2004-09,225,monthly,269510,500865,306655,227180,176949,2004-09-01
St Albans,http://landregistry.data.gov.uk/id/region/st-albans,E07000240,2004-10,228,monthly,271772,504748,308370,228828,179336,2004-10-01
St Albans,http://landregistry.data.gov.uk/id/region/st-albans,E07000240,2004-11,210,monthly,270056,500349,306365,227289,178684,2004-11-01
St Albans,http://landregistry.data.gov.uk/id/region/st-albans,E07000240,2004-12,206,monthly,268318,494740,303729,226249,178260,2004-12-01
St Albans,http://landregistry.data.gov.uk/id/region/st-albans,E07000240,2005-01,152,monthly,268359,495625,303412,226732,177856,2005-01-01
St Albans,http://landregistry.data.gov.uk/id/region/st-albans,E07000240,2005-02,167,monthly,271810,503175,307809,229404,179765,2005-02-01
St Albans,http://landregistry.data.gov.uk/id/region/st-albans,E07000240,2005-03,196,monthly,271276,503068,307407,229181,178865,2005-03-01
St Albans,http://landregistry.data.gov.uk/id/region/st-albans,E07000240,2005-04,216,monthly,267508,494196,303658,226306,176407,2005-04-01
St Albans,http://landregistry.data.gov.uk/id/region/st-albans,E07000240,2005-05,228,monthly,261938,481949,296589,222388,173063,2005-05-01
St Albans,http://landregistry.data.gov.uk/id/region/st-albans,E07000240,2005-06,244,monthly,263687,482919,298499,224618,174315,2005-06-01
St Albans,http://landregistry.data.gov.uk/id/region/st-albans,E07000240,2005-07,297,monthly,267448,490521,303344,227725,176326,2005-07-01
St Albans,http://landregistry.data.gov.uk/id/region/st-albans,E07000240,2005-08,316,monthly,271116,498276,307478,230971,178318,2005-08-01
St Albans,http://landregistry.data.gov.uk/id/region/st-albans,E07000240,2005-09,283,monthly,271322,501099,307940,230661,177969,2005-09-01
St Albans,http://landregistry.data.gov.uk/id/region/st-albans,E07000240,2005-10,244,monthly,275140,507275,311359,233876,181302,2005-10-01
St Albans,http://landregistry.data.gov.uk/id/region/st-albans,E07000240,2005-11,313,monthly,277318,509998,314060,235689,183054,2005-11-01
St Albans,http://landregistry.data.gov.uk/id/region/st-albans,E07000240,2005-12,308,monthly,277856,507835,313978,236418,184591,2005-12-01
St Albans,http://landregistry.data.gov.uk/id/region/st-albans,E07000240,2006-01,201,monthly,276331,506421,312273,235527,182758,2006-01-01
St Albans,http://landregistry.data.gov.uk/id/region/st-albans,E07000240,2006-02,207,monthly,277464,507901,313079,236649,183785,2006-02-01
St Albans,http://landregistry.data.gov.uk/id/region/st-albans,E07000240,2006-03,254,monthly,279237,513718,315457,238000,184019,2006-03-01
St Albans,http://landregistry.data.gov.uk/id/region/st-albans,E07000240,2006-04,257,monthly,281119,515184,317514,240137,185386,2006-04-01
St Albans,http://landregistry.data.gov.uk/id/region/st-albans,E07000240,2006-05,271,monthly,283021,519330,319966,241782,186239,2006-05-01
St Albans,http://landregistry.data.gov.uk/id/region/st-albans,E07000240,2006-06,322,monthly,284640,521881,321959,243348,187156,2006-06-01
St Albans,http://landregistry.data.gov.uk/id/region/st-albans,E07000240,2006-07,378,monthly,289264,531336,327760,247498,189387,2006-07-01
St Albans,http://landregistry.data.gov.uk/id/region/st-albans,E07000240,2006-08,388,monthly,295299,542764,334819,253353,192462,2006-08-01
St Albans,http://landregistry.data.gov.uk/id/region/st-albans,E07000240,2006-09,373,monthly,299341,551603,339757,257157,194157,2006-09-01
St Albans,http://landregistry.data.gov.uk/id/region/st-albans,E07000240,2006-10,330,monthly,301790,556543,342149,258762,196318,2006-10-01
St Albans,http://landregistry.data.gov.uk/id/region/st-albans,E07000240,2006-11,294,monthly,299765,553157,340070,256790,194986,2006-11-01
St Albans,http://landregistry.data.gov.uk/id/region/st-albans,E07000240,2006-12,323,monthly,305969,562894,346437,262177,199858,2006-12-01
St Albans,http://landregistry.data.gov.uk/id/region/st-albans,E07000240,2007-01,251,monthly,309609,570142,350932,265364,201786,2007-01-01
St Albans,http://landregistry.data.gov.uk/id/region/st-albans,E07000240,2007-02,235,monthly,314107,578841,355670,268636,205315,2007-02-01
St Albans,http://landregistry.data.gov.uk/id/region/st-albans,E07000240,2007-03,254,monthly,311481,576152,353077,266241,202877,2007-03-01
St Albans,http://landregistry.data.gov.uk/id/region/st-albans,E07000240,2007-04,240,monthly,315673,581967,357229,270716,205770,2007-04-01
St Albans,http://landregistry.data.gov.uk/id/region/st-albans,E07000240,2007-05,282,monthly,319982,587607,361890,275490,208463,2007-05-01
St Albans,http://landregistry.data.gov.uk/id/region/st-albans,E07000240,2007-06,300,monthly,328879,602878,371743,283301,214564,2007-06-01
St Albans,http://landregistry.data.gov.uk/id/region/st-albans,E07000240,2007-07,354,monthly,329675,607511,373251,283665,214082,2007-07-01
St Albans,http://landregistry.data.gov.uk/id/region/st-albans,E07000240,2007-08,381,monthly,332293,615388,376636,286279,214342,2007-08-01
St Albans,http://landregistry.data.gov.uk/id/region/st-albans,E07000240,2007-09,259,monthly,332440,618149,377215,285882,213919,2007-09-01
St Albans,http://landregistry.data.gov.uk/id/region/st-albans,E07000240,2007-10,281,monthly,335536,624857,379788,288276,216407,2007-10-01
St Albans,http://landregistry.data.gov.uk/id/region/st-albans,E07000240,2007-11,239,monthly,334251,623431,377957,286018,216489,2007-11-01
St Albans,http://landregistry.data.gov.uk/id/region/st-albans,E07000240,2007-12,220,monthly,334092,620536,377287,286397,216991,2007-12-01
St Albans,http://landregistry.data.gov.uk/id/region/st-albans,E07000240,2008-01,153,monthly,337655,629163,381552,288845,219102,2008-01-01
St Albans,http://landregistry.data.gov.uk/id/region/st-albans,E07000240,2008-02,167,monthly,338118,631215,382414,289019,218977,2008-02-01
St Albans,http://landregistry.data.gov.uk/id/region/st-albans,E07000240,2008-03,143,monthly,338867,636396,383846,289826,217968,2008-03-01
St Albans,http://landregistry.data.gov.uk/id/region/st-albans,E07000240,2008-04,129,monthly,332300,625343,376662,284644,213016,2008-04-01
St Albans,http://landregistry.data.gov.uk/id/region/st-albans,E07000240,2008-05,182,monthly,336992,634201,382281,289482,215300,2008-05-01
St Albans,http://landregistry.data.gov.uk/id/region/st-albans,E07000240,2008-06,141,monthly,333565,627721,378776,286495,212949,2008-06-01
St Albans,http://landregistry.data.gov.uk/id/region/st-albans,E07000240,2008-07,179,monthly,331881,624951,377914,284772,211432,2008-07-01
St Albans,http://landregistry.data.gov.uk/id/region/st-albans,E07000240,2008-08,159,monthly,324615,612619,369971,278023,206669,2008-08-01
St Albans,http://landregistry.data.gov.uk/id/region/st-albans,E07000240,2008-09,120,monthly,315417,599419,359220,269639,200341,2008-09-01
St Albans,http://landregistry.data.gov.uk/id/region/st-albans,E07000240,2008-10,135,monthly,306772,582723,348416,262498,195231,2008-10-01
St Albans,http://landregistry.data.gov.uk/id/region/st-albans,E07000240,2008-11,98,monthly,293542,559105,333251,251191,186524,2008-11-01
St Albans,http://landregistry.data.gov.uk/id/region/st-albans,E07000240,2008-12,105,monthly,294891,558536,334871,252824,187731,2008-12-01
St Albans,http://landregistry.data.gov.uk/id/region/st-albans,E07000240,2009-01,105,monthly,287977,546237,326946,246122,183714,2009-01-01
St Albans,http://landregistry.data.gov.uk/id/region/st-albans,E07000240,2009-02,81,monthly,286628,541089,325677,244771,183722,2009-02-01
St Albans,http://landregistry.data.gov.uk/id/region/st-albans,E07000240,2009-03,126,monthly,277865,523769,315744,236754,178939,2009-03-01
St Albans,http://landregistry.data.gov.uk/id/region/st-albans,E07000240,2009-04,122,monthly,277074,518027,315511,237512,178239,2009-04-01
St Albans,http://landregistry.data.gov.uk/id/region/st-albans,E07000240,2009-05,164,monthly,280599,523135,319493,241918,179813,2009-05-01
St Albans,http://landregistry.data.gov.uk/id/region/st-albans,E07000240,2009-06,157,monthly,279095,519601,318080,241751,177807,2009-06-01
St Albans,http://landregistry.data.gov.uk/id/region/st-albans,E07000240,2009-07,194,monthly,285195,532510,325881,247146,180249,2009-07-01
St Albans,http://landregistry.data.gov.uk/id/region/st-albans,E07000240,2009-08,222,monthly,288440,541749,330108,249288,181201,2009-08-01
St Albans,http://landregistry.data.gov.uk/id/region/st-albans,E07000240,2009-09,203,monthly,299658,564297,343427,258850,187374,2009-09-01
St Albans,http://landregistry.data.gov.uk/id/region/st-albans,E07000240,2009-10,197,monthly,302414,570466,346606,261036,188867,2009-10-01
St Albans,http://landregistry.data.gov.uk/id/region/st-albans,E07000240,2009-11,194,monthly,306505,577796,350890,265411,191112,2009-11-01
St Albans,http://landregistry.data.gov.uk/id/region/st-albans,E07000240,2009-12,274,monthly,308126,578605,352808,267579,192271,2009-12-01
St Albans,http://landregistry.data.gov.uk/id/region/st-albans,E07000240,2010-01,178,monthly,314108,591385,360593,272844,194585,2010-01-01
St Albans,http://landregistry.data.gov.uk/id/region/st-albans,E07000240,2010-02,149,monthly,316325,596915,364487,274374,194687,2010-02-01
St Albans,http://landregistry.data.gov.uk/id/region/st-albans,E07000240,2010-03,172,monthly,318070,604846,366541,274720,194797,2010-03-01
St Albans,http://landregistry.data.gov.uk/id/region/st-albans,E07000240,2010-04,203,monthly,326331,619162,375582,282192,200425,2010-04-01
St Albans,http://landregistry.data.gov.uk/id/region/st-albans,E07000240,2010-05,185,monthly,329968,624707,378929,285508,203612,2010-05-01
St Albans,http://landregistry.data.gov.uk/id/region/st-albans,E07000240,2010-06,211,monthly,335480,633854,385551,291041,206638,2010-06-01
St Albans,http://landregistry.data.gov.uk/id/region/st-albans,E07000240,2010-07,237,monthly,331974,630462,381036,288181,203339,2010-07-01
St Albans,http://landregistry.data.gov.uk/id/region/st-albans,E07000240,2010-08,256,monthly,335155,638103,386103,291039,203616,2010-08-01
St Albans,http://landregistry.data.gov.uk/id/region/st-albans,E07000240,2010-09,237,monthly,339574,650179,391335,294480,205104,2010-09-01
St Albans,http://landregistry.data.gov.uk/id/region/st-albans,E07000240,2010-10,211,monthly,340795,652075,393400,295232,205866,2010-10-01
St Albans,http://landregistry.data.gov.uk/id/region/st-albans,E07000240,2010-11,183,monthly,339155,650196,390621,293226,205482,2010-11-01
St Albans,http://landregistry.data.gov.uk/id/region/st-albans,E07000240,2010-12,219,monthly,337628,646241,389465,291385,205044,2010-12-01
St Albans,http://landregistry.data.gov.uk/id/region/st-albans,E07000240,2011-01,148,monthly,344072,662723,396513,295851,208579,2011-01-01
St Albans,http://landregistry.data.gov.uk/id/region/st-albans,E07000240,2011-02,128,monthly,341065,661820,392708,292318,205916,2011-02-01
St Albans,http://landregistry.data.gov.uk/id/region/st-albans,E07000240,2011-03,122,monthly,335834,657158,385492,287320,201963,2011-03-01
St Albans,http://landregistry.data.gov.uk/id/region/st-albans,E07000240,2011-04,149,monthly,329095,642652,377474,281900,198191,2011-04-01
St Albans,http://landregistry.data.gov.uk/id/region/st-albans,E07000240,2011-05,192,monthly,335906,647821,385375,288959,203732,2011-05-01
St Albans,http://landregistry.data.gov.uk/id/region/st-albans,E07000240,2011-06,222,monthly,337000,642008,387752,291124,205142,2011-06-01
St Albans,http://landregistry.data.gov.uk/id/region/st-albans,E07000240,2011-07,240,monthly,342018,648606,393948,295908,208482,2011-07-01
St Albans,http://landregistry.data.gov.uk/id/region/st-albans,E07000240,2011-08,233,monthly,341767,652285,395064,295674,206240,2011-08-01
St Albans,http://landregistry.data.gov.uk/id/region/st-albans,E07000240,2011-09,245,monthly,347261,668042,401296,299930,208428,2011-09-01
St Albans,http://landregistry.data.gov.uk/id/region/st-albans,E07000240,2011-10,208,monthly,343343,663237,397661,296044,205133,2011-10-01
St Albans,http://landregistry.data.gov.uk/id/region/st-albans,E07000240,2011-11,216,monthly,340894,659240,393925,293196,204562,2011-11-01
St Albans,http://landregistry.data.gov.uk/id/region/st-albans,E07000240,2011-12,213,monthly,338329,649040,391097,291707,203956,2011-12-01
St Albans,http://landregistry.data.gov.uk/id/region/st-albans,E07000240,2012-01,154,monthly,340934,650572,394595,294949,205496,2012-01-01
St Albans,http://landregistry.data.gov.uk/id/region/st-albans,E07000240,2012-02,151,monthly,337743,645074,391484,292690,202777,2012-02-01
St Albans,http://landregistry.data.gov.uk/id/region/st-albans,E07000240,2012-03,190,monthly,340174,649712,394071,294740,204456,2012-03-01
St Albans,http://landregistry.data.gov.uk/id/region/st-albans,E07000240,2012-04,144,monthly,343358,655639,396744,297240,207275,2012-04-01
St Albans,http://landregistry.data.gov.uk/id/region/st-albans,E07000240,2012-05,161,monthly,354698,673570,409473,308017,214590,2012-05-01
St Albans,http://landregistry.data.gov.uk/id/region/st-albans,E07000240,2012-06,227,monthly,356438,676528,411366,310818,214721,2012-06-01
St Albans,http://landregistry.data.gov.uk/id/region/st-albans,E07000240,2012-07,220,monthly,357278,679137,412419,311980,214515,2012-07-01
St Albans,http://landregistry.data.gov.uk/id/region/st-albans,E07000240,2012-08,228,monthly,355301,675469,410357,311197,212368,2012-08-01
St Albans,http://landregistry.data.gov.uk/id/region/st-albans,E07000240,2012-09,191,monthly,355786,679116,411168,310757,212453,2012-09-01
St Albans,http://landregistry.data.gov.uk/id/region/st-albans,E07000240,2012-10,222,monthly,357248,680931,412870,312278,213390,2012-10-01
St Albans,http://landregistry.data.gov.uk/id/region/st-albans,E07000240,2012-11,204,monthly,355603,678189,410782,310414,212769,2012-11-01
St Albans,http://landregistry.data.gov.uk/id/region/st-albans,E07000240,2012-12,177,monthly,356901,679784,412291,311947,213451,2012-12-01
St Albans,http://landregistry.data.gov.uk/id/region/st-albans,E07000240,2013-01,158,monthly,353115,675128,409047,307972,210326,2013-01-01
St Albans,http://landregistry.data.gov.uk/id/region/st-albans,E07000240,2013-02,165,monthly,356351,683100,413223,310148,211934,2013-02-01
St Albans,http://landregistry.data.gov.uk/id/region/st-albans,E07000240,2013-03,177,monthly,354884,681183,411276,308183,211303,2013-03-01
St Albans,http://landregistry.data.gov.uk/id/region/st-albans,E07000240,2013-04,190,monthly,358000,685630,413192,312180,213442,2013-04-01
St Albans,http://landregistry.data.gov.uk/id/region/st-albans,E07000240,2013-05,248,monthly,357184,682740,411954,311760,213218,2013-05-01
St Albans,http://landregistry.data.gov.uk/id/region/st-albans,E07000240,2013-06,257,monthly,362357,690770,418408,317161,215943,2013-06-01
St Albans,http://landregistry.data.gov.uk/id/region/st-albans,E07000240,2013-07,270,monthly,362163,690054,418889,317077,215533,2013-07-01
St Albans,http://landregistry.data.gov.uk/id/region/st-albans,E07000240,2013-08,247,monthly,367319,699497,425420,322348,217935,2013-08-01
St Albans,http://landregistry.data.gov.uk/id/region/st-albans,E07000240,2013-09,235,monthly,368908,705728,427016,323153,218603,2013-09-01
St Albans,http://landregistry.data.gov.uk/id/region/st-albans,E07000240,2013-10,266,monthly,370638,709118,429366,324248,219729,2013-10-01
St Albans,http://landregistry.data.gov.uk/id/region/st-albans,E07000240,2013-11,256,monthly,369061,705123,427235,322806,219210,2013-11-01
St Albans,http://landregistry.data.gov.uk/id/region/st-albans,E07000240,2013-12,308,monthly,370847,702947,429555,324562,221398,2013-12-01
St Albans,http://landregistry.data.gov.uk/id/region/st-albans,E07000240,2014-01,229,monthly,378864,717991,438509,330924,226810,2014-01-01
St Albans,http://landregistry.data.gov.uk/id/region/st-albans,E07000240,2014-02,194,monthly,386618,733768,447367,336722,231902,2014-02-01
St Albans,http://landregistry.data.gov.uk/id/region/st-albans,E07000240,2014-03,213,monthly,387020,735844,447681,337273,231798,2014-03-01
St Albans,http://landregistry.data.gov.uk/id/region/st-albans,E07000240,2014-04,233,monthly,388516,737451,449246,339208,232676,2014-04-01
St Albans,http://landregistry.data.gov.uk/id/region/st-albans,E07000240,2014-05,243,monthly,389334,736475,449975,340904,233286,2014-05-01
St Albans,http://landregistry.data.gov.uk/id/region/st-albans,E07000240,2014-06,249,monthly,398429,752788,460594,349430,238558,2014-06-01
St Albans,http://landregistry.data.gov.uk/id/region/st-albans,E07000240,2014-07,290,monthly,404914,764374,468811,355836,241834,2014-07-01
St Albans,http://landregistry.data.gov.uk/id/region/st-albans,E07000240,2014-08,253,monthly,410568,776235,476178,360831,244520,2014-08-01
St Albans,http://landregistry.data.gov.uk/id/region/st-albans,E07000240,2014-09,234,monthly,415708,787542,482489,364703,247428,2014-09-01
St Albans,http://landregistry.data.gov.uk/id/region/st-albans,E07000240,2014-10,263,monthly,422079,799766,489715,369365,251860,2014-10-01
St Albans,http://landregistry.data.gov.uk/id/region/st-albans,E07000240,2014-11,208,monthly,431874,818921,500418,377097,258386,2014-11-01
St Albans,http://landregistry.data.gov.uk/id/region/st-albans,E07000240,2014-12,229,monthly,431639,818178,499766,376453,258781,2014-12-01
St Albans,http://landregistry.data.gov.uk/id/region/st-albans,E07000240,2015-01,206,monthly,435691,825859,504666,379803,261239,2015-01-01
St Albans,http://landregistry.data.gov.uk/id/region/st-albans,E07000240,2015-02,169,monthly,434687,822814,503672,379129,260726,2015-02-01
St Albans,http://landregistry.data.gov.uk/id/region/st-albans,E07000240,2015-03,191,monthly,438598,830278,508983,382730,262592,2015-03-01
St Albans,http://landregistry.data.gov.uk/id/region/st-albans,E07000240,2015-04,186,monthly,432273,819109,501284,377483,258574,2015-04-01
St Albans,http://landregistry.data.gov.uk/id/region/st-albans,E07000240,2015-05,250,monthly,434539,822153,504498,379826,259771,2015-05-01
St Albans,http://landregistry.data.gov.uk/id/region/st-albans,E07000240,2015-06,234,monthly,437498,827579,508107,383416,260869,2015-06-01
St Albans,http://landregistry.data.gov.uk/id/region/st-albans,E07000240,2015-07,295,monthly,444681,839608,517341,390262,264825,2015-07-01
St Albans,http://landregistry.data.gov.uk/id/region/st-albans,E07000240,2015-08,255,monthly,449924,850313,523841,395496,267167,2015-08-01
St Albans,http://landregistry.data.gov.uk/id/region/st-albans,E07000240,2015-09,234,monthly,463759,879941,539704,406384,275414,2015-09-01
St Albans,http://landregistry.data.gov.uk/id/region/st-albans,E07000240,2015-10,237,monthly,471024,895907,548591,412636,279066,2015-10-01
St Albans,http://landregistry.data.gov.uk/id/region/st-albans,E07000240,2015-11,214,monthly,472068,899298,549859,412768,279804,2015-11-01
St Albans,http://landregistry.data.gov.uk/id/region/st-albans,E07000240,2015-12,194,monthly,467606,888442,545182,409326,277245,2015-12-01
St Albans,http://landregistry.data.gov.uk/id/region/st-albans,E07000240,2016-01,175,monthly,474112,899215,553927,414408,281416,2016-01-01
St Albans,http://landregistry.data.gov.uk/id/region/st-albans,E07000240,2016-02,169,monthly,480386,912288,561621,419687,284823,2016-02-01
St Albans,http://landregistry.data.gov.uk/id/region/st-albans,E07000240,2016-03,381,monthly,488109,931345,570568,425709,288792,2016-03-01
St Albans,http://landregistry.data.gov.uk/id/region/st-albans,E07000240,2016-04,130,monthly,492693,937341,573386,430873,292523,2016-04-01
St Albans,http://landregistry.data.gov.uk/id/region/st-albans,E07000240,2016-05,176,monthly,496298,936457,575751,434775,296962,2016-05-01
St Albans,http://landregistry.data.gov.uk/id/region/st-albans,E07000240,2016-06,158,monthly,505008,945315,584293,443567,304014,2016-06-01
St Albans,http://landregistry.data.gov.uk/id/region/st-albans,E07000240,2016-07,210,monthly,509971,954724,590994,447705,306710,2016-07-01
St Albans,http://landregistry.data.gov.uk/id/region/st-albans,E07000240,2016-08,243,monthly,513402,964297,595382,450676,307795,2016-08-01
St Albans,http://landregistry.data.gov.uk/id/region/st-albans,E07000240,2016-09,205,monthly,515684,969664,599668,452255,308464,2016-09-01
St Albans,http://landregistry.data.gov.uk/id/region/st-albans,E07000240,2016-10,204,monthly,507292,955923,589727,443007,304213,2016-10-01
St Albans,http://landregistry.data.gov.uk/id/region/st-albans,E07000240,2016-11,192,monthly,509551,963500,592208,443461,305752,2016-11-01
St Albans,http://landregistry.data.gov.uk/id/region/st-albans,E07000240,2016-12,167,monthly,506989,959377,587719,440287,305277,2016-12-01
St Albans,http://landregistry.data.gov.uk/id/region/st-albans,E07000240,2017-01,172,monthly,514892,975257,596375,447523,309768,2017-01-01
St Albans,http://landregistry.data.gov.uk/id/region/st-albans,E07000240,2017-02,149,monthly,521710,985728,602750,453072,315527,2017-02-01
St Albans,http://landregistry.data.gov.uk/id/region/st-albans,E07000240,2017-03,165,monthly,520093,982995,600413,451469,314860,2017-03-01
St Albans,http://landregistry.data.gov.uk/id/region/st-albans,E07000240,2017-04,182,monthly,519319,981552,598377,450486,315134,2017-04-01
St Albans,http://landregistry.data.gov.uk/id/region/st-albans,E07000240,2017-05,176,monthly,511371,964323,590094,443667,310446,2017-05-01
St Albans,http://landregistry.data.gov.uk/id/region/st-albans,E07000240,2017-06,190,monthly,513191,963288,592224,446252,312055,2017-06-01
St Albans,http://landregistry.data.gov.uk/id/region/st-albans,E07000240,2017-07,168,monthly,516394,965352,597095,449116,314464,2017-07-01
St Albans,http://landregistry.data.gov.uk/id/region/st-albans,E07000240,2017-08,230,monthly,519117,971842,600863,452674,314625,2017-08-01
St Albans,http://landregistry.data.gov.uk/id/region/st-albans,E07000240,2017-09,191,monthly,528076,993195,612487,459703,318769,2017-09-01
St Albans,http://landregistry.data.gov.uk/id/region/st-albans,E07000240,2017-10,162,monthly,526033,991930,610568,458098,316509,2017-10-01
St Albans,http://landregistry.data.gov.uk/id/region/st-albans,E07000240,2017-11,167,monthly,527961,996101,613351,459176,317685,2017-11-01
St Albans,http://landregistry.data.gov.uk/id/region/st-albans,E07000240,2017-12,170,monthly,528848,996567,614227,460237,318414,2017-12-01
St Albans,http://landregistry.data.gov.uk/id/region/st-albans,E07000240,2018-01,148,monthly,531567,1000932,617929,462275,320229,2018-01-01
St Albans,http://landregistry.data.gov.uk/id/region/st-albans,E07000240,2018-02,136,monthly,535068,1008981,622320,464989,322023,2018-02-01
St Albans,http://landregistry.data.gov.uk/id/region/st-albans,E07000240,2018-03,178,monthly,521370,983448,607822,453736,312610,2018-03-01
St Albans,http://landregistry.data.gov.uk/id/region/st-albans,E07000240,2018-04,144,monthly,517923,977177,604402,452105,309287,2018-04-01
St Albans,http://landregistry.data.gov.uk/id/region/st-albans,E07000240,2018-05,166,monthly,513177,968374,600247,449322,304865,2018-05-01
St Albans,http://landregistry.data.gov.uk/id/region/st-albans,E07000240,2018-06,185,monthly,518461,979452,607415,452939,307894,2018-06-01
St Albans,http://landregistry.data.gov.uk/id/region/st-albans,E07000240,2018-07,193,monthly,517980,981721,606823,451875,307148,2018-07-01
St Albans,http://landregistry.data.gov.uk/id/region/st-albans,E07000240,2018-08,235,monthly,519522,985980,608398,452542,308235,2018-08-01
St Albans,http://landregistry.data.gov.uk/id/region/st-albans,E07000240,2018-09,194,monthly,521604,991891,610787,455633,308108,2018-09-01
St Albans,http://landregistry.data.gov.uk/id/region/st-albans,E07000240,2018-10,186,monthly,517628,985805,606295,451760,305535,2018-10-01
St Albans,http://landregistry.data.gov.uk/id/region/st-albans,E07000240,2018-11,202,monthly,506895,968995,594047,442286,298106,2018-11-01
St Albans,http://landregistry.data.gov.uk/id/region/st-albans,E07000240,2018-12,164,monthly,491581,938342,576415,427360,290366,2018-12-01
St Albans,http://landregistry.data.gov.uk/id/region/st-albans,E07000240,2019-01,146,monthly,494016,943606,579755,429176,291606,2019-01-01
St Albans,http://landregistry.data.gov.uk/id/region/st-albans,E07000240,2019-02,141,monthly,494614,943097,580059,429045,293050,2019-02-01
St Albans,http://landregistry.data.gov.uk/id/region/st-albans,E07000240,2019-03,158,monthly,497876,949135,583743,432765,294475,2019-03-01
St Albans,http://landregistry.data.gov.uk/id/region/st-albans,E07000240,2019-04,164,monthly,495413,942459,580380,432216,292776,2019-04-01
St Albans,http://landregistry.data.gov.uk/id/region/st-albans,E07000240,2019-05,154,monthly,498972,946905,585556,437165,293806,2019-05-01
St Albans,http://landregistry.data.gov.uk/id/region/st-albans,E07000240,2019-06,148,monthly,500068,947656,587300,438604,294267,2019-06-01
St Albans,http://landregistry.data.gov.uk/id/region/st-albans,E07000240,2019-07,203,monthly,501415,949233,589652,439511,295098,2019-07-01
St Albans,http://landregistry.data.gov.uk/id/region/st-albans,E07000240,2019-08,226,monthly,504948,956625,594076,442950,296638,2019-08-01
St Albans,http://landregistry.data.gov.uk/id/region/st-albans,E07000240,2019-09,192,monthly,508941,966133,597613,446902,298777,2019-09-01
St Albans,http://landregistry.data.gov.uk/id/region/st-albans,E07000240,2019-10,207,monthly,508981,967282,598729,446146,298473,2019-10-01
St Albans,http://landregistry.data.gov.uk/id/region/st-albans,E07000240,2019-11,191,monthly,503773,959681,593569,440679,294891,2019-11-01
St Albans,http://landregistry.data.gov.uk/id/region/st-albans,E07000240,2019-12,201,monthly,508446,970363,599978,444303,296983,2019-12-01
St Albans,http://landregistry.data.gov.uk/id/region/st-albans,E07000240,2020-01,168,monthly,505910,965204,596911,442868,295129,2020-01-01
St Albans,http://landregistry.data.gov.uk/id/region/st-albans,E07000240,2020-02,121,monthly,509661,974825,600629,445893,297184,2020-02-01
St Albans,http://landregistry.data.gov.uk/id/region/st-albans,E07000240,2020-03,168,monthly,503209,963379,593380,439432,293559,2020-03-01
St Albans,http://landregistry.data.gov.uk/id/region/st-albans,E07000240,2020-04,42,monthly,517239,998707,609417,452071,299498,2020-04-01
St Albans,http://landregistry.data.gov.uk/id/region/st-albans,E07000240,2020-05,67,monthly,512163,990690,603096,446998,296709,2020-05-01
St Albans,http://landregistry.data.gov.uk/id/region/st-albans,E07000240,2020-06,111,monthly,509974,984830,601692,446946,293977,2020-06-01
St Albans,http://landregistry.data.gov.uk/id/region/st-albans,E07000240,2020-07,166,monthly,503105,964528,594098,441233,291389,2020-07-01
St Albans,http://landregistry.data.gov.uk/id/region/st-albans,E07000240,2020-08,171,monthly,513788,984755,609008,452266,295350,2020-08-01
St Albans,http://landregistry.data.gov.uk/id/region/st-albans,E07000240,2020-09,200,monthly,526968,1014300,625561,463192,301813,2020-09-01
St Albans,http://landregistry.data.gov.uk/id/region/st-albans,E07000240,2020-10,219,monthly,522518,1008243,621297,460169,297489,2020-10-01
St Albans,http://landregistry.data.gov.uk/id/region/st-albans,E07000240,2020-11,236,monthly,519867,1003398,617884,458376,295667,2020-11-01
St Albans,http://landregistry.data.gov.uk/id/region/st-albans,E07000240,2020-12,265,monthly,521348,1005873,619511,460517,296097,2020-12-01
St Albans,http://landregistry.data.gov.uk/id/region/st-albans,E07000240,2021-01,240,monthly,525994,1010948,624122,464731,300129,2021-01-01
St Albans,http://landregistry.data.gov.uk/id/region/st-albans,E07000240,2021-02,290,monthly,526354,1005329,622942,464870,302961,2021-02-01
St Albans,http://landregistry.data.gov.uk/id/region/st-albans,E07000240,2021-03,446,monthly,521064,988085,614876,460228,302814,2021-03-01
St Albans,http://landregistry.data.gov.uk/id/region/st-albans,E07000240,2021-04,184,monthly,521270,990208,614376,459505,303494,2021-04-01
St Albans,http://landregistry.data.gov.uk/id/region/st-albans,E07000240,2021-05,226,monthly,524138,998370,618107,461846,304295,2021-05-01
St Albans,http://landregistry.data.gov.uk/id/region/st-albans,E07000240,2021-06,675,monthly,530893,1011648,625251,469416,307414,2021-06-01
St Albans,http://landregistry.data.gov.uk/id/region/st-albans,E07000240,2021-07,70,monthly,539169,1036207,634996,475831,310310,2021-07-01
St Albans,http://landregistry.data.gov.uk/id/region/st-albans,E07000240,2021-08,146,monthly,548497,1062385,647617,483328,312918,2021-08-01
St Albans,http://landregistry.data.gov.uk/id/region/st-albans,E07000240,2021-09,299,monthly,550821,1073812,652118,483906,312248,2021-09-01
St Albans,http://landregistry.data.gov.uk/id/region/st-albans,E07000240,2021-10,140,monthly,545378,1065943,647770,478461,307691,2021-10-01
St Albans,http://landregistry.data.gov.uk/id/region/st-albans,E07000240,2021-11,153,monthly,547470,1071522,650537,479832,308623,2021-11-01
St Albans,http://landregistry.data.gov.uk/id/region/st-albans,E07000240,2021-12,187,monthly,544179,1068680,647604,476923,305218,2021-12-01
St Albans,http://landregistry.data.gov.uk/id/region/st-albans,E07000240,2022-01,165,monthly,559170,1095147,666739,491416,312795,2022-01-01
St Albans,http://landregistry.data.gov.uk/id/region/st-albans,E07000240,2022-02,170,monthly,561455,1097750,669250,493971,314487,2022-02-01
St Albans,http://landregistry.data.gov.uk/id/region/st-albans,E07000240,2022-03,180,monthly,572310,1121921,683231,502000,320349,2022-03-01
St Albans,http://landregistry.data.gov.uk/id/region/st-albans,E07000240,2022-04,184,monthly,567168,1110348,675943,498246,317980,2022-04-01
St Albans,http://landregistry.data.gov.uk/id/region/st-albans,E07000240,2022-05,177,monthly,565255,1105922,674502,497477,315712,2022-05-01
St Albans,http://landregistry.data.gov.uk/id/region/st-albans,E07000240,2022-06,193,monthly,565463,1104155,674318,498656,315864,2022-06-01
St Albans,http://landregistry.data.gov.uk/id/region/st-albans,E07000240,2022-07,211,monthly,573091,1117783,684948,506869,318148,2022-07-01
St Albans,http://landregistry.data.gov.uk/id/region/st-albans,E07000240,2022-08,259,monthly,583078,1135058,697819,517371,322243,2022-08-01
St Albans,http://landregistry.data.gov.uk/id/region/st-albans,E07000240,2022-09,238,monthly,589843,1148648,706849,524796,323896,2022-09-01
St Albans,http://landregistry.data.gov.uk/id/region/st-albans,E07000240,2022-10,228,monthly,589828,1149842,707094,524175,323893,2022-10-01
St Albans,http://landregistry.data.gov.uk/id/region/st-albans,E07000240,2022-11,199,monthly,588940,1151391,706241,522292,323231,2022-11-01
St Albans,http://landregistry.data.gov.uk/id/region/st-albans,E07000240,2022-12,195,monthly,578155,1129347,693377,512480,317813,2022-12-01
St Albans,http://landregistry.data.gov.uk/id/region/st-albans,E07000240,2023-01,128,monthly,575600,1125442,690333,509301,316904,2023-01-01
St Albans,http://landregistry.data.gov.uk/id/region/st-albans,E07000240,2023-02,126,monthly,574552,1123569,689322,508128,316580,2023-02-01
St Albans,http://landregistry.data.gov.uk/id/region/st-albans,E07000240,2023-03,159,monthly,574118,1127471,689689,506104,315869,2023-03-01
St Albans,http://landregistry.data.gov.uk/id/region/st-albans,E07000240,2023-04,115,monthly,559138,1098846,671386,492893,307559,2023-04-01
St Albans,http://landregistry.data.gov.uk/id/region/st-albans,E07000240,2023-05,123,monthly,550361,1080350,660198,485229,303313,2023-05-01
St Albans,http://landregistry.data.gov.uk/id/region/st-albans,E07000240,2023-06,160,monthly,544983,1068364,652483,482333,300073,2023-06-01
St Albans,http://landregistry.data.gov.uk/id/region/st-albans,E07000240,2023-07,155,monthly,556841,1089009,667547,494491,305791,2023-07-01
St Albans,http://landregistry.data.gov.uk/id/region/st-albans,E07000240,2023-08,173,monthly,556241,1089736,668689,495292,303227,2023-08-01
St Albans,http://landregistry.data.gov.uk/id/region/st-albans,E07000240,2023-09,137,monthly,567568,1111548,683785,506333,308203,2023-09-01
St Albans,http://landregistry.data.gov.uk/id/region/st-albans,E07000240,2023-10,160,monthly,568298,1112179,686010,507261,308023,2023-10-01
St Albans,http://landregistry.data.gov.uk/id/region/st-albans,E07000240,2023-11,137,monthly,563746,1103429,680860,502057,306109,2023-11-01
St Albans,http://landregistry.data.gov.uk/id/region/st-albans,E07000240,2023-12,102,monthly,556786,1086048,673320,495539,303150,2023-12-01
St Albans,http://landregistry.data.gov.uk/id/region/st-albans,E07000240,2024-01,77,monthly,564328,1099507,682714,503701,306522,2024-01-01
St Albans,http://landregistry.data.gov.uk/id/region/st-albans,E07000240,2024-02,34,monthly,584053,1135686,707107,523753,315872,2024-02-01
St Albans,http://landregistry.data.gov.uk/id/region/st-albans,E07000240,2024-03,,monthly,577489,1123343,698473,518304,312214,2024-03-01
St Albans,http://landregistry.data.gov.uk/id/region/st-albans,E07000240,2024-04,,monthly,577876,1122000,700122,517779,312967,2024-04-01
