"Name","URI","Region GSS code","Period","Sales volume","Reporting period","Average price All property types","Average price Detached houses","Average price Semi-detached houses","Average price Terraced houses","Average price Flats and maisonettes","Pivotable date"
Sutton,http://landregistry.data.gov.uk/id/region/sutton,E09000029,2004-01,386,monthly,190195,418627,253155,172601,150050,2004-01-01
Sutton,http://landregistry.data.gov.uk/id/region/sutton,E09000029,2004-02,346,monthly,190673,418685,253213,173209,150538,2004-02-01
Sutton,http://landregistry.data.gov.uk/id/region/sutton,E09000029,2004-03,386,monthly,192155,422435,254743,174708,151620,2004-03-01
Sutton,http://landregistry.data.gov.uk/id/region/sutton,E09000029,2004-04,465,monthly,194608,423603,257485,177587,153491,2004-04-01
Sutton,http://landregistry.data.gov.uk/id/region/sutton,E09000029,2004-05,436,monthly,197569,423908,260642,180798,156031,2004-05-01
Sutton,http://landregistry.data.gov.uk/id/region/sutton,E09000029,2004-06,462,monthly,202145,429715,266151,185144,159904,2004-06-01
Sutton,http://landregistry.data.gov.uk/id/region/sutton,E09000029,2004-07,506,monthly,206055,437830,271776,188849,162785,2004-07-01
Sutton,http://landregistry.data.gov.uk/id/region/sutton,E09000029,2004-08,423,monthly,208743,447098,275410,191335,164685,2004-08-01
Sutton,http://landregistry.data.gov.uk/id/region/sutton,E09000029,2004-09,354,monthly,210029,452555,277783,192595,165303,2004-09-01
Sutton,http://landregistry.data.gov.uk/id/region/sutton,E09000029,2004-10,321,monthly,209698,450679,276154,192075,165600,2004-10-01
Sutton,http://landregistry.data.gov.uk/id/region/sutton,E09000029,2004-11,328,monthly,210496,450600,276845,192821,166419,2004-11-01
Sutton,http://landregistry.data.gov.uk/id/region/sutton,E09000029,2004-12,287,monthly,209585,445409,274453,192241,166059,2004-12-01
Sutton,http://landregistry.data.gov.uk/id/region/sutton,E09000029,2005-01,176,monthly,209205,445367,273644,192178,165627,2005-01-01
Sutton,http://landregistry.data.gov.uk/id/region/sutton,E09000029,2005-02,210,monthly,207733,443055,272133,190874,164237,2005-02-01
Sutton,http://landregistry.data.gov.uk/id/region/sutton,E09000029,2005-03,288,monthly,208081,444954,273184,191650,163991,2005-03-01
Sutton,http://landregistry.data.gov.uk/id/region/sutton,E09000029,2005-04,318,monthly,210105,447169,276362,194041,165202,2005-04-01
Sutton,http://landregistry.data.gov.uk/id/region/sutton,E09000029,2005-05,306,monthly,211344,447834,277344,195635,166237,2005-05-01
Sutton,http://landregistry.data.gov.uk/id/region/sutton,E09000029,2005-06,373,monthly,212564,448370,278639,197104,167219,2005-06-01
Sutton,http://landregistry.data.gov.uk/id/region/sutton,E09000029,2005-07,376,monthly,210958,445587,276891,195781,165686,2005-07-01
Sutton,http://landregistry.data.gov.uk/id/region/sutton,E09000029,2005-08,347,monthly,210938,446661,276913,196139,165336,2005-08-01
Sutton,http://landregistry.data.gov.uk/id/region/sutton,E09000029,2005-09,355,monthly,210881,448792,277028,196188,165013,2005-09-01
Sutton,http://landregistry.data.gov.uk/id/region/sutton,E09000029,2005-10,319,monthly,208818,443430,273367,194141,163871,2005-10-01
Sutton,http://landregistry.data.gov.uk/id/region/sutton,E09000029,2005-11,387,monthly,208103,440489,272434,193492,163393,2005-11-01
Sutton,http://landregistry.data.gov.uk/id/region/sutton,E09000029,2005-12,353,monthly,205837,432328,268501,191278,162244,2005-12-01
Sutton,http://landregistry.data.gov.uk/id/region/sutton,E09000029,2006-01,271,monthly,208052,438301,271642,193665,163605,2006-01-01
Sutton,http://landregistry.data.gov.uk/id/region/sutton,E09000029,2006-02,307,monthly,209393,440271,272948,194788,164968,2006-02-01
Sutton,http://landregistry.data.gov.uk/id/region/sutton,E09000029,2006-03,400,monthly,211152,446128,276115,196740,165711,2006-03-01
Sutton,http://landregistry.data.gov.uk/id/region/sutton,E09000029,2006-04,307,monthly,211560,445088,276628,197335,166042,2006-04-01
Sutton,http://landregistry.data.gov.uk/id/region/sutton,E09000029,2006-05,365,monthly,211970,446740,277532,197874,166080,2006-05-01
Sutton,http://landregistry.data.gov.uk/id/region/sutton,E09000029,2006-06,504,monthly,215029,452722,281429,200800,168500,2006-06-01
Sutton,http://landregistry.data.gov.uk/id/region/sutton,E09000029,2006-07,504,monthly,216749,457629,284100,202673,169443,2006-07-01
Sutton,http://landregistry.data.gov.uk/id/region/sutton,E09000029,2006-08,416,monthly,218347,461859,286442,204665,170227,2006-08-01
Sutton,http://landregistry.data.gov.uk/id/region/sutton,E09000029,2006-09,408,monthly,217113,461790,285402,203487,168896,2006-09-01
Sutton,http://landregistry.data.gov.uk/id/region/sutton,E09000029,2006-10,433,monthly,219908,467777,288774,205831,171343,2006-10-01
Sutton,http://landregistry.data.gov.uk/id/region/sutton,E09000029,2006-11,413,monthly,223135,474629,293241,208775,173830,2006-11-01
Sutton,http://landregistry.data.gov.uk/id/region/sutton,E09000029,2006-12,461,monthly,226278,478951,296588,211813,176654,2006-12-01
Sutton,http://landregistry.data.gov.uk/id/region/sutton,E09000029,2007-01,368,monthly,227012,481327,297691,212715,176983,2007-01-01
Sutton,http://landregistry.data.gov.uk/id/region/sutton,E09000029,2007-02,348,monthly,229220,485924,299906,214284,179174,2007-02-01
Sutton,http://landregistry.data.gov.uk/id/region/sutton,E09000029,2007-03,387,monthly,230815,490776,302362,216043,179992,2007-03-01
Sutton,http://landregistry.data.gov.uk/id/region/sutton,E09000029,2007-04,317,monthly,233852,495359,305784,219303,182385,2007-04-01
Sutton,http://landregistry.data.gov.uk/id/region/sutton,E09000029,2007-05,475,monthly,237514,501299,310331,223376,185044,2007-05-01
Sutton,http://landregistry.data.gov.uk/id/region/sutton,E09000029,2007-06,375,monthly,241342,508505,315013,227012,188146,2007-06-01
Sutton,http://landregistry.data.gov.uk/id/region/sutton,E09000029,2007-07,485,monthly,245600,521196,321456,230933,191051,2007-07-01
Sutton,http://landregistry.data.gov.uk/id/region/sutton,E09000029,2007-08,472,monthly,244675,522708,321193,230585,189563,2007-08-01
Sutton,http://landregistry.data.gov.uk/id/region/sutton,E09000029,2007-09,405,monthly,248035,533170,326187,233457,191980,2007-09-01
Sutton,http://landregistry.data.gov.uk/id/region/sutton,E09000029,2007-10,397,monthly,248831,535180,326350,234003,192937,2007-10-01
Sutton,http://landregistry.data.gov.uk/id/region/sutton,E09000029,2007-11,377,monthly,252643,544335,331006,236853,196352,2007-11-01
Sutton,http://landregistry.data.gov.uk/id/region/sutton,E09000029,2007-12,296,monthly,257717,552163,337035,241686,200605,2007-12-01
Sutton,http://landregistry.data.gov.uk/id/region/sutton,E09000029,2008-01,232,monthly,257529,553521,337008,241302,200417,2008-01-01
Sutton,http://landregistry.data.gov.uk/id/region/sutton,E09000029,2008-02,264,monthly,258579,555859,338856,242400,201034,2008-02-01
Sutton,http://landregistry.data.gov.uk/id/region/sutton,E09000029,2008-03,219,monthly,252133,545600,331515,236925,195188,2008-03-01
Sutton,http://landregistry.data.gov.uk/id/region/sutton,E09000029,2008-04,216,monthly,251699,545713,331469,237200,194273,2008-04-01
Sutton,http://landregistry.data.gov.uk/id/region/sutton,E09000029,2008-05,242,monthly,248424,539647,327432,234551,191368,2008-05-01
Sutton,http://landregistry.data.gov.uk/id/region/sutton,E09000029,2008-06,232,monthly,249482,542415,328952,235567,192114,2008-06-01
Sutton,http://landregistry.data.gov.uk/id/region/sutton,E09000029,2008-07,216,monthly,245202,534504,324316,231266,188633,2008-07-01
Sutton,http://landregistry.data.gov.uk/id/region/sutton,E09000029,2008-08,158,monthly,240818,526492,318708,226762,185336,2008-08-01
Sutton,http://landregistry.data.gov.uk/id/region/sutton,E09000029,2008-09,151,monthly,233543,515089,309276,219475,179688,2008-09-01
Sutton,http://landregistry.data.gov.uk/id/region/sutton,E09000029,2008-10,156,monthly,228683,504067,301999,214532,176394,2008-10-01
Sutton,http://landregistry.data.gov.uk/id/region/sutton,E09000029,2008-11,147,monthly,226015,500485,298580,212133,174125,2008-11-01
Sutton,http://landregistry.data.gov.uk/id/region/sutton,E09000029,2008-12,135,monthly,220316,485017,290941,207108,169733,2008-12-01
Sutton,http://landregistry.data.gov.uk/id/region/sutton,E09000029,2009-01,113,monthly,216291,477288,285569,202927,166815,2009-01-01
Sutton,http://landregistry.data.gov.uk/id/region/sutton,E09000029,2009-02,112,monthly,207917,456188,274390,194423,160951,2009-02-01
Sutton,http://landregistry.data.gov.uk/id/region/sutton,E09000029,2009-03,152,monthly,206511,452388,272260,192476,160373,2009-03-01
Sutton,http://landregistry.data.gov.uk/id/region/sutton,E09000029,2009-04,129,monthly,205540,447013,271330,191987,159429,2009-04-01
Sutton,http://landregistry.data.gov.uk/id/region/sutton,E09000029,2009-05,164,monthly,205722,446288,271687,192892,159058,2009-05-01
Sutton,http://landregistry.data.gov.uk/id/region/sutton,E09000029,2009-06,182,monthly,204523,443717,270731,192515,157328,2009-06-01
Sutton,http://landregistry.data.gov.uk/id/region/sutton,E09000029,2009-07,248,monthly,207908,452573,276376,196418,158843,2009-07-01
Sutton,http://landregistry.data.gov.uk/id/region/sutton,E09000029,2009-08,228,monthly,212511,465776,283336,201084,161556,2009-08-01
Sutton,http://landregistry.data.gov.uk/id/region/sutton,E09000029,2009-09,228,monthly,217195,478054,290266,205642,164611,2009-09-01
Sutton,http://landregistry.data.gov.uk/id/region/sutton,E09000029,2009-10,270,monthly,218550,482323,292311,207013,165389,2009-10-01
Sutton,http://landregistry.data.gov.uk/id/region/sutton,E09000029,2009-11,250,monthly,220575,486444,294800,209547,166577,2009-11-01
Sutton,http://landregistry.data.gov.uk/id/region/sutton,E09000029,2009-12,314,monthly,222170,487370,296680,211643,167655,2009-12-01
Sutton,http://landregistry.data.gov.uk/id/region/sutton,E09000029,2010-01,144,monthly,225973,497990,303094,215696,169561,2010-01-01
Sutton,http://landregistry.data.gov.uk/id/region/sutton,E09000029,2010-02,157,monthly,230356,509454,310865,220002,171956,2010-02-01
Sutton,http://landregistry.data.gov.uk/id/region/sutton,E09000029,2010-03,175,monthly,235157,525254,318338,224188,175123,2010-03-01
Sutton,http://landregistry.data.gov.uk/id/region/sutton,E09000029,2010-04,221,monthly,234859,522967,317525,223836,175259,2010-04-01
Sutton,http://landregistry.data.gov.uk/id/region/sutton,E09000029,2010-05,157,monthly,236701,525957,319108,225455,177200,2010-05-01
Sutton,http://landregistry.data.gov.uk/id/region/sutton,E09000029,2010-06,197,monthly,235295,521882,317375,224586,175818,2010-06-01
Sutton,http://landregistry.data.gov.uk/id/region/sutton,E09000029,2010-07,239,monthly,235635,526830,318151,225136,175416,2010-07-01
Sutton,http://landregistry.data.gov.uk/id/region/sutton,E09000029,2010-08,227,monthly,233041,523751,316246,222691,172577,2010-08-01
Sutton,http://landregistry.data.gov.uk/id/region/sutton,E09000029,2010-09,207,monthly,233303,528390,317389,222895,172135,2010-09-01
Sutton,http://landregistry.data.gov.uk/id/region/sutton,E09000029,2010-10,185,monthly,234395,530008,319396,223833,172881,2010-10-01
Sutton,http://landregistry.data.gov.uk/id/region/sutton,E09000029,2010-11,230,monthly,234597,531637,319157,223663,173399,2010-11-01
Sutton,http://landregistry.data.gov.uk/id/region/sutton,E09000029,2010-12,221,monthly,232561,525928,316682,221385,172114,2010-12-01
Sutton,http://landregistry.data.gov.uk/id/region/sutton,E09000029,2011-01,100,monthly,231401,526936,315051,220068,171124,2011-01-01
Sutton,http://landregistry.data.gov.uk/id/region/sutton,E09000029,2011-02,135,monthly,234298,537927,318878,222665,173010,2011-02-01
Sutton,http://landregistry.data.gov.uk/id/region/sutton,E09000029,2011-03,158,monthly,234942,544349,319469,223225,173191,2011-03-01
Sutton,http://landregistry.data.gov.uk/id/region/sutton,E09000029,2011-04,176,monthly,233579,539804,317288,221892,172429,2011-04-01
Sutton,http://landregistry.data.gov.uk/id/region/sutton,E09000029,2011-05,194,monthly,231347,527795,313906,219914,171354,2011-05-01
Sutton,http://landregistry.data.gov.uk/id/region/sutton,E09000029,2011-06,221,monthly,228305,514065,310028,217365,169334,2011-06-01
Sutton,http://landregistry.data.gov.uk/id/region/sutton,E09000029,2011-07,260,monthly,230503,516729,313195,219523,171045,2011-07-01
Sutton,http://landregistry.data.gov.uk/id/region/sutton,E09000029,2011-08,278,monthly,230092,520077,314357,219666,169477,2011-08-01
Sutton,http://landregistry.data.gov.uk/id/region/sutton,E09000029,2011-09,215,monthly,234651,535440,320986,224065,172268,2011-09-01
Sutton,http://landregistry.data.gov.uk/id/region/sutton,E09000029,2011-10,242,monthly,235020,538921,322736,224469,171893,2011-10-01
Sutton,http://landregistry.data.gov.uk/id/region/sutton,E09000029,2011-11,217,monthly,235541,540193,322520,224505,172874,2011-11-01
Sutton,http://landregistry.data.gov.uk/id/region/sutton,E09000029,2011-12,237,monthly,236642,538166,323937,225514,174102,2011-12-01
Sutton,http://landregistry.data.gov.uk/id/region/sutton,E09000029,2012-01,166,monthly,234452,530980,321034,223857,172352,2012-01-01
Sutton,http://landregistry.data.gov.uk/id/region/sutton,E09000029,2012-02,193,monthly,233933,530379,320909,223990,171322,2012-02-01
Sutton,http://landregistry.data.gov.uk/id/region/sutton,E09000029,2012-03,268,monthly,233526,528611,319711,224076,171052,2012-03-01
Sutton,http://landregistry.data.gov.uk/id/region/sutton,E09000029,2012-04,155,monthly,235097,531493,320956,225431,172666,2012-04-01
Sutton,http://landregistry.data.gov.uk/id/region/sutton,E09000029,2012-05,160,monthly,237808,534706,324206,228089,175022,2012-05-01
Sutton,http://landregistry.data.gov.uk/id/region/sutton,E09000029,2012-06,216,monthly,238754,536984,325781,229688,175192,2012-06-01
Sutton,http://landregistry.data.gov.uk/id/region/sutton,E09000029,2012-07,221,monthly,241191,542764,329293,232445,176640,2012-07-01
Sutton,http://landregistry.data.gov.uk/id/region/sutton,E09000029,2012-08,261,monthly,239079,538356,326866,231068,174513,2012-08-01
Sutton,http://landregistry.data.gov.uk/id/region/sutton,E09000029,2012-09,198,monthly,241415,546009,330175,233089,176117,2012-09-01
Sutton,http://landregistry.data.gov.uk/id/region/sutton,E09000029,2012-10,269,monthly,242477,547940,331570,234359,176805,2012-10-01
Sutton,http://landregistry.data.gov.uk/id/region/sutton,E09000029,2012-11,279,monthly,244327,552366,333870,236087,178248,2012-11-01
Sutton,http://landregistry.data.gov.uk/id/region/sutton,E09000029,2012-12,180,monthly,244047,551585,333929,235987,177803,2012-12-01
Sutton,http://landregistry.data.gov.uk/id/region/sutton,E09000029,2013-01,163,monthly,243568,552756,334365,235321,177011,2013-01-01
Sutton,http://landregistry.data.gov.uk/id/region/sutton,E09000029,2013-02,190,monthly,243275,553791,334287,234729,176705,2013-02-01
Sutton,http://landregistry.data.gov.uk/id/region/sutton,E09000029,2013-03,194,monthly,243096,555196,334102,233868,176771,2013-03-01
Sutton,http://landregistry.data.gov.uk/id/region/sutton,E09000029,2013-04,184,monthly,242914,554542,332805,234047,176783,2013-04-01
Sutton,http://landregistry.data.gov.uk/id/region/sutton,E09000029,2013-05,246,monthly,248213,565619,340015,239130,180752,2013-05-01
Sutton,http://landregistry.data.gov.uk/id/region/sutton,E09000029,2013-06,221,monthly,250480,568654,343170,241975,182191,2013-06-01
Sutton,http://landregistry.data.gov.uk/id/region/sutton,E09000029,2013-07,297,monthly,253394,574570,347517,244925,184181,2013-07-01
Sutton,http://landregistry.data.gov.uk/id/region/sutton,E09000029,2013-08,302,monthly,254848,577919,350009,246646,184904,2013-08-01
Sutton,http://landregistry.data.gov.uk/id/region/sutton,E09000029,2013-09,283,monthly,256554,584804,352568,248183,185894,2013-09-01
Sutton,http://landregistry.data.gov.uk/id/region/sutton,E09000029,2013-10,326,monthly,260492,594673,358540,251777,188621,2013-10-01
Sutton,http://landregistry.data.gov.uk/id/region/sutton,E09000029,2013-11,337,monthly,261968,597759,360610,253297,189649,2013-11-01
Sutton,http://landregistry.data.gov.uk/id/region/sutton,E09000029,2013-12,263,monthly,265231,599889,364920,256716,192356,2013-12-01
Sutton,http://landregistry.data.gov.uk/id/region/sutton,E09000029,2014-01,277,monthly,269434,608665,370213,260538,195753,2014-01-01
Sutton,http://landregistry.data.gov.uk/id/region/sutton,E09000029,2014-02,269,monthly,272241,615317,373617,263195,197948,2014-02-01
Sutton,http://landregistry.data.gov.uk/id/region/sutton,E09000029,2014-03,246,monthly,274934,622393,377144,265696,199900,2014-03-01
Sutton,http://landregistry.data.gov.uk/id/region/sutton,E09000029,2014-04,222,monthly,277918,627823,380757,269199,201974,2014-04-01
Sutton,http://landregistry.data.gov.uk/id/region/sutton,E09000029,2014-05,254,monthly,281159,632233,384851,272842,204363,2014-05-01
Sutton,http://landregistry.data.gov.uk/id/region/sutton,E09000029,2014-06,243,monthly,284984,640239,390267,276896,206967,2014-06-01
Sutton,http://landregistry.data.gov.uk/id/region/sutton,E09000029,2014-07,260,monthly,289552,650572,397364,281616,209919,2014-07-01
Sutton,http://landregistry.data.gov.uk/id/region/sutton,E09000029,2014-08,401,monthly,297732,671064,409689,289782,215320,2014-08-01
Sutton,http://landregistry.data.gov.uk/id/region/sutton,E09000029,2014-09,331,monthly,308556,696817,424771,300236,223048,2014-09-01
Sutton,http://landregistry.data.gov.uk/id/region/sutton,E09000029,2014-10,382,monthly,313166,706919,430897,304179,226726,2014-10-01
Sutton,http://landregistry.data.gov.uk/id/region/sutton,E09000029,2014-11,274,monthly,313785,708707,431306,304274,227515,2014-11-01
Sutton,http://landregistry.data.gov.uk/id/region/sutton,E09000029,2014-12,289,monthly,310125,700352,425800,300425,225139,2014-12-01
Sutton,http://landregistry.data.gov.uk/id/region/sutton,E09000029,2015-01,228,monthly,307545,694967,422525,297805,223229,2015-01-01
Sutton,http://landregistry.data.gov.uk/id/region/sutton,E09000029,2015-02,228,monthly,310645,701713,426314,300291,225884,2015-02-01
Sutton,http://landregistry.data.gov.uk/id/region/sutton,E09000029,2015-03,252,monthly,311025,703015,427478,300326,226132,2015-03-01
Sutton,http://landregistry.data.gov.uk/id/region/sutton,E09000029,2015-04,241,monthly,314051,710118,431141,303686,228227,2015-04-01
Sutton,http://landregistry.data.gov.uk/id/region/sutton,E09000029,2015-05,262,monthly,314507,708913,432101,304483,228445,2015-05-01
Sutton,http://landregistry.data.gov.uk/id/region/sutton,E09000029,2015-06,322,monthly,316576,713583,435379,307556,229292,2015-06-01
Sutton,http://landregistry.data.gov.uk/id/region/sutton,E09000029,2015-07,332,monthly,323505,727646,445661,314515,234103,2015-07-01
Sutton,http://landregistry.data.gov.uk/id/region/sutton,E09000029,2015-08,288,monthly,327396,737579,451604,318946,236351,2015-08-01
Sutton,http://landregistry.data.gov.uk/id/region/sutton,E09000029,2015-09,272,monthly,334099,755996,460793,324835,241295,2015-09-01
Sutton,http://landregistry.data.gov.uk/id/region/sutton,E09000029,2015-10,384,monthly,335502,760910,463115,326324,242021,2015-10-01
Sutton,http://landregistry.data.gov.uk/id/region/sutton,E09000029,2015-11,302,monthly,338619,769341,467802,329201,244147,2015-11-01
Sutton,http://landregistry.data.gov.uk/id/region/sutton,E09000029,2015-12,295,monthly,341717,774778,472599,332390,246265,2015-12-01
Sutton,http://landregistry.data.gov.uk/id/region/sutton,E09000029,2016-01,201,monthly,343907,779026,476606,333926,247932,2016-01-01
Sutton,http://landregistry.data.gov.uk/id/region/sutton,E09000029,2016-02,265,monthly,351088,796516,486707,340492,253187,2016-02-01
Sutton,http://landregistry.data.gov.uk/id/region/sutton,E09000029,2016-03,460,monthly,354131,805307,490306,342941,255668,2016-03-01
Sutton,http://landregistry.data.gov.uk/id/region/sutton,E09000029,2016-04,164,monthly,360226,816601,496920,349741,260288,2016-04-01
Sutton,http://landregistry.data.gov.uk/id/region/sutton,E09000029,2016-05,181,monthly,363181,814963,498849,352910,263445,2016-05-01
Sutton,http://landregistry.data.gov.uk/id/region/sutton,E09000029,2016-06,257,monthly,369743,824137,506631,359819,268662,2016-06-01
Sutton,http://landregistry.data.gov.uk/id/region/sutton,E09000029,2016-07,255,monthly,373699,833701,512586,363148,271600,2016-07-01
Sutton,http://landregistry.data.gov.uk/id/region/sutton,E09000029,2016-08,294,monthly,376311,842934,516801,365593,273127,2016-08-01
Sutton,http://landregistry.data.gov.uk/id/region/sutton,E09000029,2016-09,279,monthly,375152,841227,516807,363986,272033,2016-09-01
Sutton,http://landregistry.data.gov.uk/id/region/sutton,E09000029,2016-10,289,monthly,374923,841979,516391,362551,272418,2016-10-01
Sutton,http://landregistry.data.gov.uk/id/region/sutton,E09000029,2016-11,317,monthly,371407,838101,512007,358174,269949,2016-11-01
Sutton,http://landregistry.data.gov.uk/id/region/sutton,E09000029,2016-12,310,monthly,369869,835402,508707,356050,269421,2016-12-01
Sutton,http://landregistry.data.gov.uk/id/region/sutton,E09000029,2017-01,232,monthly,365567,826129,502512,352276,266145,2017-01-01
Sutton,http://landregistry.data.gov.uk/id/region/sutton,E09000029,2017-02,261,monthly,366941,825121,502306,353111,268224,2017-02-01
Sutton,http://landregistry.data.gov.uk/id/region/sutton,E09000029,2017-03,255,monthly,371234,834966,507733,356909,271633,2017-03-01
Sutton,http://landregistry.data.gov.uk/id/region/sutton,E09000029,2017-04,211,monthly,376231,846664,513153,361166,275922,2017-04-01
Sutton,http://landregistry.data.gov.uk/id/region/sutton,E09000029,2017-05,233,monthly,377365,846842,515161,362020,276888,2017-05-01
Sutton,http://landregistry.data.gov.uk/id/region/sutton,E09000029,2017-06,254,monthly,379352,846428,517122,364602,278513,2017-06-01
Sutton,http://landregistry.data.gov.uk/id/region/sutton,E09000029,2017-07,277,monthly,380601,844854,519541,365669,279560,2017-07-01
Sutton,http://landregistry.data.gov.uk/id/region/sutton,E09000029,2017-08,315,monthly,382729,852919,523219,368876,280127,2017-08-01
Sutton,http://landregistry.data.gov.uk/id/region/sutton,E09000029,2017-09,260,monthly,382200,856753,523910,368050,279203,2017-09-01
Sutton,http://landregistry.data.gov.uk/id/region/sutton,E09000029,2017-10,230,monthly,381501,859784,523838,367538,278094,2017-10-01
Sutton,http://landregistry.data.gov.uk/id/region/sutton,E09000029,2017-11,257,monthly,381410,858927,524479,367249,277955,2017-11-01
Sutton,http://landregistry.data.gov.uk/id/region/sutton,E09000029,2017-12,233,monthly,377963,849514,519839,364908,275033,2017-12-01
Sutton,http://landregistry.data.gov.uk/id/region/sutton,E09000029,2018-01,196,monthly,376097,843435,517525,363268,273638,2018-01-01
Sutton,http://landregistry.data.gov.uk/id/region/sutton,E09000029,2018-02,210,monthly,371697,834541,511212,359135,270380,2018-02-01
Sutton,http://landregistry.data.gov.uk/id/region/sutton,E09000029,2018-03,212,monthly,376096,845516,519162,363842,272947,2018-03-01
Sutton,http://landregistry.data.gov.uk/id/region/sutton,E09000029,2018-04,189,monthly,375827,845397,519949,365360,271735,2018-04-01
Sutton,http://landregistry.data.gov.uk/id/region/sutton,E09000029,2018-05,209,monthly,379977,857151,528238,370767,273467,2018-05-01
Sutton,http://landregistry.data.gov.uk/id/region/sutton,E09000029,2018-06,217,monthly,381296,862312,531030,371694,274227,2018-06-01
Sutton,http://landregistry.data.gov.uk/id/region/sutton,E09000029,2018-07,248,monthly,385780,877095,537356,375759,277304,2018-07-01
Sutton,http://landregistry.data.gov.uk/id/region/sutton,E09000029,2018-08,263,monthly,387410,881559,538980,377213,278632,2018-08-01
Sutton,http://landregistry.data.gov.uk/id/region/sutton,E09000029,2018-09,229,monthly,382056,872158,531693,372366,274445,2018-09-01
Sutton,http://landregistry.data.gov.uk/id/region/sutton,E09000029,2018-10,217,monthly,382111,872073,531815,372393,274498,2018-10-01
Sutton,http://landregistry.data.gov.uk/id/region/sutton,E09000029,2018-11,249,monthly,377688,867636,527132,368476,270530,2018-11-01
Sutton,http://landregistry.data.gov.uk/id/region/sutton,E09000029,2018-12,240,monthly,375497,859599,523628,366251,269259,2018-12-01
Sutton,http://landregistry.data.gov.uk/id/region/sutton,E09000029,2019-01,185,monthly,374145,857940,522617,364636,268136,2019-01-01
Sutton,http://landregistry.data.gov.uk/id/region/sutton,E09000029,2019-02,202,monthly,374348,854085,521623,364305,269061,2019-02-01
Sutton,http://landregistry.data.gov.uk/id/region/sutton,E09000029,2019-03,199,monthly,371934,848729,518632,362491,266901,2019-03-01
Sutton,http://landregistry.data.gov.uk/id/region/sutton,E09000029,2019-04,192,monthly,368128,836979,512403,359797,264035,2019-04-01
Sutton,http://landregistry.data.gov.uk/id/region/sutton,E09000029,2019-05,182,monthly,368973,837729,514560,361616,263779,2019-05-01
Sutton,http://landregistry.data.gov.uk/id/region/sutton,E09000029,2019-06,205,monthly,370738,840324,517098,363450,265044,2019-06-01
Sutton,http://landregistry.data.gov.uk/id/region/sutton,E09000029,2019-07,209,monthly,372358,842804,519710,364997,266195,2019-07-01
Sutton,http://landregistry.data.gov.uk/id/region/sutton,E09000029,2019-08,284,monthly,367924,832949,513857,360975,262705,2019-08-01
Sutton,http://landregistry.data.gov.uk/id/region/sutton,E09000029,2019-09,225,monthly,371762,842856,518207,365099,265466,2019-09-01
Sutton,http://landregistry.data.gov.uk/id/region/sutton,E09000029,2019-10,224,monthly,370293,841910,518078,363550,263706,2019-10-01
Sutton,http://landregistry.data.gov.uk/id/region/sutton,E09000029,2019-11,237,monthly,375329,857421,526401,368177,266814,2019-11-01
Sutton,http://landregistry.data.gov.uk/id/region/sutton,E09000029,2019-12,209,monthly,373236,855952,524715,366504,264466,2019-12-01
Sutton,http://landregistry.data.gov.uk/id/region/sutton,E09000029,2020-01,209,monthly,371413,851502,522228,365579,262633,2020-01-01
Sutton,http://landregistry.data.gov.uk/id/region/sutton,E09000029,2020-02,216,monthly,372934,855258,524087,367263,263607,2020-02-01
Sutton,http://landregistry.data.gov.uk/id/region/sutton,E09000029,2020-03,160,monthly,375271,859915,528060,369212,265294,2020-03-01
Sutton,http://landregistry.data.gov.uk/id/region/sutton,E09000029,2020-04,114,monthly,376945,870738,530658,371895,265156,2020-04-01
Sutton,http://landregistry.data.gov.uk/id/region/sutton,E09000029,2020-05,92,monthly,373241,862655,525587,367963,262647,2020-05-01
Sutton,http://landregistry.data.gov.uk/id/region/sutton,E09000029,2020-06,152,monthly,372685,860646,526205,368042,261483,2020-06-01
Sutton,http://landregistry.data.gov.uk/id/region/sutton,E09000029,2020-07,162,monthly,374822,859511,529127,369580,263881,2020-07-01
Sutton,http://landregistry.data.gov.uk/id/region/sutton,E09000029,2020-08,190,monthly,377325,867320,534428,373323,264121,2020-08-01
Sutton,http://landregistry.data.gov.uk/id/region/sutton,E09000029,2020-09,206,monthly,382463,883850,542382,378625,266977,2020-09-01
Sutton,http://landregistry.data.gov.uk/id/region/sutton,E09000029,2020-10,245,monthly,385176,894049,547629,381647,267905,2020-10-01
Sutton,http://landregistry.data.gov.uk/id/region/sutton,E09000029,2020-11,293,monthly,389932,905671,554201,386227,271305,2020-11-01
Sutton,http://landregistry.data.gov.uk/id/region/sutton,E09000029,2020-12,256,monthly,392781,911878,558105,389535,273057,2020-12-01
Sutton,http://landregistry.data.gov.uk/id/region/sutton,E09000029,2021-01,238,monthly,394083,908878,558072,389962,275593,2021-01-01
Sutton,http://landregistry.data.gov.uk/id/region/sutton,E09000029,2021-02,347,monthly,396599,904548,558551,391760,279644,2021-02-01
Sutton,http://landregistry.data.gov.uk/id/region/sutton,E09000029,2021-03,483,monthly,397072,894984,555924,391246,282599,2021-03-01
Sutton,http://landregistry.data.gov.uk/id/region/sutton,E09000029,2021-04,253,monthly,398380,896909,556118,392614,284145,2021-04-01
Sutton,http://landregistry.data.gov.uk/id/region/sutton,E09000029,2021-05,229,monthly,396723,896495,554144,391152,282444,2021-05-01
Sutton,http://landregistry.data.gov.uk/id/region/sutton,E09000029,2021-06,685,monthly,398940,901145,556165,394876,283416,2021-06-01
Sutton,http://landregistry.data.gov.uk/id/region/sutton,E09000029,2021-07,104,monthly,403197,921222,563565,397761,285926,2021-07-01
Sutton,http://landregistry.data.gov.uk/id/region/sutton,E09000029,2021-08,195,monthly,408645,943736,574314,402564,288237,2021-08-01
Sutton,http://landregistry.data.gov.uk/id/region/sutton,E09000029,2021-09,433,monthly,412537,960964,582323,405565,289924,2021-09-01
Sutton,http://landregistry.data.gov.uk/id/region/sutton,E09000029,2021-10,146,monthly,413549,967835,586543,407019,288991,2021-10-01
Sutton,http://landregistry.data.gov.uk/id/region/sutton,E09000029,2021-11,188,monthly,412091,965448,584846,405731,287667,2021-11-01
Sutton,http://landregistry.data.gov.uk/id/region/sutton,E09000029,2021-12,247,monthly,409639,964808,583717,403257,284758,2021-12-01
Sutton,http://landregistry.data.gov.uk/id/region/sutton,E09000029,2022-01,193,monthly,413152,969237,589418,408072,286391,2022-01-01
Sutton,http://landregistry.data.gov.uk/id/region/sutton,E09000029,2022-02,242,monthly,417936,977111,595740,413158,289998,2022-02-01
Sutton,http://landregistry.data.gov.uk/id/region/sutton,E09000029,2022-03,243,monthly,421001,985847,600960,416200,291713,2022-03-01
Sutton,http://landregistry.data.gov.uk/id/region/sutton,E09000029,2022-04,172,monthly,421895,985340,600869,417933,292516,2022-04-01
Sutton,http://landregistry.data.gov.uk/id/region/sutton,E09000029,2022-05,236,monthly,426737,997049,608725,423877,294676,2022-05-01
Sutton,http://landregistry.data.gov.uk/id/region/sutton,E09000029,2022-06,219,monthly,435880,1015247,621199,433974,300799,2022-06-01
Sutton,http://landregistry.data.gov.uk/id/region/sutton,E09000029,2022-07,231,monthly,445825,1039051,637265,444780,306257,2022-07-01
Sutton,http://landregistry.data.gov.uk/id/region/sutton,E09000029,2022-08,258,monthly,448381,1043921,642071,448611,306801,2022-08-01
Sutton,http://landregistry.data.gov.uk/id/region/sutton,E09000029,2022-09,254,monthly,447426,1045267,641978,448310,304903,2022-09-01
Sutton,http://landregistry.data.gov.uk/id/region/sutton,E09000029,2022-10,226,monthly,444271,1038127,637783,445532,302351,2022-10-01
Sutton,http://landregistry.data.gov.uk/id/region/sutton,E09000029,2022-11,263,monthly,445694,1043841,639888,447122,302985,2022-11-01
Sutton,http://landregistry.data.gov.uk/id/region/sutton,E09000029,2022-12,204,monthly,443258,1035684,636532,445117,301194,2022-12-01
Sutton,http://landregistry.data.gov.uk/id/region/sutton,E09000029,2023-01,195,monthly,446333,1044431,641077,447289,303710,2023-01-01
Sutton,http://landregistry.data.gov.uk/id/region/sutton,E09000029,2023-02,183,monthly,441306,1033512,633986,441051,300963,2023-02-01
Sutton,http://landregistry.data.gov.uk/id/region/sutton,E09000029,2023-03,189,monthly,440748,1037871,633997,438595,300995,2023-03-01
Sutton,http://landregistry.data.gov.uk/id/region/sutton,E09000029,2023-04,134,monthly,436756,1029042,627736,433823,298805,2023-04-01
Sutton,http://landregistry.data.gov.uk/id/region/sutton,E09000029,2023-05,146,monthly,435519,1023154,625008,431921,298817,2023-05-01
Sutton,http://landregistry.data.gov.uk/id/region/sutton,E09000029,2023-06,188,monthly,432119,1013382,619059,429420,296481,2023-06-01
Sutton,http://landregistry.data.gov.uk/id/region/sutton,E09000029,2023-07,161,monthly,430137,1007004,617078,428630,294366,2023-07-01
Sutton,http://landregistry.data.gov.uk/id/region/sutton,E09000029,2023-08,190,monthly,428567,1007379,616701,428720,291571,2023-08-01
Sutton,http://landregistry.data.gov.uk/id/region/sutton,E09000029,2023-09,164,monthly,432819,1018491,624380,433975,293392,2023-09-01
Sutton,http://landregistry.data.gov.uk/id/region/sutton,E09000029,2023-10,183,monthly,433604,1020068,626246,434356,293932,2023-10-01
Sutton,http://landregistry.data.gov.uk/id/region/sutton,E09000029,2023-11,154,monthly,426067,1002507,615638,425733,289281,2023-11-01
Sutton,http://landregistry.data.gov.uk/id/region/sutton,E09000029,2023-12,107,monthly,416672,975965,602182,415686,283520,2023-12-01
Sutton,http://landregistry.data.gov.uk/id/region/sutton,E09000029,2024-01,109,monthly,418852,980647,605491,419142,284326,2024-01-01
Sutton,http://landregistry.data.gov.uk/id/region/sutton,E09000029,2024-02,59,monthly,421933,985316,609877,422467,286582,2024-02-01
Sutton,http://landregistry.data.gov.uk/id/region/sutton,E09000029,2024-03,,monthly,433846,1012451,626048,433713,295513,2024-03-01
Sutton,http://landregistry.data.gov.uk/id/region/sutton,E09000029,2024-04,,monthly,420492,976905,607099,419221,287332,2024-04-01
