"Name","URI","Region GSS code","Period","Sales volume","Reporting period","Average price All property types","Average price Detached houses","Average price Semi-detached houses","Average price Terraced houses","Average price Flats and maisonettes","Pivotable date"
Tonbridge,http://landregistry.data.gov.uk/id/region/tonbridge-and-malling,E07000115,2004-01,168,monthly,191430,321020,189113,152023,133185,2004-01-01
Tonbridge,http://landregistry.data.gov.uk/id/region/tonbridge-and-malling,E07000115,2004-02,148,monthly,189863,317827,187268,151151,132384,2004-02-01
Tonbridge,http://landregistry.data.gov.uk/id/region/tonbridge-and-malling,E07000115,2004-03,205,monthly,192034,321414,189104,153125,133605,2004-03-01
Tonbridge,http://landregistry.data.gov.uk/id/region/tonbridge-and-malling,E07000115,2004-04,209,monthly,194314,322418,191706,155829,135140,2004-04-01
Tonbridge,http://landregistry.data.gov.uk/id/region/tonbridge-and-malling,E07000115,2004-05,289,monthly,199599,328521,197160,160911,139018,2004-05-01
Tonbridge,http://landregistry.data.gov.uk/id/region/tonbridge-and-malling,E07000115,2004-06,291,monthly,203530,333176,201297,164430,142173,2004-06-01
Tonbridge,http://landregistry.data.gov.uk/id/region/tonbridge-and-malling,E07000115,2004-07,303,monthly,207382,339277,205378,167580,144373,2004-07-01
Tonbridge,http://landregistry.data.gov.uk/id/region/tonbridge-and-malling,E07000115,2004-08,257,monthly,206857,339257,204966,166927,143435,2004-08-01
Tonbridge,http://landregistry.data.gov.uk/id/region/tonbridge-and-malling,E07000115,2004-09,224,monthly,211906,348657,209955,170881,146144,2004-09-01
Tonbridge,http://landregistry.data.gov.uk/id/region/tonbridge-and-malling,E07000115,2004-10,206,monthly,212478,349351,210041,171405,147723,2004-10-01
Tonbridge,http://landregistry.data.gov.uk/id/region/tonbridge-and-malling,E07000115,2004-11,177,monthly,216052,354951,213403,174318,150796,2004-11-01
Tonbridge,http://landregistry.data.gov.uk/id/region/tonbridge-and-malling,E07000115,2004-12,178,monthly,211903,346319,209094,171587,148831,2004-12-01
Tonbridge,http://landregistry.data.gov.uk/id/region/tonbridge-and-malling,E07000115,2005-01,115,monthly,206276,337380,203141,167258,145057,2005-01-01
Tonbridge,http://landregistry.data.gov.uk/id/region/tonbridge-and-malling,E07000115,2005-02,97,monthly,198476,324336,195422,161017,139806,2005-02-01
Tonbridge,http://landregistry.data.gov.uk/id/region/tonbridge-and-malling,E07000115,2005-03,140,monthly,199816,326844,196878,161931,140413,2005-03-01
Tonbridge,http://landregistry.data.gov.uk/id/region/tonbridge-and-malling,E07000115,2005-04,163,monthly,201824,328506,199301,163785,141737,2005-04-01
Tonbridge,http://landregistry.data.gov.uk/id/region/tonbridge-and-malling,E07000115,2005-05,205,monthly,207416,337228,204681,168615,145597,2005-05-01
Tonbridge,http://landregistry.data.gov.uk/id/region/tonbridge-and-malling,E07000115,2005-06,193,monthly,205557,332933,202914,167467,144426,2005-06-01
Tonbridge,http://landregistry.data.gov.uk/id/region/tonbridge-and-malling,E07000115,2005-07,193,monthly,209015,339249,206425,170128,146335,2005-07-01
Tonbridge,http://landregistry.data.gov.uk/id/region/tonbridge-and-malling,E07000115,2005-08,159,monthly,209106,339827,206460,170223,146057,2005-08-01
Tonbridge,http://landregistry.data.gov.uk/id/region/tonbridge-and-malling,E07000115,2005-09,199,monthly,211831,345403,208874,172422,147547,2005-09-01
Tonbridge,http://landregistry.data.gov.uk/id/region/tonbridge-and-malling,E07000115,2005-10,195,monthly,212611,346314,209156,173366,148794,2005-10-01
Tonbridge,http://landregistry.data.gov.uk/id/region/tonbridge-and-malling,E07000115,2005-11,179,monthly,215342,349905,211871,175799,150929,2005-11-01
Tonbridge,http://landregistry.data.gov.uk/id/region/tonbridge-and-malling,E07000115,2005-12,229,monthly,215467,348739,211915,176105,152021,2005-12-01
Tonbridge,http://landregistry.data.gov.uk/id/region/tonbridge-and-malling,E07000115,2006-01,153,monthly,220579,357523,216905,180392,154933,2006-01-01
Tonbridge,http://landregistry.data.gov.uk/id/region/tonbridge-and-malling,E07000115,2006-02,152,monthly,219894,355635,216032,180091,155083,2006-02-01
Tonbridge,http://landregistry.data.gov.uk/id/region/tonbridge-and-malling,E07000115,2006-03,225,monthly,216096,350098,212419,176989,151580,2006-03-01
Tonbridge,http://landregistry.data.gov.uk/id/region/tonbridge-and-malling,E07000115,2006-04,215,monthly,221313,356946,217868,181531,155514,2006-04-01
Tonbridge,http://landregistry.data.gov.uk/id/region/tonbridge-and-malling,E07000115,2006-05,199,monthly,226616,365702,223295,185761,158851,2006-05-01
Tonbridge,http://landregistry.data.gov.uk/id/region/tonbridge-and-malling,E07000115,2006-06,282,monthly,232243,374043,229008,190510,162851,2006-06-01
Tonbridge,http://landregistry.data.gov.uk/id/region/tonbridge-and-malling,E07000115,2006-07,242,monthly,227360,366903,224077,186662,158588,2006-07-01
Tonbridge,http://landregistry.data.gov.uk/id/region/tonbridge-and-malling,E07000115,2006-08,273,monthly,226480,366281,223140,186138,156861,2006-08-01
Tonbridge,http://landregistry.data.gov.uk/id/region/tonbridge-and-malling,E07000115,2006-09,291,monthly,229358,372511,225886,188333,157863,2006-09-01
Tonbridge,http://landregistry.data.gov.uk/id/region/tonbridge-and-malling,E07000115,2006-10,241,monthly,230331,374246,226773,188927,159006,2006-10-01
Tonbridge,http://landregistry.data.gov.uk/id/region/tonbridge-and-malling,E07000115,2006-11,274,monthly,231185,375178,227847,189620,159553,2006-11-01
Tonbridge,http://landregistry.data.gov.uk/id/region/tonbridge-and-malling,E07000115,2006-12,273,monthly,233499,377161,230096,191991,161911,2006-12-01
Tonbridge,http://landregistry.data.gov.uk/id/region/tonbridge-and-malling,E07000115,2007-01,180,monthly,231576,374588,228123,190411,160222,2007-01-01
Tonbridge,http://landregistry.data.gov.uk/id/region/tonbridge-and-malling,E07000115,2007-02,195,monthly,233463,377782,229728,191827,162148,2007-02-01
Tonbridge,http://landregistry.data.gov.uk/id/region/tonbridge-and-malling,E07000115,2007-03,248,monthly,229452,372209,225742,188494,158580,2007-03-01
Tonbridge,http://landregistry.data.gov.uk/id/region/tonbridge-and-malling,E07000115,2007-04,220,monthly,232261,375556,228489,191405,160351,2007-04-01
Tonbridge,http://landregistry.data.gov.uk/id/region/tonbridge-and-malling,E07000115,2007-05,247,monthly,234420,377893,230524,193674,161977,2007-05-01
Tonbridge,http://landregistry.data.gov.uk/id/region/tonbridge-and-malling,E07000115,2007-06,311,monthly,243415,392191,239183,201178,168541,2007-06-01
Tonbridge,http://landregistry.data.gov.uk/id/region/tonbridge-and-malling,E07000115,2007-07,294,monthly,248534,402171,244040,204997,171773,2007-07-01
Tonbridge,http://landregistry.data.gov.uk/id/region/tonbridge-and-malling,E07000115,2007-08,282,monthly,251011,408291,246488,207025,171738,2007-08-01
Tonbridge,http://landregistry.data.gov.uk/id/region/tonbridge-and-malling,E07000115,2007-09,214,monthly,249425,407474,244791,205354,170159,2007-09-01
Tonbridge,http://landregistry.data.gov.uk/id/region/tonbridge-and-malling,E07000115,2007-10,238,monthly,250032,408469,245134,205854,171011,2007-10-01
Tonbridge,http://landregistry.data.gov.uk/id/region/tonbridge-and-malling,E07000115,2007-11,225,monthly,248461,406138,243382,204132,170962,2007-11-01
Tonbridge,http://landregistry.data.gov.uk/id/region/tonbridge-and-malling,E07000115,2007-12,210,monthly,252603,411999,247425,207613,174436,2007-12-01
Tonbridge,http://landregistry.data.gov.uk/id/region/tonbridge-and-malling,E07000115,2008-01,106,monthly,251356,410921,246165,206222,173590,2008-01-01
Tonbridge,http://landregistry.data.gov.uk/id/region/tonbridge-and-malling,E07000115,2008-02,108,monthly,244911,400872,239767,200861,169044,2008-02-01
Tonbridge,http://landregistry.data.gov.uk/id/region/tonbridge-and-malling,E07000115,2008-03,149,monthly,243366,398717,238470,199733,167033,2008-03-01
Tonbridge,http://landregistry.data.gov.uk/id/region/tonbridge-and-malling,E07000115,2008-04,162,monthly,247293,405398,242272,203311,169084,2008-04-01
Tonbridge,http://landregistry.data.gov.uk/id/region/tonbridge-and-malling,E07000115,2008-05,139,monthly,253760,415248,248820,208946,173152,2008-05-01
Tonbridge,http://landregistry.data.gov.uk/id/region/tonbridge-and-malling,E07000115,2008-06,143,monthly,253802,415700,248811,208894,173164,2008-06-01
Tonbridge,http://landregistry.data.gov.uk/id/region/tonbridge-and-malling,E07000115,2008-07,119,monthly,249184,407803,244653,205044,169818,2008-07-01
Tonbridge,http://landregistry.data.gov.uk/id/region/tonbridge-and-malling,E07000115,2008-08,111,monthly,241512,396740,236994,198441,164376,2008-08-01
Tonbridge,http://landregistry.data.gov.uk/id/region/tonbridge-and-malling,E07000115,2008-09,83,monthly,232038,384144,227293,190139,157611,2008-09-01
Tonbridge,http://landregistry.data.gov.uk/id/region/tonbridge-and-malling,E07000115,2008-10,110,monthly,224129,371961,219285,183304,152622,2008-10-01
Tonbridge,http://landregistry.data.gov.uk/id/region/tonbridge-and-malling,E07000115,2008-11,81,monthly,227132,376575,222306,185717,154838,2008-11-01
Tonbridge,http://landregistry.data.gov.uk/id/region/tonbridge-and-malling,E07000115,2008-12,96,monthly,224889,370832,220360,184391,153305,2008-12-01
Tonbridge,http://landregistry.data.gov.uk/id/region/tonbridge-and-malling,E07000115,2009-01,56,monthly,218934,362179,214187,179278,149399,2009-01-01
Tonbridge,http://landregistry.data.gov.uk/id/region/tonbridge-and-malling,E07000115,2009-02,55,monthly,205178,339724,200545,167852,140536,2009-02-01
Tonbridge,http://landregistry.data.gov.uk/id/region/tonbridge-and-malling,E07000115,2009-03,82,monthly,197546,327478,192807,161281,136295,2009-03-01
Tonbridge,http://landregistry.data.gov.uk/id/region/tonbridge-and-malling,E07000115,2009-04,95,monthly,201040,330463,196800,164933,138469,2009-04-01
Tonbridge,http://landregistry.data.gov.uk/id/region/tonbridge-and-malling,E07000115,2009-05,120,monthly,203910,334210,199963,167723,139691,2009-05-01
Tonbridge,http://landregistry.data.gov.uk/id/region/tonbridge-and-malling,E07000115,2009-06,123,monthly,211717,346597,208020,174455,143896,2009-06-01
Tonbridge,http://landregistry.data.gov.uk/id/region/tonbridge-and-malling,E07000115,2009-07,160,monthly,211176,347033,207603,173896,142228,2009-07-01
Tonbridge,http://landregistry.data.gov.uk/id/region/tonbridge-and-malling,E07000115,2009-08,147,monthly,218658,360400,214865,180156,146204,2009-08-01
Tonbridge,http://landregistry.data.gov.uk/id/region/tonbridge-and-malling,E07000115,2009-09,151,monthly,220848,364778,216957,181960,147043,2009-09-01
Tonbridge,http://landregistry.data.gov.uk/id/region/tonbridge-and-malling,E07000115,2009-10,179,monthly,228008,376673,224137,187835,151495,2009-10-01
Tonbridge,http://landregistry.data.gov.uk/id/region/tonbridge-and-malling,E07000115,2009-11,147,monthly,231730,383131,227721,191006,153604,2009-11-01
Tonbridge,http://landregistry.data.gov.uk/id/region/tonbridge-and-malling,E07000115,2009-12,197,monthly,230869,379788,227479,190827,152512,2009-12-01
Tonbridge,http://landregistry.data.gov.uk/id/region/tonbridge-and-malling,E07000115,2010-01,74,monthly,229321,378855,225884,189510,150199,2010-01-01
Tonbridge,http://landregistry.data.gov.uk/id/region/tonbridge-and-malling,E07000115,2010-02,119,monthly,227861,376971,224843,188047,148519,2010-02-01
Tonbridge,http://landregistry.data.gov.uk/id/region/tonbridge-and-malling,E07000115,2010-03,122,monthly,230373,384042,226658,189555,150109,2010-03-01
Tonbridge,http://landregistry.data.gov.uk/id/region/tonbridge-and-malling,E07000115,2010-04,94,monthly,232766,386967,229142,191628,152268,2010-04-01
Tonbridge,http://landregistry.data.gov.uk/id/region/tonbridge-and-malling,E07000115,2010-05,125,monthly,230297,382589,226385,189829,151210,2010-05-01
Tonbridge,http://landregistry.data.gov.uk/id/region/tonbridge-and-malling,E07000115,2010-06,161,monthly,233223,386937,229418,192549,152606,2010-06-01
Tonbridge,http://landregistry.data.gov.uk/id/region/tonbridge-and-malling,E07000115,2010-07,184,monthly,232895,388520,228838,191968,151434,2010-07-01
Tonbridge,http://landregistry.data.gov.uk/id/region/tonbridge-and-malling,E07000115,2010-08,200,monthly,240616,402788,236875,197728,155246,2010-08-01
Tonbridge,http://landregistry.data.gov.uk/id/region/tonbridge-and-malling,E07000115,2010-09,174,monthly,239220,402407,235351,196148,153584,2010-09-01
Tonbridge,http://landregistry.data.gov.uk/id/region/tonbridge-and-malling,E07000115,2010-10,165,monthly,236194,396712,232532,193630,151985,2010-10-01
Tonbridge,http://landregistry.data.gov.uk/id/region/tonbridge-and-malling,E07000115,2010-11,123,monthly,236807,398398,232794,193972,152859,2010-11-01
Tonbridge,http://landregistry.data.gov.uk/id/region/tonbridge-and-malling,E07000115,2010-12,145,monthly,238540,400621,234736,195254,154460,2010-12-01
Tonbridge,http://landregistry.data.gov.uk/id/region/tonbridge-and-malling,E07000115,2011-01,82,monthly,240698,405480,236481,196754,156059,2011-01-01
Tonbridge,http://landregistry.data.gov.uk/id/region/tonbridge-and-malling,E07000115,2011-02,115,monthly,240606,406257,235921,196682,156099,2011-02-01
Tonbridge,http://landregistry.data.gov.uk/id/region/tonbridge-and-malling,E07000115,2011-03,110,monthly,239475,406670,234269,195407,155021,2011-03-01
Tonbridge,http://landregistry.data.gov.uk/id/region/tonbridge-and-malling,E07000115,2011-04,141,monthly,236441,400927,231250,193247,153129,2011-04-01
Tonbridge,http://landregistry.data.gov.uk/id/region/tonbridge-and-malling,E07000115,2011-05,131,monthly,234445,395334,229678,191936,152502,2011-05-01
Tonbridge,http://landregistry.data.gov.uk/id/region/tonbridge-and-malling,E07000115,2011-06,163,monthly,234183,392098,230038,192199,152720,2011-06-01
Tonbridge,http://landregistry.data.gov.uk/id/region/tonbridge-and-malling,E07000115,2011-07,148,monthly,243321,406852,239222,199690,158750,2011-07-01
Tonbridge,http://landregistry.data.gov.uk/id/region/tonbridge-and-malling,E07000115,2011-08,171,monthly,244405,410341,240453,200423,157751,2011-08-01
Tonbridge,http://landregistry.data.gov.uk/id/region/tonbridge-and-malling,E07000115,2011-09,165,monthly,243662,411024,239475,199561,156446,2011-09-01
Tonbridge,http://landregistry.data.gov.uk/id/region/tonbridge-and-malling,E07000115,2011-10,131,monthly,239198,404753,235367,195370,152764,2011-10-01
Tonbridge,http://landregistry.data.gov.uk/id/region/tonbridge-and-malling,E07000115,2011-11,151,monthly,237061,401048,233132,193347,152321,2011-11-01
Tonbridge,http://landregistry.data.gov.uk/id/region/tonbridge-and-malling,E07000115,2011-12,154,monthly,238293,401717,234762,194359,153520,2011-12-01
Tonbridge,http://landregistry.data.gov.uk/id/region/tonbridge-and-malling,E07000115,2012-01,91,monthly,237006,398860,233689,193600,152358,2012-01-01
Tonbridge,http://landregistry.data.gov.uk/id/region/tonbridge-and-malling,E07000115,2012-02,110,monthly,239695,403517,236502,196026,153151,2012-02-01
Tonbridge,http://landregistry.data.gov.uk/id/region/tonbridge-and-malling,E07000115,2012-03,163,monthly,237012,397987,233877,194233,151599,2012-03-01
Tonbridge,http://landregistry.data.gov.uk/id/region/tonbridge-and-malling,E07000115,2012-04,104,monthly,239147,401190,235704,196064,153813,2012-04-01
Tonbridge,http://landregistry.data.gov.uk/id/region/tonbridge-and-malling,E07000115,2012-05,131,monthly,235521,393809,232074,193495,152059,2012-05-01
Tonbridge,http://landregistry.data.gov.uk/id/region/tonbridge-and-malling,E07000115,2012-06,154,monthly,238271,398862,234563,196079,153203,2012-06-01
Tonbridge,http://landregistry.data.gov.uk/id/region/tonbridge-and-malling,E07000115,2012-07,141,monthly,246226,412825,242189,202792,157793,2012-07-01
Tonbridge,http://landregistry.data.gov.uk/id/region/tonbridge-and-malling,E07000115,2012-08,194,monthly,249597,419012,245593,205654,159040,2012-08-01
Tonbridge,http://landregistry.data.gov.uk/id/region/tonbridge-and-malling,E07000115,2012-09,139,monthly,251561,423435,247354,207045,160021,2012-09-01
Tonbridge,http://landregistry.data.gov.uk/id/region/tonbridge-and-malling,E07000115,2012-10,147,monthly,246765,414497,242993,203140,156943,2012-10-01
Tonbridge,http://landregistry.data.gov.uk/id/region/tonbridge-and-malling,E07000115,2012-11,179,monthly,249233,418521,245354,205220,158686,2012-11-01
Tonbridge,http://landregistry.data.gov.uk/id/region/tonbridge-and-malling,E07000115,2012-12,160,monthly,248141,416706,244558,204129,157739,2012-12-01
Tonbridge,http://landregistry.data.gov.uk/id/region/tonbridge-and-malling,E07000115,2013-01,147,monthly,248164,417269,244793,203953,157154,2013-01-01
Tonbridge,http://landregistry.data.gov.uk/id/region/tonbridge-and-malling,E07000115,2013-02,135,monthly,241957,407361,238684,198654,152971,2013-02-01
Tonbridge,http://landregistry.data.gov.uk/id/region/tonbridge-and-malling,E07000115,2013-03,134,monthly,244867,412753,241244,201041,154834,2013-03-01
Tonbridge,http://landregistry.data.gov.uk/id/region/tonbridge-and-malling,E07000115,2013-04,141,monthly,245965,414497,241987,202355,155370,2013-04-01
Tonbridge,http://landregistry.data.gov.uk/id/region/tonbridge-and-malling,E07000115,2013-05,186,monthly,252099,424208,248110,207469,159536,2013-05-01
Tonbridge,http://landregistry.data.gov.uk/id/region/tonbridge-and-malling,E07000115,2013-06,169,monthly,252237,423563,248473,207794,159561,2013-06-01
Tonbridge,http://landregistry.data.gov.uk/id/region/tonbridge-and-malling,E07000115,2013-07,196,monthly,254221,426751,250335,209503,160976,2013-07-01
Tonbridge,http://landregistry.data.gov.uk/id/region/tonbridge-and-malling,E07000115,2013-08,223,monthly,253019,425238,249265,208501,159520,2013-08-01
Tonbridge,http://landregistry.data.gov.uk/id/region/tonbridge-and-malling,E07000115,2013-09,168,monthly,254173,428186,250155,209351,159970,2013-09-01
Tonbridge,http://landregistry.data.gov.uk/id/region/tonbridge-and-malling,E07000115,2013-10,207,monthly,251069,423904,247297,206411,157563,2013-10-01
Tonbridge,http://landregistry.data.gov.uk/id/region/tonbridge-and-malling,E07000115,2013-11,249,monthly,253678,427679,249984,208686,159299,2013-11-01
Tonbridge,http://landregistry.data.gov.uk/id/region/tonbridge-and-malling,E07000115,2013-12,218,monthly,255155,428311,252120,209934,160639,2013-12-01
Tonbridge,http://landregistry.data.gov.uk/id/region/tonbridge-and-malling,E07000115,2014-01,152,monthly,259465,435099,256422,213503,163649,2014-01-01
Tonbridge,http://landregistry.data.gov.uk/id/region/tonbridge-and-malling,E07000115,2014-02,199,monthly,261864,439616,258913,215213,165093,2014-02-01
Tonbridge,http://landregistry.data.gov.uk/id/region/tonbridge-and-malling,E07000115,2014-03,230,monthly,265861,446547,263019,218377,167289,2014-03-01
Tonbridge,http://landregistry.data.gov.uk/id/region/tonbridge-and-malling,E07000115,2014-04,187,monthly,266537,446663,263861,219283,167539,2014-04-01
Tonbridge,http://landregistry.data.gov.uk/id/region/tonbridge-and-malling,E07000115,2014-05,193,monthly,269197,449561,266512,221907,169519,2014-05-01
Tonbridge,http://landregistry.data.gov.uk/id/region/tonbridge-and-malling,E07000115,2014-06,224,monthly,272571,454847,269875,224831,171595,2014-06-01
Tonbridge,http://landregistry.data.gov.uk/id/region/tonbridge-and-malling,E07000115,2014-07,241,monthly,278230,464731,275513,229524,174724,2014-07-01
Tonbridge,http://landregistry.data.gov.uk/id/region/tonbridge-and-malling,E07000115,2014-08,238,monthly,281640,471964,278924,232148,176023,2014-08-01
Tonbridge,http://landregistry.data.gov.uk/id/region/tonbridge-and-malling,E07000115,2014-09,208,monthly,283262,475640,280210,233507,176757,2014-09-01
Tonbridge,http://landregistry.data.gov.uk/id/region/tonbridge-and-malling,E07000115,2014-10,261,monthly,284245,477314,281300,233976,177834,2014-10-01
Tonbridge,http://landregistry.data.gov.uk/id/region/tonbridge-and-malling,E07000115,2014-11,171,monthly,283281,475457,280387,232996,177702,2014-11-01
Tonbridge,http://landregistry.data.gov.uk/id/region/tonbridge-and-malling,E07000115,2014-12,211,monthly,284630,477684,281886,233845,178834,2014-12-01
Tonbridge,http://landregistry.data.gov.uk/id/region/tonbridge-and-malling,E07000115,2015-01,152,monthly,286683,481597,284113,235279,179969,2015-01-01
Tonbridge,http://landregistry.data.gov.uk/id/region/tonbridge-and-malling,E07000115,2015-02,141,monthly,289397,486972,286500,237267,181939,2015-02-01
Tonbridge,http://landregistry.data.gov.uk/id/region/tonbridge-and-malling,E07000115,2015-03,167,monthly,288710,486682,285971,236271,181434,2015-03-01
Tonbridge,http://landregistry.data.gov.uk/id/region/tonbridge-and-malling,E07000115,2015-04,162,monthly,286605,482979,283709,234834,179959,2015-04-01
Tonbridge,http://landregistry.data.gov.uk/id/region/tonbridge-and-malling,E07000115,2015-05,155,monthly,289339,486518,286936,237191,181496,2015-05-01
Tonbridge,http://landregistry.data.gov.uk/id/region/tonbridge-and-malling,E07000115,2015-06,210,monthly,293481,492411,291370,241341,183091,2015-06-01
Tonbridge,http://landregistry.data.gov.uk/id/region/tonbridge-and-malling,E07000115,2015-07,225,monthly,301220,505170,299361,247665,187731,2015-07-01
Tonbridge,http://landregistry.data.gov.uk/id/region/tonbridge-and-malling,E07000115,2015-08,236,monthly,303411,509221,301522,249736,188408,2015-08-01
Tonbridge,http://landregistry.data.gov.uk/id/region/tonbridge-and-malling,E07000115,2015-09,224,monthly,303159,510440,300736,249153,188504,2015-09-01
Tonbridge,http://landregistry.data.gov.uk/id/region/tonbridge-and-malling,E07000115,2015-10,291,monthly,304889,513422,302368,250787,189285,2015-10-01
Tonbridge,http://landregistry.data.gov.uk/id/region/tonbridge-and-malling,E07000115,2015-11,218,monthly,308587,519974,306192,253637,191488,2015-11-01
Tonbridge,http://landregistry.data.gov.uk/id/region/tonbridge-and-malling,E07000115,2015-12,222,monthly,320206,539307,318121,263020,198617,2015-12-01
Tonbridge,http://landregistry.data.gov.uk/id/region/tonbridge-and-malling,E07000115,2016-01,153,monthly,325948,549365,324467,267092,202178,2016-01-01
Tonbridge,http://landregistry.data.gov.uk/id/region/tonbridge-and-malling,E07000115,2016-02,165,monthly,329877,556393,328549,270131,204429,2016-02-01
Tonbridge,http://landregistry.data.gov.uk/id/region/tonbridge-and-malling,E07000115,2016-03,277,monthly,326624,551649,325219,267172,202549,2016-03-01
Tonbridge,http://landregistry.data.gov.uk/id/region/tonbridge-and-malling,E07000115,2016-04,184,monthly,323061,544177,321418,264782,200741,2016-04-01
Tonbridge,http://landregistry.data.gov.uk/id/region/tonbridge-and-malling,E07000115,2016-05,170,monthly,327155,548059,325177,268599,204928,2016-05-01
Tonbridge,http://landregistry.data.gov.uk/id/region/tonbridge-and-malling,E07000115,2016-06,197,monthly,326450,545366,324283,268541,204850,2016-06-01
Tonbridge,http://landregistry.data.gov.uk/id/region/tonbridge-and-malling,E07000115,2016-07,202,monthly,334179,559252,331730,274866,209412,2016-07-01
Tonbridge,http://landregistry.data.gov.uk/id/region/tonbridge-and-malling,E07000115,2016-08,247,monthly,336667,565358,334032,276761,210143,2016-08-01
Tonbridge,http://landregistry.data.gov.uk/id/region/tonbridge-and-malling,E07000115,2016-09,205,monthly,342556,575588,340269,281227,213716,2016-09-01
Tonbridge,http://landregistry.data.gov.uk/id/region/tonbridge-and-malling,E07000115,2016-10,204,monthly,341907,575421,339488,279869,214289,2016-10-01
Tonbridge,http://landregistry.data.gov.uk/id/region/tonbridge-and-malling,E07000115,2016-11,201,monthly,344199,581204,341862,280809,215926,2016-11-01
Tonbridge,http://landregistry.data.gov.uk/id/region/tonbridge-and-malling,E07000115,2016-12,210,monthly,347180,586975,344522,282883,218317,2016-12-01
Tonbridge,http://landregistry.data.gov.uk/id/region/tonbridge-and-malling,E07000115,2017-01,159,monthly,345722,584501,343171,281799,217104,2017-01-01
Tonbridge,http://landregistry.data.gov.uk/id/region/tonbridge-and-malling,E07000115,2017-02,164,monthly,341718,576104,338794,278651,215911,2017-02-01
Tonbridge,http://landregistry.data.gov.uk/id/region/tonbridge-and-malling,E07000115,2017-03,210,monthly,336906,567882,334074,274405,213334,2017-03-01
Tonbridge,http://landregistry.data.gov.uk/id/region/tonbridge-and-malling,E07000115,2017-04,182,monthly,339041,571489,335911,275925,215352,2017-04-01
Tonbridge,http://landregistry.data.gov.uk/id/region/tonbridge-and-malling,E07000115,2017-05,206,monthly,341892,574699,339509,278169,217346,2017-05-01
Tonbridge,http://landregistry.data.gov.uk/id/region/tonbridge-and-malling,E07000115,2017-06,244,monthly,343066,575289,340707,279516,218348,2017-06-01
Tonbridge,http://landregistry.data.gov.uk/id/region/tonbridge-and-malling,E07000115,2017-07,235,monthly,345418,578105,343418,281542,219940,2017-07-01
Tonbridge,http://landregistry.data.gov.uk/id/region/tonbridge-and-malling,E07000115,2017-08,221,monthly,344145,577202,341680,280908,218317,2017-08-01
Tonbridge,http://landregistry.data.gov.uk/id/region/tonbridge-and-malling,E07000115,2017-09,194,monthly,345985,581394,343552,282385,218760,2017-09-01
Tonbridge,http://landregistry.data.gov.uk/id/region/tonbridge-and-malling,E07000115,2017-10,234,monthly,342063,575647,339855,279152,215551,2017-10-01
Tonbridge,http://landregistry.data.gov.uk/id/region/tonbridge-and-malling,E07000115,2017-11,185,monthly,349282,587628,347512,284774,220007,2017-11-01
Tonbridge,http://landregistry.data.gov.uk/id/region/tonbridge-and-malling,E07000115,2017-12,189,monthly,355958,598068,354545,290251,224184,2017-12-01
Tonbridge,http://landregistry.data.gov.uk/id/region/tonbridge-and-malling,E07000115,2018-01,150,monthly,360114,605452,358793,293420,226740,2018-01-01
Tonbridge,http://landregistry.data.gov.uk/id/region/tonbridge-and-malling,E07000115,2018-02,151,monthly,358459,604857,357131,291928,224622,2018-02-01
Tonbridge,http://landregistry.data.gov.uk/id/region/tonbridge-and-malling,E07000115,2018-03,188,monthly,355096,600034,354093,289264,221631,2018-03-01
Tonbridge,http://landregistry.data.gov.uk/id/region/tonbridge-and-malling,E07000115,2018-04,138,monthly,354489,598404,353808,289552,220294,2018-04-01
Tonbridge,http://landregistry.data.gov.uk/id/region/tonbridge-and-malling,E07000115,2018-05,181,monthly,351539,593077,351382,287378,217807,2018-05-01
Tonbridge,http://landregistry.data.gov.uk/id/region/tonbridge-and-malling,E07000115,2018-06,194,monthly,354848,598259,354979,289956,219924,2018-06-01
Tonbridge,http://landregistry.data.gov.uk/id/region/tonbridge-and-malling,E07000115,2018-07,201,monthly,358365,606071,358184,292446,221859,2018-07-01
Tonbridge,http://landregistry.data.gov.uk/id/region/tonbridge-and-malling,E07000115,2018-08,250,monthly,362313,612319,361998,296065,224204,2018-08-01
Tonbridge,http://landregistry.data.gov.uk/id/region/tonbridge-and-malling,E07000115,2018-09,182,monthly,366000,619921,365672,299209,225579,2018-09-01
Tonbridge,http://landregistry.data.gov.uk/id/region/tonbridge-and-malling,E07000115,2018-10,179,monthly,371383,628526,371534,303411,228899,2018-10-01
Tonbridge,http://landregistry.data.gov.uk/id/region/tonbridge-and-malling,E07000115,2018-11,187,monthly,370402,628091,370694,302159,228012,2018-11-01
Tonbridge,http://landregistry.data.gov.uk/id/region/tonbridge-and-malling,E07000115,2018-12,137,monthly,364798,617727,365189,297298,225275,2018-12-01
Tonbridge,http://landregistry.data.gov.uk/id/region/tonbridge-and-malling,E07000115,2019-01,120,monthly,361047,612641,361496,293902,222608,2019-01-01
Tonbridge,http://landregistry.data.gov.uk/id/region/tonbridge-and-malling,E07000115,2019-02,144,monthly,362265,615101,362613,294562,223638,2019-02-01
Tonbridge,http://landregistry.data.gov.uk/id/region/tonbridge-and-malling,E07000115,2019-03,182,monthly,362308,615974,362927,294585,222919,2019-03-01
Tonbridge,http://landregistry.data.gov.uk/id/region/tonbridge-and-malling,E07000115,2019-04,142,monthly,362158,613926,362941,295361,222489,2019-04-01
Tonbridge,http://landregistry.data.gov.uk/id/region/tonbridge-and-malling,E07000115,2019-05,190,monthly,363008,613748,364262,296848,222387,2019-05-01
Tonbridge,http://landregistry.data.gov.uk/id/region/tonbridge-and-malling,E07000115,2019-06,117,monthly,364353,615403,365669,298245,223111,2019-06-01
Tonbridge,http://landregistry.data.gov.uk/id/region/tonbridge-and-malling,E07000115,2019-07,182,monthly,366202,618685,367334,299630,224521,2019-07-01
Tonbridge,http://landregistry.data.gov.uk/id/region/tonbridge-and-malling,E07000115,2019-08,180,monthly,372761,631451,373824,305026,227696,2019-08-01
Tonbridge,http://landregistry.data.gov.uk/id/region/tonbridge-and-malling,E07000115,2019-09,185,monthly,373574,633115,373882,306065,228371,2019-09-01
Tonbridge,http://landregistry.data.gov.uk/id/region/tonbridge-and-malling,E07000115,2019-10,197,monthly,373336,632590,374335,305662,227824,2019-10-01
Tonbridge,http://landregistry.data.gov.uk/id/region/tonbridge-and-malling,E07000115,2019-11,193,monthly,367325,622467,369087,300131,224070,2019-11-01
Tonbridge,http://landregistry.data.gov.uk/id/region/tonbridge-and-malling,E07000115,2019-12,143,monthly,364158,616977,366766,297609,221217,2019-12-01
Tonbridge,http://landregistry.data.gov.uk/id/region/tonbridge-and-malling,E07000115,2020-01,147,monthly,365607,619757,368188,299068,221619,2020-01-01
Tonbridge,http://landregistry.data.gov.uk/id/region/tonbridge-and-malling,E07000115,2020-02,129,monthly,362027,613452,364335,296572,219200,2020-02-01
Tonbridge,http://landregistry.data.gov.uk/id/region/tonbridge-and-malling,E07000115,2020-03,165,monthly,366893,622482,369300,300118,222239,2020-03-01
Tonbridge,http://landregistry.data.gov.uk/id/region/tonbridge-and-malling,E07000115,2020-04,60,monthly,360595,613834,362962,295113,216846,2020-04-01
Tonbridge,http://landregistry.data.gov.uk/id/region/tonbridge-and-malling,E07000115,2020-05,90,monthly,362645,617194,365406,296375,218224,2020-05-01
Tonbridge,http://landregistry.data.gov.uk/id/region/tonbridge-and-malling,E07000115,2020-06,119,monthly,366554,622260,369724,300280,219967,2020-06-01
Tonbridge,http://landregistry.data.gov.uk/id/region/tonbridge-and-malling,E07000115,2020-07,140,monthly,373537,632424,376703,305973,225417,2020-07-01
Tonbridge,http://landregistry.data.gov.uk/id/region/tonbridge-and-malling,E07000115,2020-08,176,monthly,377608,640340,380537,309861,226764,2020-08-01
Tonbridge,http://landregistry.data.gov.uk/id/region/tonbridge-and-malling,E07000115,2020-09,165,monthly,378330,644524,380855,310093,226403,2020-09-01
Tonbridge,http://landregistry.data.gov.uk/id/region/tonbridge-and-malling,E07000115,2020-10,216,monthly,379415,647917,381861,311267,225725,2020-10-01
Tonbridge,http://landregistry.data.gov.uk/id/region/tonbridge-and-malling,E07000115,2020-11,198,monthly,379782,648498,381748,312023,226020,2020-11-01
Tonbridge,http://landregistry.data.gov.uk/id/region/tonbridge-and-malling,E07000115,2020-12,235,monthly,377586,644415,379291,310833,224389,2020-12-01
Tonbridge,http://landregistry.data.gov.uk/id/region/tonbridge-and-malling,E07000115,2021-01,192,monthly,376948,639667,378577,310780,225846,2021-01-01
Tonbridge,http://landregistry.data.gov.uk/id/region/tonbridge-and-malling,E07000115,2021-02,237,monthly,372404,627826,374145,307599,224850,2021-02-01
Tonbridge,http://landregistry.data.gov.uk/id/region/tonbridge-and-malling,E07000115,2021-03,418,monthly,376500,629875,378028,311590,230015,2021-03-01
Tonbridge,http://landregistry.data.gov.uk/id/region/tonbridge-and-malling,E07000115,2021-04,233,monthly,376186,628951,377648,311515,229928,2021-04-01
Tonbridge,http://landregistry.data.gov.uk/id/region/tonbridge-and-malling,E07000115,2021-05,215,monthly,382585,640526,383980,316728,233491,2021-05-01
Tonbridge,http://landregistry.data.gov.uk/id/region/tonbridge-and-malling,E07000115,2021-06,551,monthly,383899,642204,384687,318908,233984,2021-06-01
Tonbridge,http://landregistry.data.gov.uk/id/region/tonbridge-and-malling,E07000115,2021-07,94,monthly,388995,651267,390519,322582,236512,2021-07-01
Tonbridge,http://landregistry.data.gov.uk/id/region/tonbridge-and-malling,E07000115,2021-08,195,monthly,387976,652404,390009,320995,234339,2021-08-01
Tonbridge,http://landregistry.data.gov.uk/id/region/tonbridge-and-malling,E07000115,2021-09,332,monthly,390897,659267,393867,322434,234853,2021-09-01
Tonbridge,http://landregistry.data.gov.uk/id/region/tonbridge-and-malling,E07000115,2021-10,135,monthly,386651,657536,389089,318073,230603,2021-10-01
Tonbridge,http://landregistry.data.gov.uk/id/region/tonbridge-and-malling,E07000115,2021-11,192,monthly,391059,665794,393616,321505,232882,2021-11-01
Tonbridge,http://landregistry.data.gov.uk/id/region/tonbridge-and-malling,E07000115,2021-12,180,monthly,390510,668511,393103,320349,231056,2021-12-01
Tonbridge,http://landregistry.data.gov.uk/id/region/tonbridge-and-malling,E07000115,2022-01,154,monthly,401243,684805,404696,329830,236777,2022-01-01
Tonbridge,http://landregistry.data.gov.uk/id/region/tonbridge-and-malling,E07000115,2022-02,151,monthly,407795,694791,411600,335471,240860,2022-02-01
Tonbridge,http://landregistry.data.gov.uk/id/region/tonbridge-and-malling,E07000115,2022-03,211,monthly,416590,709541,421336,342388,245519,2022-03-01
Tonbridge,http://landregistry.data.gov.uk/id/region/tonbridge-and-malling,E07000115,2022-04,157,monthly,416038,707387,420153,342979,245314,2022-04-01
Tonbridge,http://landregistry.data.gov.uk/id/region/tonbridge-and-malling,E07000115,2022-05,158,monthly,418874,712047,423228,345947,245633,2022-05-01
Tonbridge,http://landregistry.data.gov.uk/id/region/tonbridge-and-malling,E07000115,2022-06,187,monthly,419615,711540,423780,347368,246339,2022-06-01
Tonbridge,http://landregistry.data.gov.uk/id/region/tonbridge-and-malling,E07000115,2022-07,194,monthly,425485,721200,430555,352181,248694,2022-07-01
Tonbridge,http://landregistry.data.gov.uk/id/region/tonbridge-and-malling,E07000115,2022-08,213,monthly,431819,731796,437094,357957,251357,2022-08-01
Tonbridge,http://landregistry.data.gov.uk/id/region/tonbridge-and-malling,E07000115,2022-09,217,monthly,434095,736904,439765,360003,250817,2022-09-01
Tonbridge,http://landregistry.data.gov.uk/id/region/tonbridge-and-malling,E07000115,2022-10,184,monthly,437946,744149,443658,363105,252672,2022-10-01
Tonbridge,http://landregistry.data.gov.uk/id/region/tonbridge-and-malling,E07000115,2022-11,178,monthly,439670,747721,445557,364204,253502,2022-11-01
Tonbridge,http://landregistry.data.gov.uk/id/region/tonbridge-and-malling,E07000115,2022-12,150,monthly,440607,747994,446924,365011,254327,2022-12-01
Tonbridge,http://landregistry.data.gov.uk/id/region/tonbridge-and-malling,E07000115,2023-01,101,monthly,439507,746484,445819,363722,254059,2023-01-01
Tonbridge,http://landregistry.data.gov.uk/id/region/tonbridge-and-malling,E07000115,2023-02,122,monthly,432047,735215,438314,357104,249682,2023-02-01
Tonbridge,http://landregistry.data.gov.uk/id/region/tonbridge-and-malling,E07000115,2023-03,114,monthly,432164,738433,438648,355973,249476,2023-03-01
Tonbridge,http://landregistry.data.gov.uk/id/region/tonbridge-and-malling,E07000115,2023-04,85,monthly,427808,731421,434289,351984,247149,2023-04-01
Tonbridge,http://landregistry.data.gov.uk/id/region/tonbridge-and-malling,E07000115,2023-05,93,monthly,422727,720447,429050,347954,245292,2023-05-01
Tonbridge,http://landregistry.data.gov.uk/id/region/tonbridge-and-malling,E07000115,2023-06,126,monthly,417343,709387,422980,344438,242667,2023-06-01
Tonbridge,http://landregistry.data.gov.uk/id/region/tonbridge-and-malling,E07000115,2023-07,134,monthly,412249,700004,418269,340860,238888,2023-07-01
Tonbridge,http://landregistry.data.gov.uk/id/region/tonbridge-and-malling,E07000115,2023-08,128,monthly,420456,715357,427145,348095,241848,2023-08-01
Tonbridge,http://landregistry.data.gov.uk/id/region/tonbridge-and-malling,E07000115,2023-09,106,monthly,415400,707730,422437,344162,237719,2023-09-01
Tonbridge,http://landregistry.data.gov.uk/id/region/tonbridge-and-malling,E07000115,2023-10,114,monthly,419877,714703,427439,347760,240297,2023-10-01
Tonbridge,http://landregistry.data.gov.uk/id/region/tonbridge-and-malling,E07000115,2023-11,125,monthly,414837,706607,422305,342939,237918,2023-11-01
Tonbridge,http://landregistry.data.gov.uk/id/region/tonbridge-and-malling,E07000115,2023-12,84,monthly,410968,698655,419122,339463,235963,2023-12-01
Tonbridge,http://landregistry.data.gov.uk/id/region/tonbridge-and-malling,E07000115,2024-01,65,monthly,407863,693686,415806,337545,233424,2024-01-01
Tonbridge,http://landregistry.data.gov.uk/id/region/tonbridge-and-malling,E07000115,2024-02,37,monthly,397806,674598,406241,329953,227014,2024-02-01
Tonbridge,http://landregistry.data.gov.uk/id/region/tonbridge-and-malling,E07000115,2024-03,,monthly,412518,698940,421181,341904,235952,2024-03-01
Tonbridge,http://landregistry.data.gov.uk/id/region/tonbridge-and-malling,E07000115,2024-04,,monthly,420833,710239,430537,348374,241435,2024-04-01
