"Name","URI","Region GSS code","Period","Sales volume","Reporting period","Average price All property types","Average price Detached houses","Average price Semi-detached houses","Average price Terraced houses","Average price Flats and maisonettes","Pivotable date"
Tower Hamlets,http://landregistry.data.gov.uk/id/region/tower-hamlets,E09000030,2004-01,351,monthly,212402,303636,290182,248283,209649,2004-01-01
Tower Hamlets,http://landregistry.data.gov.uk/id/region/tower-hamlets,E09000030,2004-02,345,monthly,214314,304649,293160,251030,211460,2004-02-01
Tower Hamlets,http://landregistry.data.gov.uk/id/region/tower-hamlets,E09000030,2004-03,481,monthly,210840,300757,289596,247564,207930,2004-03-01
Tower Hamlets,http://landregistry.data.gov.uk/id/region/tower-hamlets,E09000030,2004-04,496,monthly,214315,302808,293604,252546,211271,2004-04-01
Tower Hamlets,http://landregistry.data.gov.uk/id/region/tower-hamlets,E09000030,2004-05,477,monthly,216789,304194,296251,256051,213655,2004-05-01
Tower Hamlets,http://landregistry.data.gov.uk/id/region/tower-hamlets,E09000030,2004-06,516,monthly,222638,310019,304080,263189,219400,2004-06-01
Tower Hamlets,http://landregistry.data.gov.uk/id/region/tower-hamlets,E09000030,2004-07,716,monthly,222295,310204,304922,263826,218950,2004-07-01
Tower Hamlets,http://landregistry.data.gov.uk/id/region/tower-hamlets,E09000030,2004-08,568,monthly,225156,316337,309726,267956,221685,2004-08-01
Tower Hamlets,http://landregistry.data.gov.uk/id/region/tower-hamlets,E09000030,2004-09,611,monthly,225016,318508,311244,269139,221399,2004-09-01
Tower Hamlets,http://landregistry.data.gov.uk/id/region/tower-hamlets,E09000030,2004-10,405,monthly,225689,318750,310535,268527,222212,2004-10-01
Tower Hamlets,http://landregistry.data.gov.uk/id/region/tower-hamlets,E09000030,2004-11,358,monthly,224487,316023,307989,266475,221097,2004-11-01
Tower Hamlets,http://landregistry.data.gov.uk/id/region/tower-hamlets,E09000030,2004-12,470,monthly,225902,315014,307569,266824,222641,2004-12-01
Tower Hamlets,http://landregistry.data.gov.uk/id/region/tower-hamlets,E09000030,2005-01,321,monthly,228493,317832,310167,269668,225221,2005-01-01
Tower Hamlets,http://landregistry.data.gov.uk/id/region/tower-hamlets,E09000030,2005-02,311,monthly,226089,313440,307449,267195,222811,2005-02-01
Tower Hamlets,http://landregistry.data.gov.uk/id/region/tower-hamlets,E09000030,2005-03,362,monthly,225128,313349,306969,266647,221797,2005-03-01
Tower Hamlets,http://landregistry.data.gov.uk/id/region/tower-hamlets,E09000030,2005-04,389,monthly,229518,318528,313649,272243,226077,2005-04-01
Tower Hamlets,http://landregistry.data.gov.uk/id/region/tower-hamlets,E09000030,2005-05,393,monthly,227543,316321,309914,269573,224172,2005-05-01
Tower Hamlets,http://landregistry.data.gov.uk/id/region/tower-hamlets,E09000030,2005-06,398,monthly,227355,314301,308919,269893,223935,2005-06-01
Tower Hamlets,http://landregistry.data.gov.uk/id/region/tower-hamlets,E09000030,2005-07,497,monthly,219297,303203,297960,260891,215938,2005-07-01
Tower Hamlets,http://landregistry.data.gov.uk/id/region/tower-hamlets,E09000030,2005-08,421,monthly,221285,306852,300543,263911,217825,2005-08-01
Tower Hamlets,http://landregistry.data.gov.uk/id/region/tower-hamlets,E09000030,2005-09,438,monthly,220635,307608,300232,263879,217101,2005-09-01
Tower Hamlets,http://landregistry.data.gov.uk/id/region/tower-hamlets,E09000030,2005-10,453,monthly,222259,310162,301856,265885,218695,2005-10-01
Tower Hamlets,http://landregistry.data.gov.uk/id/region/tower-hamlets,E09000030,2005-11,405,monthly,226387,315270,307962,271149,222720,2005-11-01
Tower Hamlets,http://landregistry.data.gov.uk/id/region/tower-hamlets,E09000030,2005-12,412,monthly,233558,322650,315380,278477,229925,2005-12-01
Tower Hamlets,http://landregistry.data.gov.uk/id/region/tower-hamlets,E09000030,2006-01,368,monthly,236133,326532,319311,282063,232403,2006-01-01
Tower Hamlets,http://landregistry.data.gov.uk/id/region/tower-hamlets,E09000030,2006-02,325,monthly,232895,320786,314116,277994,229235,2006-02-01
Tower Hamlets,http://landregistry.data.gov.uk/id/region/tower-hamlets,E09000030,2006-03,435,monthly,228655,318050,311630,275021,224825,2006-03-01
Tower Hamlets,http://landregistry.data.gov.uk/id/region/tower-hamlets,E09000030,2006-04,373,monthly,234134,326464,319068,281616,230211,2006-04-01
Tower Hamlets,http://landregistry.data.gov.uk/id/region/tower-hamlets,E09000030,2006-05,454,monthly,237665,332273,324067,286103,233658,2006-05-01
Tower Hamlets,http://landregistry.data.gov.uk/id/region/tower-hamlets,E09000030,2006-06,566,monthly,241094,335007,327312,289731,237085,2006-06-01
Tower Hamlets,http://landregistry.data.gov.uk/id/region/tower-hamlets,E09000030,2006-07,491,monthly,240493,333840,327143,290422,236360,2006-07-01
Tower Hamlets,http://landregistry.data.gov.uk/id/region/tower-hamlets,E09000030,2006-08,509,monthly,245297,341100,334776,297937,240915,2006-08-01
Tower Hamlets,http://landregistry.data.gov.uk/id/region/tower-hamlets,E09000030,2006-09,427,monthly,250210,351110,342802,304379,245684,2006-09-01
Tower Hamlets,http://landregistry.data.gov.uk/id/region/tower-hamlets,E09000030,2006-10,445,monthly,253170,354471,345929,307000,248687,2006-10-01
Tower Hamlets,http://landregistry.data.gov.uk/id/region/tower-hamlets,E09000030,2006-11,480,monthly,256274,359049,350575,310391,251769,2006-11-01
Tower Hamlets,http://landregistry.data.gov.uk/id/region/tower-hamlets,E09000030,2006-12,436,monthly,260377,363015,355742,315663,255776,2006-12-01
Tower Hamlets,http://landregistry.data.gov.uk/id/region/tower-hamlets,E09000030,2007-01,379,monthly,264492,369297,362278,321433,259741,2007-01-01
Tower Hamlets,http://landregistry.data.gov.uk/id/region/tower-hamlets,E09000030,2007-02,365,monthly,265522,369063,362561,321579,260858,2007-02-01
Tower Hamlets,http://landregistry.data.gov.uk/id/region/tower-hamlets,E09000030,2007-03,486,monthly,268086,373257,367136,325853,263265,2007-03-01
Tower Hamlets,http://landregistry.data.gov.uk/id/region/tower-hamlets,E09000030,2007-04,432,monthly,274223,380895,375229,334431,269195,2007-04-01
Tower Hamlets,http://landregistry.data.gov.uk/id/region/tower-hamlets,E09000030,2007-05,468,monthly,283556,392855,387156,346084,278338,2007-05-01
Tower Hamlets,http://landregistry.data.gov.uk/id/region/tower-hamlets,E09000030,2007-06,490,monthly,288890,398952,393480,352385,283599,2007-06-01
Tower Hamlets,http://landregistry.data.gov.uk/id/region/tower-hamlets,E09000030,2007-07,531,monthly,295109,408407,401746,359339,289760,2007-07-01
Tower Hamlets,http://landregistry.data.gov.uk/id/region/tower-hamlets,E09000030,2007-08,456,monthly,300411,420552,411494,368214,294732,2007-08-01
Tower Hamlets,http://landregistry.data.gov.uk/id/region/tower-hamlets,E09000030,2007-09,503,monthly,300846,421808,412943,369008,295131,2007-09-01
Tower Hamlets,http://landregistry.data.gov.uk/id/region/tower-hamlets,E09000030,2007-10,450,monthly,302913,425255,414663,370495,297259,2007-10-01
Tower Hamlets,http://landregistry.data.gov.uk/id/region/tower-hamlets,E09000030,2007-11,461,monthly,298863,417795,407991,363987,293430,2007-11-01
Tower Hamlets,http://landregistry.data.gov.uk/id/region/tower-hamlets,E09000030,2007-12,384,monthly,303163,424232,412633,368055,297763,2007-12-01
Tower Hamlets,http://landregistry.data.gov.uk/id/region/tower-hamlets,E09000030,2008-01,272,monthly,300654,422130,409522,365071,295290,2008-01-01
Tower Hamlets,http://landregistry.data.gov.uk/id/region/tower-hamlets,E09000030,2008-02,248,monthly,308824,435609,421383,374937,303312,2008-02-01
Tower Hamlets,http://landregistry.data.gov.uk/id/region/tower-hamlets,E09000030,2008-03,276,monthly,316156,449191,433181,384860,310422,2008-03-01
Tower Hamlets,http://landregistry.data.gov.uk/id/region/tower-hamlets,E09000030,2008-04,215,monthly,321009,459448,441577,392214,315057,2008-04-01
Tower Hamlets,http://landregistry.data.gov.uk/id/region/tower-hamlets,E09000030,2008-05,262,monthly,320239,457082,439947,392311,314227,2008-05-01
Tower Hamlets,http://landregistry.data.gov.uk/id/region/tower-hamlets,E09000030,2008-06,275,monthly,307659,435976,421500,377109,301881,2008-06-01
Tower Hamlets,http://landregistry.data.gov.uk/id/region/tower-hamlets,E09000030,2008-07,199,monthly,301441,423566,411813,369397,295801,2008-07-01
Tower Hamlets,http://landregistry.data.gov.uk/id/region/tower-hamlets,E09000030,2008-08,253,monthly,295522,413067,404111,362553,289964,2008-08-01
Tower Hamlets,http://landregistry.data.gov.uk/id/region/tower-hamlets,E09000030,2008-09,149,monthly,291280,410281,396823,356048,285906,2008-09-01
Tower Hamlets,http://landregistry.data.gov.uk/id/region/tower-hamlets,E09000030,2008-10,144,monthly,288911,404870,391240,351112,283759,2008-10-01
Tower Hamlets,http://landregistry.data.gov.uk/id/region/tower-hamlets,E09000030,2008-11,106,monthly,268338,375889,361436,324612,263681,2008-11-01
Tower Hamlets,http://landregistry.data.gov.uk/id/region/tower-hamlets,E09000030,2008-12,130,monthly,255993,357219,346515,311129,251431,2008-12-01
Tower Hamlets,http://landregistry.data.gov.uk/id/region/tower-hamlets,E09000030,2009-01,108,monthly,251400,354736,341499,305578,246900,2009-01-01
Tower Hamlets,http://landregistry.data.gov.uk/id/region/tower-hamlets,E09000030,2009-02,121,monthly,259014,365862,351494,314527,254400,2009-02-01
Tower Hamlets,http://landregistry.data.gov.uk/id/region/tower-hamlets,E09000030,2009-03,149,monthly,264712,372603,357051,319597,260153,2009-03-01
Tower Hamlets,http://landregistry.data.gov.uk/id/region/tower-hamlets,E09000030,2009-04,115,monthly,256922,356627,345626,309936,252521,2009-04-01
Tower Hamlets,http://landregistry.data.gov.uk/id/region/tower-hamlets,E09000030,2009-05,192,monthly,255797,352956,344324,310269,251305,2009-05-01
Tower Hamlets,http://landregistry.data.gov.uk/id/region/tower-hamlets,E09000030,2009-06,260,monthly,254834,352932,345326,311866,250171,2009-06-01
Tower Hamlets,http://landregistry.data.gov.uk/id/region/tower-hamlets,E09000030,2009-07,359,monthly,247246,345253,338309,306709,242441,2009-07-01
Tower Hamlets,http://landregistry.data.gov.uk/id/region/tower-hamlets,E09000030,2009-08,299,monthly,240430,342795,334498,301623,235518,2009-08-01
Tower Hamlets,http://landregistry.data.gov.uk/id/region/tower-hamlets,E09000030,2009-09,304,monthly,247731,353819,344956,312144,242581,2009-09-01
Tower Hamlets,http://landregistry.data.gov.uk/id/region/tower-hamlets,E09000030,2009-10,258,monthly,264000,379334,368952,333896,258427,2009-10-01
Tower Hamlets,http://landregistry.data.gov.uk/id/region/tower-hamlets,E09000030,2009-11,367,monthly,279119,402962,389190,354429,273142,2009-11-01
Tower Hamlets,http://landregistry.data.gov.uk/id/region/tower-hamlets,E09000030,2009-12,434,monthly,277776,404785,390390,354842,271682,2009-12-01
Tower Hamlets,http://landregistry.data.gov.uk/id/region/tower-hamlets,E09000030,2010-01,263,monthly,277824,410201,395358,359676,271417,2010-01-01
Tower Hamlets,http://landregistry.data.gov.uk/id/region/tower-hamlets,E09000030,2010-02,263,monthly,279657,416271,402475,364325,273055,2010-02-01
Tower Hamlets,http://landregistry.data.gov.uk/id/region/tower-hamlets,E09000030,2010-03,299,monthly,285936,425110,410920,371711,279261,2010-03-01
Tower Hamlets,http://landregistry.data.gov.uk/id/region/tower-hamlets,E09000030,2010-04,291,monthly,288964,427356,412918,372892,282409,2010-04-01
Tower Hamlets,http://landregistry.data.gov.uk/id/region/tower-hamlets,E09000030,2010-05,343,monthly,284842,423423,404785,366625,278450,2010-05-01
Tower Hamlets,http://landregistry.data.gov.uk/id/region/tower-hamlets,E09000030,2010-06,395,monthly,283434,423962,405104,367414,276890,2010-06-01
Tower Hamlets,http://landregistry.data.gov.uk/id/region/tower-hamlets,E09000030,2010-07,389,monthly,280922,426957,403641,367034,274235,2010-07-01
Tower Hamlets,http://landregistry.data.gov.uk/id/region/tower-hamlets,E09000030,2010-08,277,monthly,284256,431797,410662,372927,277380,2010-08-01
Tower Hamlets,http://landregistry.data.gov.uk/id/region/tower-hamlets,E09000030,2010-09,300,monthly,282087,429951,407878,370539,275232,2010-09-01
Tower Hamlets,http://landregistry.data.gov.uk/id/region/tower-hamlets,E09000030,2010-10,271,monthly,284029,428555,409411,370741,277287,2010-10-01
Tower Hamlets,http://landregistry.data.gov.uk/id/region/tower-hamlets,E09000030,2010-11,391,monthly,280212,423000,403025,363763,273694,2010-11-01
Tower Hamlets,http://landregistry.data.gov.uk/id/region/tower-hamlets,E09000030,2010-12,286,monthly,280822,424658,403765,363551,274354,2010-12-01
Tower Hamlets,http://landregistry.data.gov.uk/id/region/tower-hamlets,E09000030,2011-01,260,monthly,283416,429427,406355,367083,276882,2011-01-01
Tower Hamlets,http://landregistry.data.gov.uk/id/region/tower-hamlets,E09000030,2011-02,209,monthly,286612,432712,408181,369948,280114,2011-02-01
Tower Hamlets,http://landregistry.data.gov.uk/id/region/tower-hamlets,E09000030,2011-03,270,monthly,291277,439868,412414,375210,284741,2011-03-01
Tower Hamlets,http://landregistry.data.gov.uk/id/region/tower-hamlets,E09000030,2011-04,214,monthly,292933,441632,412869,376174,286452,2011-04-01
Tower Hamlets,http://landregistry.data.gov.uk/id/region/tower-hamlets,E09000030,2011-05,279,monthly,290147,435243,407185,371339,283829,2011-05-01
Tower Hamlets,http://landregistry.data.gov.uk/id/region/tower-hamlets,E09000030,2011-06,345,monthly,282145,421739,396264,360963,276011,2011-06-01
Tower Hamlets,http://landregistry.data.gov.uk/id/region/tower-hamlets,E09000030,2011-07,390,monthly,277341,411507,388961,354494,271340,2011-07-01
Tower Hamlets,http://landregistry.data.gov.uk/id/region/tower-hamlets,E09000030,2011-08,307,monthly,282048,422228,400818,364915,275602,2011-08-01
Tower Hamlets,http://landregistry.data.gov.uk/id/region/tower-hamlets,E09000030,2011-09,262,monthly,288844,436057,413389,376089,282056,2011-09-01
Tower Hamlets,http://landregistry.data.gov.uk/id/region/tower-hamlets,E09000030,2011-10,255,monthly,290594,443758,419866,380000,283626,2011-10-01
Tower Hamlets,http://landregistry.data.gov.uk/id/region/tower-hamlets,E09000030,2011-11,321,monthly,292096,444155,419997,379261,285296,2011-11-01
Tower Hamlets,http://landregistry.data.gov.uk/id/region/tower-hamlets,E09000030,2011-12,250,monthly,289696,439198,414069,373673,283142,2011-12-01
Tower Hamlets,http://landregistry.data.gov.uk/id/region/tower-hamlets,E09000030,2012-01,209,monthly,287957,437205,412381,372667,281350,2012-01-01
Tower Hamlets,http://landregistry.data.gov.uk/id/region/tower-hamlets,E09000030,2012-02,246,monthly,281664,430707,405267,368584,274904,2012-02-01
Tower Hamlets,http://landregistry.data.gov.uk/id/region/tower-hamlets,E09000030,2012-03,354,monthly,277389,423975,400667,365417,270548,2012-03-01
Tower Hamlets,http://landregistry.data.gov.uk/id/region/tower-hamlets,E09000030,2012-04,229,monthly,275453,419815,395508,361683,268750,2012-04-01
Tower Hamlets,http://landregistry.data.gov.uk/id/region/tower-hamlets,E09000030,2012-05,332,monthly,273785,414660,390943,356631,267329,2012-05-01
Tower Hamlets,http://landregistry.data.gov.uk/id/region/tower-hamlets,E09000030,2012-06,371,monthly,282399,427156,402761,369029,275661,2012-06-01
Tower Hamlets,http://landregistry.data.gov.uk/id/region/tower-hamlets,E09000030,2012-07,388,monthly,283469,429502,405545,373299,276504,2012-07-01
Tower Hamlets,http://landregistry.data.gov.uk/id/region/tower-hamlets,E09000030,2012-08,330,monthly,290365,442661,418273,385842,282982,2012-08-01
Tower Hamlets,http://landregistry.data.gov.uk/id/region/tower-hamlets,E09000030,2012-09,316,monthly,289175,443717,417842,385737,281716,2012-09-01
Tower Hamlets,http://landregistry.data.gov.uk/id/region/tower-hamlets,E09000030,2012-10,302,monthly,294067,451554,424427,390632,286593,2012-10-01
Tower Hamlets,http://landregistry.data.gov.uk/id/region/tower-hamlets,E09000030,2012-11,296,monthly,293979,451463,423424,389242,286597,2012-11-01
Tower Hamlets,http://landregistry.data.gov.uk/id/region/tower-hamlets,E09000030,2012-12,223,monthly,295734,454615,426036,389674,288435,2012-12-01
Tower Hamlets,http://landregistry.data.gov.uk/id/region/tower-hamlets,E09000030,2013-01,305,monthly,293975,452766,426361,389441,286568,2013-01-01
Tower Hamlets,http://landregistry.data.gov.uk/id/region/tower-hamlets,E09000030,2013-02,253,monthly,294610,454392,428797,391995,287066,2013-02-01
Tower Hamlets,http://landregistry.data.gov.uk/id/region/tower-hamlets,E09000030,2013-03,348,monthly,287167,442370,418434,381920,279819,2013-03-01
Tower Hamlets,http://landregistry.data.gov.uk/id/region/tower-hamlets,E09000030,2013-04,276,monthly,291850,450059,423408,386716,284482,2013-04-01
Tower Hamlets,http://landregistry.data.gov.uk/id/region/tower-hamlets,E09000030,2013-05,299,monthly,293106,449526,423101,386751,285821,2013-05-01
Tower Hamlets,http://landregistry.data.gov.uk/id/region/tower-hamlets,E09000030,2013-06,334,monthly,304280,466204,439157,403562,296580,2013-06-01
Tower Hamlets,http://landregistry.data.gov.uk/id/region/tower-hamlets,E09000030,2013-07,451,monthly,306443,468508,442426,407614,298610,2013-07-01
Tower Hamlets,http://landregistry.data.gov.uk/id/region/tower-hamlets,E09000030,2013-08,469,monthly,309365,475807,448511,413699,301308,2013-08-01
Tower Hamlets,http://landregistry.data.gov.uk/id/region/tower-hamlets,E09000030,2013-09,414,monthly,311870,480661,452538,416441,303785,2013-09-01
Tower Hamlets,http://landregistry.data.gov.uk/id/region/tower-hamlets,E09000030,2013-10,398,monthly,324529,502816,471024,432126,316195,2013-10-01
Tower Hamlets,http://landregistry.data.gov.uk/id/region/tower-hamlets,E09000030,2013-11,486,monthly,339744,526482,493199,450119,331167,2013-11-01
Tower Hamlets,http://landregistry.data.gov.uk/id/region/tower-hamlets,E09000030,2013-12,397,monthly,351674,544046,509693,464816,342872,2013-12-01
Tower Hamlets,http://landregistry.data.gov.uk/id/region/tower-hamlets,E09000030,2014-01,430,monthly,355235,549820,515960,470126,346302,2014-01-01
Tower Hamlets,http://landregistry.data.gov.uk/id/region/tower-hamlets,E09000030,2014-02,426,monthly,360798,560468,525597,478209,351672,2014-02-01
Tower Hamlets,http://landregistry.data.gov.uk/id/region/tower-hamlets,E09000030,2014-03,525,monthly,367789,574796,538769,488530,358407,2014-03-01
Tower Hamlets,http://landregistry.data.gov.uk/id/region/tower-hamlets,E09000030,2014-04,466,monthly,376185,587555,552093,501219,366514,2014-04-01
Tower Hamlets,http://landregistry.data.gov.uk/id/region/tower-hamlets,E09000030,2014-05,438,monthly,380180,591844,556143,506703,370403,2014-05-01
Tower Hamlets,http://landregistry.data.gov.uk/id/region/tower-hamlets,E09000030,2014-06,466,monthly,382091,597265,559386,510018,372227,2014-06-01
Tower Hamlets,http://landregistry.data.gov.uk/id/region/tower-hamlets,E09000030,2014-07,421,monthly,380478,598294,558512,509211,370587,2014-07-01
Tower Hamlets,http://landregistry.data.gov.uk/id/region/tower-hamlets,E09000030,2014-08,405,monthly,386156,612175,570234,519700,375972,2014-08-01
Tower Hamlets,http://landregistry.data.gov.uk/id/region/tower-hamlets,E09000030,2014-09,400,monthly,391887,618887,579752,529177,381468,2014-09-01
Tower Hamlets,http://landregistry.data.gov.uk/id/region/tower-hamlets,E09000030,2014-10,472,monthly,401870,633143,594012,540665,391281,2014-10-01
Tower Hamlets,http://landregistry.data.gov.uk/id/region/tower-hamlets,E09000030,2014-11,397,monthly,399720,629114,591668,536609,389241,2014-11-01
Tower Hamlets,http://landregistry.data.gov.uk/id/region/tower-hamlets,E09000030,2014-12,334,monthly,404511,636984,597506,540941,394007,2014-12-01
Tower Hamlets,http://landregistry.data.gov.uk/id/region/tower-hamlets,E09000030,2015-01,276,monthly,407228,641482,602012,544750,396644,2015-01-01
Tower Hamlets,http://landregistry.data.gov.uk/id/region/tower-hamlets,E09000030,2015-02,251,monthly,409419,640851,601578,546249,398866,2015-02-01
Tower Hamlets,http://landregistry.data.gov.uk/id/region/tower-hamlets,E09000030,2015-03,406,monthly,405580,634399,593587,539836,395221,2015-03-01
Tower Hamlets,http://landregistry.data.gov.uk/id/region/tower-hamlets,E09000030,2015-04,328,monthly,409026,640532,598108,545193,398532,2015-04-01
Tower Hamlets,http://landregistry.data.gov.uk/id/region/tower-hamlets,E09000030,2015-05,401,monthly,422346,662168,616783,562416,411542,2015-05-01
Tower Hamlets,http://landregistry.data.gov.uk/id/region/tower-hamlets,E09000030,2015-06,400,monthly,429689,678259,634516,576806,418399,2015-06-01
Tower Hamlets,http://landregistry.data.gov.uk/id/region/tower-hamlets,E09000030,2015-07,379,monthly,426684,673266,629466,572846,415470,2015-07-01
Tower Hamlets,http://landregistry.data.gov.uk/id/region/tower-hamlets,E09000030,2015-08,368,monthly,419834,666318,622761,566821,408596,2015-08-01
Tower Hamlets,http://landregistry.data.gov.uk/id/region/tower-hamlets,E09000030,2015-09,362,monthly,421779,668263,623177,567946,410585,2015-09-01
Tower Hamlets,http://landregistry.data.gov.uk/id/region/tower-hamlets,E09000030,2015-10,390,monthly,426901,679350,632568,575415,415529,2015-10-01
Tower Hamlets,http://landregistry.data.gov.uk/id/region/tower-hamlets,E09000030,2015-11,313,monthly,440717,701589,654720,593314,429019,2015-11-01
Tower Hamlets,http://landregistry.data.gov.uk/id/region/tower-hamlets,E09000030,2015-12,309,monthly,444125,711704,660556,597557,432349,2015-12-01
Tower Hamlets,http://landregistry.data.gov.uk/id/region/tower-hamlets,E09000030,2016-01,244,monthly,458754,733374,683117,617323,446587,2016-01-01
Tower Hamlets,http://landregistry.data.gov.uk/id/region/tower-hamlets,E09000030,2016-02,330,monthly,460405,742580,686379,620461,448128,2016-02-01
Tower Hamlets,http://landregistry.data.gov.uk/id/region/tower-hamlets,E09000030,2016-03,615,monthly,469410,755262,696472,633054,456873,2016-03-01
Tower Hamlets,http://landregistry.data.gov.uk/id/region/tower-hamlets,E09000030,2016-04,192,monthly,456740,739413,676158,614048,444654,2016-04-01
Tower Hamlets,http://landregistry.data.gov.uk/id/region/tower-hamlets,E09000030,2016-05,295,monthly,450421,721486,661613,601555,438764,2016-05-01
Tower Hamlets,http://landregistry.data.gov.uk/id/region/tower-hamlets,E09000030,2016-06,542,monthly,439720,705129,646229,584944,428481,2016-06-01
Tower Hamlets,http://landregistry.data.gov.uk/id/region/tower-hamlets,E09000030,2016-07,463,monthly,443471,708651,653596,591322,432051,2016-07-01
Tower Hamlets,http://landregistry.data.gov.uk/id/region/tower-hamlets,E09000030,2016-08,393,monthly,449287,720868,665139,599973,437653,2016-08-01
Tower Hamlets,http://landregistry.data.gov.uk/id/region/tower-hamlets,E09000030,2016-09,407,monthly,463714,741348,686800,618922,451730,2016-09-01
Tower Hamlets,http://landregistry.data.gov.uk/id/region/tower-hamlets,E09000030,2016-10,367,monthly,465362,741500,685809,616576,453623,2016-10-01
Tower Hamlets,http://landregistry.data.gov.uk/id/region/tower-hamlets,E09000030,2016-11,373,monthly,467871,747312,689675,616931,456250,2016-11-01
Tower Hamlets,http://landregistry.data.gov.uk/id/region/tower-hamlets,E09000030,2016-12,380,monthly,460400,737371,678516,604647,449113,2016-12-01
Tower Hamlets,http://landregistry.data.gov.uk/id/region/tower-hamlets,E09000030,2017-01,378,monthly,458312,734844,675946,601895,447074,2017-01-01
Tower Hamlets,http://landregistry.data.gov.uk/id/region/tower-hamlets,E09000030,2017-02,383,monthly,470186,748124,690163,614855,458786,2017-02-01
Tower Hamlets,http://landregistry.data.gov.uk/id/region/tower-hamlets,E09000030,2017-03,284,monthly,462762,734529,679447,603286,451631,2017-03-01
Tower Hamlets,http://landregistry.data.gov.uk/id/region/tower-hamlets,E09000030,2017-04,268,monthly,465198,738896,682523,605325,454061,2017-04-01
Tower Hamlets,http://landregistry.data.gov.uk/id/region/tower-hamlets,E09000030,2017-05,314,monthly,448448,713320,658930,582428,437761,2017-05-01
Tower Hamlets,http://landregistry.data.gov.uk/id/region/tower-hamlets,E09000030,2017-06,344,monthly,452345,717865,664120,588454,441523,2017-06-01
Tower Hamlets,http://landregistry.data.gov.uk/id/region/tower-hamlets,E09000030,2017-07,245,monthly,449170,711491,660070,584885,438398,2017-07-01
Tower Hamlets,http://landregistry.data.gov.uk/id/region/tower-hamlets,E09000030,2017-08,301,monthly,445665,704527,654782,584741,434775,2017-08-01
Tower Hamlets,http://landregistry.data.gov.uk/id/region/tower-hamlets,E09000030,2017-09,284,monthly,453992,719016,668482,597146,442827,2017-09-01
Tower Hamlets,http://landregistry.data.gov.uk/id/region/tower-hamlets,E09000030,2017-10,239,monthly,468857,744910,693015,618912,457219,2017-10-01
Tower Hamlets,http://landregistry.data.gov.uk/id/region/tower-hamlets,E09000030,2017-11,220,monthly,470788,751917,698412,621061,459114,2017-11-01
Tower Hamlets,http://landregistry.data.gov.uk/id/region/tower-hamlets,E09000030,2017-12,304,monthly,465625,746440,690359,614567,454062,2017-12-01
Tower Hamlets,http://landregistry.data.gov.uk/id/region/tower-hamlets,E09000030,2018-01,208,monthly,447751,714964,661203,588940,436732,2018-01-01
Tower Hamlets,http://landregistry.data.gov.uk/id/region/tower-hamlets,E09000030,2018-02,209,monthly,444211,704314,649623,581911,433387,2018-02-01
Tower Hamlets,http://landregistry.data.gov.uk/id/region/tower-hamlets,E09000030,2018-03,259,monthly,446384,707862,655305,586190,435463,2018-03-01
Tower Hamlets,http://landregistry.data.gov.uk/id/region/tower-hamlets,E09000030,2018-04,188,monthly,455910,726622,671675,602735,444600,2018-04-01
Tower Hamlets,http://landregistry.data.gov.uk/id/region/tower-hamlets,E09000030,2018-05,218,monthly,464488,749908,694473,621384,452672,2018-05-01
Tower Hamlets,http://landregistry.data.gov.uk/id/region/tower-hamlets,E09000030,2018-06,257,monthly,454415,731472,678447,608505,442836,2018-06-01
Tower Hamlets,http://landregistry.data.gov.uk/id/region/tower-hamlets,E09000030,2018-07,332,monthly,448966,724809,671572,603302,437446,2018-07-01
Tower Hamlets,http://landregistry.data.gov.uk/id/region/tower-hamlets,E09000030,2018-08,364,monthly,440829,706531,655363,591145,429572,2018-08-01
Tower Hamlets,http://landregistry.data.gov.uk/id/region/tower-hamlets,E09000030,2018-09,328,monthly,441546,713090,661273,593950,430193,2018-09-01
Tower Hamlets,http://landregistry.data.gov.uk/id/region/tower-hamlets,E09000030,2018-10,297,monthly,436006,702167,651478,583341,424914,2018-10-01
Tower Hamlets,http://landregistry.data.gov.uk/id/region/tower-hamlets,E09000030,2018-11,280,monthly,438770,714891,661117,590211,427480,2018-11-01
Tower Hamlets,http://landregistry.data.gov.uk/id/region/tower-hamlets,E09000030,2018-12,314,monthly,438768,707738,653030,587971,427576,2018-12-01
Tower Hamlets,http://landregistry.data.gov.uk/id/region/tower-hamlets,E09000030,2019-01,236,monthly,434143,703314,648250,582750,423028,2019-01-01
Tower Hamlets,http://landregistry.data.gov.uk/id/region/tower-hamlets,E09000030,2019-02,228,monthly,427634,685659,633448,570012,416848,2019-02-01
Tower Hamlets,http://landregistry.data.gov.uk/id/region/tower-hamlets,E09000030,2019-03,276,monthly,429001,693638,641260,574062,418060,2019-03-01
Tower Hamlets,http://landregistry.data.gov.uk/id/region/tower-hamlets,E09000030,2019-04,214,monthly,432636,699994,647662,580969,421486,2019-04-01
Tower Hamlets,http://landregistry.data.gov.uk/id/region/tower-hamlets,E09000030,2019-05,254,monthly,427868,695758,644240,577581,416664,2019-05-01
Tower Hamlets,http://landregistry.data.gov.uk/id/region/tower-hamlets,E09000030,2019-06,257,monthly,428516,696259,645080,579981,417211,2019-06-01
Tower Hamlets,http://landregistry.data.gov.uk/id/region/tower-hamlets,E09000030,2019-07,399,monthly,434084,703786,651259,586592,422688,2019-07-01
Tower Hamlets,http://landregistry.data.gov.uk/id/region/tower-hamlets,E09000030,2019-08,416,monthly,443082,721200,664206,602140,431263,2019-08-01
Tower Hamlets,http://landregistry.data.gov.uk/id/region/tower-hamlets,E09000030,2019-09,291,monthly,450337,731334,672984,611948,438332,2019-09-01
Tower Hamlets,http://landregistry.data.gov.uk/id/region/tower-hamlets,E09000030,2019-10,268,monthly,451357,731464,677672,615111,439221,2019-10-01
Tower Hamlets,http://landregistry.data.gov.uk/id/region/tower-hamlets,E09000030,2019-11,244,monthly,450984,732495,682057,613379,438916,2019-11-01
Tower Hamlets,http://landregistry.data.gov.uk/id/region/tower-hamlets,E09000030,2019-12,234,monthly,454058,740691,691587,618757,441833,2019-12-01
Tower Hamlets,http://landregistry.data.gov.uk/id/region/tower-hamlets,E09000030,2020-01,289,monthly,462297,755701,704136,630375,449827,2020-01-01
Tower Hamlets,http://landregistry.data.gov.uk/id/region/tower-hamlets,E09000030,2020-02,270,monthly,473806,795419,727467,651662,460814,2020-02-01
Tower Hamlets,http://landregistry.data.gov.uk/id/region/tower-hamlets,E09000030,2020-03,280,monthly,477971,817415,736873,659566,464778,2020-03-01
Tower Hamlets,http://landregistry.data.gov.uk/id/region/tower-hamlets,E09000030,2020-04,149,monthly,467779,804907,722349,648969,454723,2020-04-01
Tower Hamlets,http://landregistry.data.gov.uk/id/region/tower-hamlets,E09000030,2020-05,106,monthly,462800,772446,705053,633395,450255,2020-05-01
Tower Hamlets,http://landregistry.data.gov.uk/id/region/tower-hamlets,E09000030,2020-06,195,monthly,449103,741755,685887,618436,436774,2020-06-01
Tower Hamlets,http://landregistry.data.gov.uk/id/region/tower-hamlets,E09000030,2020-07,246,monthly,453003,755873,695257,626116,440467,2020-07-01
Tower Hamlets,http://landregistry.data.gov.uk/id/region/tower-hamlets,E09000030,2020-08,203,monthly,461176,791742,718231,648858,447930,2020-08-01
Tower Hamlets,http://landregistry.data.gov.uk/id/region/tower-hamlets,E09000030,2020-09,257,monthly,473981,829957,743099,670625,460209,2020-09-01
Tower Hamlets,http://landregistry.data.gov.uk/id/region/tower-hamlets,E09000030,2020-10,333,monthly,477183,842439,755049,681913,463040,2020-10-01
Tower Hamlets,http://landregistry.data.gov.uk/id/region/tower-hamlets,E09000030,2020-11,253,monthly,469001,822421,742425,673125,454986,2020-11-01
Tower Hamlets,http://landregistry.data.gov.uk/id/region/tower-hamlets,E09000030,2020-12,319,monthly,464571,815614,736003,669381,450585,2020-12-01
Tower Hamlets,http://landregistry.data.gov.uk/id/region/tower-hamlets,E09000030,2021-01,276,monthly,460925,802093,724780,660612,447195,2021-01-01
Tower Hamlets,http://landregistry.data.gov.uk/id/region/tower-hamlets,E09000030,2021-02,322,monthly,481743,833839,751499,683840,467684,2021-02-01
Tower Hamlets,http://landregistry.data.gov.uk/id/region/tower-hamlets,E09000030,2021-03,662,monthly,495396,839336,762695,695357,481295,2021-03-01
Tower Hamlets,http://landregistry.data.gov.uk/id/region/tower-hamlets,E09000030,2021-04,342,monthly,502996,851574,773824,703082,488818,2021-04-01
Tower Hamlets,http://landregistry.data.gov.uk/id/region/tower-hamlets,E09000030,2021-05,312,monthly,494096,829825,760289,691272,480139,2021-05-01
Tower Hamlets,http://landregistry.data.gov.uk/id/region/tower-hamlets,E09000030,2021-06,1166,monthly,497350,838472,769173,704479,482888,2021-06-01
Tower Hamlets,http://landregistry.data.gov.uk/id/region/tower-hamlets,E09000030,2021-07,140,monthly,498215,831723,769064,701054,483955,2021-07-01
Tower Hamlets,http://landregistry.data.gov.uk/id/region/tower-hamlets,E09000030,2021-08,328,monthly,506279,875837,789229,718553,491485,2021-08-01
Tower Hamlets,http://landregistry.data.gov.uk/id/region/tower-hamlets,E09000030,2021-09,506,monthly,500679,876175,784149,709535,486092,2021-09-01
Tower Hamlets,http://landregistry.data.gov.uk/id/region/tower-hamlets,E09000030,2021-10,205,monthly,498884,903539,790390,717218,483846,2021-10-01
Tower Hamlets,http://landregistry.data.gov.uk/id/region/tower-hamlets,E09000030,2021-11,277,monthly,503904,906512,797479,723284,488769,2021-11-01
Tower Hamlets,http://landregistry.data.gov.uk/id/region/tower-hamlets,E09000030,2021-12,296,monthly,513780,948004,817165,741586,498152,2021-12-01
Tower Hamlets,http://landregistry.data.gov.uk/id/region/tower-hamlets,E09000030,2022-01,232,monthly,521947,970971,832878,757903,505857,2022-01-01
Tower Hamlets,http://landregistry.data.gov.uk/id/region/tower-hamlets,E09000030,2022-02,265,monthly,506926,951414,808477,736115,491419,2022-02-01
Tower Hamlets,http://landregistry.data.gov.uk/id/region/tower-hamlets,E09000030,2022-03,314,monthly,493058,918986,785423,714113,478100,2022-03-01
Tower Hamlets,http://landregistry.data.gov.uk/id/region/tower-hamlets,E09000030,2022-04,280,monthly,491673,911132,781237,713925,476632,2022-04-01
Tower Hamlets,http://landregistry.data.gov.uk/id/region/tower-hamlets,E09000030,2022-05,308,monthly,487472,907381,780327,714850,472038,2022-05-01
Tower Hamlets,http://landregistry.data.gov.uk/id/region/tower-hamlets,E09000030,2022-06,383,monthly,491031,911879,786907,722090,475337,2022-06-01
Tower Hamlets,http://landregistry.data.gov.uk/id/region/tower-hamlets,E09000030,2022-07,385,monthly,492998,924828,794858,727237,477069,2022-07-01
Tower Hamlets,http://landregistry.data.gov.uk/id/region/tower-hamlets,E09000030,2022-08,399,monthly,503297,946931,812635,745102,486843,2022-08-01
Tower Hamlets,http://landregistry.data.gov.uk/id/region/tower-hamlets,E09000030,2022-09,383,monthly,510725,970519,831994,762645,493548,2022-09-01
Tower Hamlets,http://landregistry.data.gov.uk/id/region/tower-hamlets,E09000030,2022-10,346,monthly,509376,968657,831597,763326,492051,2022-10-01
Tower Hamlets,http://landregistry.data.gov.uk/id/region/tower-hamlets,E09000030,2022-11,283,monthly,494255,938008,807083,740943,477424,2022-11-01
Tower Hamlets,http://landregistry.data.gov.uk/id/region/tower-hamlets,E09000030,2022-12,223,monthly,478638,906498,780327,716837,462391,2022-12-01
Tower Hamlets,http://landregistry.data.gov.uk/id/region/tower-hamlets,E09000030,2023-01,161,monthly,475855,895585,771858,709660,459924,2023-01-01
Tower Hamlets,http://landregistry.data.gov.uk/id/region/tower-hamlets,E09000030,2023-02,156,monthly,479145,898403,771999,709722,463413,2023-02-01
Tower Hamlets,http://landregistry.data.gov.uk/id/region/tower-hamlets,E09000030,2023-03,187,monthly,474915,886985,759795,695761,459807,2023-03-01
Tower Hamlets,http://landregistry.data.gov.uk/id/region/tower-hamlets,E09000030,2023-04,100,monthly,466987,870262,742745,679486,452406,2023-04-01
Tower Hamlets,http://landregistry.data.gov.uk/id/region/tower-hamlets,E09000030,2023-05,123,monthly,457075,846963,723543,661776,443006,2023-05-01
Tower Hamlets,http://landregistry.data.gov.uk/id/region/tower-hamlets,E09000030,2023-06,163,monthly,453112,839301,716117,658549,439026,2023-06-01
Tower Hamlets,http://landregistry.data.gov.uk/id/region/tower-hamlets,E09000030,2023-07,184,monthly,443084,823983,704607,649369,428992,2023-07-01
Tower Hamlets,http://landregistry.data.gov.uk/id/region/tower-hamlets,E09000030,2023-08,211,monthly,445315,833897,713709,659257,430758,2023-08-01
Tower Hamlets,http://landregistry.data.gov.uk/id/region/tower-hamlets,E09000030,2023-09,208,monthly,449404,846081,724596,668926,434495,2023-09-01
Tower Hamlets,http://landregistry.data.gov.uk/id/region/tower-hamlets,E09000030,2023-10,172,monthly,449941,845621,722662,665901,435236,2023-10-01
Tower Hamlets,http://landregistry.data.gov.uk/id/region/tower-hamlets,E09000030,2023-11,156,monthly,446412,834853,713912,654960,432158,2023-11-01
Tower Hamlets,http://landregistry.data.gov.uk/id/region/tower-hamlets,E09000030,2023-12,136,monthly,446645,831862,712259,650620,432653,2023-12-01
Tower Hamlets,http://landregistry.data.gov.uk/id/region/tower-hamlets,E09000030,2024-01,91,monthly,449719,835065,714435,653793,435715,2024-01-01
Tower Hamlets,http://landregistry.data.gov.uk/id/region/tower-hamlets,E09000030,2024-02,49,monthly,443056,826673,700550,638974,429671,2024-02-01
Tower Hamlets,http://landregistry.data.gov.uk/id/region/tower-hamlets,E09000030,2024-03,,monthly,435385,802915,678642,618651,422938,2024-03-01
Tower Hamlets,http://landregistry.data.gov.uk/id/region/tower-hamlets,E09000030,2024-04,,monthly,440574,791055,686974,621072,428346,2024-04-01
