"Name","URI","Region GSS code","Period","Sales volume","Reporting period","Average price All property types","Average price Detached houses","Average price Semi-detached houses","Average price Terraced houses","Average price Flats and maisonettes","Pivotable date"
Warwick,http://landregistry.data.gov.uk/id/region/warwick,E07000222,2004-01,217,monthly,170925,291847,172437,142997,124974,2004-01-01
Warwick,http://landregistry.data.gov.uk/id/region/warwick,E07000222,2004-02,251,monthly,170308,290196,171652,142731,124697,2004-02-01
Warwick,http://landregistry.data.gov.uk/id/region/warwick,E07000222,2004-03,287,monthly,175250,299054,176574,147064,127982,2004-03-01
Warwick,http://landregistry.data.gov.uk/id/region/warwick,E07000222,2004-04,331,monthly,178898,302685,180481,150985,130731,2004-04-01
Warwick,http://landregistry.data.gov.uk/id/region/warwick,E07000222,2004-05,310,monthly,179216,300553,180946,151971,131314,2004-05-01
Warwick,http://landregistry.data.gov.uk/id/region/warwick,E07000222,2004-06,381,monthly,182451,303790,184377,155062,134142,2004-06-01
Warwick,http://landregistry.data.gov.uk/id/region/warwick,E07000222,2004-07,411,monthly,187926,312743,190231,159753,137870,2004-07-01
Warwick,http://landregistry.data.gov.uk/id/region/warwick,E07000222,2004-08,315,monthly,194564,325018,197018,165212,142302,2004-08-01
Warwick,http://landregistry.data.gov.uk/id/region/warwick,E07000222,2004-09,255,monthly,192903,323607,195490,163667,140454,2004-09-01
Warwick,http://landregistry.data.gov.uk/id/region/warwick,E07000222,2004-10,219,monthly,190277,318981,192355,161276,139274,2004-10-01
Warwick,http://landregistry.data.gov.uk/id/region/warwick,E07000222,2004-11,229,monthly,188340,315331,190205,159595,138267,2004-11-01
Warwick,http://landregistry.data.gov.uk/id/region/warwick,E07000222,2004-12,206,monthly,195324,325398,196875,165848,144207,2004-12-01
Warwick,http://landregistry.data.gov.uk/id/region/warwick,E07000222,2005-01,153,monthly,196561,327634,197757,167164,145200,2005-01-01
Warwick,http://landregistry.data.gov.uk/id/region/warwick,E07000222,2005-02,173,monthly,196829,327676,198082,167398,145512,2005-02-01
Warwick,http://landregistry.data.gov.uk/id/region/warwick,E07000222,2005-03,209,monthly,190081,316687,191413,161619,140266,2005-03-01
Warwick,http://landregistry.data.gov.uk/id/region/warwick,E07000222,2005-04,241,monthly,192843,319695,194629,164177,142352,2005-04-01
Warwick,http://landregistry.data.gov.uk/id/region/warwick,E07000222,2005-05,247,monthly,193395,320221,195044,164963,142760,2005-05-01
Warwick,http://landregistry.data.gov.uk/id/region/warwick,E07000222,2005-06,289,monthly,198802,327655,200599,170122,146784,2005-06-01
Warwick,http://landregistry.data.gov.uk/id/region/warwick,E07000222,2005-07,272,monthly,200333,330913,202389,171571,147415,2005-07-01
Warwick,http://landregistry.data.gov.uk/id/region/warwick,E07000222,2005-08,266,monthly,203799,337173,205904,174766,149632,2005-08-01
Warwick,http://landregistry.data.gov.uk/id/region/warwick,E07000222,2005-09,267,monthly,201090,334243,203119,172352,147251,2005-09-01
Warwick,http://landregistry.data.gov.uk/id/region/warwick,E07000222,2005-10,247,monthly,198551,329503,200003,170102,145992,2005-10-01
Warwick,http://landregistry.data.gov.uk/id/region/warwick,E07000222,2005-11,226,monthly,197892,327586,199401,169460,145774,2005-11-01
Warwick,http://landregistry.data.gov.uk/id/region/warwick,E07000222,2005-12,341,monthly,197074,324185,198138,168782,146121,2005-12-01
Warwick,http://landregistry.data.gov.uk/id/region/warwick,E07000222,2006-01,228,monthly,196713,324101,197823,168877,145381,2006-01-01
Warwick,http://landregistry.data.gov.uk/id/region/warwick,E07000222,2006-02,173,monthly,194262,319116,194987,166956,144025,2006-02-01
Warwick,http://landregistry.data.gov.uk/id/region/warwick,E07000222,2006-03,277,monthly,194303,320454,195500,167094,143257,2006-03-01
Warwick,http://landregistry.data.gov.uk/id/region/warwick,E07000222,2006-04,307,monthly,195458,321120,196925,168216,144251,2006-04-01
Warwick,http://landregistry.data.gov.uk/id/region/warwick,E07000222,2006-05,294,monthly,198203,325958,200051,170602,145902,2006-05-01
Warwick,http://landregistry.data.gov.uk/id/region/warwick,E07000222,2006-06,375,monthly,200667,329223,202656,172953,147736,2006-06-01
Warwick,http://landregistry.data.gov.uk/id/region/warwick,E07000222,2006-07,321,monthly,202382,332877,204476,174842,148381,2006-07-01
Warwick,http://landregistry.data.gov.uk/id/region/warwick,E07000222,2006-08,347,monthly,204344,337073,206682,177160,148920,2006-08-01
Warwick,http://landregistry.data.gov.uk/id/region/warwick,E07000222,2006-09,317,monthly,207503,343801,210071,180029,150499,2006-09-01
Warwick,http://landregistry.data.gov.uk/id/region/warwick,E07000222,2006-10,318,monthly,211545,350527,214050,183256,153688,2006-10-01
Warwick,http://landregistry.data.gov.uk/id/region/warwick,E07000222,2006-11,326,monthly,213291,353343,216015,184599,154963,2006-11-01
Warwick,http://landregistry.data.gov.uk/id/region/warwick,E07000222,2006-12,427,monthly,210926,347828,213408,182794,153750,2006-12-01
Warwick,http://landregistry.data.gov.uk/id/region/warwick,E07000222,2007-01,269,monthly,211074,348734,213624,182984,153556,2007-01-01
Warwick,http://landregistry.data.gov.uk/id/region/warwick,E07000222,2007-02,221,monthly,212356,350710,214544,183842,155050,2007-02-01
Warwick,http://landregistry.data.gov.uk/id/region/warwick,E07000222,2007-03,322,monthly,213079,353168,215421,184512,155009,2007-03-01
Warwick,http://landregistry.data.gov.uk/id/region/warwick,E07000222,2007-04,270,monthly,213715,352846,215901,185674,155573,2007-04-01
Warwick,http://landregistry.data.gov.uk/id/region/warwick,E07000222,2007-05,269,monthly,211630,348176,213752,184440,154035,2007-05-01
Warwick,http://landregistry.data.gov.uk/id/region/warwick,E07000222,2007-06,368,monthly,215675,354303,217652,188088,157214,2007-06-01
Warwick,http://landregistry.data.gov.uk/id/region/warwick,E07000222,2007-07,314,monthly,214431,353640,216454,186811,155941,2007-07-01
Warwick,http://landregistry.data.gov.uk/id/region/warwick,E07000222,2007-08,339,monthly,217062,360021,219334,189372,156741,2007-08-01
Warwick,http://landregistry.data.gov.uk/id/region/warwick,E07000222,2007-09,249,monthly,216466,360504,218744,188614,155990,2007-09-01
Warwick,http://landregistry.data.gov.uk/id/region/warwick,E07000222,2007-10,284,monthly,220449,367589,222433,191897,159136,2007-10-01
Warwick,http://landregistry.data.gov.uk/id/region/warwick,E07000222,2007-11,260,monthly,220515,367933,222319,191318,159779,2007-11-01
Warwick,http://landregistry.data.gov.uk/id/region/warwick,E07000222,2007-12,181,monthly,221542,368815,223315,192193,160859,2007-12-01
Warwick,http://landregistry.data.gov.uk/id/region/warwick,E07000222,2008-01,145,monthly,221992,370347,223828,192249,161145,2008-01-01
Warwick,http://landregistry.data.gov.uk/id/region/warwick,E07000222,2008-02,168,monthly,219797,367271,221871,190322,159119,2008-02-01
Warwick,http://landregistry.data.gov.uk/id/region/warwick,E07000222,2008-03,138,monthly,221765,371855,224417,192060,159530,2008-03-01
Warwick,http://landregistry.data.gov.uk/id/region/warwick,E07000222,2008-04,148,monthly,219478,368765,222438,190382,157016,2008-04-01
Warwick,http://landregistry.data.gov.uk/id/region/warwick,E07000222,2008-05,187,monthly,220619,370102,223612,191765,157682,2008-05-01
Warwick,http://landregistry.data.gov.uk/id/region/warwick,E07000222,2008-06,159,monthly,214653,359929,217275,186762,153586,2008-06-01
Warwick,http://landregistry.data.gov.uk/id/region/warwick,E07000222,2008-07,145,monthly,208950,349727,211640,181794,149621,2008-07-01
Warwick,http://landregistry.data.gov.uk/id/region/warwick,E07000222,2008-08,153,monthly,203296,340929,205633,176694,145748,2008-08-01
Warwick,http://landregistry.data.gov.uk/id/region/warwick,E07000222,2008-09,125,monthly,203698,344115,205666,176601,145843,2008-09-01
Warwick,http://landregistry.data.gov.uk/id/region/warwick,E07000222,2008-10,148,monthly,197219,333728,198847,170689,141521,2008-10-01
Warwick,http://landregistry.data.gov.uk/id/region/warwick,E07000222,2008-11,122,monthly,187755,318351,189423,162282,134575,2008-11-01
Warwick,http://landregistry.data.gov.uk/id/region/warwick,E07000222,2008-12,128,monthly,176901,298224,178736,153237,126888,2008-12-01
Warwick,http://landregistry.data.gov.uk/id/region/warwick,E07000222,2009-01,74,monthly,174051,294318,175623,150508,124966,2009-01-01
Warwick,http://landregistry.data.gov.uk/id/region/warwick,E07000222,2009-02,103,monthly,179029,302252,180637,154623,129053,2009-02-01
Warwick,http://landregistry.data.gov.uk/id/region/warwick,E07000222,2009-03,97,monthly,180099,304060,181480,155233,130511,2009-03-01
Warwick,http://landregistry.data.gov.uk/id/region/warwick,E07000222,2009-04,123,monthly,184009,308435,185889,159139,133351,2009-04-01
Warwick,http://landregistry.data.gov.uk/id/region/warwick,E07000222,2009-05,160,monthly,183069,305653,185098,159010,132339,2009-05-01
Warwick,http://landregistry.data.gov.uk/id/region/warwick,E07000222,2009-06,175,monthly,186724,311287,189113,162704,134222,2009-06-01
Warwick,http://landregistry.data.gov.uk/id/region/warwick,E07000222,2009-07,219,monthly,190311,317967,192872,166064,135976,2009-07-01
Warwick,http://landregistry.data.gov.uk/id/region/warwick,E07000222,2009-08,218,monthly,194556,326330,197267,169802,138143,2009-08-01
Warwick,http://landregistry.data.gov.uk/id/region/warwick,E07000222,2009-09,199,monthly,196673,330526,199458,171607,139280,2009-09-01
Warwick,http://landregistry.data.gov.uk/id/region/warwick,E07000222,2009-10,204,monthly,198580,334013,201578,173265,140249,2009-10-01
Warwick,http://landregistry.data.gov.uk/id/region/warwick,E07000222,2009-11,160,monthly,199996,336649,202884,174718,141026,2009-11-01
Warwick,http://landregistry.data.gov.uk/id/region/warwick,E07000222,2009-12,211,monthly,199154,333934,202469,174506,140002,2009-12-01
Warwick,http://landregistry.data.gov.uk/id/region/warwick,E07000222,2010-01,122,monthly,197535,332212,200867,173137,138218,2010-01-01
Warwick,http://landregistry.data.gov.uk/id/region/warwick,E07000222,2010-02,103,monthly,200341,337020,204397,175447,139503,2010-02-01
Warwick,http://landregistry.data.gov.uk/id/region/warwick,E07000222,2010-03,149,monthly,201299,340816,204927,175747,140089,2010-03-01
Warwick,http://landregistry.data.gov.uk/id/region/warwick,E07000222,2010-04,122,monthly,201978,340959,205679,176454,140901,2010-04-01
Warwick,http://landregistry.data.gov.uk/id/region/warwick,E07000222,2010-05,152,monthly,203875,343806,207161,178115,142901,2010-05-01
Warwick,http://landregistry.data.gov.uk/id/region/warwick,E07000222,2010-06,192,monthly,206662,347828,210209,180943,144590,2010-06-01
Warwick,http://landregistry.data.gov.uk/id/region/warwick,E07000222,2010-07,232,monthly,208623,352608,212019,182786,145279,2010-07-01
Warwick,http://landregistry.data.gov.uk/id/region/warwick,E07000222,2010-08,199,monthly,208935,354364,212724,182922,144567,2010-08-01
Warwick,http://landregistry.data.gov.uk/id/region/warwick,E07000222,2010-09,180,monthly,210807,359457,214598,184301,145165,2010-09-01
Warwick,http://landregistry.data.gov.uk/id/region/warwick,E07000222,2010-10,200,monthly,215878,368337,220014,188475,148511,2010-10-01
Warwick,http://landregistry.data.gov.uk/id/region/warwick,E07000222,2010-11,145,monthly,214255,366377,218186,186716,147502,2010-11-01
Warwick,http://landregistry.data.gov.uk/id/region/warwick,E07000222,2010-12,124,monthly,215381,367681,219559,187521,148515,2010-12-01
Warwick,http://landregistry.data.gov.uk/id/region/warwick,E07000222,2011-01,101,monthly,213672,365879,217406,185798,147446,2011-01-01
Warwick,http://landregistry.data.gov.uk/id/region/warwick,E07000222,2011-02,95,monthly,214618,368731,217979,186659,147882,2011-02-01
Warwick,http://landregistry.data.gov.uk/id/region/warwick,E07000222,2011-03,132,monthly,211841,366155,214712,183961,145645,2011-03-01
Warwick,http://landregistry.data.gov.uk/id/region/warwick,E07000222,2011-04,147,monthly,209903,362524,212821,182421,144220,2011-04-01
Warwick,http://landregistry.data.gov.uk/id/region/warwick,E07000222,2011-05,138,monthly,208813,358548,211902,181636,144115,2011-05-01
Warwick,http://landregistry.data.gov.uk/id/region/warwick,E07000222,2011-06,171,monthly,209921,357636,213494,183094,145229,2011-06-01
Warwick,http://landregistry.data.gov.uk/id/region/warwick,E07000222,2011-07,198,monthly,212190,360559,215683,185274,147162,2011-07-01
Warwick,http://landregistry.data.gov.uk/id/region/warwick,E07000222,2011-08,252,monthly,211955,361436,215874,185263,145747,2011-08-01
Warwick,http://landregistry.data.gov.uk/id/region/warwick,E07000222,2011-09,218,monthly,212472,364261,216248,185641,145409,2011-09-01
Warwick,http://landregistry.data.gov.uk/id/region/warwick,E07000222,2011-10,183,monthly,209229,360000,213508,182402,142416,2011-10-01
Warwick,http://landregistry.data.gov.uk/id/region/warwick,E07000222,2011-11,202,monthly,207549,356989,211471,180636,141967,2011-11-01
Warwick,http://landregistry.data.gov.uk/id/region/warwick,E07000222,2011-12,216,monthly,205585,352147,209843,178858,141008,2011-12-01
Warwick,http://landregistry.data.gov.uk/id/region/warwick,E07000222,2012-01,136,monthly,204078,348521,208467,177974,139867,2012-01-01
Warwick,http://landregistry.data.gov.uk/id/region/warwick,E07000222,2012-02,120,monthly,208781,356894,213490,182400,142364,2012-02-01
Warwick,http://landregistry.data.gov.uk/id/region/warwick,E07000222,2012-03,200,monthly,213444,364030,218202,186848,145572,2012-03-01
Warwick,http://landregistry.data.gov.uk/id/region/warwick,E07000222,2012-04,127,monthly,217971,371534,222480,190665,149237,2012-04-01
Warwick,http://landregistry.data.gov.uk/id/region/warwick,E07000222,2012-05,142,monthly,217482,369496,221955,190424,149281,2012-05-01
Warwick,http://landregistry.data.gov.uk/id/region/warwick,E07000222,2012-06,160,monthly,216148,367087,220326,189754,148115,2012-06-01
Warwick,http://landregistry.data.gov.uk/id/region/warwick,E07000222,2012-07,195,monthly,217698,369698,221770,191484,148887,2012-07-01
Warwick,http://landregistry.data.gov.uk/id/region/warwick,E07000222,2012-08,230,monthly,218163,370666,222259,192321,148628,2012-08-01
Warwick,http://landregistry.data.gov.uk/id/region/warwick,E07000222,2012-09,136,monthly,217718,371303,221719,191704,147991,2012-09-01
Warwick,http://landregistry.data.gov.uk/id/region/warwick,E07000222,2012-10,187,monthly,217099,369896,221366,191152,147498,2012-10-01
Warwick,http://landregistry.data.gov.uk/id/region/warwick,E07000222,2012-11,184,monthly,217960,371574,222281,191786,148088,2012-11-01
Warwick,http://landregistry.data.gov.uk/id/region/warwick,E07000222,2012-12,152,monthly,218801,373068,223477,192418,148451,2012-12-01
Warwick,http://landregistry.data.gov.uk/id/region/warwick,E07000222,2013-01,129,monthly,219988,375985,225032,193337,148677,2013-01-01
Warwick,http://landregistry.data.gov.uk/id/region/warwick,E07000222,2013-02,146,monthly,218226,373387,223269,191705,147338,2013-02-01
Warwick,http://landregistry.data.gov.uk/id/region/warwick,E07000222,2013-03,166,monthly,219228,375782,224101,192313,148136,2013-03-01
Warwick,http://landregistry.data.gov.uk/id/region/warwick,E07000222,2013-04,159,monthly,214826,367881,219215,188818,145238,2013-04-01
Warwick,http://landregistry.data.gov.uk/id/region/warwick,E07000222,2013-05,199,monthly,219274,374695,223682,192808,148585,2013-05-01
Warwick,http://landregistry.data.gov.uk/id/region/warwick,E07000222,2013-06,204,monthly,219191,373051,223813,193263,148468,2013-06-01
Warwick,http://landregistry.data.gov.uk/id/region/warwick,E07000222,2013-07,215,monthly,223737,380600,228363,197425,151541,2013-07-01
Warwick,http://landregistry.data.gov.uk/id/region/warwick,E07000222,2013-08,285,monthly,221931,377643,226762,196061,149821,2013-08-01
Warwick,http://landregistry.data.gov.uk/id/region/warwick,E07000222,2013-09,220,monthly,223482,381856,228192,197136,150589,2013-09-01
Warwick,http://landregistry.data.gov.uk/id/region/warwick,E07000222,2013-10,205,monthly,225539,386498,230612,198516,151677,2013-10-01
Warwick,http://landregistry.data.gov.uk/id/region/warwick,E07000222,2013-11,246,monthly,228646,391849,233954,201116,153767,2013-11-01
Warwick,http://landregistry.data.gov.uk/id/region/warwick,E07000222,2013-12,228,monthly,233371,397941,239274,205335,157409,2013-12-01
Warwick,http://landregistry.data.gov.uk/id/region/warwick,E07000222,2014-01,188,monthly,233358,397215,239397,205286,157649,2014-01-01
Warwick,http://landregistry.data.gov.uk/id/region/warwick,E07000222,2014-02,187,monthly,233539,398022,239707,205151,157793,2014-02-01
Warwick,http://landregistry.data.gov.uk/id/region/warwick,E07000222,2014-03,192,monthly,231711,395212,237997,203499,156325,2014-03-01
Warwick,http://landregistry.data.gov.uk/id/region/warwick,E07000222,2014-04,240,monthly,235391,400766,241747,207100,158788,2014-04-01
Warwick,http://landregistry.data.gov.uk/id/region/warwick,E07000222,2014-05,198,monthly,236869,401811,243247,208868,159952,2014-05-01
Warwick,http://landregistry.data.gov.uk/id/region/warwick,E07000222,2014-06,222,monthly,240904,408500,247571,212595,162482,2014-06-01
Warwick,http://landregistry.data.gov.uk/id/region/warwick,E07000222,2014-07,238,monthly,242252,410998,249303,213957,162954,2014-07-01
Warwick,http://landregistry.data.gov.uk/id/region/warwick,E07000222,2014-08,270,monthly,248272,422341,255744,219275,166427,2014-08-01
Warwick,http://landregistry.data.gov.uk/id/region/warwick,E07000222,2014-09,258,monthly,249036,424402,256341,219991,166743,2014-09-01
Warwick,http://landregistry.data.gov.uk/id/region/warwick,E07000222,2014-10,271,monthly,251421,428782,258838,221698,168527,2014-10-01
Warwick,http://landregistry.data.gov.uk/id/region/warwick,E07000222,2014-11,198,monthly,248257,423344,255512,218553,166759,2014-11-01
Warwick,http://landregistry.data.gov.uk/id/region/warwick,E07000222,2014-12,253,monthly,249161,424958,256328,218992,167706,2014-12-01
Warwick,http://landregistry.data.gov.uk/id/region/warwick,E07000222,2015-01,194,monthly,248629,424056,255759,218377,167484,2015-01-01
Warwick,http://landregistry.data.gov.uk/id/region/warwick,E07000222,2015-02,161,monthly,248221,423542,254868,217958,167509,2015-02-01
Warwick,http://landregistry.data.gov.uk/id/region/warwick,E07000222,2015-03,171,monthly,248072,423889,254823,217523,167383,2015-03-01
Warwick,http://landregistry.data.gov.uk/id/region/warwick,E07000222,2015-04,163,monthly,250977,429175,257702,220276,169116,2015-04-01
Warwick,http://landregistry.data.gov.uk/id/region/warwick,E07000222,2015-05,242,monthly,255246,435849,262572,224022,171897,2015-05-01
Warwick,http://landregistry.data.gov.uk/id/region/warwick,E07000222,2015-06,248,monthly,261091,445092,268973,229997,175125,2015-06-01
Warwick,http://landregistry.data.gov.uk/id/region/warwick,E07000222,2015-07,266,monthly,263629,448622,271863,232326,176860,2015-07-01
Warwick,http://landregistry.data.gov.uk/id/region/warwick,E07000222,2015-08,280,monthly,269034,458181,277532,237479,179951,2015-08-01
Warwick,http://landregistry.data.gov.uk/id/region/warwick,E07000222,2015-09,235,monthly,270709,462675,278826,238432,181198,2015-09-01
Warwick,http://landregistry.data.gov.uk/id/region/warwick,E07000222,2015-10,296,monthly,272609,467061,280966,240020,181992,2015-10-01
Warwick,http://landregistry.data.gov.uk/id/region/warwick,E07000222,2015-11,229,monthly,273589,469315,282170,240592,182548,2015-11-01
Warwick,http://landregistry.data.gov.uk/id/region/warwick,E07000222,2015-12,243,monthly,276574,474608,285778,243050,184264,2015-12-01
Warwick,http://landregistry.data.gov.uk/id/region/warwick,E07000222,2016-01,164,monthly,277338,475719,286944,243390,184880,2016-01-01
Warwick,http://landregistry.data.gov.uk/id/region/warwick,E07000222,2016-02,213,monthly,274980,472147,284656,241193,183139,2016-02-01
Warwick,http://landregistry.data.gov.uk/id/region/warwick,E07000222,2016-03,349,monthly,274157,470677,283292,240382,183033,2016-03-01
Warwick,http://landregistry.data.gov.uk/id/region/warwick,E07000222,2016-04,133,monthly,273635,469192,282685,240145,182759,2016-04-01
Warwick,http://landregistry.data.gov.uk/id/region/warwick,E07000222,2016-05,141,monthly,279586,477421,288599,245418,187593,2016-05-01
Warwick,http://landregistry.data.gov.uk/id/region/warwick,E07000222,2016-06,229,monthly,281359,479255,290769,247201,188806,2016-06-01
Warwick,http://landregistry.data.gov.uk/id/region/warwick,E07000222,2016-07,224,monthly,283892,483553,293068,249576,190598,2016-07-01
Warwick,http://landregistry.data.gov.uk/id/region/warwick,E07000222,2016-08,276,monthly,286088,488257,295125,251579,191785,2016-08-01
Warwick,http://landregistry.data.gov.uk/id/region/warwick,E07000222,2016-09,234,monthly,284806,486434,294038,250175,190867,2016-09-01
Warwick,http://landregistry.data.gov.uk/id/region/warwick,E07000222,2016-10,177,monthly,290137,496808,299548,253793,194880,2016-10-01
Warwick,http://landregistry.data.gov.uk/id/region/warwick,E07000222,2016-11,233,monthly,291222,500633,300815,253770,195614,2016-11-01
Warwick,http://landregistry.data.gov.uk/id/region/warwick,E07000222,2016-12,244,monthly,294821,507567,304141,256461,198401,2016-12-01
Warwick,http://landregistry.data.gov.uk/id/region/warwick,E07000222,2017-01,152,monthly,292767,504452,301958,254771,196821,2017-01-01
Warwick,http://landregistry.data.gov.uk/id/region/warwick,E07000222,2017-02,179,monthly,289861,498175,298577,252114,195744,2017-02-01
Warwick,http://landregistry.data.gov.uk/id/region/warwick,E07000222,2017-03,220,monthly,289212,496995,297945,251226,195579,2017-03-01
Warwick,http://landregistry.data.gov.uk/id/region/warwick,E07000222,2017-04,184,monthly,289692,496967,298135,251556,196530,2017-04-01
Warwick,http://landregistry.data.gov.uk/id/region/warwick,E07000222,2017-05,205,monthly,292334,499982,301509,253814,198561,2017-05-01
Warwick,http://landregistry.data.gov.uk/id/region/warwick,E07000222,2017-06,272,monthly,293557,499851,302761,255505,199829,2017-06-01
Warwick,http://landregistry.data.gov.uk/id/region/warwick,E07000222,2017-07,230,monthly,297187,504960,306932,258628,202500,2017-07-01
Warwick,http://landregistry.data.gov.uk/id/region/warwick,E07000222,2017-08,254,monthly,299908,509869,309442,261707,203853,2017-08-01
Warwick,http://landregistry.data.gov.uk/id/region/warwick,E07000222,2017-09,232,monthly,301981,515186,311748,263312,204556,2017-09-01
Warwick,http://landregistry.data.gov.uk/id/region/warwick,E07000222,2017-10,232,monthly,303145,518306,313233,264337,204672,2017-10-01
Warwick,http://landregistry.data.gov.uk/id/region/warwick,E07000222,2017-11,265,monthly,304009,520510,314673,264537,205034,2017-11-01
Warwick,http://landregistry.data.gov.uk/id/region/warwick,E07000222,2017-12,319,monthly,305707,522833,316968,265992,206090,2017-12-01
Warwick,http://landregistry.data.gov.uk/id/region/warwick,E07000222,2018-01,176,monthly,300809,514821,311913,261635,202698,2018-01-01
Warwick,http://landregistry.data.gov.uk/id/region/warwick,E07000222,2018-02,170,monthly,302851,520834,313886,263260,203270,2018-02-01
Warwick,http://landregistry.data.gov.uk/id/region/warwick,E07000222,2018-03,210,monthly,301304,519613,312332,261886,201585,2018-03-01
Warwick,http://landregistry.data.gov.uk/id/region/warwick,E07000222,2018-04,180,monthly,305241,526468,316812,265841,203410,2018-04-01
Warwick,http://landregistry.data.gov.uk/id/region/warwick,E07000222,2018-05,245,monthly,303488,522379,315575,264841,201751,2018-05-01
Warwick,http://landregistry.data.gov.uk/id/region/warwick,E07000222,2018-06,301,monthly,303938,522530,316469,265185,202000,2018-06-01
Warwick,http://landregistry.data.gov.uk/id/region/warwick,E07000222,2018-07,181,monthly,306146,527175,318595,267086,203283,2018-07-01
Warwick,http://landregistry.data.gov.uk/id/region/warwick,E07000222,2018-08,243,monthly,307886,530131,320313,268954,204236,2018-08-01
Warwick,http://landregistry.data.gov.uk/id/region/warwick,E07000222,2018-09,206,monthly,310527,535733,322950,271566,205388,2018-09-01
Warwick,http://landregistry.data.gov.uk/id/region/warwick,E07000222,2018-10,184,monthly,314440,543111,327244,274535,207922,2018-10-01
Warwick,http://landregistry.data.gov.uk/id/region/warwick,E07000222,2018-11,229,monthly,310695,537780,323528,270951,205102,2018-11-01
Warwick,http://landregistry.data.gov.uk/id/region/warwick,E07000222,2018-12,242,monthly,312566,540560,325726,272046,206775,2018-12-01
Warwick,http://landregistry.data.gov.uk/id/region/warwick,E07000222,2019-01,154,monthly,306200,530062,319287,266430,202265,2019-01-01
Warwick,http://landregistry.data.gov.uk/id/region/warwick,E07000222,2019-02,156,monthly,309440,536483,322748,268748,204440,2019-02-01
Warwick,http://landregistry.data.gov.uk/id/region/warwick,E07000222,2019-03,182,monthly,305254,529709,318754,265444,200915,2019-03-01
Warwick,http://landregistry.data.gov.uk/id/region/warwick,E07000222,2019-04,162,monthly,304273,526755,318022,265325,199918,2019-04-01
Warwick,http://landregistry.data.gov.uk/id/region/warwick,E07000222,2019-05,196,monthly,303626,524039,317593,265728,199126,2019-05-01
Warwick,http://landregistry.data.gov.uk/id/region/warwick,E07000222,2019-06,203,monthly,310211,534439,324363,271833,203679,2019-06-01
Warwick,http://landregistry.data.gov.uk/id/region/warwick,E07000222,2019-07,199,monthly,312114,537980,326110,273521,204994,2019-07-01
Warwick,http://landregistry.data.gov.uk/id/region/warwick,E07000222,2019-08,242,monthly,314902,543315,328932,276310,206337,2019-08-01
Warwick,http://landregistry.data.gov.uk/id/region/warwick,E07000222,2019-09,231,monthly,310737,536827,324019,273083,203366,2019-09-01
Warwick,http://landregistry.data.gov.uk/id/region/warwick,E07000222,2019-10,240,monthly,310952,536960,324984,273017,203225,2019-10-01
Warwick,http://landregistry.data.gov.uk/id/region/warwick,E07000222,2019-11,235,monthly,308086,532449,322414,269913,201328,2019-11-01
Warwick,http://landregistry.data.gov.uk/id/region/warwick,E07000222,2019-12,209,monthly,304740,526798,319554,266741,198752,2019-12-01
Warwick,http://landregistry.data.gov.uk/id/region/warwick,E07000222,2020-01,164,monthly,304966,527896,319772,267151,198393,2020-01-01
Warwick,http://landregistry.data.gov.uk/id/region/warwick,E07000222,2020-02,135,monthly,307032,532055,321906,269191,199280,2020-02-01
Warwick,http://landregistry.data.gov.uk/id/region/warwick,E07000222,2020-03,177,monthly,311924,541656,327082,273225,202148,2020-03-01
Warwick,http://landregistry.data.gov.uk/id/region/warwick,E07000222,2020-04,62,monthly,319882,558246,335305,280412,205759,2020-04-01
Warwick,http://landregistry.data.gov.uk/id/region/warwick,E07000222,2020-05,56,monthly,315670,551358,331343,276049,202986,2020-05-01
Warwick,http://landregistry.data.gov.uk/id/region/warwick,E07000222,2020-06,136,monthly,315068,548531,331156,276356,202346,2020-06-01
Warwick,http://landregistry.data.gov.uk/id/region/warwick,E07000222,2020-07,140,monthly,308027,533204,323737,270445,199219,2020-07-01
Warwick,http://landregistry.data.gov.uk/id/region/warwick,E07000222,2020-08,156,monthly,309662,536104,325462,272930,199261,2020-08-01
Warwick,http://landregistry.data.gov.uk/id/region/warwick,E07000222,2020-09,190,monthly,312543,543514,328256,275318,200187,2020-09-01
Warwick,http://landregistry.data.gov.uk/id/region/warwick,E07000222,2020-10,213,monthly,314350,547903,330095,277350,200332,2020-10-01
Warwick,http://landregistry.data.gov.uk/id/region/warwick,E07000222,2020-11,220,monthly,318262,554225,333668,281283,203161,2020-11-01
Warwick,http://landregistry.data.gov.uk/id/region/warwick,E07000222,2020-12,244,monthly,321960,560113,337350,285176,205431,2020-12-01
Warwick,http://landregistry.data.gov.uk/id/region/warwick,E07000222,2021-01,251,monthly,324402,560185,339811,287944,208781,2021-01-01
Warwick,http://landregistry.data.gov.uk/id/region/warwick,E07000222,2021-02,290,monthly,322482,552917,337718,286874,209180,2021-02-01
Warwick,http://landregistry.data.gov.uk/id/region/warwick,E07000222,2021-03,473,monthly,318937,542247,333632,284306,209188,2021-03-01
Warwick,http://landregistry.data.gov.uk/id/region/warwick,E07000222,2021-04,229,monthly,317508,540892,331874,282760,208173,2021-04-01
Warwick,http://landregistry.data.gov.uk/id/region/warwick,E07000222,2021-05,186,monthly,319790,546118,334211,284465,209296,2021-05-01
Warwick,http://landregistry.data.gov.uk/id/region/warwick,E07000222,2021-06,562,monthly,323724,551558,337976,289259,211745,2021-06-01
Warwick,http://landregistry.data.gov.uk/id/region/warwick,E07000222,2021-07,135,monthly,319554,546551,334074,284608,208315,2021-07-01
Warwick,http://landregistry.data.gov.uk/id/region/warwick,E07000222,2021-08,192,monthly,319912,549379,335064,284491,207197,2021-08-01
Warwick,http://landregistry.data.gov.uk/id/region/warwick,E07000222,2021-09,404,monthly,322116,555850,338128,285381,207404,2021-09-01
Warwick,http://landregistry.data.gov.uk/id/region/warwick,E07000222,2021-10,168,monthly,329562,570580,345949,291991,211220,2021-10-01
Warwick,http://landregistry.data.gov.uk/id/region/warwick,E07000222,2021-11,201,monthly,330368,572972,346876,292420,211402,2021-11-01
Warwick,http://landregistry.data.gov.uk/id/region/warwick,E07000222,2021-12,235,monthly,325989,567526,342561,288086,207615,2021-12-01
Warwick,http://landregistry.data.gov.uk/id/region/warwick,E07000222,2022-01,174,monthly,325210,564583,342418,288127,206660,2022-01-01
Warwick,http://landregistry.data.gov.uk/id/region/warwick,E07000222,2022-02,193,monthly,332341,575920,350180,294654,211471,2022-02-01
Warwick,http://landregistry.data.gov.uk/id/region/warwick,E07000222,2022-03,200,monthly,336563,584414,355256,297748,213549,2022-03-01
Warwick,http://landregistry.data.gov.uk/id/region/warwick,E07000222,2022-04,187,monthly,340410,590444,358900,301860,216023,2022-04-01
Warwick,http://landregistry.data.gov.uk/id/region/warwick,E07000222,2022-05,177,monthly,341289,591315,360001,303368,215807,2022-05-01
Warwick,http://landregistry.data.gov.uk/id/region/warwick,E07000222,2022-06,203,monthly,344454,594944,363195,307126,217940,2022-06-01
Warwick,http://landregistry.data.gov.uk/id/region/warwick,E07000222,2022-07,226,monthly,349527,603167,369050,312126,220207,2022-07-01
Warwick,http://landregistry.data.gov.uk/id/region/warwick,E07000222,2022-08,239,monthly,349009,601890,368612,312455,218959,2022-08-01
Warwick,http://landregistry.data.gov.uk/id/region/warwick,E07000222,2022-09,223,monthly,351960,607837,371857,315432,219670,2022-09-01
Warwick,http://landregistry.data.gov.uk/id/region/warwick,E07000222,2022-10,234,monthly,353633,611343,373824,316635,220450,2022-10-01
Warwick,http://landregistry.data.gov.uk/id/region/warwick,E07000222,2022-11,205,monthly,355160,615454,375615,317396,221032,2022-11-01
Warwick,http://landregistry.data.gov.uk/id/region/warwick,E07000222,2022-12,212,monthly,354161,613048,374958,316427,220411,2022-12-01
Warwick,http://landregistry.data.gov.uk/id/region/warwick,E07000222,2023-01,151,monthly,355008,615069,375868,316761,221117,2023-01-01
Warwick,http://landregistry.data.gov.uk/id/region/warwick,E07000222,2023-02,138,monthly,354186,614733,374891,315633,220759,2023-02-01
Warwick,http://landregistry.data.gov.uk/id/region/warwick,E07000222,2023-03,168,monthly,350894,612049,371570,311344,218506,2023-03-01
Warwick,http://landregistry.data.gov.uk/id/region/warwick,E07000222,2023-04,121,monthly,344902,602384,365035,305473,215042,2023-04-01
Warwick,http://landregistry.data.gov.uk/id/region/warwick,E07000222,2023-05,146,monthly,343684,598525,363597,304299,215146,2023-05-01
Warwick,http://landregistry.data.gov.uk/id/region/warwick,E07000222,2023-06,169,monthly,348016,604291,367491,309254,218176,2023-06-01
Warwick,http://landregistry.data.gov.uk/id/region/warwick,E07000222,2023-07,161,monthly,353656,612766,373874,315262,221138,2023-07-01
Warwick,http://landregistry.data.gov.uk/id/region/warwick,E07000222,2023-08,197,monthly,355898,617815,376769,318077,221065,2023-08-01
Warwick,http://landregistry.data.gov.uk/id/region/warwick,E07000222,2023-09,172,monthly,354807,616784,376178,317422,219392,2023-09-01
Warwick,http://landregistry.data.gov.uk/id/region/warwick,E07000222,2023-10,156,monthly,352813,613633,374382,315417,217978,2023-10-01
Warwick,http://landregistry.data.gov.uk/id/region/warwick,E07000222,2023-11,141,monthly,350412,610600,372004,312076,216859,2023-11-01
Warwick,http://landregistry.data.gov.uk/id/region/warwick,E07000222,2023-12,114,monthly,348991,607525,371082,310076,216358,2023-12-01
Warwick,http://landregistry.data.gov.uk/id/region/warwick,E07000222,2024-01,84,monthly,349341,608952,371429,310694,216037,2024-01-01
Warwick,http://landregistry.data.gov.uk/id/region/warwick,E07000222,2024-02,60,monthly,350944,611839,373897,312367,216164,2024-02-01
Warwick,http://landregistry.data.gov.uk/id/region/warwick,E07000222,2024-03,,monthly,353310,616634,376407,313896,217896,2024-03-01
Warwick,http://landregistry.data.gov.uk/id/region/warwick,E07000222,2024-04,,monthly,353665,616584,377429,313491,218510,2024-04-01
