"Name","URI","Region GSS code","Period","Sales volume","Reporting period","Average price All property types","Average price Detached houses","Average price Semi-detached houses","Average price Terraced houses","Average price Flats and maisonettes","Pivotable date"
Watford,http://landregistry.data.gov.uk/id/region/watford,E07000103,2004-01,179,monthly,177333,385885,215774,171692,147327,2004-01-01
Watford,http://landregistry.data.gov.uk/id/region/watford,E07000103,2004-02,166,monthly,183676,398051,223015,177811,152889,2004-02-01
Watford,http://landregistry.data.gov.uk/id/region/watford,E07000103,2004-03,227,monthly,184271,399819,223461,178467,153316,2004-03-01
Watford,http://landregistry.data.gov.uk/id/region/watford,E07000103,2004-04,233,monthly,184070,395061,223121,179021,152928,2004-04-01
Watford,http://landregistry.data.gov.uk/id/region/watford,E07000103,2004-05,169,monthly,183947,390396,222692,179487,152772,2004-05-01
Watford,http://landregistry.data.gov.uk/id/region/watford,E07000103,2004-06,268,monthly,192053,403991,232348,187527,159672,2004-06-01
Watford,http://landregistry.data.gov.uk/id/region/watford,E07000103,2004-07,222,monthly,196346,412949,238107,191889,162969,2004-07-01
Watford,http://landregistry.data.gov.uk/id/region/watford,E07000103,2004-08,230,monthly,197569,417349,239817,193108,163796,2004-08-01
Watford,http://landregistry.data.gov.uk/id/region/watford,E07000103,2004-09,192,monthly,195052,414460,237279,190719,161369,2004-09-01
Watford,http://landregistry.data.gov.uk/id/region/watford,E07000103,2004-10,146,monthly,196893,417427,238365,192001,163625,2004-10-01
Watford,http://landregistry.data.gov.uk/id/region/watford,E07000103,2004-11,159,monthly,199874,422567,241611,194571,166500,2004-11-01
Watford,http://landregistry.data.gov.uk/id/region/watford,E07000103,2004-12,226,monthly,195697,410894,235845,190488,163409,2004-12-01
Watford,http://landregistry.data.gov.uk/id/region/watford,E07000103,2005-01,120,monthly,192323,404518,231391,187451,160505,2005-01-01
Watford,http://landregistry.data.gov.uk/id/region/watford,E07000103,2005-02,105,monthly,186974,393793,225026,182287,155959,2005-02-01
Watford,http://landregistry.data.gov.uk/id/region/watford,E07000103,2005-03,119,monthly,191005,403419,230161,186426,159039,2005-03-01
Watford,http://landregistry.data.gov.uk/id/region/watford,E07000103,2005-04,156,monthly,195078,409804,235536,190809,162165,2005-04-01
Watford,http://landregistry.data.gov.uk/id/region/watford,E07000103,2005-05,153,monthly,200649,421394,242115,196637,166602,2005-05-01
Watford,http://landregistry.data.gov.uk/id/region/watford,E07000103,2005-06,168,monthly,199165,416635,240508,195559,165173,2005-06-01
Watford,http://landregistry.data.gov.uk/id/region/watford,E07000103,2005-07,190,monthly,197660,415825,239430,194277,163460,2005-07-01
Watford,http://landregistry.data.gov.uk/id/region/watford,E07000103,2005-08,179,monthly,193723,408578,235081,190863,159738,2005-08-01
Watford,http://landregistry.data.gov.uk/id/region/watford,E07000103,2005-09,166,monthly,193014,409732,234369,190285,158881,2005-09-01
Watford,http://landregistry.data.gov.uk/id/region/watford,E07000103,2005-10,188,monthly,191383,404803,231298,188374,158120,2005-10-01
Watford,http://landregistry.data.gov.uk/id/region/watford,E07000103,2005-11,172,monthly,189365,399379,228700,186139,156720,2005-11-01
Watford,http://landregistry.data.gov.uk/id/region/watford,E07000103,2005-12,194,monthly,194248,406192,233908,190636,161353,2005-12-01
Watford,http://landregistry.data.gov.uk/id/region/watford,E07000103,2006-01,177,monthly,196404,411522,236781,193327,162654,2006-01-01
Watford,http://landregistry.data.gov.uk/id/region/watford,E07000103,2006-02,172,monthly,200595,418677,241368,197396,166400,2006-02-01
Watford,http://landregistry.data.gov.uk/id/region/watford,E07000103,2006-03,184,monthly,194269,407360,234355,191558,160629,2006-03-01
Watford,http://landregistry.data.gov.uk/id/region/watford,E07000103,2006-04,168,monthly,195878,409163,236765,193225,161866,2006-04-01
Watford,http://landregistry.data.gov.uk/id/region/watford,E07000103,2006-05,191,monthly,199229,416930,241408,196742,164283,2006-05-01
Watford,http://landregistry.data.gov.uk/id/region/watford,E07000103,2006-06,230,monthly,199600,416648,242014,197401,164415,2006-06-01
Watford,http://landregistry.data.gov.uk/id/region/watford,E07000103,2006-07,203,monthly,200998,420579,243912,199263,165141,2006-07-01
Watford,http://landregistry.data.gov.uk/id/region/watford,E07000103,2006-08,211,monthly,201699,422998,244839,200744,165131,2006-08-01
Watford,http://landregistry.data.gov.uk/id/region/watford,E07000103,2006-09,222,monthly,210522,444024,255984,209707,171969,2006-09-01
Watford,http://landregistry.data.gov.uk/id/region/watford,E07000103,2006-10,197,monthly,211928,446807,257246,210964,173346,2006-10-01
Watford,http://landregistry.data.gov.uk/id/region/watford,E07000103,2006-11,216,monthly,212259,447451,258087,211153,173588,2006-11-01
Watford,http://landregistry.data.gov.uk/id/region/watford,E07000103,2006-12,212,monthly,215541,451431,261394,214531,176560,2006-12-01
Watford,http://landregistry.data.gov.uk/id/region/watford,E07000103,2007-01,191,monthly,216217,453923,262534,215208,176959,2007-01-01
Watford,http://landregistry.data.gov.uk/id/region/watford,E07000103,2007-02,160,monthly,218919,459314,265138,217370,179680,2007-02-01
Watford,http://landregistry.data.gov.uk/id/region/watford,E07000103,2007-03,163,monthly,216495,456423,262554,214970,177455,2007-03-01
Watford,http://landregistry.data.gov.uk/id/region/watford,E07000103,2007-04,154,monthly,220859,463504,267420,219647,181038,2007-04-01
Watford,http://landregistry.data.gov.uk/id/region/watford,E07000103,2007-05,182,monthly,225516,471418,272881,224894,184618,2007-05-01
Watford,http://landregistry.data.gov.uk/id/region/watford,E07000103,2007-06,214,monthly,232428,484804,280901,231977,190302,2007-06-01
Watford,http://landregistry.data.gov.uk/id/region/watford,E07000103,2007-07,211,monthly,236314,496311,286190,235946,193099,2007-07-01
Watford,http://landregistry.data.gov.uk/id/region/watford,E07000103,2007-08,218,monthly,238705,505016,290062,238858,194295,2007-08-01
Watford,http://landregistry.data.gov.uk/id/region/watford,E07000103,2007-09,184,monthly,235494,501064,286462,235549,191512,2007-09-01
Watford,http://landregistry.data.gov.uk/id/region/watford,E07000103,2007-10,215,monthly,231897,493499,281150,231799,188900,2007-10-01
Watford,http://landregistry.data.gov.uk/id/region/watford,E07000103,2007-11,221,monthly,229673,489105,278064,229207,187390,2007-11-01
Watford,http://landregistry.data.gov.uk/id/region/watford,E07000103,2007-12,165,monthly,227302,481618,275029,226823,185639,2007-12-01
Watford,http://landregistry.data.gov.uk/id/region/watford,E07000103,2008-01,102,monthly,229975,489233,278711,229133,187829,2008-01-01
Watford,http://landregistry.data.gov.uk/id/region/watford,E07000103,2008-02,114,monthly,228027,486200,276289,226987,186297,2008-02-01
Watford,http://landregistry.data.gov.uk/id/region/watford,E07000103,2008-03,100,monthly,227545,489076,276248,226960,185246,2008-03-01
Watford,http://landregistry.data.gov.uk/id/region/watford,E07000103,2008-04,142,monthly,223044,480562,270972,223134,181069,2008-04-01
Watford,http://landregistry.data.gov.uk/id/region/watford,E07000103,2008-05,122,monthly,221632,477617,269530,222095,179608,2008-05-01
Watford,http://landregistry.data.gov.uk/id/region/watford,E07000103,2008-06,144,monthly,224610,483820,273226,225020,182042,2008-06-01
Watford,http://landregistry.data.gov.uk/id/region/watford,E07000103,2008-07,81,monthly,231705,499446,282484,231844,187767,2008-07-01
Watford,http://landregistry.data.gov.uk/id/region/watford,E07000103,2008-08,92,monthly,227678,491913,277557,227695,184534,2008-08-01
Watford,http://landregistry.data.gov.uk/id/region/watford,E07000103,2008-09,76,monthly,221539,482249,269979,221320,179581,2008-09-01
Watford,http://landregistry.data.gov.uk/id/region/watford,E07000103,2008-10,94,monthly,209562,456525,254620,209260,170143,2008-10-01
Watford,http://landregistry.data.gov.uk/id/region/watford,E07000103,2008-11,63,monthly,205000,448257,249288,204738,166287,2008-11-01
Watford,http://landregistry.data.gov.uk/id/region/watford,E07000103,2008-12,57,monthly,199210,433086,242389,199325,161428,2008-12-01
Watford,http://landregistry.data.gov.uk/id/region/watford,E07000103,2009-01,41,monthly,201841,439919,245716,201701,163634,2009-01-01
Watford,http://landregistry.data.gov.uk/id/region/watford,E07000103,2009-02,48,monthly,201655,437405,245140,200952,164129,2009-02-01
Watford,http://landregistry.data.gov.uk/id/region/watford,E07000103,2009-03,63,monthly,200219,433798,242817,199058,163572,2009-03-01
Watford,http://landregistry.data.gov.uk/id/region/watford,E07000103,2009-04,71,monthly,189306,406897,230181,188516,154544,2009-04-01
Watford,http://landregistry.data.gov.uk/id/region/watford,E07000103,2009-05,62,monthly,189972,407445,231604,190159,154380,2009-05-01
Watford,http://landregistry.data.gov.uk/id/region/watford,E07000103,2009-06,96,monthly,192887,413850,236351,194028,155784,2009-06-01
Watford,http://landregistry.data.gov.uk/id/region/watford,E07000103,2009-07,128,monthly,199458,430303,245472,201608,159992,2009-07-01
Watford,http://landregistry.data.gov.uk/id/region/watford,E07000103,2009-08,122,monthly,198596,431569,245179,201305,158465,2009-08-01
Watford,http://landregistry.data.gov.uk/id/region/watford,E07000103,2009-09,134,monthly,198763,434163,245766,201750,158137,2009-09-01
Watford,http://landregistry.data.gov.uk/id/region/watford,E07000103,2009-10,154,monthly,201660,441648,249561,204763,160239,2009-10-01
Watford,http://landregistry.data.gov.uk/id/region/watford,E07000103,2009-11,130,monthly,205846,450698,254914,209756,163104,2009-11-01
Watford,http://landregistry.data.gov.uk/id/region/watford,E07000103,2009-12,152,monthly,203973,444240,253176,208464,161278,2009-12-01
Watford,http://landregistry.data.gov.uk/id/region/watford,E07000103,2010-01,76,monthly,201174,440510,250700,206665,157979,2010-01-01
Watford,http://landregistry.data.gov.uk/id/region/watford,E07000103,2010-02,115,monthly,202460,446025,253465,208118,158318,2010-02-01
Watford,http://landregistry.data.gov.uk/id/region/watford,E07000103,2010-03,107,monthly,202463,450902,253270,207638,158198,2010-03-01
Watford,http://landregistry.data.gov.uk/id/region/watford,E07000103,2010-04,114,monthly,207729,461465,259693,212545,162701,2010-04-01
Watford,http://landregistry.data.gov.uk/id/region/watford,E07000103,2010-05,130,monthly,210236,465736,262474,214910,164966,2010-05-01
Watford,http://landregistry.data.gov.uk/id/region/watford,E07000103,2010-06,161,monthly,219990,486829,275147,225767,172059,2010-06-01
Watford,http://landregistry.data.gov.uk/id/region/watford,E07000103,2010-07,114,monthly,221072,493009,277036,227714,172046,2010-07-01
Watford,http://landregistry.data.gov.uk/id/region/watford,E07000103,2010-08,111,monthly,218479,490040,275041,225478,169244,2010-08-01
Watford,http://landregistry.data.gov.uk/id/region/watford,E07000103,2010-09,115,monthly,218356,493604,275167,225080,168920,2010-09-01
Watford,http://landregistry.data.gov.uk/id/region/watford,E07000103,2010-10,110,monthly,216367,488063,272248,222429,167877,2010-10-01
Watford,http://landregistry.data.gov.uk/id/region/watford,E07000103,2010-11,109,monthly,219009,494425,274850,224431,170463,2010-11-01
Watford,http://landregistry.data.gov.uk/id/region/watford,E07000103,2010-12,120,monthly,217664,490043,273224,222656,169704,2010-12-01
Watford,http://landregistry.data.gov.uk/id/region/watford,E07000103,2011-01,81,monthly,215104,487362,269568,219560,167847,2011-01-01
Watford,http://landregistry.data.gov.uk/id/region/watford,E07000103,2011-02,86,monthly,215486,491426,269334,219985,168066,2011-02-01
Watford,http://landregistry.data.gov.uk/id/region/watford,E07000103,2011-03,91,monthly,210272,482825,262445,214283,164034,2011-03-01
Watford,http://landregistry.data.gov.uk/id/region/watford,E07000103,2011-04,82,monthly,211213,482519,263436,215151,164993,2011-04-01
Watford,http://landregistry.data.gov.uk/id/region/watford,E07000103,2011-05,115,monthly,212118,480229,264011,215513,166352,2011-05-01
Watford,http://landregistry.data.gov.uk/id/region/watford,E07000103,2011-06,111,monthly,216721,486764,270103,220870,169767,2011-06-01
Watford,http://landregistry.data.gov.uk/id/region/watford,E07000103,2011-07,104,monthly,221290,495917,275866,225511,173404,2011-07-01
Watford,http://landregistry.data.gov.uk/id/region/watford,E07000103,2011-08,144,monthly,220118,497645,276219,225513,171267,2011-08-01
Watford,http://landregistry.data.gov.uk/id/region/watford,E07000103,2011-09,113,monthly,220845,503337,277664,226556,171346,2011-09-01
Watford,http://landregistry.data.gov.uk/id/region/watford,E07000103,2011-10,124,monthly,218748,502196,276315,224723,169099,2011-10-01
Watford,http://landregistry.data.gov.uk/id/region/watford,E07000103,2011-11,133,monthly,219148,501875,275870,224407,170030,2011-11-01
Watford,http://landregistry.data.gov.uk/id/region/watford,E07000103,2011-12,148,monthly,216520,493258,272539,221336,168337,2011-12-01
Watford,http://landregistry.data.gov.uk/id/region/watford,E07000103,2012-01,85,monthly,214323,487264,269929,219639,166378,2012-01-01
Watford,http://landregistry.data.gov.uk/id/region/watford,E07000103,2012-02,108,monthly,214332,489592,270542,220298,165850,2012-02-01
Watford,http://landregistry.data.gov.uk/id/region/watford,E07000103,2012-03,170,monthly,219853,501662,277193,226204,170211,2012-03-01
Watford,http://landregistry.data.gov.uk/id/region/watford,E07000103,2012-04,68,monthly,229130,521733,287891,235443,177914,2012-04-01
Watford,http://landregistry.data.gov.uk/id/region/watford,E07000103,2012-05,104,monthly,228829,518315,287247,235109,177950,2012-05-01
Watford,http://landregistry.data.gov.uk/id/region/watford,E07000103,2012-06,135,monthly,227595,515460,285762,234817,176390,2012-06-01
Watford,http://landregistry.data.gov.uk/id/region/watford,E07000103,2012-07,151,monthly,223012,506337,280404,230576,172354,2012-07-01
Watford,http://landregistry.data.gov.uk/id/region/watford,E07000103,2012-08,140,monthly,222706,505996,280646,231026,171469,2012-08-01
Watford,http://landregistry.data.gov.uk/id/region/watford,E07000103,2012-09,133,monthly,223101,509508,281274,231169,171721,2012-09-01
Watford,http://landregistry.data.gov.uk/id/region/watford,E07000103,2012-10,132,monthly,221625,504978,279395,229765,170593,2012-10-01
Watford,http://landregistry.data.gov.uk/id/region/watford,E07000103,2012-11,116,monthly,227093,517712,285870,235145,175064,2012-11-01
Watford,http://landregistry.data.gov.uk/id/region/watford,E07000103,2012-12,112,monthly,228672,520582,288202,236789,176235,2012-12-01
Watford,http://landregistry.data.gov.uk/id/region/watford,E07000103,2013-01,75,monthly,229712,525640,290357,237930,176600,2013-01-01
Watford,http://landregistry.data.gov.uk/id/region/watford,E07000103,2013-02,82,monthly,229489,526494,290313,237631,176256,2013-02-01
Watford,http://landregistry.data.gov.uk/id/region/watford,E07000103,2013-03,127,monthly,231627,532561,292515,239079,178272,2013-03-01
Watford,http://landregistry.data.gov.uk/id/region/watford,E07000103,2013-04,115,monthly,235456,539678,296590,243033,181468,2013-04-01
Watford,http://landregistry.data.gov.uk/id/region/watford,E07000103,2013-05,128,monthly,231271,528711,291217,238728,178327,2013-05-01
Watford,http://landregistry.data.gov.uk/id/region/watford,E07000103,2013-06,145,monthly,231880,528507,292597,240271,178297,2013-06-01
Watford,http://landregistry.data.gov.uk/id/region/watford,E07000103,2013-07,140,monthly,233810,533537,295069,242506,179626,2013-07-01
Watford,http://landregistry.data.gov.uk/id/region/watford,E07000103,2013-08,162,monthly,239470,547665,302922,248525,183688,2013-08-01
Watford,http://landregistry.data.gov.uk/id/region/watford,E07000103,2013-09,146,monthly,234713,539071,296714,243437,180038,2013-09-01
Watford,http://landregistry.data.gov.uk/id/region/watford,E07000103,2013-10,142,monthly,230794,531170,292218,238986,177067,2013-10-01
Watford,http://landregistry.data.gov.uk/id/region/watford,E07000103,2013-11,180,monthly,231831,532149,293230,240154,177951,2013-11-01
Watford,http://landregistry.data.gov.uk/id/region/watford,E07000103,2013-12,139,monthly,237137,539959,300010,245633,182243,2013-12-01
Watford,http://landregistry.data.gov.uk/id/region/watford,E07000103,2014-01,132,monthly,243714,554312,308401,252207,187429,2014-01-01
Watford,http://landregistry.data.gov.uk/id/region/watford,E07000103,2014-02,167,monthly,241847,551525,306444,249889,186048,2014-02-01
Watford,http://landregistry.data.gov.uk/id/region/watford,E07000103,2014-03,125,monthly,249760,571517,317125,257821,192050,2014-03-01
Watford,http://landregistry.data.gov.uk/id/region/watford,E07000103,2014-04,115,monthly,250233,571604,317715,258603,192363,2014-04-01
Watford,http://landregistry.data.gov.uk/id/region/watford,E07000103,2014-05,157,monthly,259621,590435,329522,268854,199536,2014-05-01
Watford,http://landregistry.data.gov.uk/id/region/watford,E07000103,2014-06,151,monthly,260502,592315,330877,270210,200033,2014-06-01
Watford,http://landregistry.data.gov.uk/id/region/watford,E07000103,2014-07,190,monthly,268419,611095,341666,279015,205758,2014-07-01
Watford,http://landregistry.data.gov.uk/id/region/watford,E07000103,2014-08,154,monthly,271604,621004,346587,282641,207830,2014-08-01
Watford,http://landregistry.data.gov.uk/id/region/watford,E07000103,2014-09,164,monthly,277051,634744,353380,288315,211969,2014-09-01
Watford,http://landregistry.data.gov.uk/id/region/watford,E07000103,2014-10,174,monthly,280570,642744,357786,291418,214857,2014-10-01
Watford,http://landregistry.data.gov.uk/id/region/watford,E07000103,2014-11,136,monthly,278301,637403,354386,288496,213397,2014-11-01
Watford,http://landregistry.data.gov.uk/id/region/watford,E07000103,2014-12,133,monthly,275705,631026,350849,285277,211637,2014-12-01
Watford,http://landregistry.data.gov.uk/id/region/watford,E07000103,2015-01,130,monthly,273225,624808,347671,282415,209855,2015-01-01
Watford,http://landregistry.data.gov.uk/id/region/watford,E07000103,2015-02,121,monthly,276717,631670,351538,285570,212922,2015-02-01
Watford,http://landregistry.data.gov.uk/id/region/watford,E07000103,2015-03,134,monthly,278142,635446,353996,286802,213969,2015-03-01
Watford,http://landregistry.data.gov.uk/id/region/watford,E07000103,2015-04,107,monthly,283572,648147,360849,292888,217893,2015-04-01
Watford,http://landregistry.data.gov.uk/id/region/watford,E07000103,2015-05,115,monthly,293414,669385,374466,303230,225140,2015-05-01
Watford,http://landregistry.data.gov.uk/id/region/watford,E07000103,2015-06,130,monthly,299811,684061,383185,310947,229322,2015-06-01
Watford,http://landregistry.data.gov.uk/id/region/watford,E07000103,2015-07,171,monthly,303029,690678,388115,314360,231569,2015-07-01
Watford,http://landregistry.data.gov.uk/id/region/watford,E07000103,2015-08,142,monthly,304196,694629,389847,316428,231882,2015-08-01
Watford,http://landregistry.data.gov.uk/id/region/watford,E07000103,2015-09,159,monthly,311961,715759,399455,323862,238040,2015-09-01
Watford,http://landregistry.data.gov.uk/id/region/watford,E07000103,2015-10,173,monthly,315134,725502,404058,327453,240034,2015-10-01
Watford,http://landregistry.data.gov.uk/id/region/watford,E07000103,2015-11,132,monthly,318885,735465,409204,330996,242915,2015-11-01
Watford,http://landregistry.data.gov.uk/id/region/watford,E07000103,2015-12,121,monthly,316319,727640,406751,328383,240816,2015-12-01
Watford,http://landregistry.data.gov.uk/id/region/watford,E07000103,2016-01,115,monthly,322715,740981,415591,334453,245891,2016-01-01
Watford,http://landregistry.data.gov.uk/id/region/watford,E07000103,2016-02,110,monthly,322316,741009,415512,333565,245669,2016-02-01
Watford,http://landregistry.data.gov.uk/id/region/watford,E07000103,2016-03,237,monthly,328842,759396,423441,339954,250777,2016-03-01
Watford,http://landregistry.data.gov.uk/id/region/watford,E07000103,2016-04,88,monthly,322842,741982,415071,334274,246294,2016-04-01
Watford,http://landregistry.data.gov.uk/id/region/watford,E07000103,2016-05,88,monthly,334971,761096,428959,346822,256486,2016-05-01
Watford,http://landregistry.data.gov.uk/id/region/watford,E07000103,2016-06,99,monthly,342775,771433,438316,355124,262913,2016-06-01
Watford,http://landregistry.data.gov.uk/id/region/watford,E07000103,2016-07,117,monthly,359972,811622,459775,372636,276320,2016-07-01
Watford,http://landregistry.data.gov.uk/id/region/watford,E07000103,2016-08,136,monthly,361198,818714,461757,374017,276850,2016-08-01
Watford,http://landregistry.data.gov.uk/id/region/watford,E07000103,2016-09,104,monthly,363169,825178,465244,376015,278018,2016-09-01
Watford,http://landregistry.data.gov.uk/id/region/watford,E07000103,2016-10,87,monthly,362103,824758,463781,373636,277784,2016-10-01
Watford,http://landregistry.data.gov.uk/id/region/watford,E07000103,2016-11,100,monthly,359642,822582,460918,370061,276177,2016-11-01
Watford,http://landregistry.data.gov.uk/id/region/watford,E07000103,2016-12,169,monthly,356247,814973,455589,365656,274297,2016-12-01
Watford,http://landregistry.data.gov.uk/id/region/watford,E07000103,2017-01,100,monthly,359233,822083,459418,369149,276353,2017-01-01
Watford,http://landregistry.data.gov.uk/id/region/watford,E07000103,2017-02,95,monthly,363038,826032,462320,372704,280213,2017-02-01
Watford,http://landregistry.data.gov.uk/id/region/watford,E07000103,2017-03,114,monthly,365715,831360,465632,375278,282426,2017-03-01
Watford,http://landregistry.data.gov.uk/id/region/watford,E07000103,2017-04,92,monthly,360675,818933,458107,369806,279014,2017-04-01
Watford,http://landregistry.data.gov.uk/id/region/watford,E07000103,2017-05,107,monthly,361372,817905,460019,370457,279483,2017-05-01
Watford,http://landregistry.data.gov.uk/id/region/watford,E07000103,2017-06,118,monthly,362184,815069,460169,371699,280379,2017-06-01
Watford,http://landregistry.data.gov.uk/id/region/watford,E07000103,2017-07,105,monthly,363823,815461,462770,372967,281925,2017-07-01
Watford,http://landregistry.data.gov.uk/id/region/watford,E07000103,2017-08,129,monthly,360824,811862,459396,371078,278692,2017-08-01
Watford,http://landregistry.data.gov.uk/id/region/watford,E07000103,2017-09,93,monthly,359476,814067,458833,369626,277105,2017-09-01
Watford,http://landregistry.data.gov.uk/id/region/watford,E07000103,2017-10,95,monthly,356998,811613,456643,367164,274735,2017-10-01
Watford,http://landregistry.data.gov.uk/id/region/watford,E07000103,2017-11,108,monthly,356620,811430,456994,366395,274401,2017-11-01
Watford,http://landregistry.data.gov.uk/id/region/watford,E07000103,2017-12,89,monthly,362017,821896,464880,372480,278141,2017-12-01
Watford,http://landregistry.data.gov.uk/id/region/watford,E07000103,2018-01,88,monthly,361638,820592,464367,372273,277785,2018-01-01
Watford,http://landregistry.data.gov.uk/id/region/watford,E07000103,2018-02,94,monthly,364621,828930,468332,375486,279904,2018-02-01
Watford,http://landregistry.data.gov.uk/id/region/watford,E07000103,2018-03,91,monthly,355309,809883,457119,366491,272201,2018-03-01
Watford,http://landregistry.data.gov.uk/id/region/watford,E07000103,2018-04,101,monthly,355452,810992,458572,367977,271310,2018-04-01
Watford,http://landregistry.data.gov.uk/id/region/watford,E07000103,2018-05,108,monthly,349639,799022,452842,362718,265980,2018-05-01
Watford,http://landregistry.data.gov.uk/id/region/watford,E07000103,2018-06,89,monthly,354206,810743,459488,367034,269378,2018-06-01
Watford,http://landregistry.data.gov.uk/id/region/watford,E07000103,2018-07,107,monthly,349987,804326,453963,362300,266154,2018-07-01
Watford,http://landregistry.data.gov.uk/id/region/watford,E07000103,2018-08,128,monthly,351425,808518,455133,363797,267373,2018-08-01
Watford,http://landregistry.data.gov.uk/id/region/watford,E07000103,2018-09,76,monthly,351137,810945,454872,364158,266639,2018-09-01
Watford,http://landregistry.data.gov.uk/id/region/watford,E07000103,2018-10,97,monthly,357886,828044,464043,371069,271605,2018-10-01
Watford,http://landregistry.data.gov.uk/id/region/watford,E07000103,2018-11,117,monthly,353126,821526,458867,366521,267289,2018-11-01
Watford,http://landregistry.data.gov.uk/id/region/watford,E07000103,2018-12,84,monthly,349244,809497,453943,361695,264862,2018-12-01
Watford,http://landregistry.data.gov.uk/id/region/watford,E07000103,2019-01,83,monthly,341861,793014,444764,354035,259125,2019-01-01
Watford,http://landregistry.data.gov.uk/id/region/watford,E07000103,2019-02,84,monthly,344287,796662,447465,355766,261630,2019-02-01
Watford,http://landregistry.data.gov.uk/id/region/watford,E07000103,2019-03,88,monthly,344569,798099,448192,356899,261265,2019-03-01
Watford,http://landregistry.data.gov.uk/id/region/watford,E07000103,2019-04,101,monthly,345353,797371,449076,358622,261567,2019-04-01
Watford,http://landregistry.data.gov.uk/id/region/watford,E07000103,2019-05,88,monthly,344067,792698,448157,358552,259728,2019-05-01
Watford,http://landregistry.data.gov.uk/id/region/watford,E07000103,2019-06,95,monthly,345073,794630,449938,359532,260404,2019-06-01
Watford,http://landregistry.data.gov.uk/id/region/watford,E07000103,2019-07,109,monthly,349073,803830,455253,363696,263394,2019-07-01
Watford,http://landregistry.data.gov.uk/id/region/watford,E07000103,2019-08,118,monthly,348143,803095,454271,363186,262233,2019-08-01
Watford,http://landregistry.data.gov.uk/id/region/watford,E07000103,2019-09,103,monthly,348425,804568,453373,364099,262426,2019-09-01
Watford,http://landregistry.data.gov.uk/id/region/watford,E07000103,2019-10,98,monthly,346245,800410,451570,361759,260412,2019-10-01
Watford,http://landregistry.data.gov.uk/id/region/watford,E07000103,2019-11,106,monthly,349793,810415,457429,365102,262753,2019-11-01
Watford,http://landregistry.data.gov.uk/id/region/watford,E07000103,2019-12,103,monthly,351262,815215,460778,366705,263238,2019-12-01
Watford,http://landregistry.data.gov.uk/id/region/watford,E07000103,2020-01,85,monthly,350031,812420,459385,366104,261834,2020-01-01
Watford,http://landregistry.data.gov.uk/id/region/watford,E07000103,2020-02,79,monthly,345630,803163,453163,362019,258305,2020-02-01
Watford,http://landregistry.data.gov.uk/id/region/watford,E07000103,2020-03,79,monthly,345009,802018,452374,361311,257860,2020-03-01
Watford,http://landregistry.data.gov.uk/id/region/watford,E07000103,2020-04,20,monthly,351251,826233,460899,368720,261138,2020-04-01
Watford,http://landregistry.data.gov.uk/id/region/watford,E07000103,2020-05,38,monthly,359543,847777,472030,376725,267493,2020-05-01
Watford,http://landregistry.data.gov.uk/id/region/watford,E07000103,2020-06,66,monthly,358366,845092,471588,376704,265479,2020-06-01
Watford,http://landregistry.data.gov.uk/id/region/watford,E07000103,2020-07,95,monthly,353017,824270,464396,370853,262328,2020-07-01
Watford,http://landregistry.data.gov.uk/id/region/watford,E07000103,2020-08,71,monthly,358750,839238,473292,378543,264984,2020-08-01
Watford,http://landregistry.data.gov.uk/id/region/watford,E07000103,2020-09,73,monthly,361706,851185,477627,381274,266873,2020-09-01
Watford,http://landregistry.data.gov.uk/id/region/watford,E07000103,2020-10,101,monthly,366558,865967,485219,386895,269484,2020-10-01
Watford,http://landregistry.data.gov.uk/id/region/watford,E07000103,2020-11,104,monthly,360682,852569,477190,380874,265103,2020-11-01
Watford,http://landregistry.data.gov.uk/id/region/watford,E07000103,2020-12,105,monthly,360573,851485,477047,381660,264538,2020-12-01
Watford,http://landregistry.data.gov.uk/id/region/watford,E07000103,2021-01,111,monthly,367510,862022,485182,388539,270713,2021-01-01
Watford,http://landregistry.data.gov.uk/id/region/watford,E07000103,2021-02,141,monthly,369779,857337,486642,390570,273893,2021-02-01
Watford,http://landregistry.data.gov.uk/id/region/watford,E07000103,2021-03,223,monthly,373399,855892,489472,393759,278414,2021-03-01
Watford,http://landregistry.data.gov.uk/id/region/watford,E07000103,2021-04,140,monthly,372092,852430,487100,392403,277719,2021-04-01
Watford,http://landregistry.data.gov.uk/id/region/watford,E07000103,2021-05,98,monthly,377505,868280,494365,398095,281439,2021-05-01
Watford,http://landregistry.data.gov.uk/id/region/watford,E07000103,2021-06,337,monthly,383622,882730,501827,405649,285406,2021-06-01
Watford,http://landregistry.data.gov.uk/id/region/watford,E07000103,2021-07,59,monthly,379539,880674,497219,400679,281993,2021-07-01
Watford,http://landregistry.data.gov.uk/id/region/watford,E07000103,2021-08,94,monthly,380321,890896,500889,401536,280914,2021-08-01
Watford,http://landregistry.data.gov.uk/id/region/watford,E07000103,2021-09,161,monthly,378094,892764,500221,398850,278084,2021-09-01
Watford,http://landregistry.data.gov.uk/id/region/watford,E07000103,2021-10,85,monthly,386273,918172,512907,407893,282646,2021-10-01
Watford,http://landregistry.data.gov.uk/id/region/watford,E07000103,2021-11,97,monthly,380558,905849,505296,401921,278338,2021-11-01
Watford,http://landregistry.data.gov.uk/id/region/watford,E07000103,2021-12,94,monthly,384745,920990,512249,406531,280361,2021-12-01
Watford,http://landregistry.data.gov.uk/id/region/watford,E07000103,2022-01,104,monthly,379082,904150,505690,401622,275355,2022-01-01
Watford,http://landregistry.data.gov.uk/id/region/watford,E07000103,2022-02,98,monthly,391910,932557,522910,415281,284901,2022-02-01
Watford,http://landregistry.data.gov.uk/id/region/watford,E07000103,2022-03,124,monthly,389720,928546,521268,412698,282934,2022-03-01
Watford,http://landregistry.data.gov.uk/id/region/watford,E07000103,2022-04,81,monthly,396814,943361,529765,420902,288204,2022-04-01
Watford,http://landregistry.data.gov.uk/id/region/watford,E07000103,2022-05,88,monthly,395108,939143,528428,420257,285617,2022-05-01
Watford,http://landregistry.data.gov.uk/id/region/watford,E07000103,2022-06,124,monthly,402858,954595,538100,429717,290878,2022-06-01
Watford,http://landregistry.data.gov.uk/id/region/watford,E07000103,2022-07,147,monthly,407082,964532,545383,435139,292470,2022-07-01
Watford,http://landregistry.data.gov.uk/id/region/watford,E07000103,2022-08,109,monthly,411847,974628,552147,441653,294732,2022-08-01
Watford,http://landregistry.data.gov.uk/id/region/watford,E07000103,2022-09,136,monthly,412767,979397,554350,443140,294286,2022-09-01
Watford,http://landregistry.data.gov.uk/id/region/watford,E07000103,2022-10,128,monthly,416458,989767,559613,446887,296780,2022-10-01
Watford,http://landregistry.data.gov.uk/id/region/watford,E07000103,2022-11,130,monthly,416049,991358,559630,446110,296233,2022-11-01
Watford,http://landregistry.data.gov.uk/id/region/watford,E07000103,2022-12,92,monthly,414767,986088,558313,444978,295182,2022-12-01
Watford,http://landregistry.data.gov.uk/id/region/watford,E07000103,2023-01,67,monthly,412533,980204,555163,442567,293728,2023-01-01
Watford,http://landregistry.data.gov.uk/id/region/watford,E07000103,2023-02,77,monthly,412349,980240,554692,441335,294427,2023-02-01
Watford,http://landregistry.data.gov.uk/id/region/watford,E07000103,2023-03,76,monthly,411393,983077,553812,438761,294239,2023-03-01
Watford,http://landregistry.data.gov.uk/id/region/watford,E07000103,2023-04,63,monthly,411232,983366,553019,437610,294897,2023-04-01
Watford,http://landregistry.data.gov.uk/id/region/watford,E07000103,2023-05,58,monthly,401030,956368,538492,426307,288332,2023-05-01
Watford,http://landregistry.data.gov.uk/id/region/watford,E07000103,2023-06,82,monthly,397853,946974,533168,423612,286105,2023-06-01
Watford,http://landregistry.data.gov.uk/id/region/watford,E07000103,2023-07,70,monthly,391572,930719,526015,417751,280723,2023-07-01
Watford,http://landregistry.data.gov.uk/id/region/watford,E07000103,2023-08,97,monthly,398179,950000,536533,426169,283776,2023-08-01
Watford,http://landregistry.data.gov.uk/id/region/watford,E07000103,2023-09,59,monthly,397289,948919,536513,426267,282006,2023-09-01
Watford,http://landregistry.data.gov.uk/id/region/watford,E07000103,2023-10,68,monthly,403738,963756,545684,432943,286622,2023-10-01
Watford,http://landregistry.data.gov.uk/id/region/watford,E07000103,2023-11,60,monthly,400288,956081,540925,428013,284942,2023-11-01
Watford,http://landregistry.data.gov.uk/id/region/watford,E07000103,2023-12,57,monthly,396790,943977,536594,423197,283260,2023-12-01
Watford,http://landregistry.data.gov.uk/id/region/watford,E07000103,2024-01,37,monthly,394428,937823,533009,421365,281311,2024-01-01
Watford,http://landregistry.data.gov.uk/id/region/watford,E07000103,2024-02,25,monthly,390266,921693,525894,416038,279454,2024-02-01
Watford,http://landregistry.data.gov.uk/id/region/watford,E07000103,2024-03,,monthly,389374,914822,522163,412922,280802,2024-03-01
Watford,http://landregistry.data.gov.uk/id/region/watford,E07000103,2024-04,,monthly,376035,875951,502496,396748,273115,2024-04-01
