"Name","URI","Region GSS code","Period","Sales volume","Reporting period","Average price All property types","Average price Detached houses","Average price Semi-detached houses","Average price Terraced houses","Average price Flats and maisonettes","Pivotable date"
Winchester,http://landregistry.data.gov.uk/id/region/winchester,E07000094,2004-01,204,monthly,233801,372152,222218,188800,146877,2004-01-01
Winchester,http://landregistry.data.gov.uk/id/region/winchester,E07000094,2004-02,156,monthly,235675,374128,224029,190629,148441,2004-02-01
Winchester,http://landregistry.data.gov.uk/id/region/winchester,E07000094,2004-03,218,monthly,238889,378801,227065,193509,150298,2004-03-01
Winchester,http://landregistry.data.gov.uk/id/region/winchester,E07000094,2004-04,224,monthly,233467,367722,222228,190496,146958,2004-04-01
Winchester,http://landregistry.data.gov.uk/id/region/winchester,E07000094,2004-05,234,monthly,235059,367960,223965,192926,148260,2004-05-01
Winchester,http://landregistry.data.gov.uk/id/region/winchester,E07000094,2004-06,247,monthly,245225,382081,234027,201706,155252,2004-06-01
Winchester,http://landregistry.data.gov.uk/id/region/winchester,E07000094,2004-07,332,monthly,247067,385130,236124,203241,155953,2004-07-01
Winchester,http://landregistry.data.gov.uk/id/region/winchester,E07000094,2004-08,262,monthly,249209,389753,238137,204712,156652,2004-08-01
Winchester,http://landregistry.data.gov.uk/id/region/winchester,E07000094,2004-09,230,monthly,245887,386424,234975,201629,153477,2004-09-01
Winchester,http://landregistry.data.gov.uk/id/region/winchester,E07000094,2004-10,208,monthly,251972,395194,240351,206486,158441,2004-10-01
Winchester,http://landregistry.data.gov.uk/id/region/winchester,E07000094,2004-11,157,monthly,253124,396346,241377,207369,159813,2004-11-01
Winchester,http://landregistry.data.gov.uk/id/region/winchester,E07000094,2004-12,203,monthly,250835,390474,239123,206102,159562,2004-12-01
Winchester,http://landregistry.data.gov.uk/id/region/winchester,E07000094,2005-01,104,monthly,242458,377112,230930,199509,154351,2005-01-01
Winchester,http://landregistry.data.gov.uk/id/region/winchester,E07000094,2005-02,115,monthly,241950,375798,230899,199020,154135,2005-02-01
Winchester,http://landregistry.data.gov.uk/id/region/winchester,E07000094,2005-03,110,monthly,238756,370693,228151,196405,151848,2005-03-01
Winchester,http://landregistry.data.gov.uk/id/region/winchester,E07000094,2005-04,159,monthly,246056,380214,235883,202757,156713,2005-04-01
Winchester,http://landregistry.data.gov.uk/id/region/winchester,E07000094,2005-05,212,monthly,252864,390032,242201,208755,161284,2005-05-01
Winchester,http://landregistry.data.gov.uk/id/region/winchester,E07000094,2005-06,204,monthly,258259,397698,247537,213593,164570,2005-06-01
Winchester,http://landregistry.data.gov.uk/id/region/winchester,E07000094,2005-07,235,monthly,262030,404980,251275,216287,166269,2005-07-01
Winchester,http://landregistry.data.gov.uk/id/region/winchester,E07000094,2005-08,172,monthly,263248,407973,252361,217212,166371,2005-08-01
Winchester,http://landregistry.data.gov.uk/id/region/winchester,E07000094,2005-09,227,monthly,267825,416590,256572,220612,168746,2005-09-01
Winchester,http://landregistry.data.gov.uk/id/region/winchester,E07000094,2005-10,193,monthly,265681,412538,254044,219081,168093,2005-10-01
Winchester,http://landregistry.data.gov.uk/id/region/winchester,E07000094,2005-11,191,monthly,257989,399347,246955,212899,163720,2005-11-01
Winchester,http://landregistry.data.gov.uk/id/region/winchester,E07000094,2005-12,244,monthly,259169,399133,247977,214235,165688,2005-12-01
Winchester,http://landregistry.data.gov.uk/id/region/winchester,E07000094,2006-01,150,monthly,260946,402487,249528,216014,166087,2006-01-01
Winchester,http://landregistry.data.gov.uk/id/region/winchester,E07000094,2006-02,147,monthly,266942,411163,255059,221343,170035,2006-02-01
Winchester,http://landregistry.data.gov.uk/id/region/winchester,E07000094,2006-03,193,monthly,267412,412983,255747,221703,169275,2006-03-01
Winchester,http://landregistry.data.gov.uk/id/region/winchester,E07000094,2006-04,216,monthly,260832,401622,249933,216575,165177,2006-04-01
Winchester,http://landregistry.data.gov.uk/id/region/winchester,E07000094,2006-05,230,monthly,260349,401489,249638,216044,164427,2006-05-01
Winchester,http://landregistry.data.gov.uk/id/region/winchester,E07000094,2006-06,272,monthly,259587,399773,249073,215635,163930,2006-06-01
Winchester,http://landregistry.data.gov.uk/id/region/winchester,E07000094,2006-07,262,monthly,269104,415255,258043,223766,169214,2006-07-01
Winchester,http://landregistry.data.gov.uk/id/region/winchester,E07000094,2006-08,324,monthly,273267,422299,261889,227636,171023,2006-08-01
Winchester,http://landregistry.data.gov.uk/id/region/winchester,E07000094,2006-09,251,monthly,276447,428734,264839,230236,172049,2006-09-01
Winchester,http://landregistry.data.gov.uk/id/region/winchester,E07000094,2006-10,262,monthly,273777,424778,262114,227655,170822,2006-10-01
Winchester,http://landregistry.data.gov.uk/id/region/winchester,E07000094,2006-11,219,monthly,272945,423306,261625,226821,170330,2006-11-01
Winchester,http://landregistry.data.gov.uk/id/region/winchester,E07000094,2006-12,259,monthly,271637,419617,260282,226174,170282,2006-12-01
Winchester,http://landregistry.data.gov.uk/id/region/winchester,E07000094,2007-01,178,monthly,277332,429041,265849,230855,173374,2007-01-01
Winchester,http://landregistry.data.gov.uk/id/region/winchester,E07000094,2007-02,164,monthly,279596,432310,267748,232420,175381,2007-02-01
Winchester,http://landregistry.data.gov.uk/id/region/winchester,E07000094,2007-03,213,monthly,281266,435635,269442,233752,175913,2007-03-01
Winchester,http://landregistry.data.gov.uk/id/region/winchester,E07000094,2007-04,194,monthly,281682,434939,269772,235035,176261,2007-04-01
Winchester,http://landregistry.data.gov.uk/id/region/winchester,E07000094,2007-05,233,monthly,283852,437299,271945,237608,177523,2007-05-01
Winchester,http://landregistry.data.gov.uk/id/region/winchester,E07000094,2007-06,246,monthly,287220,442406,275085,240426,179741,2007-06-01
Winchester,http://landregistry.data.gov.uk/id/region/winchester,E07000094,2007-07,283,monthly,292885,453143,280509,244511,182603,2007-07-01
Winchester,http://landregistry.data.gov.uk/id/region/winchester,E07000094,2007-08,301,monthly,297018,461803,284499,248005,183725,2007-08-01
Winchester,http://landregistry.data.gov.uk/id/region/winchester,E07000094,2007-09,222,monthly,309543,483355,296374,257837,190802,2007-09-01
Winchester,http://landregistry.data.gov.uk/id/region/winchester,E07000094,2007-10,223,monthly,314832,491359,300777,262218,194689,2007-10-01
Winchester,http://landregistry.data.gov.uk/id/region/winchester,E07000094,2007-11,181,monthly,324691,507261,309985,269554,201346,2007-11-01
Winchester,http://landregistry.data.gov.uk/id/region/winchester,E07000094,2007-12,153,monthly,315206,491261,301011,261854,195987,2007-12-01
Winchester,http://landregistry.data.gov.uk/id/region/winchester,E07000094,2008-01,119,monthly,313797,490242,299691,260008,194947,2008-01-01
Winchester,http://landregistry.data.gov.uk/id/region/winchester,E07000094,2008-02,125,monthly,301283,470697,288003,249557,186978,2008-02-01
Winchester,http://landregistry.data.gov.uk/id/region/winchester,E07000094,2008-03,105,monthly,298564,466851,285767,247649,184387,2008-03-01
Winchester,http://landregistry.data.gov.uk/id/region/winchester,E07000094,2008-04,115,monthly,288850,451528,276951,240112,177556,2008-04-01
Winchester,http://landregistry.data.gov.uk/id/region/winchester,E07000094,2008-05,160,monthly,294168,459415,282163,245156,180426,2008-05-01
Winchester,http://landregistry.data.gov.uk/id/region/winchester,E07000094,2008-06,132,monthly,294498,460688,282193,245269,180485,2008-06-01
Winchester,http://landregistry.data.gov.uk/id/region/winchester,E07000094,2008-07,121,monthly,298555,467295,286280,248516,182736,2008-07-01
Winchester,http://landregistry.data.gov.uk/id/region/winchester,E07000094,2008-08,135,monthly,291867,458426,279235,242447,178521,2008-08-01
Winchester,http://landregistry.data.gov.uk/id/region/winchester,E07000094,2008-09,113,monthly,285877,451523,272684,236705,174516,2008-09-01
Winchester,http://landregistry.data.gov.uk/id/region/winchester,E07000094,2008-10,95,monthly,277507,438540,264198,229647,169796,2008-10-01
Winchester,http://landregistry.data.gov.uk/id/region/winchester,E07000094,2008-11,80,monthly,267869,423015,255195,221698,163933,2008-11-01
Winchester,http://landregistry.data.gov.uk/id/region/winchester,E07000094,2008-12,89,monthly,256646,403617,244931,213069,157253,2008-12-01
Winchester,http://landregistry.data.gov.uk/id/region/winchester,E07000094,2009-01,59,monthly,246576,389234,234817,204001,151172,2009-01-01
Winchester,http://landregistry.data.gov.uk/id/region/winchester,E07000094,2009-02,66,monthly,238821,376960,227424,197336,146585,2009-02-01
Winchester,http://landregistry.data.gov.uk/id/region/winchester,E07000094,2009-03,100,monthly,240435,379458,228639,198316,148118,2009-03-01
Winchester,http://landregistry.data.gov.uk/id/region/winchester,E07000094,2009-04,99,monthly,244664,382677,233591,203225,150695,2009-04-01
Winchester,http://landregistry.data.gov.uk/id/region/winchester,E07000094,2009-05,121,monthly,249311,389058,238123,208008,152994,2009-05-01
Winchester,http://landregistry.data.gov.uk/id/region/winchester,E07000094,2009-06,132,monthly,258434,403159,247225,216311,157451,2009-06-01
Winchester,http://landregistry.data.gov.uk/id/region/winchester,E07000094,2009-07,190,monthly,263432,413101,252023,220380,158968,2009-07-01
Winchester,http://landregistry.data.gov.uk/id/region/winchester,E07000094,2009-08,173,monthly,267648,420809,256214,223750,160710,2009-08-01
Winchester,http://landregistry.data.gov.uk/id/region/winchester,E07000094,2009-09,181,monthly,269442,424316,258043,225258,161147,2009-09-01
Winchester,http://landregistry.data.gov.uk/id/region/winchester,E07000094,2009-10,161,monthly,265423,418078,254381,221906,158487,2009-10-01
Winchester,http://landregistry.data.gov.uk/id/region/winchester,E07000094,2009-11,172,monthly,276112,435732,264231,231143,164270,2009-11-01
Winchester,http://landregistry.data.gov.uk/id/region/winchester,E07000094,2009-12,228,monthly,275877,434025,264550,231519,163929,2009-12-01
Winchester,http://landregistry.data.gov.uk/id/region/winchester,E07000094,2010-01,102,monthly,288171,454886,276418,241863,170004,2010-01-01
Winchester,http://landregistry.data.gov.uk/id/region/winchester,E07000094,2010-02,103,monthly,282519,445875,271963,237028,165944,2010-02-01
Winchester,http://landregistry.data.gov.uk/id/region/winchester,E07000094,2010-03,121,monthly,283603,449429,272477,237372,166360,2010-03-01
Winchester,http://landregistry.data.gov.uk/id/region/winchester,E07000094,2010-04,148,monthly,287889,454833,276793,241223,169395,2010-04-01
Winchester,http://landregistry.data.gov.uk/id/region/winchester,E07000094,2010-05,132,monthly,293958,464213,282149,246374,173475,2010-05-01
Winchester,http://landregistry.data.gov.uk/id/region/winchester,E07000094,2010-06,139,monthly,295318,466014,283754,247987,173700,2010-06-01
Winchester,http://landregistry.data.gov.uk/id/region/winchester,E07000094,2010-07,172,monthly,291211,461961,279361,244385,170113,2010-07-01
Winchester,http://landregistry.data.gov.uk/id/region/winchester,E07000094,2010-08,180,monthly,289983,461421,278670,243121,168211,2010-08-01
Winchester,http://landregistry.data.gov.uk/id/region/winchester,E07000094,2010-09,165,monthly,289051,461971,277612,241908,166847,2010-09-01
Winchester,http://landregistry.data.gov.uk/id/region/winchester,E07000094,2010-10,159,monthly,288632,460630,277489,241440,166972,2010-10-01
Winchester,http://landregistry.data.gov.uk/id/region/winchester,E07000094,2010-11,150,monthly,293261,468666,281584,244878,170009,2010-11-01
Winchester,http://landregistry.data.gov.uk/id/region/winchester,E07000094,2010-12,154,monthly,294245,469542,282946,245489,170953,2010-12-01
Winchester,http://landregistry.data.gov.uk/id/region/winchester,E07000094,2011-01,95,monthly,294717,471738,283014,245377,171135,2011-01-01
Winchester,http://landregistry.data.gov.uk/id/region/winchester,E07000094,2011-02,115,monthly,284481,456558,272839,236573,164996,2011-02-01
Winchester,http://landregistry.data.gov.uk/id/region/winchester,E07000094,2011-03,135,monthly,284833,459427,272438,236438,164699,2011-03-01
Winchester,http://landregistry.data.gov.uk/id/region/winchester,E07000094,2011-04,129,monthly,288873,465167,276501,240092,167065,2011-04-01
Winchester,http://landregistry.data.gov.uk/id/region/winchester,E07000094,2011-05,99,monthly,300484,480922,288012,250442,174772,2011-05-01
Winchester,http://landregistry.data.gov.uk/id/region/winchester,E07000094,2011-06,141,monthly,302350,481004,290734,252690,176373,2011-06-01
Winchester,http://landregistry.data.gov.uk/id/region/winchester,E07000094,2011-07,168,monthly,298008,472957,286478,249438,174289,2011-07-01
Winchester,http://landregistry.data.gov.uk/id/region/winchester,E07000094,2011-08,192,monthly,295047,470482,284067,246772,170749,2011-08-01
Winchester,http://landregistry.data.gov.uk/id/region/winchester,E07000094,2011-09,197,monthly,298473,478235,287000,249334,171702,2011-09-01
Winchester,http://landregistry.data.gov.uk/id/region/winchester,E07000094,2011-10,139,monthly,297278,478302,286429,247577,170013,2011-10-01
Winchester,http://landregistry.data.gov.uk/id/region/winchester,E07000094,2011-11,169,monthly,294567,473505,283370,245118,169415,2011-11-01
Winchester,http://landregistry.data.gov.uk/id/region/winchester,E07000094,2011-12,147,monthly,289951,464325,279449,241517,167338,2011-12-01
Winchester,http://landregistry.data.gov.uk/id/region/winchester,E07000094,2012-01,95,monthly,296637,473987,286185,247731,170916,2012-01-01
Winchester,http://landregistry.data.gov.uk/id/region/winchester,E07000094,2012-02,117,monthly,299430,478999,289187,250211,171563,2012-02-01
Winchester,http://landregistry.data.gov.uk/id/region/winchester,E07000094,2012-03,154,monthly,299575,478643,289556,250449,171840,2012-03-01
Winchester,http://landregistry.data.gov.uk/id/region/winchester,E07000094,2012-04,114,monthly,302601,482938,291966,252897,174500,2012-04-01
Winchester,http://landregistry.data.gov.uk/id/region/winchester,E07000094,2012-05,120,monthly,303645,482880,292979,254446,175716,2012-05-01
Winchester,http://landregistry.data.gov.uk/id/region/winchester,E07000094,2012-06,147,monthly,308282,490426,296830,259243,177769,2012-06-01
Winchester,http://landregistry.data.gov.uk/id/region/winchester,E07000094,2012-07,151,monthly,297119,473473,285753,250096,170700,2012-07-01
Winchester,http://landregistry.data.gov.uk/id/region/winchester,E07000094,2012-08,200,monthly,297471,474832,286058,250821,169840,2012-08-01
Winchester,http://landregistry.data.gov.uk/id/region/winchester,E07000094,2012-09,119,monthly,302845,484741,291090,254703,172670,2012-09-01
Winchester,http://landregistry.data.gov.uk/id/region/winchester,E07000094,2012-10,149,monthly,308169,492321,296770,259323,175837,2012-10-01
Winchester,http://landregistry.data.gov.uk/id/region/winchester,E07000094,2012-11,141,monthly,299211,477674,288185,251686,171061,2012-11-01
Winchester,http://landregistry.data.gov.uk/id/region/winchester,E07000094,2012-12,106,monthly,297073,474305,286436,249911,169534,2012-12-01
Winchester,http://landregistry.data.gov.uk/id/region/winchester,E07000094,2013-01,98,monthly,300796,481117,290415,252748,170993,2013-01-01
Winchester,http://landregistry.data.gov.uk/id/region/winchester,E07000094,2013-02,85,monthly,310896,497891,300209,260743,176704,2013-02-01
Winchester,http://landregistry.data.gov.uk/id/region/winchester,E07000094,2013-03,135,monthly,303111,485517,292455,253859,172701,2013-03-01
Winchester,http://landregistry.data.gov.uk/id/region/winchester,E07000094,2013-04,120,monthly,300158,479972,288995,252075,171252,2013-04-01
Winchester,http://landregistry.data.gov.uk/id/region/winchester,E07000094,2013-05,153,monthly,301766,481589,290475,253813,172437,2013-05-01
Winchester,http://landregistry.data.gov.uk/id/region/winchester,E07000094,2013-06,162,monthly,310446,494551,299266,261788,176948,2013-06-01
Winchester,http://landregistry.data.gov.uk/id/region/winchester,E07000094,2013-07,208,monthly,318004,506757,306516,268224,181103,2013-07-01
Winchester,http://landregistry.data.gov.uk/id/region/winchester,E07000094,2013-08,220,monthly,320274,510941,308998,270295,181641,2013-08-01
Winchester,http://landregistry.data.gov.uk/id/region/winchester,E07000094,2013-09,172,monthly,316608,506431,305057,266810,179384,2013-09-01
Winchester,http://landregistry.data.gov.uk/id/region/winchester,E07000094,2013-10,170,monthly,308679,494731,297698,259497,174718,2013-10-01
Winchester,http://landregistry.data.gov.uk/id/region/winchester,E07000094,2013-11,186,monthly,304544,487471,293827,255988,172750,2013-11-01
Winchester,http://landregistry.data.gov.uk/id/region/winchester,E07000094,2013-12,202,monthly,310446,494651,300163,261140,176943,2013-12-01
Winchester,http://landregistry.data.gov.uk/id/region/winchester,E07000094,2014-01,182,monthly,322253,513073,311766,270962,183913,2014-01-01
Winchester,http://landregistry.data.gov.uk/id/region/winchester,E07000094,2014-02,161,monthly,332837,530978,322313,279260,189696,2014-02-01
Winchester,http://landregistry.data.gov.uk/id/region/winchester,E07000094,2014-03,131,monthly,333230,532095,323054,279549,189360,2014-03-01
Winchester,http://landregistry.data.gov.uk/id/region/winchester,E07000094,2014-04,149,monthly,329561,525223,319808,277066,187056,2014-04-01
Winchester,http://landregistry.data.gov.uk/id/region/winchester,E07000094,2014-05,177,monthly,329779,523822,319982,278065,187449,2014-05-01
Winchester,http://landregistry.data.gov.uk/id/region/winchester,E07000094,2014-06,192,monthly,341039,541384,330985,287788,193753,2014-06-01
Winchester,http://landregistry.data.gov.uk/id/region/winchester,E07000094,2014-07,237,monthly,343486,545631,333529,289900,194732,2014-07-01
Winchester,http://landregistry.data.gov.uk/id/region/winchester,E07000094,2014-08,215,monthly,350248,557982,340149,295240,197871,2014-08-01
Winchester,http://landregistry.data.gov.uk/id/region/winchester,E07000094,2014-09,204,monthly,351876,561659,341469,296279,198625,2014-09-01
Winchester,http://landregistry.data.gov.uk/id/region/winchester,E07000094,2014-10,205,monthly,359110,573368,348485,301878,203162,2014-10-01
Winchester,http://landregistry.data.gov.uk/id/region/winchester,E07000094,2014-11,144,monthly,358103,571409,347439,300720,203222,2014-11-01
Winchester,http://landregistry.data.gov.uk/id/region/winchester,E07000094,2014-12,202,monthly,356964,569564,346470,299454,202852,2014-12-01
Winchester,http://landregistry.data.gov.uk/id/region/winchester,E07000094,2015-01,141,monthly,359383,573850,349073,301273,204008,2015-01-01
Winchester,http://landregistry.data.gov.uk/id/region/winchester,E07000094,2015-02,155,monthly,357158,571004,346796,299287,202482,2015-02-01
Winchester,http://landregistry.data.gov.uk/id/region/winchester,E07000094,2015-03,140,monthly,356530,570691,346218,298588,201826,2015-03-01
Winchester,http://landregistry.data.gov.uk/id/region/winchester,E07000094,2015-04,148,monthly,355290,568658,344706,297773,201126,2015-04-01
Winchester,http://landregistry.data.gov.uk/id/region/winchester,E07000094,2015-05,141,monthly,360430,575838,350164,302187,204315,2015-05-01
Winchester,http://landregistry.data.gov.uk/id/region/winchester,E07000094,2015-06,206,monthly,369460,589292,359386,310651,208901,2015-06-01
Winchester,http://landregistry.data.gov.uk/id/region/winchester,E07000094,2015-07,221,monthly,375874,599154,366084,316162,212363,2015-07-01
Winchester,http://landregistry.data.gov.uk/id/region/winchester,E07000094,2015-08,187,monthly,375587,599223,365803,316255,211530,2015-08-01
Winchester,http://landregistry.data.gov.uk/id/region/winchester,E07000094,2015-09,237,monthly,372729,596588,362313,313052,209905,2015-09-01
Winchester,http://landregistry.data.gov.uk/id/region/winchester,E07000094,2015-10,194,monthly,371762,595404,361300,312205,209204,2015-10-01
Winchester,http://landregistry.data.gov.uk/id/region/winchester,E07000094,2015-11,169,monthly,379163,607717,368642,318073,213321,2015-11-01
Winchester,http://landregistry.data.gov.uk/id/region/winchester,E07000094,2015-12,177,monthly,379851,608677,370076,318517,213456,2015-12-01
Winchester,http://landregistry.data.gov.uk/id/region/winchester,E07000094,2016-01,136,monthly,382495,613288,373390,320143,214826,2016-01-01
Winchester,http://landregistry.data.gov.uk/id/region/winchester,E07000094,2016-02,146,monthly,390215,626146,381399,326282,218881,2016-02-01
Winchester,http://landregistry.data.gov.uk/id/region/winchester,E07000094,2016-03,249,monthly,394811,634025,385272,329755,221888,2016-03-01
Winchester,http://landregistry.data.gov.uk/id/region/winchester,E07000094,2016-04,130,monthly,391619,627446,381912,327783,220498,2016-04-01
Winchester,http://landregistry.data.gov.uk/id/region/winchester,E07000094,2016-05,118,monthly,382000,609038,372180,320380,216608,2016-05-01
Winchester,http://landregistry.data.gov.uk/id/region/winchester,E07000094,2016-06,153,monthly,379621,603623,370198,318922,215561,2016-06-01
Winchester,http://landregistry.data.gov.uk/id/region/winchester,E07000094,2016-07,186,monthly,384035,611442,374235,322562,217782,2016-07-01
Winchester,http://landregistry.data.gov.uk/id/region/winchester,E07000094,2016-08,152,monthly,391405,624861,380901,328485,221445,2016-08-01
Winchester,http://landregistry.data.gov.uk/id/region/winchester,E07000094,2016-09,198,monthly,393859,629030,383553,330259,222790,2016-09-01
Winchester,http://landregistry.data.gov.uk/id/region/winchester,E07000094,2016-10,152,monthly,395003,631695,384550,330010,224168,2016-10-01
Winchester,http://landregistry.data.gov.uk/id/region/winchester,E07000094,2016-11,138,monthly,396969,636592,386498,330612,225164,2016-11-01
Winchester,http://landregistry.data.gov.uk/id/region/winchester,E07000094,2016-12,187,monthly,396987,637227,385968,330103,225650,2016-12-01
Winchester,http://landregistry.data.gov.uk/id/region/winchester,E07000094,2017-01,126,monthly,406710,652677,395187,338554,231057,2017-01-01
Winchester,http://landregistry.data.gov.uk/id/region/winchester,E07000094,2017-02,140,monthly,402845,644954,390820,335274,230104,2017-02-01
Winchester,http://landregistry.data.gov.uk/id/region/winchester,E07000094,2017-03,162,monthly,406361,650613,394210,337993,232259,2017-03-01
Winchester,http://landregistry.data.gov.uk/id/region/winchester,E07000094,2017-04,137,monthly,408289,654045,395591,339241,233754,2017-04-01
Winchester,http://landregistry.data.gov.uk/id/region/winchester,E07000094,2017-05,128,monthly,416650,666004,404735,346119,238768,2017-05-01
Winchester,http://landregistry.data.gov.uk/id/region/winchester,E07000094,2017-06,189,monthly,419864,669714,407743,349466,240869,2017-06-01
Winchester,http://landregistry.data.gov.uk/id/region/winchester,E07000094,2017-07,168,monthly,423797,674460,412184,352853,243484,2017-07-01
Winchester,http://landregistry.data.gov.uk/id/region/winchester,E07000094,2017-08,163,monthly,425076,677659,412900,354874,243100,2017-08-01
Winchester,http://landregistry.data.gov.uk/id/region/winchester,E07000094,2017-09,155,monthly,423638,676845,411773,353444,241530,2017-09-01
Winchester,http://landregistry.data.gov.uk/id/region/winchester,E07000094,2017-10,158,monthly,417309,667745,405963,348433,236966,2017-10-01
Winchester,http://landregistry.data.gov.uk/id/region/winchester,E07000094,2017-11,160,monthly,409897,656173,399250,341629,232829,2017-11-01
Winchester,http://landregistry.data.gov.uk/id/region/winchester,E07000094,2017-12,167,monthly,408282,652928,398250,340351,231875,2017-12-01
Winchester,http://landregistry.data.gov.uk/id/region/winchester,E07000094,2018-01,109,monthly,407501,651532,397638,339419,231657,2018-01-01
Winchester,http://landregistry.data.gov.uk/id/region/winchester,E07000094,2018-02,117,monthly,416262,666826,406163,346795,235766,2018-02-01
Winchester,http://landregistry.data.gov.uk/id/region/winchester,E07000094,2018-03,123,monthly,426095,682423,416033,355188,240973,2018-03-01
Winchester,http://landregistry.data.gov.uk/id/region/winchester,E07000094,2018-04,134,monthly,422781,676494,413274,353374,238178,2018-04-01
Winchester,http://landregistry.data.gov.uk/id/region/winchester,E07000094,2018-05,142,monthly,411574,658234,403061,344278,231259,2018-05-01
Winchester,http://landregistry.data.gov.uk/id/region/winchester,E07000094,2018-06,208,monthly,407407,651552,399532,340546,228783,2018-06-01
Winchester,http://landregistry.data.gov.uk/id/region/winchester,E07000094,2018-07,176,monthly,419312,672650,410732,349927,234965,2018-07-01
Winchester,http://landregistry.data.gov.uk/id/region/winchester,E07000094,2018-08,167,monthly,425052,681648,416246,355052,238059,2018-08-01
Winchester,http://landregistry.data.gov.uk/id/region/winchester,E07000094,2018-09,130,monthly,433412,696332,424151,362439,241619,2018-09-01
Winchester,http://landregistry.data.gov.uk/id/region/winchester,E07000094,2018-10,168,monthly,422183,678093,413518,352853,235444,2018-10-01
Winchester,http://landregistry.data.gov.uk/id/region/winchester,E07000094,2018-11,155,monthly,420060,676102,411398,350578,233821,2018-11-01
Winchester,http://landregistry.data.gov.uk/id/region/winchester,E07000094,2018-12,181,monthly,405377,652028,397299,337669,226443,2018-12-01
Winchester,http://landregistry.data.gov.uk/id/region/winchester,E07000094,2019-01,127,monthly,401798,647375,393872,334235,224094,2019-01-01
Winchester,http://landregistry.data.gov.uk/id/region/winchester,E07000094,2019-02,100,monthly,400518,645611,392839,332864,223354,2019-02-01
Winchester,http://landregistry.data.gov.uk/id/region/winchester,E07000094,2019-03,128,monthly,407144,656819,399531,338680,226243,2019-03-01
Winchester,http://landregistry.data.gov.uk/id/region/winchester,E07000094,2019-04,119,monthly,407622,656031,400300,340283,226192,2019-04-01
Winchester,http://landregistry.data.gov.uk/id/region/winchester,E07000094,2019-05,155,monthly,411202,660345,404178,344348,227867,2019-05-01
Winchester,http://landregistry.data.gov.uk/id/region/winchester,E07000094,2019-06,160,monthly,405109,649923,398189,339562,224623,2019-06-01
Winchester,http://landregistry.data.gov.uk/id/region/winchester,E07000094,2019-07,182,monthly,408325,655150,401241,342173,226521,2019-07-01
Winchester,http://landregistry.data.gov.uk/id/region/winchester,E07000094,2019-08,180,monthly,411324,661307,404038,344780,227290,2019-08-01
Winchester,http://landregistry.data.gov.uk/id/region/winchester,E07000094,2019-09,183,monthly,423065,680621,414930,355134,233452,2019-09-01
Winchester,http://landregistry.data.gov.uk/id/region/winchester,E07000094,2019-10,165,monthly,419142,674437,412027,351525,230823,2019-10-01
Winchester,http://landregistry.data.gov.uk/id/region/winchester,E07000094,2019-11,150,monthly,414261,666905,407740,346584,228359,2019-11-01
Winchester,http://landregistry.data.gov.uk/id/region/winchester,E07000094,2019-12,187,monthly,408292,657406,402646,341239,224768,2019-12-01
Winchester,http://landregistry.data.gov.uk/id/region/winchester,E07000094,2020-01,124,monthly,408017,657082,402189,341495,224205,2020-01-01
Winchester,http://landregistry.data.gov.uk/id/region/winchester,E07000094,2020-02,107,monthly,408691,657856,402502,342702,224253,2020-02-01
Winchester,http://landregistry.data.gov.uk/id/region/winchester,E07000094,2020-03,126,monthly,416352,670735,410041,348929,228203,2020-03-01
Winchester,http://landregistry.data.gov.uk/id/region/winchester,E07000094,2020-04,39,monthly,418731,676699,411921,350912,227938,2020-04-01
Winchester,http://landregistry.data.gov.uk/id/region/winchester,E07000094,2020-05,56,monthly,414321,669546,408323,346579,225630,2020-05-01
Winchester,http://landregistry.data.gov.uk/id/region/winchester,E07000094,2020-06,136,monthly,402251,648545,396860,337788,218770,2020-06-01
Winchester,http://landregistry.data.gov.uk/id/region/winchester,E07000094,2020-07,120,monthly,408957,657306,403555,343822,223813,2020-07-01
Winchester,http://landregistry.data.gov.uk/id/region/winchester,E07000094,2020-08,130,monthly,422460,680099,416557,356195,229437,2020-08-01
Winchester,http://landregistry.data.gov.uk/id/region/winchester,E07000094,2020-09,161,monthly,425311,687356,418858,357923,229625,2020-09-01
Winchester,http://landregistry.data.gov.uk/id/region/winchester,E07000094,2020-10,183,monthly,428342,693621,421474,360718,230056,2020-10-01
Winchester,http://landregistry.data.gov.uk/id/region/winchester,E07000094,2020-11,195,monthly,432957,700809,425172,364990,233060,2020-11-01
Winchester,http://landregistry.data.gov.uk/id/region/winchester,E07000094,2020-12,210,monthly,439097,710457,430859,370747,236316,2020-12-01
Winchester,http://landregistry.data.gov.uk/id/region/winchester,E07000094,2021-01,228,monthly,436382,702684,428454,369373,236836,2021-01-01
Winchester,http://landregistry.data.gov.uk/id/region/winchester,E07000094,2021-02,243,monthly,420247,672955,413287,356535,230163,2021-02-01
Winchester,http://landregistry.data.gov.uk/id/region/winchester,E07000094,2021-03,374,monthly,417432,664172,410954,355118,231221,2021-03-01
Winchester,http://landregistry.data.gov.uk/id/region/winchester,E07000094,2021-04,212,monthly,412371,656308,406227,350537,228323,2021-04-01
Winchester,http://landregistry.data.gov.uk/id/region/winchester,E07000094,2021-05,165,monthly,417158,664958,410896,354256,230451,2021-05-01
Winchester,http://landregistry.data.gov.uk/id/region/winchester,E07000094,2021-06,529,monthly,425173,676687,418181,362361,234959,2021-06-01
Winchester,http://landregistry.data.gov.uk/id/region/winchester,E07000094,2021-07,99,monthly,431279,687269,424900,367011,237542,2021-07-01
Winchester,http://landregistry.data.gov.uk/id/region/winchester,E07000094,2021-08,151,monthly,436939,699278,430655,370948,238784,2021-08-01
Winchester,http://landregistry.data.gov.uk/id/region/winchester,E07000094,2021-09,314,monthly,435261,699228,429890,368092,236228,2021-09-01
Winchester,http://landregistry.data.gov.uk/id/region/winchester,E07000094,2021-10,143,monthly,429851,695101,423402,362018,231836,2021-10-01
Winchester,http://landregistry.data.gov.uk/id/region/winchester,E07000094,2021-11,138,monthly,436769,707047,430436,367429,235163,2021-11-01
Winchester,http://landregistry.data.gov.uk/id/region/winchester,E07000094,2021-12,232,monthly,435795,708717,429100,365633,233110,2021-12-01
Winchester,http://landregistry.data.gov.uk/id/region/winchester,E07000094,2022-01,151,monthly,453285,735437,447558,381419,241738,2022-01-01
Winchester,http://landregistry.data.gov.uk/id/region/winchester,E07000094,2022-02,165,monthly,453841,735090,448367,382345,242597,2022-02-01
Winchester,http://landregistry.data.gov.uk/id/region/winchester,E07000094,2022-03,176,monthly,455446,737840,450977,383240,242995,2022-03-01
Winchester,http://landregistry.data.gov.uk/id/region/winchester,E07000094,2022-04,169,monthly,454406,734747,449474,383512,242873,2022-04-01
Winchester,http://landregistry.data.gov.uk/id/region/winchester,E07000094,2022-05,150,monthly,456946,738908,452315,386370,242912,2022-05-01
Winchester,http://landregistry.data.gov.uk/id/region/winchester,E07000094,2022-06,170,monthly,465911,751811,460982,395004,248170,2022-06-01
Winchester,http://landregistry.data.gov.uk/id/region/winchester,E07000094,2022-07,196,monthly,475278,767008,471003,403446,251693,2022-07-01
Winchester,http://landregistry.data.gov.uk/id/region/winchester,E07000094,2022-08,176,monthly,485290,782936,481094,412885,255856,2022-08-01
Winchester,http://landregistry.data.gov.uk/id/region/winchester,E07000094,2022-09,195,monthly,484897,783499,481165,412884,253524,2022-09-01
Winchester,http://landregistry.data.gov.uk/id/region/winchester,E07000094,2022-10,179,monthly,484386,783005,480806,412147,253156,2022-10-01
Winchester,http://landregistry.data.gov.uk/id/region/winchester,E07000094,2022-11,167,monthly,471636,763318,468358,400594,246247,2022-11-01
Winchester,http://landregistry.data.gov.uk/id/region/winchester,E07000094,2022-12,157,monthly,470200,760028,467367,399455,245969,2022-12-01
Winchester,http://landregistry.data.gov.uk/id/region/winchester,E07000094,2023-01,100,monthly,460390,744952,457582,390488,240882,2023-01-01
Winchester,http://landregistry.data.gov.uk/id/region/winchester,E07000094,2023-02,102,monthly,462001,748755,459177,391184,241737,2023-02-01
Winchester,http://landregistry.data.gov.uk/id/region/winchester,E07000094,2023-03,105,monthly,469391,763440,466746,395533,245247,2023-03-01
Winchester,http://landregistry.data.gov.uk/id/region/winchester,E07000094,2023-04,88,monthly,473517,770675,470690,398466,247587,2023-04-01
Winchester,http://landregistry.data.gov.uk/id/region/winchester,E07000094,2023-05,116,monthly,480410,779768,477473,404490,252335,2023-05-01
Winchester,http://landregistry.data.gov.uk/id/region/winchester,E07000094,2023-06,82,monthly,469837,760999,466289,397250,246880,2023-06-01
Winchester,http://landregistry.data.gov.uk/id/region/winchester,E07000094,2023-07,105,monthly,470926,761987,468035,399449,246591,2023-07-01
Winchester,http://landregistry.data.gov.uk/id/region/winchester,E07000094,2023-08,135,monthly,468009,758536,466058,397994,243035,2023-08-01
Winchester,http://landregistry.data.gov.uk/id/region/winchester,E07000094,2023-09,129,monthly,468568,760282,467285,398780,242226,2023-09-01
Winchester,http://landregistry.data.gov.uk/id/region/winchester,E07000094,2023-10,98,monthly,467396,757973,467035,397568,241509,2023-10-01
Winchester,http://landregistry.data.gov.uk/id/region/winchester,E07000094,2023-11,86,monthly,471685,766080,471619,399671,244021,2023-11-01
Winchester,http://landregistry.data.gov.uk/id/region/winchester,E07000094,2023-12,97,monthly,485006,786806,485856,410141,251543,2023-12-01
Winchester,http://landregistry.data.gov.uk/id/region/winchester,E07000094,2024-01,71,monthly,484477,786225,485190,410144,250848,2024-01-01
Winchester,http://landregistry.data.gov.uk/id/region/winchester,E07000094,2024-02,40,monthly,485650,785352,487460,412788,251240,2024-02-01
Winchester,http://landregistry.data.gov.uk/id/region/winchester,E07000094,2024-03,,monthly,480458,775595,482452,408711,249136,2024-03-01
Winchester,http://landregistry.data.gov.uk/id/region/winchester,E07000094,2024-04,,monthly,494459,795155,497893,420805,257359,2024-04-01
