"Name","URI","Region GSS code","Period","Sales volume","Reporting period","Average price All property types","Average price Detached houses","Average price Semi-detached houses","Average price Terraced houses","Average price Flats and maisonettes","Pivotable date"
Windsor and Maidenhead,http://landregistry.data.gov.uk/id/region/windsor-and-maidenhead,E06000040,2004-01,212,monthly,257591,452130,260446,220640,179051,2004-01-01
Windsor and Maidenhead,http://landregistry.data.gov.uk/id/region/windsor-and-maidenhead,E06000040,2004-02,182,monthly,261978,459303,264691,224599,182414,2004-02-01
Windsor and Maidenhead,http://landregistry.data.gov.uk/id/region/windsor-and-maidenhead,E06000040,2004-03,249,monthly,264959,464580,267700,227526,184256,2004-03-01
Windsor and Maidenhead,http://landregistry.data.gov.uk/id/region/windsor-and-maidenhead,E06000040,2004-04,330,monthly,264849,461495,267910,228882,184355,2004-04-01
Windsor and Maidenhead,http://landregistry.data.gov.uk/id/region/windsor-and-maidenhead,E06000040,2004-05,274,monthly,265084,457786,268569,230553,185268,2004-05-01
Windsor and Maidenhead,http://landregistry.data.gov.uk/id/region/windsor-and-maidenhead,E06000040,2004-06,340,monthly,267148,458787,271037,232876,187366,2004-06-01
Windsor and Maidenhead,http://landregistry.data.gov.uk/id/region/windsor-and-maidenhead,E06000040,2004-07,347,monthly,269195,462273,273544,234678,188460,2004-07-01
Windsor and Maidenhead,http://landregistry.data.gov.uk/id/region/windsor-and-maidenhead,E06000040,2004-08,297,monthly,270589,467256,274700,235360,188673,2004-08-01
Windsor and Maidenhead,http://landregistry.data.gov.uk/id/region/windsor-and-maidenhead,E06000040,2004-09,257,monthly,272483,472500,276717,236563,189201,2004-09-01
Windsor and Maidenhead,http://landregistry.data.gov.uk/id/region/windsor-and-maidenhead,E06000040,2004-10,206,monthly,269531,466717,273025,233731,188247,2004-10-01
Windsor and Maidenhead,http://landregistry.data.gov.uk/id/region/windsor-and-maidenhead,E06000040,2004-11,199,monthly,269373,465433,272744,233559,188787,2004-11-01
Windsor and Maidenhead,http://landregistry.data.gov.uk/id/region/windsor-and-maidenhead,E06000040,2004-12,210,monthly,269465,463371,272548,234293,189784,2004-12-01
Windsor and Maidenhead,http://landregistry.data.gov.uk/id/region/windsor-and-maidenhead,E06000040,2005-01,163,monthly,273970,471736,276767,238582,192638,2005-01-01
Windsor and Maidenhead,http://landregistry.data.gov.uk/id/region/windsor-and-maidenhead,E06000040,2005-02,167,monthly,272692,470098,275650,237237,191443,2005-02-01
Windsor and Maidenhead,http://landregistry.data.gov.uk/id/region/windsor-and-maidenhead,E06000040,2005-03,181,monthly,270145,466446,273351,234967,189050,2005-03-01
Windsor and Maidenhead,http://landregistry.data.gov.uk/id/region/windsor-and-maidenhead,E06000040,2005-04,201,monthly,271154,466327,275226,236165,189784,2005-04-01
Windsor and Maidenhead,http://landregistry.data.gov.uk/id/region/windsor-and-maidenhead,E06000040,2005-05,235,monthly,277386,475681,281655,242361,194235,2005-05-01
Windsor and Maidenhead,http://landregistry.data.gov.uk/id/region/windsor-and-maidenhead,E06000040,2005-06,243,monthly,281662,481808,286097,246871,197244,2005-06-01
Windsor and Maidenhead,http://landregistry.data.gov.uk/id/region/windsor-and-maidenhead,E06000040,2005-07,300,monthly,281117,482121,285743,246273,196175,2005-07-01
Windsor and Maidenhead,http://landregistry.data.gov.uk/id/region/windsor-and-maidenhead,E06000040,2005-08,286,monthly,279070,479934,283455,244541,194221,2005-08-01
Windsor and Maidenhead,http://landregistry.data.gov.uk/id/region/windsor-and-maidenhead,E06000040,2005-09,274,monthly,278787,481585,282954,243846,193428,2005-09-01
Windsor and Maidenhead,http://landregistry.data.gov.uk/id/region/windsor-and-maidenhead,E06000040,2005-10,258,monthly,279978,482744,283502,244973,195160,2005-10-01
Windsor and Maidenhead,http://landregistry.data.gov.uk/id/region/windsor-and-maidenhead,E06000040,2005-11,241,monthly,282171,485055,286059,246924,197122,2005-11-01
Windsor and Maidenhead,http://landregistry.data.gov.uk/id/region/windsor-and-maidenhead,E06000040,2005-12,314,monthly,283687,484787,287365,248547,199603,2005-12-01
Windsor and Maidenhead,http://landregistry.data.gov.uk/id/region/windsor-and-maidenhead,E06000040,2006-01,189,monthly,285827,489578,289490,250737,200382,2006-01-01
Windsor and Maidenhead,http://landregistry.data.gov.uk/id/region/windsor-and-maidenhead,E06000040,2006-02,214,monthly,283716,485415,286810,249036,199356,2006-02-01
Windsor and Maidenhead,http://landregistry.data.gov.uk/id/region/windsor-and-maidenhead,E06000040,2006-03,227,monthly,284337,488197,287842,249478,198598,2006-03-01
Windsor and Maidenhead,http://landregistry.data.gov.uk/id/region/windsor-and-maidenhead,E06000040,2006-04,263,monthly,284516,486957,288479,250048,198768,2006-04-01
Windsor and Maidenhead,http://landregistry.data.gov.uk/id/region/windsor-and-maidenhead,E06000040,2006-05,262,monthly,289836,497217,294108,254680,201866,2006-05-01
Windsor and Maidenhead,http://landregistry.data.gov.uk/id/region/windsor-and-maidenhead,E06000040,2006-06,340,monthly,293667,503851,297892,258188,204482,2006-06-01
Windsor and Maidenhead,http://landregistry.data.gov.uk/id/region/windsor-and-maidenhead,E06000040,2006-07,362,monthly,295961,509026,300197,260553,205349,2006-07-01
Windsor and Maidenhead,http://landregistry.data.gov.uk/id/region/windsor-and-maidenhead,E06000040,2006-08,367,monthly,295386,508692,299807,260826,204016,2006-08-01
Windsor and Maidenhead,http://landregistry.data.gov.uk/id/region/windsor-and-maidenhead,E06000040,2006-09,336,monthly,295073,510178,299712,260667,202733,2006-09-01
Windsor and Maidenhead,http://landregistry.data.gov.uk/id/region/windsor-and-maidenhead,E06000040,2006-10,339,monthly,298971,516961,303386,263704,205862,2006-10-01
Windsor and Maidenhead,http://landregistry.data.gov.uk/id/region/windsor-and-maidenhead,E06000040,2006-11,318,monthly,303482,524389,308259,267434,209086,2006-11-01
Windsor and Maidenhead,http://landregistry.data.gov.uk/id/region/windsor-and-maidenhead,E06000040,2006-12,333,monthly,306796,528199,311238,270754,212153,2006-12-01
Windsor and Maidenhead,http://landregistry.data.gov.uk/id/region/windsor-and-maidenhead,E06000040,2007-01,241,monthly,305133,526244,309688,269235,210571,2007-01-01
Windsor and Maidenhead,http://landregistry.data.gov.uk/id/region/windsor-and-maidenhead,E06000040,2007-02,221,monthly,309196,533697,313170,272105,213938,2007-02-01
Windsor and Maidenhead,http://landregistry.data.gov.uk/id/region/windsor-and-maidenhead,E06000040,2007-03,268,monthly,314056,543631,318469,276294,216500,2007-03-01
Windsor and Maidenhead,http://landregistry.data.gov.uk/id/region/windsor-and-maidenhead,E06000040,2007-04,289,monthly,320351,553614,324558,282683,220897,2007-04-01
Windsor and Maidenhead,http://landregistry.data.gov.uk/id/region/windsor-and-maidenhead,E06000040,2007-05,352,monthly,324560,559494,328655,287340,223915,2007-05-01
Windsor and Maidenhead,http://landregistry.data.gov.uk/id/region/windsor-and-maidenhead,E06000040,2007-06,296,monthly,328082,565550,331818,290496,226550,2007-06-01
Windsor and Maidenhead,http://landregistry.data.gov.uk/id/region/windsor-and-maidenhead,E06000040,2007-07,313,monthly,334728,580131,338574,295817,230276,2007-07-01
Windsor and Maidenhead,http://landregistry.data.gov.uk/id/region/windsor-and-maidenhead,E06000040,2007-08,339,monthly,336081,585979,340574,297534,229318,2007-08-01
Windsor and Maidenhead,http://landregistry.data.gov.uk/id/region/windsor-and-maidenhead,E06000040,2007-09,309,monthly,339631,595397,343991,300010,231013,2007-09-01
Windsor and Maidenhead,http://landregistry.data.gov.uk/id/region/windsor-and-maidenhead,E06000040,2007-10,255,monthly,338461,593038,342105,298720,230838,2007-10-01
Windsor and Maidenhead,http://landregistry.data.gov.uk/id/region/windsor-and-maidenhead,E06000040,2007-11,247,monthly,345812,606976,348753,303891,236566,2007-11-01
Windsor and Maidenhead,http://landregistry.data.gov.uk/id/region/windsor-and-maidenhead,E06000040,2007-12,235,monthly,348790,609310,351828,306949,239382,2007-12-01
Windsor and Maidenhead,http://landregistry.data.gov.uk/id/region/windsor-and-maidenhead,E06000040,2008-01,154,monthly,356314,624386,359358,312817,244275,2008-01-01
Windsor and Maidenhead,http://landregistry.data.gov.uk/id/region/windsor-and-maidenhead,E06000040,2008-02,123,monthly,349051,611036,352372,306229,239423,2008-02-01
Windsor and Maidenhead,http://landregistry.data.gov.uk/id/region/windsor-and-maidenhead,E06000040,2008-03,141,monthly,340676,597663,344517,299065,232779,2008-03-01
Windsor and Maidenhead,http://landregistry.data.gov.uk/id/region/windsor-and-maidenhead,E06000040,2008-04,172,monthly,335279,587485,339650,295144,228605,2008-04-01
Windsor and Maidenhead,http://landregistry.data.gov.uk/id/region/windsor-and-maidenhead,E06000040,2008-05,191,monthly,340108,597173,344509,299824,231268,2008-05-01
Windsor and Maidenhead,http://landregistry.data.gov.uk/id/region/windsor-and-maidenhead,E06000040,2008-06,128,monthly,351386,618884,355429,309421,238716,2008-06-01
Windsor and Maidenhead,http://landregistry.data.gov.uk/id/region/windsor-and-maidenhead,E06000040,2008-07,134,monthly,348519,615980,352629,306501,236162,2008-07-01
Windsor and Maidenhead,http://landregistry.data.gov.uk/id/region/windsor-and-maidenhead,E06000040,2008-08,151,monthly,337691,599221,341452,296772,228222,2008-08-01
Windsor and Maidenhead,http://landregistry.data.gov.uk/id/region/windsor-and-maidenhead,E06000040,2008-09,105,monthly,316266,564230,319269,277277,213310,2008-09-01
Windsor and Maidenhead,http://landregistry.data.gov.uk/id/region/windsor-and-maidenhead,E06000040,2008-10,104,monthly,305324,544267,307719,267690,206361,2008-10-01
Windsor and Maidenhead,http://landregistry.data.gov.uk/id/region/windsor-and-maidenhead,E06000040,2008-11,108,monthly,299550,534467,301631,262384,202558,2008-11-01
Windsor and Maidenhead,http://landregistry.data.gov.uk/id/region/windsor-and-maidenhead,E06000040,2008-12,105,monthly,297194,528793,299730,261168,200794,2008-12-01
Windsor and Maidenhead,http://landregistry.data.gov.uk/id/region/windsor-and-maidenhead,E06000040,2009-01,78,monthly,292732,522880,294649,256309,197871,2009-01-01
Windsor and Maidenhead,http://landregistry.data.gov.uk/id/region/windsor-and-maidenhead,E06000040,2009-02,66,monthly,284535,506262,286722,249022,193258,2009-02-01
Windsor and Maidenhead,http://landregistry.data.gov.uk/id/region/windsor-and-maidenhead,E06000040,2009-03,77,monthly,276942,491689,278560,241879,189468,2009-03-01
Windsor and Maidenhead,http://landregistry.data.gov.uk/id/region/windsor-and-maidenhead,E06000040,2009-04,114,monthly,270100,475547,272821,237317,185201,2009-04-01
Windsor and Maidenhead,http://landregistry.data.gov.uk/id/region/windsor-and-maidenhead,E06000040,2009-05,117,monthly,270030,474589,273070,238364,184526,2009-05-01
Windsor and Maidenhead,http://landregistry.data.gov.uk/id/region/windsor-and-maidenhead,E06000040,2009-06,149,monthly,280792,493474,284658,248635,190630,2009-06-01
Windsor and Maidenhead,http://landregistry.data.gov.uk/id/region/windsor-and-maidenhead,E06000040,2009-07,175,monthly,287873,507848,292099,255071,193811,2009-07-01
Windsor and Maidenhead,http://landregistry.data.gov.uk/id/region/windsor-and-maidenhead,E06000040,2009-08,196,monthly,290679,514920,295037,257407,194361,2009-08-01
Windsor and Maidenhead,http://landregistry.data.gov.uk/id/region/windsor-and-maidenhead,E06000040,2009-09,200,monthly,292607,519687,297021,259064,194792,2009-09-01
Windsor and Maidenhead,http://landregistry.data.gov.uk/id/region/windsor-and-maidenhead,E06000040,2009-10,222,monthly,298095,530368,302709,263859,197798,2009-10-01
Windsor and Maidenhead,http://landregistry.data.gov.uk/id/region/windsor-and-maidenhead,E06000040,2009-11,177,monthly,307904,547854,312590,273099,203931,2009-11-01
Windsor and Maidenhead,http://landregistry.data.gov.uk/id/region/windsor-and-maidenhead,E06000040,2009-12,208,monthly,310691,551061,316302,276525,205371,2009-12-01
Windsor and Maidenhead,http://landregistry.data.gov.uk/id/region/windsor-and-maidenhead,E06000040,2010-01,147,monthly,313009,556246,319205,278906,205512,2010-01-01
Windsor and Maidenhead,http://landregistry.data.gov.uk/id/region/windsor-and-maidenhead,E06000040,2010-02,150,monthly,314457,560184,321690,279841,204978,2010-02-01
Windsor and Maidenhead,http://landregistry.data.gov.uk/id/region/windsor-and-maidenhead,E06000040,2010-03,152,monthly,317435,569073,323913,281307,206284,2010-03-01
Windsor and Maidenhead,http://landregistry.data.gov.uk/id/region/windsor-and-maidenhead,E06000040,2010-04,154,monthly,316659,567083,323023,280593,206200,2010-04-01
Windsor and Maidenhead,http://landregistry.data.gov.uk/id/region/windsor-and-maidenhead,E06000040,2010-05,176,monthly,317767,568563,323617,281591,207646,2010-05-01
Windsor and Maidenhead,http://landregistry.data.gov.uk/id/region/windsor-and-maidenhead,E06000040,2010-06,236,monthly,322528,576753,328811,286448,210156,2010-06-01
Windsor and Maidenhead,http://landregistry.data.gov.uk/id/region/windsor-and-maidenhead,E06000040,2010-07,206,monthly,327231,588878,333067,290458,211881,2010-07-01
Windsor and Maidenhead,http://landregistry.data.gov.uk/id/region/windsor-and-maidenhead,E06000040,2010-08,217,monthly,326652,589157,333236,289941,210157,2010-08-01
Windsor and Maidenhead,http://landregistry.data.gov.uk/id/region/windsor-and-maidenhead,E06000040,2010-09,185,monthly,322100,583903,328401,285400,206220,2010-09-01
Windsor and Maidenhead,http://landregistry.data.gov.uk/id/region/windsor-and-maidenhead,E06000040,2010-10,173,monthly,324856,587258,331761,287864,208336,2010-10-01
Windsor and Maidenhead,http://landregistry.data.gov.uk/id/region/windsor-and-maidenhead,E06000040,2010-11,160,monthly,329700,596940,336242,291509,211834,2010-11-01
Windsor and Maidenhead,http://landregistry.data.gov.uk/id/region/windsor-and-maidenhead,E06000040,2010-12,175,monthly,328879,594312,335832,290423,211785,2010-12-01
Windsor and Maidenhead,http://landregistry.data.gov.uk/id/region/windsor-and-maidenhead,E06000040,2011-01,94,monthly,329300,598425,335160,289719,212076,2011-01-01
Windsor and Maidenhead,http://landregistry.data.gov.uk/id/region/windsor-and-maidenhead,E06000040,2011-02,114,monthly,326475,596893,330957,286542,210049,2011-02-01
Windsor and Maidenhead,http://landregistry.data.gov.uk/id/region/windsor-and-maidenhead,E06000040,2011-03,126,monthly,326807,602083,330028,285955,209681,2011-03-01
Windsor and Maidenhead,http://landregistry.data.gov.uk/id/region/windsor-and-maidenhead,E06000040,2011-04,143,monthly,325628,598645,328991,285352,209079,2011-04-01
Windsor and Maidenhead,http://landregistry.data.gov.uk/id/region/windsor-and-maidenhead,E06000040,2011-05,152,monthly,323096,588330,327361,284013,208680,2011-05-01
Windsor and Maidenhead,http://landregistry.data.gov.uk/id/region/windsor-and-maidenhead,E06000040,2011-06,162,monthly,329631,594090,335401,291131,213648,2011-06-01
Windsor and Maidenhead,http://landregistry.data.gov.uk/id/region/windsor-and-maidenhead,E06000040,2011-07,190,monthly,332898,598166,338940,294414,216137,2011-07-01
Windsor and Maidenhead,http://landregistry.data.gov.uk/id/region/windsor-and-maidenhead,E06000040,2011-08,199,monthly,335039,605601,341758,296359,215479,2011-08-01
Windsor and Maidenhead,http://landregistry.data.gov.uk/id/region/windsor-and-maidenhead,E06000040,2011-09,165,monthly,331684,603824,337898,292928,212077,2011-09-01
Windsor and Maidenhead,http://landregistry.data.gov.uk/id/region/windsor-and-maidenhead,E06000040,2011-10,164,monthly,330172,603293,337131,290922,210052,2011-10-01
Windsor and Maidenhead,http://landregistry.data.gov.uk/id/region/windsor-and-maidenhead,E06000040,2011-11,161,monthly,326297,596557,332340,286877,208432,2011-11-01
Windsor and Maidenhead,http://landregistry.data.gov.uk/id/region/windsor-and-maidenhead,E06000040,2011-12,191,monthly,323403,587756,330180,284692,207309,2011-12-01
Windsor and Maidenhead,http://landregistry.data.gov.uk/id/region/windsor-and-maidenhead,E06000040,2012-01,119,monthly,320551,580909,327824,283052,205246,2012-01-01
Windsor and Maidenhead,http://landregistry.data.gov.uk/id/region/windsor-and-maidenhead,E06000040,2012-02,117,monthly,323587,587266,331480,286174,206219,2012-02-01
Windsor and Maidenhead,http://landregistry.data.gov.uk/id/region/windsor-and-maidenhead,E06000040,2012-03,162,monthly,327176,592954,334940,289536,208746,2012-03-01
Windsor and Maidenhead,http://landregistry.data.gov.uk/id/region/windsor-and-maidenhead,E06000040,2012-04,118,monthly,334038,604518,341222,295564,213940,2012-04-01
Windsor and Maidenhead,http://landregistry.data.gov.uk/id/region/windsor-and-maidenhead,E06000040,2012-05,162,monthly,339086,609977,346438,300919,217929,2012-05-01
Windsor and Maidenhead,http://landregistry.data.gov.uk/id/region/windsor-and-maidenhead,E06000040,2012-06,152,monthly,341720,614827,348950,304475,218829,2012-06-01
Windsor and Maidenhead,http://landregistry.data.gov.uk/id/region/windsor-and-maidenhead,E06000040,2012-07,159,monthly,340285,613775,347271,303419,217289,2012-07-01
Windsor and Maidenhead,http://landregistry.data.gov.uk/id/region/windsor-and-maidenhead,E06000040,2012-08,210,monthly,345565,624939,352968,308772,219392,2012-08-01
Windsor and Maidenhead,http://landregistry.data.gov.uk/id/region/windsor-and-maidenhead,E06000040,2012-09,153,monthly,349280,633604,356544,311436,221583,2012-09-01
Windsor and Maidenhead,http://landregistry.data.gov.uk/id/region/windsor-and-maidenhead,E06000040,2012-10,177,monthly,347748,629286,355322,310300,220836,2012-10-01
Windsor and Maidenhead,http://landregistry.data.gov.uk/id/region/windsor-and-maidenhead,E06000040,2012-11,175,monthly,344079,622075,351405,306926,218896,2012-11-01
Windsor and Maidenhead,http://landregistry.data.gov.uk/id/region/windsor-and-maidenhead,E06000040,2012-12,185,monthly,341904,618205,349611,305153,217113,2012-12-01
Windsor and Maidenhead,http://landregistry.data.gov.uk/id/region/windsor-and-maidenhead,E06000040,2013-01,116,monthly,343902,623856,352300,306586,217458,2013-01-01
Windsor and Maidenhead,http://landregistry.data.gov.uk/id/region/windsor-and-maidenhead,E06000040,2013-02,132,monthly,343806,624899,352243,305939,217235,2013-02-01
Windsor and Maidenhead,http://landregistry.data.gov.uk/id/region/windsor-and-maidenhead,E06000040,2013-03,154,monthly,348645,634239,356802,309869,220465,2013-03-01
Windsor and Maidenhead,http://landregistry.data.gov.uk/id/region/windsor-and-maidenhead,E06000040,2013-04,118,monthly,349522,634662,356864,311688,221115,2013-04-01
Windsor and Maidenhead,http://landregistry.data.gov.uk/id/region/windsor-and-maidenhead,E06000040,2013-05,195,monthly,352093,638384,359436,314278,222886,2013-05-01
Windsor and Maidenhead,http://landregistry.data.gov.uk/id/region/windsor-and-maidenhead,E06000040,2013-06,189,monthly,354574,641588,362421,317206,224169,2013-06-01
Windsor and Maidenhead,http://landregistry.data.gov.uk/id/region/windsor-and-maidenhead,E06000040,2013-07,239,monthly,357606,646980,365555,319923,226099,2013-07-01
Windsor and Maidenhead,http://landregistry.data.gov.uk/id/region/windsor-and-maidenhead,E06000040,2013-08,258,monthly,361050,653404,369533,323504,227621,2013-08-01
Windsor and Maidenhead,http://landregistry.data.gov.uk/id/region/windsor-and-maidenhead,E06000040,2013-09,254,monthly,358107,650397,366235,320430,225417,2013-09-01
Windsor and Maidenhead,http://landregistry.data.gov.uk/id/region/windsor-and-maidenhead,E06000040,2013-10,250,monthly,360900,656044,369600,322518,227005,2013-10-01
Windsor and Maidenhead,http://landregistry.data.gov.uk/id/region/windsor-and-maidenhead,E06000040,2013-11,249,monthly,362910,658517,371778,324366,228585,2013-11-01
Windsor and Maidenhead,http://landregistry.data.gov.uk/id/region/windsor-and-maidenhead,E06000040,2013-12,248,monthly,368000,663320,377780,329317,232655,2013-12-01
Windsor and Maidenhead,http://landregistry.data.gov.uk/id/region/windsor-and-maidenhead,E06000040,2014-01,178,monthly,373659,673211,383709,334076,236498,2014-01-01
Windsor and Maidenhead,http://landregistry.data.gov.uk/id/region/windsor-and-maidenhead,E06000040,2014-02,167,monthly,375473,677580,385732,335145,237596,2014-02-01
Windsor and Maidenhead,http://landregistry.data.gov.uk/id/region/windsor-and-maidenhead,E06000040,2014-03,181,monthly,372742,673550,382977,332507,235595,2014-03-01
Windsor and Maidenhead,http://landregistry.data.gov.uk/id/region/windsor-and-maidenhead,E06000040,2014-04,222,monthly,377482,681387,387808,337455,238364,2014-04-01
Windsor and Maidenhead,http://landregistry.data.gov.uk/id/region/windsor-and-maidenhead,E06000040,2014-05,223,monthly,389144,699607,399603,348807,246054,2014-05-01
Windsor and Maidenhead,http://landregistry.data.gov.uk/id/region/windsor-and-maidenhead,E06000040,2014-06,252,monthly,400433,718970,411518,359410,253019,2014-06-01
Windsor and Maidenhead,http://landregistry.data.gov.uk/id/region/windsor-and-maidenhead,E06000040,2014-07,287,monthly,403668,724180,415452,362521,254846,2014-07-01
Windsor and Maidenhead,http://landregistry.data.gov.uk/id/region/windsor-and-maidenhead,E06000040,2014-08,232,monthly,406172,731104,418681,364499,255603,2014-08-01
Windsor and Maidenhead,http://landregistry.data.gov.uk/id/region/windsor-and-maidenhead,E06000040,2014-09,232,monthly,417772,753989,430406,374411,262725,2014-09-01
Windsor and Maidenhead,http://landregistry.data.gov.uk/id/region/windsor-and-maidenhead,E06000040,2014-10,246,monthly,422157,762186,434842,377713,265832,2014-10-01
Windsor and Maidenhead,http://landregistry.data.gov.uk/id/region/windsor-and-maidenhead,E06000040,2014-11,195,monthly,422092,761618,434665,376998,266386,2014-11-01
Windsor and Maidenhead,http://landregistry.data.gov.uk/id/region/windsor-and-maidenhead,E06000040,2014-12,245,monthly,417383,752274,429763,372561,263835,2014-12-01
Windsor and Maidenhead,http://landregistry.data.gov.uk/id/region/windsor-and-maidenhead,E06000040,2015-01,164,monthly,419654,756457,432394,374490,265182,2015-01-01
Windsor and Maidenhead,http://landregistry.data.gov.uk/id/region/windsor-and-maidenhead,E06000040,2015-02,174,monthly,420375,757991,432385,375292,265809,2015-02-01
Windsor and Maidenhead,http://landregistry.data.gov.uk/id/region/windsor-and-maidenhead,E06000040,2015-03,183,monthly,420660,759283,432930,375376,265775,2015-03-01
Windsor and Maidenhead,http://landregistry.data.gov.uk/id/region/windsor-and-maidenhead,E06000040,2015-04,187,monthly,422000,761827,434042,376923,266477,2015-04-01
Windsor and Maidenhead,http://landregistry.data.gov.uk/id/region/windsor-and-maidenhead,E06000040,2015-05,209,monthly,428658,772100,441824,383038,270710,2015-05-01
Windsor and Maidenhead,http://landregistry.data.gov.uk/id/region/windsor-and-maidenhead,E06000040,2015-06,213,monthly,430152,774668,444319,385446,270573,2015-06-01
Windsor and Maidenhead,http://landregistry.data.gov.uk/id/region/windsor-and-maidenhead,E06000040,2015-07,264,monthly,433349,779579,448278,388542,272409,2015-07-01
Windsor and Maidenhead,http://landregistry.data.gov.uk/id/region/windsor-and-maidenhead,E06000040,2015-08,196,monthly,433113,780264,448471,388874,271359,2015-08-01
Windsor and Maidenhead,http://landregistry.data.gov.uk/id/region/windsor-and-maidenhead,E06000040,2015-09,241,monthly,435893,788068,450530,390466,273159,2015-09-01
Windsor and Maidenhead,http://landregistry.data.gov.uk/id/region/windsor-and-maidenhead,E06000040,2015-10,236,monthly,443883,803301,458999,397594,277839,2015-10-01
Windsor and Maidenhead,http://landregistry.data.gov.uk/id/region/windsor-and-maidenhead,E06000040,2015-11,231,monthly,453614,821860,469287,405867,283808,2015-11-01
Windsor and Maidenhead,http://landregistry.data.gov.uk/id/region/windsor-and-maidenhead,E06000040,2015-12,208,monthly,460641,833036,477176,412280,288336,2015-12-01
Windsor and Maidenhead,http://landregistry.data.gov.uk/id/region/windsor-and-maidenhead,E06000040,2016-01,184,monthly,455555,823534,472807,407160,285208,2016-01-01
Windsor and Maidenhead,http://landregistry.data.gov.uk/id/region/windsor-and-maidenhead,E06000040,2016-02,170,monthly,457898,829221,475516,408851,286349,2016-02-01
Windsor and Maidenhead,http://landregistry.data.gov.uk/id/region/windsor-and-maidenhead,E06000040,2016-03,385,monthly,464565,844091,481991,413894,290421,2016-03-01
Windsor and Maidenhead,http://landregistry.data.gov.uk/id/region/windsor-and-maidenhead,E06000040,2016-04,132,monthly,479379,868034,496466,428008,300452,2016-04-01
Windsor and Maidenhead,http://landregistry.data.gov.uk/id/region/windsor-and-maidenhead,E06000040,2016-05,118,monthly,480779,862783,496826,429989,303870,2016-05-01
Windsor and Maidenhead,http://landregistry.data.gov.uk/id/region/windsor-and-maidenhead,E06000040,2016-06,175,monthly,484684,864530,500703,434618,307353,2016-06-01
Windsor and Maidenhead,http://landregistry.data.gov.uk/id/region/windsor-and-maidenhead,E06000040,2016-07,166,monthly,485027,866410,501184,434835,307163,2016-07-01
Windsor and Maidenhead,http://landregistry.data.gov.uk/id/region/windsor-and-maidenhead,E06000040,2016-08,185,monthly,483678,867484,499908,433429,305241,2016-08-01
Windsor and Maidenhead,http://landregistry.data.gov.uk/id/region/windsor-and-maidenhead,E06000040,2016-09,186,monthly,482317,865327,499232,431807,304215,2016-09-01
Windsor and Maidenhead,http://landregistry.data.gov.uk/id/region/windsor-and-maidenhead,E06000040,2016-10,148,monthly,476044,854810,492248,424615,301261,2016-10-01
Windsor and Maidenhead,http://landregistry.data.gov.uk/id/region/windsor-and-maidenhead,E06000040,2016-11,146,monthly,474093,854020,490145,421583,300026,2016-11-01
Windsor and Maidenhead,http://landregistry.data.gov.uk/id/region/windsor-and-maidenhead,E06000040,2016-12,187,monthly,477978,861693,493267,424284,303161,2016-12-01
Windsor and Maidenhead,http://landregistry.data.gov.uk/id/region/windsor-and-maidenhead,E06000040,2017-01,134,monthly,483775,871912,499038,429765,306791,2017-01-01
Windsor and Maidenhead,http://landregistry.data.gov.uk/id/region/windsor-and-maidenhead,E06000040,2017-02,142,monthly,490882,881867,505287,435857,312847,2017-02-01
Windsor and Maidenhead,http://landregistry.data.gov.uk/id/region/windsor-and-maidenhead,E06000040,2017-03,175,monthly,492559,885382,506422,436865,314299,2017-03-01
Windsor and Maidenhead,http://landregistry.data.gov.uk/id/region/windsor-and-maidenhead,E06000040,2017-04,183,monthly,491131,884366,503821,434857,313846,2017-04-01
Windsor and Maidenhead,http://landregistry.data.gov.uk/id/region/windsor-and-maidenhead,E06000040,2017-05,192,monthly,495709,890741,509398,438726,317078,2017-05-01
Windsor and Maidenhead,http://landregistry.data.gov.uk/id/region/windsor-and-maidenhead,E06000040,2017-06,226,monthly,498552,893299,512356,442116,319208,2017-06-01
Windsor and Maidenhead,http://landregistry.data.gov.uk/id/region/windsor-and-maidenhead,E06000040,2017-07,169,monthly,500623,893711,515777,444262,320821,2017-07-01
Windsor and Maidenhead,http://landregistry.data.gov.uk/id/region/windsor-and-maidenhead,E06000040,2017-08,237,monthly,503432,901840,518078,447819,321259,2017-08-01
Windsor and Maidenhead,http://landregistry.data.gov.uk/id/region/windsor-and-maidenhead,E06000040,2017-09,162,monthly,495219,889872,510012,440100,315178,2017-09-01
Windsor and Maidenhead,http://landregistry.data.gov.uk/id/region/windsor-and-maidenhead,E06000040,2017-10,150,monthly,498163,898065,513089,442695,316095,2017-10-01
Windsor and Maidenhead,http://landregistry.data.gov.uk/id/region/windsor-and-maidenhead,E06000040,2017-11,195,monthly,487309,877465,503156,432647,309192,2017-11-01
Windsor and Maidenhead,http://landregistry.data.gov.uk/id/region/windsor-and-maidenhead,E06000040,2017-12,149,monthly,492031,885529,508614,437166,311868,2017-12-01
Windsor and Maidenhead,http://landregistry.data.gov.uk/id/region/windsor-and-maidenhead,E06000040,2018-01,129,monthly,484794,871182,501525,430656,307573,2018-01-01
Windsor and Maidenhead,http://landregistry.data.gov.uk/id/region/windsor-and-maidenhead,E06000040,2018-02,144,monthly,484561,872831,500768,430014,307248,2018-02-01
Windsor and Maidenhead,http://landregistry.data.gov.uk/id/region/windsor-and-maidenhead,E06000040,2018-03,147,monthly,483290,869202,500650,429467,306003,2018-03-01
Windsor and Maidenhead,http://landregistry.data.gov.uk/id/region/windsor-and-maidenhead,E06000040,2018-04,128,monthly,484229,870497,502431,431707,305570,2018-04-01
Windsor and Maidenhead,http://landregistry.data.gov.uk/id/region/windsor-and-maidenhead,E06000040,2018-05,134,monthly,489923,881322,509853,437905,307577,2018-05-01
Windsor and Maidenhead,http://landregistry.data.gov.uk/id/region/windsor-and-maidenhead,E06000040,2018-06,157,monthly,495274,892153,515590,442003,310787,2018-06-01
Windsor and Maidenhead,http://landregistry.data.gov.uk/id/region/windsor-and-maidenhead,E06000040,2018-07,176,monthly,493400,893041,512942,439682,308809,2018-07-01
Windsor and Maidenhead,http://landregistry.data.gov.uk/id/region/windsor-and-maidenhead,E06000040,2018-08,212,monthly,491409,889388,510530,437858,307782,2018-08-01
Windsor and Maidenhead,http://landregistry.data.gov.uk/id/region/windsor-and-maidenhead,E06000040,2018-09,136,monthly,493219,895192,512302,440219,307688,2018-09-01
Windsor and Maidenhead,http://landregistry.data.gov.uk/id/region/windsor-and-maidenhead,E06000040,2018-10,162,monthly,495956,899238,515587,442116,309781,2018-10-01
Windsor and Maidenhead,http://landregistry.data.gov.uk/id/region/windsor-and-maidenhead,E06000040,2018-11,215,monthly,497752,905975,517775,443459,309665,2018-11-01
Windsor and Maidenhead,http://landregistry.data.gov.uk/id/region/windsor-and-maidenhead,E06000040,2018-12,157,monthly,484591,880390,504295,430685,302497,2018-12-01
Windsor and Maidenhead,http://landregistry.data.gov.uk/id/region/windsor-and-maidenhead,E06000040,2019-01,140,monthly,481272,875451,501252,427470,299974,2019-01-01
Windsor and Maidenhead,http://landregistry.data.gov.uk/id/region/windsor-and-maidenhead,E06000040,2019-02,154,monthly,474561,861298,493974,420529,297073,2019-02-01
Windsor and Maidenhead,http://landregistry.data.gov.uk/id/region/windsor-and-maidenhead,E06000040,2019-03,155,monthly,470273,853665,490121,417258,293673,2019-03-01
Windsor and Maidenhead,http://landregistry.data.gov.uk/id/region/windsor-and-maidenhead,E06000040,2019-04,131,monthly,462137,836951,481746,411503,288396,2019-04-01
Windsor and Maidenhead,http://landregistry.data.gov.uk/id/region/windsor-and-maidenhead,E06000040,2019-05,163,monthly,462863,836794,483547,414048,287839,2019-05-01
Windsor and Maidenhead,http://landregistry.data.gov.uk/id/region/windsor-and-maidenhead,E06000040,2019-06,148,monthly,463731,837839,484755,415479,288065,2019-06-01
Windsor and Maidenhead,http://landregistry.data.gov.uk/id/region/windsor-and-maidenhead,E06000040,2019-07,171,monthly,469944,848179,491243,420733,292353,2019-07-01
Windsor and Maidenhead,http://landregistry.data.gov.uk/id/region/windsor-and-maidenhead,E06000040,2019-08,205,monthly,470898,852086,492609,421884,291970,2019-08-01
Windsor and Maidenhead,http://landregistry.data.gov.uk/id/region/windsor-and-maidenhead,E06000040,2019-09,155,monthly,473278,857452,493801,424221,293649,2019-09-01
Windsor and Maidenhead,http://landregistry.data.gov.uk/id/region/windsor-and-maidenhead,E06000040,2019-10,187,monthly,478463,868466,500360,428651,295933,2019-10-01
Windsor and Maidenhead,http://landregistry.data.gov.uk/id/region/windsor-and-maidenhead,E06000040,2019-11,193,monthly,474360,862407,496915,424342,292893,2019-11-01
Windsor and Maidenhead,http://landregistry.data.gov.uk/id/region/windsor-and-maidenhead,E06000040,2019-12,156,monthly,469838,855541,493529,420672,288863,2019-12-01
Windsor and Maidenhead,http://landregistry.data.gov.uk/id/region/windsor-and-maidenhead,E06000040,2020-01,143,monthly,462981,842476,486229,415147,284562,2020-01-01
Windsor and Maidenhead,http://landregistry.data.gov.uk/id/region/windsor-and-maidenhead,E06000040,2020-02,125,monthly,468292,854006,491473,420076,287114,2020-02-01
Windsor and Maidenhead,http://landregistry.data.gov.uk/id/region/windsor-and-maidenhead,E06000040,2020-03,145,monthly,477904,872681,501680,427770,292965,2020-03-01
Windsor and Maidenhead,http://landregistry.data.gov.uk/id/region/windsor-and-maidenhead,E06000040,2020-04,66,monthly,478617,880177,502114,428748,291275,2020-04-01
Windsor and Maidenhead,http://landregistry.data.gov.uk/id/region/windsor-and-maidenhead,E06000040,2020-05,50,monthly,477367,876256,500529,426694,291704,2020-05-01
Windsor and Maidenhead,http://landregistry.data.gov.uk/id/region/windsor-and-maidenhead,E06000040,2020-06,106,monthly,466463,854454,490318,418832,284021,2020-06-01
Windsor and Maidenhead,http://landregistry.data.gov.uk/id/region/windsor-and-maidenhead,E06000040,2020-07,140,monthly,469252,855395,493841,421562,286702,2020-07-01
Windsor and Maidenhead,http://landregistry.data.gov.uk/id/region/windsor-and-maidenhead,E06000040,2020-08,150,monthly,465193,850896,490258,419296,282160,2020-08-01
Windsor and Maidenhead,http://landregistry.data.gov.uk/id/region/windsor-and-maidenhead,E06000040,2020-09,165,monthly,475190,874088,500256,427447,287295,2020-09-01
Windsor and Maidenhead,http://landregistry.data.gov.uk/id/region/windsor-and-maidenhead,E06000040,2020-10,194,monthly,480895,887976,507084,433552,288676,2020-10-01
Windsor and Maidenhead,http://landregistry.data.gov.uk/id/region/windsor-and-maidenhead,E06000040,2020-11,189,monthly,484656,895234,511023,437747,290425,2020-11-01
Windsor and Maidenhead,http://landregistry.data.gov.uk/id/region/windsor-and-maidenhead,E06000040,2020-12,233,monthly,485653,897098,512186,439583,290474,2020-12-01
Windsor and Maidenhead,http://landregistry.data.gov.uk/id/region/windsor-and-maidenhead,E06000040,2021-01,195,monthly,484207,890202,510010,438190,291402,2021-01-01
Windsor and Maidenhead,http://landregistry.data.gov.uk/id/region/windsor-and-maidenhead,E06000040,2021-02,245,monthly,494222,902062,520235,447561,299808,2021-02-01
Windsor and Maidenhead,http://landregistry.data.gov.uk/id/region/windsor-and-maidenhead,E06000040,2021-03,383,monthly,498705,903037,524113,451926,305708,2021-03-01
Windsor and Maidenhead,http://landregistry.data.gov.uk/id/region/windsor-and-maidenhead,E06000040,2021-04,201,monthly,499893,904836,524900,452690,307154,2021-04-01
Windsor and Maidenhead,http://landregistry.data.gov.uk/id/region/windsor-and-maidenhead,E06000040,2021-05,169,monthly,494491,896763,518958,447346,303486,2021-05-01
Windsor and Maidenhead,http://landregistry.data.gov.uk/id/region/windsor-and-maidenhead,E06000040,2021-06,584,monthly,497668,902920,522075,451808,304326,2021-06-01
Windsor and Maidenhead,http://landregistry.data.gov.uk/id/region/windsor-and-maidenhead,E06000040,2021-07,79,monthly,496401,905729,520618,449110,302180,2021-07-01
Windsor and Maidenhead,http://landregistry.data.gov.uk/id/region/windsor-and-maidenhead,E06000040,2021-08,161,monthly,502665,925188,528027,453323,302514,2021-08-01
Windsor and Maidenhead,http://landregistry.data.gov.uk/id/region/windsor-and-maidenhead,E06000040,2021-09,407,monthly,505729,936496,532013,454156,302304,2021-09-01
Windsor and Maidenhead,http://landregistry.data.gov.uk/id/region/windsor-and-maidenhead,E06000040,2021-10,110,monthly,519057,966541,546868,465252,307723,2021-10-01
Windsor and Maidenhead,http://landregistry.data.gov.uk/id/region/windsor-and-maidenhead,E06000040,2021-11,168,monthly,526679,980874,555063,471775,312267,2021-11-01
Windsor and Maidenhead,http://landregistry.data.gov.uk/id/region/windsor-and-maidenhead,E06000040,2021-12,180,monthly,529495,990410,558572,473709,311910,2021-12-01
Windsor and Maidenhead,http://landregistry.data.gov.uk/id/region/windsor-and-maidenhead,E06000040,2022-01,169,monthly,528063,985606,558297,473825,310284,2022-01-01
Windsor and Maidenhead,http://landregistry.data.gov.uk/id/region/windsor-and-maidenhead,E06000040,2022-02,163,monthly,536196,998624,567284,481579,315564,2022-02-01
Windsor and Maidenhead,http://landregistry.data.gov.uk/id/region/windsor-and-maidenhead,E06000040,2022-03,204,monthly,542572,1011022,574751,486310,319244,2022-03-01
Windsor and Maidenhead,http://landregistry.data.gov.uk/id/region/windsor-and-maidenhead,E06000040,2022-04,179,monthly,546474,1015961,578269,491135,322110,2022-04-01
Windsor and Maidenhead,http://landregistry.data.gov.uk/id/region/windsor-and-maidenhead,E06000040,2022-05,169,monthly,550978,1025314,583612,496353,322995,2022-05-01
Windsor and Maidenhead,http://landregistry.data.gov.uk/id/region/windsor-and-maidenhead,E06000040,2022-06,194,monthly,554072,1028130,586835,500489,325243,2022-06-01
Windsor and Maidenhead,http://landregistry.data.gov.uk/id/region/windsor-and-maidenhead,E06000040,2022-07,215,monthly,563041,1045724,597472,509288,328711,2022-07-01
Windsor and Maidenhead,http://landregistry.data.gov.uk/id/region/windsor-and-maidenhead,E06000040,2022-08,225,monthly,564254,1046988,599454,511951,328232,2022-08-01
Windsor and Maidenhead,http://landregistry.data.gov.uk/id/region/windsor-and-maidenhead,E06000040,2022-09,216,monthly,568161,1057688,604162,516139,327990,2022-09-01
Windsor and Maidenhead,http://landregistry.data.gov.uk/id/region/windsor-and-maidenhead,E06000040,2022-10,218,monthly,573022,1066335,609881,520422,330688,2022-10-01
Windsor and Maidenhead,http://landregistry.data.gov.uk/id/region/windsor-and-maidenhead,E06000040,2022-11,215,monthly,565213,1053575,601612,512362,326028,2022-11-01
Windsor and Maidenhead,http://landregistry.data.gov.uk/id/region/windsor-and-maidenhead,E06000040,2022-12,162,monthly,563781,1048518,600753,511224,325729,2022-12-01
Windsor and Maidenhead,http://landregistry.data.gov.uk/id/region/windsor-and-maidenhead,E06000040,2023-01,128,monthly,548861,1022389,584429,496909,317232,2023-01-01
Windsor and Maidenhead,http://landregistry.data.gov.uk/id/region/windsor-and-maidenhead,E06000040,2023-02,109,monthly,546136,1017724,581553,493814,316006,2023-02-01
Windsor and Maidenhead,http://landregistry.data.gov.uk/id/region/windsor-and-maidenhead,E06000040,2023-03,150,monthly,533150,996738,567619,480045,308597,2023-03-01
Windsor and Maidenhead,http://landregistry.data.gov.uk/id/region/windsor-and-maidenhead,E06000040,2023-04,107,monthly,536575,1003602,570821,482474,311052,2023-04-01
Windsor and Maidenhead,http://landregistry.data.gov.uk/id/region/windsor-and-maidenhead,E06000040,2023-05,118,monthly,535458,997760,569466,481575,311754,2023-05-01
Windsor and Maidenhead,http://landregistry.data.gov.uk/id/region/windsor-and-maidenhead,E06000040,2023-06,150,monthly,549444,1023712,583288,495582,319665,2023-06-01
Windsor and Maidenhead,http://landregistry.data.gov.uk/id/region/windsor-and-maidenhead,E06000040,2023-07,145,monthly,558370,1040041,593886,505068,323505,2023-07-01
Windsor and Maidenhead,http://landregistry.data.gov.uk/id/region/windsor-and-maidenhead,E06000040,2023-08,177,monthly,557041,1041966,593303,504565,320331,2023-08-01
Windsor and Maidenhead,http://landregistry.data.gov.uk/id/region/windsor-and-maidenhead,E06000040,2023-09,112,monthly,547282,1023627,584182,496505,313600,2023-09-01
Windsor and Maidenhead,http://landregistry.data.gov.uk/id/region/windsor-and-maidenhead,E06000040,2023-10,123,monthly,536656,1001784,573616,486690,307881,2023-10-01
Windsor and Maidenhead,http://landregistry.data.gov.uk/id/region/windsor-and-maidenhead,E06000040,2023-11,148,monthly,539343,1006084,576324,487870,310496,2023-11-01
Windsor and Maidenhead,http://landregistry.data.gov.uk/id/region/windsor-and-maidenhead,E06000040,2023-12,110,monthly,536040,996111,573834,484341,309678,2023-12-01
Windsor and Maidenhead,http://landregistry.data.gov.uk/id/region/windsor-and-maidenhead,E06000040,2024-01,75,monthly,540296,1001935,578454,489155,312270,2024-01-01
Windsor and Maidenhead,http://landregistry.data.gov.uk/id/region/windsor-and-maidenhead,E06000040,2024-02,45,monthly,552240,1017548,592375,501507,319913,2024-02-01
Windsor and Maidenhead,http://landregistry.data.gov.uk/id/region/windsor-and-maidenhead,E06000040,2024-03,,monthly,551713,1013624,590768,500338,321509,2024-03-01
Windsor and Maidenhead,http://landregistry.data.gov.uk/id/region/windsor-and-maidenhead,E06000040,2024-04,,monthly,562023,1025424,602709,509123,329849,2024-04-01
