"Name","URI","Region GSS code","Period","Sales volume","Reporting period","Average price All property types","Average price Detached houses","Average price Semi-detached houses","Average price Terraced houses","Average price Flats and maisonettes","Pivotable date"
Woking,http://landregistry.data.gov.uk/id/region/woking,E07000217,2004-01,183,monthly,212089,418310,217411,171726,143920,2004-01-01
Woking,http://landregistry.data.gov.uk/id/region/woking,E07000217,2004-02,170,monthly,217263,427361,222346,176178,147793,2004-02-01
Woking,http://landregistry.data.gov.uk/id/region/woking,E07000217,2004-03,206,monthly,219599,432599,224510,178232,149243,2004-03-01
Woking,http://landregistry.data.gov.uk/id/region/woking,E07000217,2004-04,276,monthly,226294,442505,231674,184843,153812,2004-04-01
Woking,http://landregistry.data.gov.uk/id/region/woking,E07000217,2004-05,195,monthly,223464,432750,229102,183602,152252,2004-05-01
Woking,http://landregistry.data.gov.uk/id/region/woking,E07000217,2004-06,194,monthly,226725,435946,232727,186778,154904,2004-06-01
Woking,http://landregistry.data.gov.uk/id/region/woking,E07000217,2004-07,248,monthly,228545,439388,235076,188442,155817,2004-07-01
Woking,http://landregistry.data.gov.uk/id/region/woking,E07000217,2004-08,274,monthly,233189,451115,239788,192007,158383,2004-08-01
Woking,http://landregistry.data.gov.uk/id/region/woking,E07000217,2004-09,204,monthly,235814,458095,242674,194119,159554,2004-09-01
Woking,http://landregistry.data.gov.uk/id/region/woking,E07000217,2004-10,164,monthly,239125,463473,245243,196450,162766,2004-10-01
Woking,http://landregistry.data.gov.uk/id/region/woking,E07000217,2004-11,206,monthly,239449,462824,245297,196660,163527,2004-11-01
Woking,http://landregistry.data.gov.uk/id/region/woking,E07000217,2004-12,178,monthly,235343,452607,240663,193597,161409,2004-12-01
Woking,http://landregistry.data.gov.uk/id/region/woking,E07000217,2005-01,115,monthly,230508,443973,235234,189795,158052,2005-01-01
Woking,http://landregistry.data.gov.uk/id/region/woking,E07000217,2005-02,118,monthly,231729,446660,236470,190494,158943,2005-02-01
Woking,http://landregistry.data.gov.uk/id/region/woking,E07000217,2005-03,142,monthly,234126,451873,238924,192359,160400,2005-03-01
Woking,http://landregistry.data.gov.uk/id/region/woking,E07000217,2005-04,191,monthly,235533,452318,240873,193824,161503,2005-04-01
Woking,http://landregistry.data.gov.uk/id/region/woking,E07000217,2005-05,185,monthly,236383,452452,241635,195194,162141,2005-05-01
Woking,http://landregistry.data.gov.uk/id/region/woking,E07000217,2005-06,308,monthly,237311,452695,242704,196594,162769,2005-06-01
Woking,http://landregistry.data.gov.uk/id/region/woking,E07000217,2005-07,227,monthly,234672,449165,240417,194626,160341,2005-07-01
Woking,http://landregistry.data.gov.uk/id/region/woking,E07000217,2005-08,223,monthly,233341,447864,239142,193800,158981,2005-08-01
Woking,http://landregistry.data.gov.uk/id/region/woking,E07000217,2005-09,249,monthly,234663,452691,240481,194802,159418,2005-09-01
Woking,http://landregistry.data.gov.uk/id/region/woking,E07000217,2005-10,164,monthly,239551,460588,244625,198772,163493,2005-10-01
Woking,http://landregistry.data.gov.uk/id/region/woking,E07000217,2005-11,258,monthly,240928,461667,246056,199894,164784,2005-11-01
Woking,http://landregistry.data.gov.uk/id/region/woking,E07000217,2005-12,298,monthly,244857,465586,249495,203165,168536,2005-12-01
Woking,http://landregistry.data.gov.uk/id/region/woking,E07000217,2006-01,132,monthly,243293,464430,248098,202044,166884,2006-01-01
Woking,http://landregistry.data.gov.uk/id/region/woking,E07000217,2006-02,169,monthly,243308,463495,247746,202105,167325,2006-02-01
Woking,http://landregistry.data.gov.uk/id/region/woking,E07000217,2006-03,212,monthly,239366,458033,244313,199036,163834,2006-03-01
Woking,http://landregistry.data.gov.uk/id/region/woking,E07000217,2006-04,185,monthly,241717,460146,247072,201395,165663,2006-04-01
Woking,http://landregistry.data.gov.uk/id/region/woking,E07000217,2006-05,233,monthly,237808,453447,243435,198193,162611,2006-05-01
Woking,http://landregistry.data.gov.uk/id/region/woking,E07000217,2006-06,298,monthly,239842,457464,245694,199951,163858,2006-06-01
Woking,http://landregistry.data.gov.uk/id/region/woking,E07000217,2006-07,257,monthly,238774,457127,244816,199406,162420,2006-07-01
Woking,http://landregistry.data.gov.uk/id/region/woking,E07000217,2006-08,270,monthly,247019,474712,253489,206829,167184,2006-08-01
Woking,http://landregistry.data.gov.uk/id/region/woking,E07000217,2006-09,228,monthly,252863,488213,259754,211819,170407,2006-09-01
Woking,http://landregistry.data.gov.uk/id/region/woking,E07000217,2006-10,229,monthly,254779,491987,261401,213100,171993,2006-10-01
Woking,http://landregistry.data.gov.uk/id/region/woking,E07000217,2006-11,243,monthly,258332,498629,265415,216001,174332,2006-11-01
Woking,http://landregistry.data.gov.uk/id/region/woking,E07000217,2006-12,310,monthly,259924,499498,266709,217701,175894,2006-12-01
Woking,http://landregistry.data.gov.uk/id/region/woking,E07000217,2007-01,228,monthly,268913,517788,276039,225281,181652,2007-01-01
Woking,http://landregistry.data.gov.uk/id/region/woking,E07000217,2007-02,209,monthly,267729,515821,274194,223794,181391,2007-02-01
Woking,http://landregistry.data.gov.uk/id/region/woking,E07000217,2007-03,198,monthly,265342,513691,271864,221523,179264,2007-03-01
Woking,http://landregistry.data.gov.uk/id/region/woking,E07000217,2007-04,182,monthly,265692,512826,271997,222507,179604,2007-04-01
Woking,http://landregistry.data.gov.uk/id/region/woking,E07000217,2007-05,250,monthly,273575,526092,279967,229954,184992,2007-05-01
Woking,http://landregistry.data.gov.uk/id/region/woking,E07000217,2007-06,242,monthly,280282,538010,286574,235847,189763,2007-06-01
Woking,http://landregistry.data.gov.uk/id/region/woking,E07000217,2007-07,268,monthly,281792,544441,288218,236582,190096,2007-07-01
Woking,http://landregistry.data.gov.uk/id/region/woking,E07000217,2007-08,258,monthly,287005,558349,294041,240941,192313,2007-08-01
Woking,http://landregistry.data.gov.uk/id/region/woking,E07000217,2007-09,219,monthly,287598,562254,294492,240986,192309,2007-09-01
Woking,http://landregistry.data.gov.uk/id/region/woking,E07000217,2007-10,202,monthly,289680,566517,295839,242536,194148,2007-10-01
Woking,http://landregistry.data.gov.uk/id/region/woking,E07000217,2007-11,208,monthly,286968,561354,292460,239732,192921,2007-11-01
Woking,http://landregistry.data.gov.uk/id/region/woking,E07000217,2007-12,148,monthly,291958,568080,297657,244305,196810,2007-12-01
Woking,http://landregistry.data.gov.uk/id/region/woking,E07000217,2008-01,125,monthly,295692,577226,301544,247001,199047,2008-01-01
Woking,http://landregistry.data.gov.uk/id/region/woking,E07000217,2008-02,123,monthly,292242,571202,298207,243994,196528,2008-02-01
Woking,http://landregistry.data.gov.uk/id/region/woking,E07000217,2008-03,130,monthly,288169,566661,294626,240755,192606,2008-03-01
Woking,http://landregistry.data.gov.uk/id/region/woking,E07000217,2008-04,145,monthly,277708,546422,284235,232427,185203,2008-04-01
Woking,http://landregistry.data.gov.uk/id/region/woking,E07000217,2008-05,180,monthly,278243,548192,284998,233347,185056,2008-05-01
Woking,http://landregistry.data.gov.uk/id/region/woking,E07000217,2008-06,105,monthly,279806,552270,286402,234437,186041,2008-06-01
Woking,http://landregistry.data.gov.uk/id/region/woking,E07000217,2008-07,110,monthly,287172,568899,294169,240455,190433,2008-07-01
Woking,http://landregistry.data.gov.uk/id/region/woking,E07000217,2008-08,110,monthly,280817,558423,287299,234499,186172,2008-08-01
Woking,http://landregistry.data.gov.uk/id/region/woking,E07000217,2008-09,85,monthly,274163,549181,279834,228116,181485,2008-09-01
Woking,http://landregistry.data.gov.uk/id/region/woking,E07000217,2008-10,95,monthly,265299,531350,270242,220320,176061,2008-10-01
Woking,http://landregistry.data.gov.uk/id/region/woking,E07000217,2008-11,65,monthly,263113,528166,267967,218371,174411,2008-11-01
Woking,http://landregistry.data.gov.uk/id/region/woking,E07000217,2008-12,86,monthly,256591,512033,261682,213695,170298,2008-12-01
Woking,http://landregistry.data.gov.uk/id/region/woking,E07000217,2009-01,75,monthly,249106,497529,253632,206986,165635,2009-01-01
Woking,http://landregistry.data.gov.uk/id/region/woking,E07000217,2009-02,58,monthly,246587,489832,250993,204818,164772,2009-02-01
Woking,http://landregistry.data.gov.uk/id/region/woking,E07000217,2009-03,68,monthly,244218,484508,247926,202326,163974,2009-03-01
Woking,http://landregistry.data.gov.uk/id/region/woking,E07000217,2009-04,79,monthly,245666,483944,250225,204443,164986,2009-04-01
Woking,http://landregistry.data.gov.uk/id/region/woking,E07000217,2009-05,83,monthly,241567,475014,246500,201876,161709,2009-05-01
Woking,http://landregistry.data.gov.uk/id/region/woking,E07000217,2009-06,115,monthly,237055,466176,242720,198924,157703,2009-06-01
Woking,http://landregistry.data.gov.uk/id/region/woking,E07000217,2009-07,175,monthly,240578,475163,246826,202394,158802,2009-07-01
Woking,http://landregistry.data.gov.uk/id/region/woking,E07000217,2009-08,153,monthly,245122,487380,251602,206283,160676,2009-08-01
Woking,http://landregistry.data.gov.uk/id/region/woking,E07000217,2009-09,147,monthly,251486,501739,258205,211572,164320,2009-09-01
Woking,http://landregistry.data.gov.uk/id/region/woking,E07000217,2009-10,165,monthly,250336,499884,257244,210706,163256,2009-10-01
Woking,http://landregistry.data.gov.uk/id/region/woking,E07000217,2009-11,150,monthly,246073,490691,252972,207623,160307,2009-11-01
Woking,http://landregistry.data.gov.uk/id/region/woking,E07000217,2009-12,205,monthly,250953,497965,258826,212633,163255,2009-12-01
Woking,http://landregistry.data.gov.uk/id/region/woking,E07000217,2010-01,88,monthly,256884,512412,265411,217920,165903,2010-01-01
Woking,http://landregistry.data.gov.uk/id/region/woking,E07000217,2010-02,107,monthly,268856,538026,278783,228109,172652,2010-02-01
Woking,http://landregistry.data.gov.uk/id/region/woking,E07000217,2010-03,110,monthly,270679,546376,280169,228865,173282,2010-03-01
Woking,http://landregistry.data.gov.uk/id/region/woking,E07000217,2010-04,117,monthly,270010,543606,279599,228371,173274,2010-04-01
Woking,http://landregistry.data.gov.uk/id/region/woking,E07000217,2010-05,121,monthly,269237,541069,278385,227921,173323,2010-05-01
Woking,http://landregistry.data.gov.uk/id/region/woking,E07000217,2010-06,146,monthly,268900,539815,278302,228182,172808,2010-06-01
Woking,http://landregistry.data.gov.uk/id/region/woking,E07000217,2010-07,208,monthly,269561,544810,278680,228667,172089,2010-07-01
Woking,http://landregistry.data.gov.uk/id/region/woking,E07000217,2010-08,154,monthly,268837,545886,278617,227504,170506,2010-08-01
Woking,http://landregistry.data.gov.uk/id/region/woking,E07000217,2010-09,134,monthly,272860,557256,282639,230484,172194,2010-09-01
Woking,http://landregistry.data.gov.uk/id/region/woking,E07000217,2010-10,128,monthly,272654,555496,282776,230230,172377,2010-10-01
Woking,http://landregistry.data.gov.uk/id/region/woking,E07000217,2010-11,134,monthly,272707,556260,282333,229956,172696,2010-11-01
Woking,http://landregistry.data.gov.uk/id/region/woking,E07000217,2010-12,123,monthly,270808,551157,280792,228059,171849,2010-12-01
Woking,http://landregistry.data.gov.uk/id/region/woking,E07000217,2011-01,83,monthly,271125,554924,280260,227692,171857,2011-01-01
Woking,http://landregistry.data.gov.uk/id/region/woking,E07000217,2011-02,93,monthly,278421,573836,286860,233365,175921,2011-02-01
Woking,http://landregistry.data.gov.uk/id/region/woking,E07000217,2011-03,125,monthly,274024,569459,281285,229103,172497,2011-03-01
Woking,http://landregistry.data.gov.uk/id/region/woking,E07000217,2011-04,119,monthly,277138,574849,284630,231970,174552,2011-04-01
Woking,http://landregistry.data.gov.uk/id/region/woking,E07000217,2011-05,139,monthly,267239,547460,275131,224409,169606,2011-05-01
Woking,http://landregistry.data.gov.uk/id/region/woking,E07000217,2011-06,137,monthly,272789,552330,282235,230237,173735,2011-06-01
Woking,http://landregistry.data.gov.uk/id/region/woking,E07000217,2011-07,157,monthly,270263,545065,279877,228294,172526,2011-07-01
Woking,http://landregistry.data.gov.uk/id/region/woking,E07000217,2011-08,165,monthly,275123,559403,285685,232644,173844,2011-08-01
Woking,http://landregistry.data.gov.uk/id/region/woking,E07000217,2011-09,147,monthly,275545,565081,285833,232540,173112,2011-09-01
Woking,http://landregistry.data.gov.uk/id/region/woking,E07000217,2011-10,103,monthly,277920,572034,289091,234339,173784,2011-10-01
Woking,http://landregistry.data.gov.uk/id/region/woking,E07000217,2011-11,140,monthly,279302,574928,289714,234765,175386,2011-11-01
Woking,http://landregistry.data.gov.uk/id/region/woking,E07000217,2011-12,175,monthly,278166,567958,289180,234250,175478,2011-12-01
Woking,http://landregistry.data.gov.uk/id/region/woking,E07000217,2012-01,87,monthly,278626,566751,290296,235542,175613,2012-01-01
Woking,http://landregistry.data.gov.uk/id/region/woking,E07000217,2012-02,103,monthly,275976,561534,287960,233853,173455,2012-02-01
Woking,http://landregistry.data.gov.uk/id/region/woking,E07000217,2012-03,151,monthly,277561,564018,289198,235445,174654,2012-03-01
Woking,http://landregistry.data.gov.uk/id/region/woking,E07000217,2012-04,109,monthly,279159,566394,290064,236587,176353,2012-04-01
Woking,http://landregistry.data.gov.uk/id/region/woking,E07000217,2012-05,126,monthly,285616,576978,296963,242471,180779,2012-05-01
Woking,http://landregistry.data.gov.uk/id/region/woking,E07000217,2012-06,143,monthly,291499,589753,303390,248313,183628,2012-06-01
Woking,http://landregistry.data.gov.uk/id/region/woking,E07000217,2012-07,152,monthly,295988,600501,308266,252402,185767,2012-07-01
Woking,http://landregistry.data.gov.uk/id/region/woking,E07000217,2012-08,164,monthly,290000,589291,302577,248013,181105,2012-08-01
Woking,http://landregistry.data.gov.uk/id/region/woking,E07000217,2012-09,135,monthly,289812,591366,302246,247340,180690,2012-09-01
Woking,http://landregistry.data.gov.uk/id/region/woking,E07000217,2012-10,137,monthly,285023,580120,297328,243345,178011,2012-10-01
Woking,http://landregistry.data.gov.uk/id/region/woking,E07000217,2012-11,132,monthly,284869,579526,296718,243011,178294,2012-11-01
Woking,http://landregistry.data.gov.uk/id/region/woking,E07000217,2012-12,164,monthly,283867,576031,295708,242306,177953,2012-12-01
Woking,http://landregistry.data.gov.uk/id/region/woking,E07000217,2013-01,95,monthly,287869,586495,300654,245644,179566,2013-01-01
Woking,http://landregistry.data.gov.uk/id/region/woking,E07000217,2013-02,87,monthly,288205,588211,301228,245525,179559,2013-02-01
Woking,http://landregistry.data.gov.uk/id/region/woking,E07000217,2013-03,131,monthly,287020,586504,299557,243519,179161,2013-03-01
Woking,http://landregistry.data.gov.uk/id/region/woking,E07000217,2013-04,132,monthly,284902,580637,296484,241792,178457,2013-04-01
Woking,http://landregistry.data.gov.uk/id/region/woking,E07000217,2013-05,176,monthly,287542,584796,299123,244128,180387,2013-05-01
Woking,http://landregistry.data.gov.uk/id/region/woking,E07000217,2013-06,165,monthly,292565,594204,305161,249545,182955,2013-06-01
Woking,http://landregistry.data.gov.uk/id/region/woking,E07000217,2013-07,167,monthly,297137,604295,310219,253752,185401,2013-07-01
Woking,http://landregistry.data.gov.uk/id/region/woking,E07000217,2013-08,237,monthly,299241,609144,313108,255960,186171,2013-08-01
Woking,http://landregistry.data.gov.uk/id/region/woking,E07000217,2013-09,197,monthly,300333,613648,313735,256464,186689,2013-09-01
Woking,http://landregistry.data.gov.uk/id/region/woking,E07000217,2013-10,168,monthly,300301,613049,313923,255944,186921,2013-10-01
Woking,http://landregistry.data.gov.uk/id/region/woking,E07000217,2013-11,195,monthly,306105,623623,319957,260841,190857,2013-11-01
Woking,http://landregistry.data.gov.uk/id/region/woking,E07000217,2013-12,198,monthly,307042,619956,321759,261845,192358,2013-12-01
Woking,http://landregistry.data.gov.uk/id/region/woking,E07000217,2014-01,185,monthly,311477,628264,326520,265784,195179,2014-01-01
Woking,http://landregistry.data.gov.uk/id/region/woking,E07000217,2014-02,153,monthly,312523,630438,327638,266654,195818,2014-02-01
Woking,http://landregistry.data.gov.uk/id/region/woking,E07000217,2014-03,180,monthly,313208,633455,328728,267457,195625,2014-03-01
Woking,http://landregistry.data.gov.uk/id/region/woking,E07000217,2014-04,187,monthly,317304,640686,332901,271553,198194,2014-04-01
Woking,http://landregistry.data.gov.uk/id/region/woking,E07000217,2014-05,147,monthly,325390,654994,341469,279179,203355,2014-05-01
Woking,http://landregistry.data.gov.uk/id/region/woking,E07000217,2014-06,154,monthly,337254,678059,354328,289635,210708,2014-06-01
Woking,http://landregistry.data.gov.uk/id/region/woking,E07000217,2014-07,185,monthly,337754,679318,355863,290386,210537,2014-07-01
Woking,http://landregistry.data.gov.uk/id/region/woking,E07000217,2014-08,198,monthly,339163,684211,358090,291497,210803,2014-08-01
Woking,http://landregistry.data.gov.uk/id/region/woking,E07000217,2014-09,167,monthly,337639,682811,356265,290132,209588,2014-09-01
Woking,http://landregistry.data.gov.uk/id/region/woking,E07000217,2014-10,202,monthly,342286,691468,360948,293725,212858,2014-10-01
Woking,http://landregistry.data.gov.uk/id/region/woking,E07000217,2014-11,166,monthly,353253,712964,372185,302647,220114,2014-11-01
Woking,http://landregistry.data.gov.uk/id/region/woking,E07000217,2014-12,163,monthly,359971,725599,378964,308077,224719,2014-12-01
Woking,http://landregistry.data.gov.uk/id/region/woking,E07000217,2015-01,144,monthly,360339,726658,379211,308035,225071,2015-01-01
Woking,http://landregistry.data.gov.uk/id/region/woking,E07000217,2015-02,120,monthly,352562,710978,370141,301440,220490,2015-02-01
Woking,http://landregistry.data.gov.uk/id/region/woking,E07000217,2015-03,106,monthly,353054,712946,370876,301458,220703,2015-03-01
Woking,http://landregistry.data.gov.uk/id/region/woking,E07000217,2015-04,122,monthly,356235,719412,373987,304631,222552,2015-04-01
Woking,http://landregistry.data.gov.uk/id/region/woking,E07000217,2015-05,139,monthly,360467,726054,379313,308251,225326,2015-05-01
Woking,http://landregistry.data.gov.uk/id/region/woking,E07000217,2015-06,159,monthly,360389,725253,379831,309222,224726,2015-06-01
Woking,http://landregistry.data.gov.uk/id/region/woking,E07000217,2015-07,195,monthly,365399,734487,385702,313672,227765,2015-07-01
Woking,http://landregistry.data.gov.uk/id/region/woking,E07000217,2015-08,201,monthly,367733,739866,388498,316190,228694,2015-08-01
Woking,http://landregistry.data.gov.uk/id/region/woking,E07000217,2015-09,167,monthly,371404,749925,391558,318627,230978,2015-09-01
Woking,http://landregistry.data.gov.uk/id/region/woking,E07000217,2015-10,192,monthly,378909,766063,399662,325196,235282,2015-10-01
Woking,http://landregistry.data.gov.uk/id/region/woking,E07000217,2015-11,191,monthly,386041,781518,407234,331047,239571,2015-11-01
Woking,http://landregistry.data.gov.uk/id/region/woking,E07000217,2015-12,160,monthly,393457,794734,415781,337766,244166,2015-12-01
Woking,http://landregistry.data.gov.uk/id/region/woking,E07000217,2016-01,127,monthly,388636,784044,411511,333072,241360,2016-01-01
Woking,http://landregistry.data.gov.uk/id/region/woking,E07000217,2016-02,124,monthly,393220,794167,416443,336738,244094,2016-02-01
Woking,http://landregistry.data.gov.uk/id/region/woking,E07000217,2016-03,244,monthly,394820,800139,417522,336984,245193,2016-03-01
Woking,http://landregistry.data.gov.uk/id/region/woking,E07000217,2016-04,112,monthly,402392,812722,424889,344452,250319,2016-04-01
Woking,http://landregistry.data.gov.uk/id/region/woking,E07000217,2016-05,121,monthly,399132,799708,420952,342282,249730,2016-05-01
Woking,http://landregistry.data.gov.uk/id/region/woking,E07000217,2016-06,152,monthly,396769,789265,418641,341694,248868,2016-06-01
Woking,http://landregistry.data.gov.uk/id/region/woking,E07000217,2016-07,152,monthly,403521,803733,425816,347135,253009,2016-07-01
Woking,http://landregistry.data.gov.uk/id/region/woking,E07000217,2016-08,148,monthly,406398,812149,428831,349336,254294,2016-08-01
Woking,http://landregistry.data.gov.uk/id/region/woking,E07000217,2016-09,150,monthly,412195,824395,435597,353593,257865,2016-09-01
Woking,http://landregistry.data.gov.uk/id/region/woking,E07000217,2016-10,157,monthly,411720,824526,434634,351900,258083,2016-10-01
Woking,http://landregistry.data.gov.uk/id/region/woking,E07000217,2016-11,149,monthly,413056,830332,435890,351836,258793,2016-11-01
Woking,http://landregistry.data.gov.uk/id/region/woking,E07000217,2016-12,159,monthly,407198,819269,428807,346288,255547,2016-12-01
Woking,http://landregistry.data.gov.uk/id/region/woking,E07000217,2017-01,107,monthly,409768,825255,431479,348673,256881,2017-01-01
Woking,http://landregistry.data.gov.uk/id/region/woking,E07000217,2017-02,111,monthly,402595,807902,422764,342500,253591,2017-02-01
Woking,http://landregistry.data.gov.uk/id/region/woking,E07000217,2017-03,134,monthly,406691,816564,426791,345672,256373,2017-03-01
Woking,http://landregistry.data.gov.uk/id/region/woking,E07000217,2017-04,136,monthly,398159,799561,416757,337926,251672,2017-04-01
Woking,http://landregistry.data.gov.uk/id/region/woking,E07000217,2017-05,155,monthly,401862,805149,421478,340890,254208,2017-05-01
Woking,http://landregistry.data.gov.uk/id/region/woking,E07000217,2017-06,164,monthly,399623,797761,418901,339573,253217,2017-06-01
Woking,http://landregistry.data.gov.uk/id/region/woking,E07000217,2017-07,143,monthly,407254,810039,427648,346013,258460,2017-07-01
Woking,http://landregistry.data.gov.uk/id/region/woking,E07000217,2017-08,169,monthly,416343,830848,436869,354485,263293,2017-08-01
Woking,http://landregistry.data.gov.uk/id/region/woking,E07000217,2017-09,150,monthly,419182,839876,440264,356673,264283,2017-09-01
Woking,http://landregistry.data.gov.uk/id/region/woking,E07000217,2017-10,143,monthly,421464,847090,442903,358890,264864,2017-10-01
Woking,http://landregistry.data.gov.uk/id/region/woking,E07000217,2017-11,114,monthly,414468,832669,436344,352544,260459,2017-11-01
Woking,http://landregistry.data.gov.uk/id/region/woking,E07000217,2017-12,146,monthly,415773,834384,438236,354072,261043,2017-12-01
Woking,http://landregistry.data.gov.uk/id/region/woking,E07000217,2018-01,107,monthly,406617,815465,429105,346373,255160,2018-01-01
Woking,http://landregistry.data.gov.uk/id/region/woking,E07000217,2018-02,112,monthly,415175,834461,438380,354492,259527,2018-02-01
Woking,http://landregistry.data.gov.uk/id/region/woking,E07000217,2018-03,143,monthly,414311,832131,438403,354249,258476,2018-03-01
Woking,http://landregistry.data.gov.uk/id/region/woking,E07000217,2018-04,115,monthly,418349,839072,443337,359025,260286,2018-04-01
Woking,http://landregistry.data.gov.uk/id/region/woking,E07000217,2018-05,137,monthly,416885,835927,442873,357798,258910,2018-05-01
Woking,http://landregistry.data.gov.uk/id/region/woking,E07000217,2018-06,127,monthly,414780,832813,441005,355422,257415,2018-06-01
Woking,http://landregistry.data.gov.uk/id/region/woking,E07000217,2018-07,153,monthly,417449,842606,443333,356898,258409,2018-07-01
Woking,http://landregistry.data.gov.uk/id/region/woking,E07000217,2018-08,171,monthly,413255,835450,438593,353438,255472,2018-08-01
Woking,http://landregistry.data.gov.uk/id/region/woking,E07000217,2018-09,125,monthly,413195,837651,438425,353724,254579,2018-09-01
Woking,http://landregistry.data.gov.uk/id/region/woking,E07000217,2018-10,142,monthly,406079,822980,431239,347554,250144,2018-10-01
Woking,http://landregistry.data.gov.uk/id/region/woking,E07000217,2018-11,152,monthly,407731,829067,433136,348372,250602,2018-11-01
Woking,http://landregistry.data.gov.uk/id/region/woking,E07000217,2018-12,107,monthly,411974,835205,437834,351699,254053,2018-12-01
Woking,http://landregistry.data.gov.uk/id/region/woking,E07000217,2019-01,88,monthly,419498,851502,446211,357669,258460,2019-01-01
Woking,http://landregistry.data.gov.uk/id/region/woking,E07000217,2019-02,89,monthly,420011,850978,447010,358180,259086,2019-02-01
Woking,http://landregistry.data.gov.uk/id/region/woking,E07000217,2019-03,108,monthly,412386,836316,439488,352063,253644,2019-03-01
Woking,http://landregistry.data.gov.uk/id/region/woking,E07000217,2019-04,95,monthly,404416,818133,431353,346576,248493,2019-04-01
Woking,http://landregistry.data.gov.uk/id/region/woking,E07000217,2019-05,106,monthly,400695,809063,427954,344543,245815,2019-05-01
Woking,http://landregistry.data.gov.uk/id/region/woking,E07000217,2019-06,99,monthly,406439,820133,434111,349799,249319,2019-06-01
Woking,http://landregistry.data.gov.uk/id/region/woking,E07000217,2019-07,112,monthly,414025,835135,442480,356179,254012,2019-07-01
Woking,http://landregistry.data.gov.uk/id/region/woking,E07000217,2019-08,129,monthly,414323,837407,442866,356692,253586,2019-08-01
Woking,http://landregistry.data.gov.uk/id/region/woking,E07000217,2019-09,136,monthly,416685,843444,444582,359263,254781,2019-09-01
Woking,http://landregistry.data.gov.uk/id/region/woking,E07000217,2019-10,123,monthly,412798,836739,441036,355758,251899,2019-10-01
Woking,http://landregistry.data.gov.uk/id/region/woking,E07000217,2019-11,155,monthly,414595,841778,443458,356545,252765,2019-11-01
Woking,http://landregistry.data.gov.uk/id/region/woking,E07000217,2019-12,110,monthly,416160,845904,445841,357791,253195,2019-12-01
Woking,http://landregistry.data.gov.uk/id/region/woking,E07000217,2020-01,99,monthly,416511,846576,446509,358620,253039,2020-01-01
Woking,http://landregistry.data.gov.uk/id/region/woking,E07000217,2020-02,101,monthly,412759,839872,442629,355953,250080,2020-02-01
Woking,http://landregistry.data.gov.uk/id/region/woking,E07000217,2020-03,95,monthly,410621,836472,440877,353867,248372,2020-03-01
Woking,http://landregistry.data.gov.uk/id/region/woking,E07000217,2020-04,45,monthly,407152,835643,437118,351202,244213,2020-04-01
Woking,http://landregistry.data.gov.uk/id/region/woking,E07000217,2020-05,43,monthly,401274,823445,431141,345391,240954,2020-05-01
Woking,http://landregistry.data.gov.uk/id/region/woking,E07000217,2020-06,68,monthly,399769,819146,430627,345154,239399,2020-06-01
Woking,http://landregistry.data.gov.uk/id/region/woking,E07000217,2020-07,83,monthly,405208,825494,436393,349822,244175,2020-07-01
Woking,http://landregistry.data.gov.uk/id/region/woking,E07000217,2020-08,100,monthly,420820,860280,453723,364110,252032,2020-08-01
Woking,http://landregistry.data.gov.uk/id/region/woking,E07000217,2020-09,99,monthly,422463,868228,455021,364749,252205,2020-09-01
Woking,http://landregistry.data.gov.uk/id/region/woking,E07000217,2020-10,149,monthly,425728,877885,459015,368112,252769,2020-10-01
Woking,http://landregistry.data.gov.uk/id/region/woking,E07000217,2020-11,150,monthly,426245,879221,459109,368977,252990,2020-11-01
Woking,http://landregistry.data.gov.uk/id/region/woking,E07000217,2020-12,196,monthly,428580,883617,461510,371850,254133,2020-12-01
Woking,http://landregistry.data.gov.uk/id/region/woking,E07000217,2021-01,134,monthly,427886,877618,460068,371227,255447,2021-01-01
Woking,http://landregistry.data.gov.uk/id/region/woking,E07000217,2021-02,148,monthly,423799,862138,455049,368434,255090,2021-02-01
Woking,http://landregistry.data.gov.uk/id/region/woking,E07000217,2021-03,303,monthly,425497,858298,455960,370422,258500,2021-03-01
Woking,http://landregistry.data.gov.uk/id/region/woking,E07000217,2021-04,176,monthly,424964,857127,455195,370267,258149,2021-04-01
Woking,http://landregistry.data.gov.uk/id/region/woking,E07000217,2021-05,144,monthly,423763,857158,454065,368801,256823,2021-05-01
Woking,http://landregistry.data.gov.uk/id/region/woking,E07000217,2021-06,378,monthly,426404,862658,456513,372110,258090,2021-06-01
Woking,http://landregistry.data.gov.uk/id/region/woking,E07000217,2021-07,62,monthly,428788,873379,459397,372748,258350,2021-07-01
Woking,http://landregistry.data.gov.uk/id/region/woking,E07000217,2021-08,127,monthly,437378,897968,469534,379328,261509,2021-08-01
Woking,http://landregistry.data.gov.uk/id/region/woking,E07000217,2021-09,239,monthly,439332,907631,472860,379849,261016,2021-09-01
Woking,http://landregistry.data.gov.uk/id/region/woking,E07000217,2021-10,131,monthly,442754,919117,477020,382365,261813,2021-10-01
Woking,http://landregistry.data.gov.uk/id/region/woking,E07000217,2021-11,122,monthly,444372,923155,479065,383641,262506,2021-11-01
Woking,http://landregistry.data.gov.uk/id/region/woking,E07000217,2021-12,110,monthly,443073,924223,478260,382118,260597,2021-12-01
Woking,http://landregistry.data.gov.uk/id/region/woking,E07000217,2022-01,96,monthly,446166,928294,482951,386023,261937,2022-01-01
Woking,http://landregistry.data.gov.uk/id/region/woking,E07000217,2022-02,121,monthly,444647,923733,481567,384990,261498,2022-02-01
Woking,http://landregistry.data.gov.uk/id/region/woking,E07000217,2022-03,140,monthly,445765,927559,483652,385521,261588,2022-03-01
Woking,http://landregistry.data.gov.uk/id/region/woking,E07000217,2022-04,139,monthly,448214,931410,485619,388761,263186,2022-04-01
Woking,http://landregistry.data.gov.uk/id/region/woking,E07000217,2022-05,126,monthly,454890,945111,493481,395716,265888,2022-05-01
Woking,http://landregistry.data.gov.uk/id/region/woking,E07000217,2022-06,124,monthly,463851,962164,503090,404270,271298,2022-06-01
Woking,http://landregistry.data.gov.uk/id/region/woking,E07000217,2022-07,159,monthly,466330,967315,507197,406848,271488,2022-07-01
Woking,http://landregistry.data.gov.uk/id/region/woking,E07000217,2022-08,166,monthly,474289,982720,516596,414984,275222,2022-08-01
Woking,http://landregistry.data.gov.uk/id/region/woking,E07000217,2022-09,166,monthly,480314,996037,523929,421234,277138,2022-09-01
Woking,http://landregistry.data.gov.uk/id/region/woking,E07000217,2022-10,163,monthly,486419,1009109,530630,426441,280568,2022-10-01
Woking,http://landregistry.data.gov.uk/id/region/woking,E07000217,2022-11,170,monthly,481074,999765,524874,421172,277131,2022-11-01
Woking,http://landregistry.data.gov.uk/id/region/woking,E07000217,2022-12,106,monthly,479227,994303,523248,419650,276417,2022-12-01
Woking,http://landregistry.data.gov.uk/id/region/woking,E07000217,2023-01,93,monthly,472326,980135,515579,413449,272579,2023-01-01
Woking,http://landregistry.data.gov.uk/id/region/woking,E07000217,2023-02,100,monthly,463434,962125,505468,405042,268030,2023-02-01
Woking,http://landregistry.data.gov.uk/id/region/woking,E07000217,2023-03,101,monthly,465199,970271,507355,404676,268883,2023-03-01
Woking,http://landregistry.data.gov.uk/id/region/woking,E07000217,2023-04,82,monthly,463300,967098,504736,402301,268148,2023-04-01
Woking,http://landregistry.data.gov.uk/id/region/woking,E07000217,2023-05,73,monthly,472036,983116,513862,409197,274148,2023-05-01
Woking,http://landregistry.data.gov.uk/id/region/woking,E07000217,2023-06,101,monthly,463907,965215,503914,402988,269636,2023-06-01
Woking,http://landregistry.data.gov.uk/id/region/woking,E07000217,2023-07,114,monthly,457026,949774,497418,397976,265082,2023-07-01
Woking,http://landregistry.data.gov.uk/id/region/woking,E07000217,2023-08,99,monthly,460332,960703,502364,402335,264962,2023-08-01
Woking,http://landregistry.data.gov.uk/id/region/woking,E07000217,2023-09,101,monthly,460842,961918,504139,403476,264470,2023-09-01
Woking,http://landregistry.data.gov.uk/id/region/woking,E07000217,2023-10,103,monthly,469960,979873,514702,411084,269900,2023-10-01
Woking,http://landregistry.data.gov.uk/id/region/woking,E07000217,2023-11,85,monthly,464714,966886,508071,405053,268305,2023-11-01
Woking,http://landregistry.data.gov.uk/id/region/woking,E07000217,2023-12,77,monthly,460377,953765,503964,400811,266671,2023-12-01
Woking,http://landregistry.data.gov.uk/id/region/woking,E07000217,2024-01,51,monthly,458845,949943,502305,400151,265605,2024-01-01
Woking,http://landregistry.data.gov.uk/id/region/woking,E07000217,2024-02,40,monthly,464108,958619,509604,405655,268143,2024-02-01
Woking,http://landregistry.data.gov.uk/id/region/woking,E07000217,2024-03,,monthly,461659,953299,506115,402751,267714,2024-03-01
Woking,http://landregistry.data.gov.uk/id/region/woking,E07000217,2024-04,,monthly,450437,926233,494219,392299,262516,2024-04-01
